"Nombre del conjunto de anuncios","Nombre del anuncio","Nombre de la campaña",Día,Región,Alcance,Impresiones,Frecuencia,Divisa,"Importe gastado (CLP)","Configuración de atribución","Clics en el enlace","CTR (todos)","CPC (todos)","CPM (costo por mil impresiones)","Artículos agregados al carrito",Compras,"Costo por artículo agregado al carrito","Reproducciones de video de 3 segundos","Reproducciones de video hasta el 25%","Reproducciones de video hasta el 50%","Reproducciones de video hasta el 75%","Reproducciones de video hasta el 95%","Reproducciones de video hasta el 100%","Inicio del informe","Fin del informe"
"publico pucon 1","Video Viral TikTok","campaña ventas HotBoat - Lluvia",2025-07-09,"Araucanía Region",2477,2868,1.15785224,CLP,3702,"7 días tras clic, 1 día tras visualización o 1 día tras visualización activa",24,2.33612273,55.25373134,1290.79497908,,,,760,,,,,,2025-07-09,2025-07-09
"publico advantage","Video parejas dcto","campaña ventas HotBoat",2025-07-09,"Maule Region",3,3,1,CLP,3,"7 días tras clic o 1 día tras visualización",,0,0,1000,,,,,,,,,,2025-07-09,2025-07-09
"publico advantage","Video explicando servicio corto","campaña ventas HotBoat",2025-07-09,"Araucanía Region",105,113,1.07619048,CLP,142,"7 días tras clic o 1 día tras visualización",3,4.42477876,28.4,1256.63716814,,,,38,,,,,,2025-07-09,2025-07-09
"publico advantage","Video explicando servicio corto","campaña ventas HotBoat",2025-07-09,"Antofagasta Region",57,60,1.05263158,CLP,68,"7 días tras clic o 1 día tras visualización",1,3.33333333,34,1133.33333333,,,,16,,,,,,2025-07-09,2025-07-09
"publico advantage","Video explicando servicio corto","campaña ventas HotBoat",2025-07-09,"Aysén Region",9,10,1.11111111,CLP,7,"7 días tras clic o 1 día tras visualización",,0,0,700,,,,3,,,,,,2025-07-09,2025-07-09
"publico advantage","Video explicando servicio corto","campaña ventas HotBoat",2025-07-09,"Valparaíso Region",91,93,1.02197802,CLP,90,"7 días tras clic o 1 día tras visualización",4,8.60215054,11.25,967.74193548,,,,35,,,,,,2025-07-09,2025-07-09
"publico advantage","Video explicando servicio corto","campaña ventas HotBoat",2025-07-09,"Arica y Parinacota Region",10,10,1,CLP,10,"7 días tras clic o 1 día tras visualización",1,20,5,1000,,,,6,,,,,,2025-07-09,2025-07-09
"publico advantage","Video explicando servicio corto","campaña ventas HotBoat",2025-07-09,"Los Ríos Region",39,46,1.17948718,CLP,76,"7 días tras clic o 1 día tras visualización",1,2.17391304,76,1652.17391304,,,,11,,,,,,2025-07-09,2025-07-09
"publico advantage","Video parejas amor","campaña ventas HotBoat",2025-07-09,"Santiago Metropolitan Region",8,10,1.25,CLP,16,"7 días tras clic o 1 día tras visualización",,0,0,1600,,,,7,,,,,,2025-07-09,2025-07-09
"publico advantage","Video parejas amor","campaña ventas HotBoat",2025-07-09,"Maule Region",1,1,1,CLP,2,"7 días tras clic o 1 día tras visualización",,0,0,2000,,,,1,,,,,,2025-07-09,2025-07-09
"publico advantage","Video parejas amor","campaña ventas HotBoat",2025-07-09,"Araucanía Region",1,1,1,CLP,0,"7 días tras clic o 1 día tras visualización",,0,0,0,,,,,,,,,,2025-07-09,2025-07-09
"publico advantage","Video parejas amor","campaña ventas HotBoat",2025-07-09,"Antofagasta Region",2,2,1,CLP,5,"7 días tras clic o 1 día tras visualización",,0,0,2500,,,,1,,,,,,2025-07-09,2025-07-09
"publico advantage","Video parejas amor","campaña ventas HotBoat",2025-07-09,"Los Ríos Region",1,1,1,CLP,5,"7 días tras clic o 1 día tras visualización",,0,0,5000,,,,1,,,,,,2025-07-09,2025-07-09
"publico advantage","Video parejas dcto","campaña ventas HotBoat",2025-07-09,"Magallanes y la Antártica Chilena Region",1,1,1,CLP,2,"7 días tras clic o 1 día tras visualización",,0,0,2000,,,,1,,,,,,2025-07-09,2025-07-09
"publico advantage","Video explicando servicio corto","campaña ventas HotBoat",2025-07-09,"Bío Bío Region",96,107,1.11458333,CLP,120,"7 días tras clic o 1 día tras visualización",2,4.6728972,24,1121.4953271,,,,32,,,,,,2025-07-09,2025-07-09
"publico advantage","Video parejas dcto","campaña ventas HotBoat",2025-07-09,"Los Lagos Region",2,2,1,CLP,4,"7 días tras clic o 1 día tras visualización",,0,0,2000,,,,2,,,,,,2025-07-09,2025-07-09
"publico advantage","Video parejas dcto","campaña ventas HotBoat",2025-07-09,"O'Higgins Region",1,1,1,CLP,3,"7 días tras clic o 1 día tras visualización",,0,0,3000,,,,1,,,,,,2025-07-09,2025-07-09
"publico advantage","Video parejas dcto","campaña ventas HotBoat",2025-07-09,"Bío Bío Region",1,1,1,CLP,1,"7 días tras clic o 1 día tras visualización",,0,0,1000,,,,1,,,,,,2025-07-09,2025-07-09
"publico advantage","Video parejas dcto","campaña ventas HotBoat",2025-07-09,"Araucanía Region",4,4,1,CLP,10,"7 días tras clic o 1 día tras visualización",,0,0,2500,,,,2,,,,,,2025-07-09,2025-07-09
"publico advantage","Video parejas dcto","campaña ventas HotBoat",2025-07-09,"Aysén Region",1,1,1,CLP,7,"7 días tras clic o 1 día tras visualización",,0,0,7000,,,,,,,,,,2025-07-09,2025-07-09
"publico advantage","Video parejas dcto","campaña ventas HotBoat",2025-07-09,"Valparaíso Region",3,3,1,CLP,2,"7 días tras clic o 1 día tras visualización",,0,0,666.66666667,,,,1,,,,,,2025-07-09,2025-07-09
"publico advantage","Video parejas dcto","campaña ventas HotBoat",2025-07-09,"Arica y Parinacota Region",1,1,1,CLP,3,"7 días tras clic o 1 día tras visualización",,0,0,3000,,,,1,,,,,,2025-07-09,2025-07-09
"publico advantage","Video parejas dcto","campaña ventas HotBoat",2025-07-09,"Los Ríos Region",4,5,1.25,CLP,7,"7 días tras clic o 1 día tras visualización",,0,0,1400,,,,,,,,,,2025-07-09,2025-07-09
"publico pucon 1","Video parejas amor","campaña ventas HotBoat",2025-07-09,"Araucanía Region",41,42,1.02439024,CLP,105,"7 días tras clic, 1 día tras visualización o 1 día tras visualización activa",,0,0,2500,,,,11,,,,,,2025-07-09,2025-07-09
"publico pucon 1","Video parejas amor","campaña ventas HotBoat",2025-07-09,"Los Ríos Region",1,1,1,CLP,1,"7 días tras clic, 1 día tras visualización o 1 día tras visualización activa",,0,0,1000,,,,,,,,,,2025-07-09,2025-07-09
"publico pucon 1","Video explicando servicio corto","campaña ventas HotBoat",2025-07-09,"Araucanía Region",2327,2687,1.15470563,CLP,4037,"7 días tras clic, 1 día tras visualización o 1 día tras visualización activa",41,2.94008188,51.10126582,1502.41905471,,,,748,,,,,,2025-07-09,2025-07-09
"publico pucon 1","Video explicando servicio corto","campaña ventas HotBoat",2025-07-09,"Los Ríos Region",56,60,1.07142857,CLP,72,"7 días tras clic, 1 día tras visualización o 1 día tras visualización activa",,0,0,1200,,,,15,,,,,,2025-07-09,2025-07-09
"publico advantage","Video explicando servicio corto","campaña ventas HotBoat",2025-07-09,"Atacama Region",15,15,1,CLP,13,"7 días tras clic o 1 día tras visualización",,0,0,866.66666667,,,,4,,,,,,2025-07-09,2025-07-09
"publico advantage","Video parejas dcto","campaña ventas HotBoat",2025-07-09,"Santiago Metropolitan Region",20,21,1.05,CLP,36,"7 días tras clic o 1 día tras visualización",,0,0,1714.28571429,,,,8,,,,,,2025-07-09,2025-07-09
"publico advantage","Video explicando servicio corto","campaña ventas HotBoat",2025-07-09,"Coquimbo Region",31,33,1.06451613,CLP,36,"7 días tras clic o 1 día tras visualización",,0,0,1090.90909091,,,,14,,,,,,2025-07-09,2025-07-09
"publico pucon 1","Video pareja dcto","campaña ventas HotBoat",2025-07-09,"Araucanía Region",20,20,1,CLP,35,"7 días tras clic, 1 día tras visualización o 1 día tras visualización activa",,0,0,1750,,,,5,,,,,,2025-07-09,2025-07-09
"publico advantage","Video explicando servicio corto","campaña ventas HotBoat",2025-07-09,"O'Higgins Region",58,62,1.06896552,CLP,70,"7 días tras clic o 1 día tras visualización",4,11.29032258,10,1129.03225806,,,,23,,,,,,2025-07-09,2025-07-09
"publico pucon 1","Video Lluvia","campaña ventas HotBoat - Lluvia",2025-07-09,"Araucanía Region",1352,1775,1.31286982,CLP,4225,"7 días tras clic, 1 día tras visualización o 1 día tras visualización activa",19,2.1971831,108.33333333,2380.28169014,,,,311,,,,,,2025-07-09,2025-07-09
"publico pucon 1","Video Lluvia","campaña ventas HotBoat - Lluvia",2025-07-09,"Los Ríos Region",17,22,1.29411765,CLP,47,"7 días tras clic, 1 día tras visualización o 1 día tras visualización activa",,0,0,2136.36363636,,,,6,,,,,,2025-07-09,2025-07-09
"publico advantage","Video Lluvia","campaña ventas HotBoat",2025-07-09,"Santiago Metropolitan Region",4,4,1,CLP,10,"7 días tras clic o 1 día tras visualización",,0,0,2500,,,,,,,,,,2025-07-09,2025-07-09
"publico advantage","Video Lluvia","campaña ventas HotBoat",2025-07-09,"Los Lagos Region",3,3,1,CLP,3,"7 días tras clic o 1 día tras visualización",,33.33333333,3,1000,,,,1,,,,,,2025-07-09,2025-07-09
"publico advantage","Video Lluvia","campaña ventas HotBoat",2025-07-09,"Coquimbo Region",1,1,1,CLP,1,"7 días tras clic o 1 día tras visualización",,0,0,1000,,,,,,,,,,2025-07-09,2025-07-09
"publico advantage","Video Lluvia","campaña ventas HotBoat",2025-07-09,"Bío Bío Region",1,1,1,CLP,3,"7 días tras clic o 1 día tras visualización",,0,0,3000,,,,,,,,,,2025-07-09,2025-07-09
"publico advantage","Video Lluvia","campaña ventas HotBoat",2025-07-09,"Atacama Region",1,1,1,CLP,2,"7 días tras clic o 1 día tras visualización",,0,0,2000,,,,,,,,,,2025-07-09,2025-07-09
"publico advantage","Video Lluvia","campaña ventas HotBoat",2025-07-09,"Araucanía Region",1,1,1,CLP,2,"7 días tras clic o 1 día tras visualización",,0,0,2000,,,,,,,,,,2025-07-09,2025-07-09
"publico advantage","Video Lluvia","campaña ventas HotBoat",2025-07-09,"Valparaíso Region",1,1,1,CLP,1,"7 días tras clic o 1 día tras visualización",,0,0,1000,,,,,,,,,,2025-07-09,2025-07-09
"publico advantage","Video Lluvia","campaña ventas HotBoat",2025-07-09,"Los Ríos Region",1,1,1,CLP,0,"7 días tras clic o 1 día tras visualización",,0,0,0,,,,,,,,,,2025-07-09,2025-07-09
"publico concepcion","Video Lluvia","campaña ventas HotBoat",2025-07-09,"Bío Bío Region",1,1,1,CLP,6,"7 días tras clic, 1 día tras visualización o 1 día tras visualización activa",,100,6,6000,,,,1,,,,,,2025-07-09,2025-07-09
"publico pucon 1","Video Viral TikTok","campaña ventas HotBoat - Lluvia",2025-07-09,"Los Ríos Region",85,99,1.16470588,CLP,95,"7 días tras clic, 1 día tras visualización o 1 día tras visualización activa",,0,0,959.5959596,,,,25,,,,,,2025-07-09,2025-07-09
"publico concepcion","Video pareja dcto","campaña ventas HotBoat",2025-07-09,"Bío Bío Region",4,4,1,CLP,7,"7 días tras clic, 1 día tras visualización o 1 día tras visualización activa",,0,0,1750,,,,,,,,,,2025-07-09,2025-07-09
"Test Publicos : Temuco","Video pareja dcto","campaña ventas HotBoat",2025-07-09,"Araucanía Region",4,4,1,CLP,5,"7 días tras clic, 1 día tras visualización o 1 día tras visualización activa",,0,0,1250,,,,3,,,,,,2025-07-09,2025-07-09
"publico advantage","Video explicando servicio corto","campaña ventas HotBoat",2025-07-09,"Magallanes y la Antártica Chilena Region",15,16,1.06666667,CLP,6,"7 días tras clic o 1 día tras visualización",,0,0,375,,,,2,,,,,,2025-07-09,2025-07-09
"publico advantage","Video explicando servicio corto","campaña ventas HotBoat",2025-07-09,"Maule Region",77,82,1.06493506,CLP,82,"7 días tras clic o 1 día tras visualización",1,2.43902439,41,1000,,,,23,,,,,,2025-07-09,2025-07-09
"publico advantage","Video explicando servicio corto","campaña ventas HotBoat",2025-07-09,"Santiago Metropolitan Region",471,516,1.0955414,CLP,825,"7 días tras clic o 1 día tras visualización",3,3.29457364,48.52941176,1598.8372093,,,,147,,,,,,2025-07-09,2025-07-09
"publico advantage","Video explicando servicio corto","campaña ventas HotBoat",2025-07-09,"Tarapacá Region",14,16,1.14285714,CLP,49,"7 días tras clic o 1 día tras visualización",,6.25,49,3062.5,,,,5,,,,,,2025-07-09,2025-07-09
"publico advantage","Video explicando servicio corto","campaña ventas HotBoat",2025-07-09,"Los Lagos Region",146,158,1.08219178,CLP,175,"7 días tras clic o 1 día tras visualización",2,4.43037975,25,1107.59493671,,,,56,,,,,,2025-07-09,2025-07-09
"Test Publicos : Temuco","Video parejas amor","campaña ventas HotBoat",2025-07-09,"Araucanía Region",441,509,1.15419501,CLP,886,"7 días tras clic, 1 día tras visualización o 1 día tras visualización activa",4,1.57170923,110.75,1740.66797642,,,,181,,,,,,2025-07-09,2025-07-09
"publico valdivia","Video explicando servicio corto","campaña ventas HotBoat",2025-07-09,"Los Ríos Region",1836,2008,1.09368192,CLP,1801,"7 días tras clic, 1 día tras visualización o 1 día tras visualización activa",28,3.0876494,29.0483871,896.9123506,,,,622,,,,,,2025-07-09,2025-07-09
"publico concepcion","Video explicando servicio corto","campaña ventas HotBoat",2025-07-09,"Bío Bío Region",1255,1323,1.05418327,CLP,1229,"7 días tras clic, 1 día tras visualización o 1 día tras visualización activa",26,3.7037037,25.08163265,928.94935752,,,,414,,,,,,2025-07-09,2025-07-09
"publico concepcion","Video parejas amor","campaña ventas HotBoat",2025-07-09,"Bío Bío Region",300,300,1,CLP,473,"7 días tras clic, 1 día tras visualización o 1 día tras visualización activa",5,4.66666667,33.78571429,1576.66666667,,,,102,,,,,,2025-07-09,2025-07-09
"Test Publicos : Temuco","Video explicando servicio corto","campaña ventas HotBoat",2025-07-09,"Araucanía Region",996,1040,1.04417671,CLP,1060,"7 días tras clic, 1 día tras visualización o 1 día tras visualización activa",19,5,20.38461538,1019.23076923,,,,327,,,,,,2025-07-09,2025-07-09
"publico advantage","Video explicando servicio corto","campaña ventas HotBoat",2025-07-08,"Arica y Parinacota Region",12,14,1.16666667,CLP,15,"7 días tras clic o 1 día tras visualización",,0,0,1071.42857143,,,,5,,,,,,2025-07-08,2025-07-08
"publico advantage","Video parejas amor","campaña ventas HotBoat",2025-07-08,"Magallanes y la Antártica Chilena Region",1,1,1,CLP,0,"7 días tras clic o 1 día tras visualización",,0,0,0,,,,1,,,,,,2025-07-08,2025-07-08
"publico advantage","Video parejas amor","campaña ventas HotBoat",2025-07-08,"Maule Region",1,1,1,CLP,1,"7 días tras clic o 1 día tras visualización",,0,0,1000,,,,,,,,,,2025-07-08,2025-07-08
"publico advantage","Video parejas amor","campaña ventas HotBoat",2025-07-08,"Santiago Metropolitan Region",8,8,1,CLP,14,"7 días tras clic o 1 día tras visualización",,0,0,1750,,,,4,,,,,,2025-07-08,2025-07-08
"publico advantage","Video explicando servicio corto","campaña ventas HotBoat",2025-07-08,"Los Ríos Region",66,80,1.21212121,CLP,61,"7 días tras clic o 1 día tras visualización",1,5,15.25,762.5,,,,15,,,,,,2025-07-08,2025-07-08
"publico advantage","Video explicando servicio corto","campaña ventas HotBoat",2025-07-08,"Antofagasta Region",68,75,1.10294118,CLP,76,"7 días tras clic o 1 día tras visualización",,1.33333333,76,1013.33333333,,,,18,,,,,,2025-07-08,2025-07-08
"publico advantage","Video explicando servicio corto","campaña ventas HotBoat",2025-07-08,"Valparaíso Region",118,129,1.09322034,CLP,120,"7 días tras clic o 1 día tras visualización",2,3.10077519,30,930.23255814,,,,36,,,,,,2025-07-08,2025-07-08
"publico advantage","Video explicando servicio corto","campaña ventas HotBoat",2025-07-08,"Aysén Region",18,18,1,CLP,13,"7 días tras clic o 1 día tras visualización",,0,0,722.22222222,,,,2,,,,,,2025-07-08,2025-07-08
"publico advantage","Video explicando servicio corto","campaña ventas HotBoat",2025-07-08,"Araucanía Region",94,103,1.09574468,CLP,195,"7 días tras clic o 1 día tras visualización",2,3.88349515,48.75,1893.2038835,,,,32,,,,,,2025-07-08,2025-07-08
"publico advantage","Video explicando servicio corto","campaña ventas HotBoat",2025-07-08,"Atacama Region",20,21,1.05,CLP,9,"7 días tras clic o 1 día tras visualización",,0,0,428.57142857,,,,9,,,,,,2025-07-08,2025-07-08
"publico advantage","Video explicando servicio corto","campaña ventas HotBoat",2025-07-08,"Bío Bío Region",116,140,1.20689655,CLP,162,"7 días tras clic o 1 día tras visualización",2,2.85714286,40.5,1157.14285714,,,,34,,,,,,2025-07-08,2025-07-08
"publico advantage","Video parejas amor","campaña ventas HotBoat",2025-07-08,"Bío Bío Region",4,4,1,CLP,2,"7 días tras clic o 1 día tras visualización",,0,0,500,,,,3,,,,,,2025-07-08,2025-07-08
"publico advantage","Video parejas amor","campaña ventas HotBoat",2025-07-08,"Los Lagos Region",1,1,1,CLP,0,"7 días tras clic o 1 día tras visualización",,0,0,0,,,,,,,,,,2025-07-08,2025-07-08
"publico advantage","Video parejas dcto","campaña ventas HotBoat",2025-07-08,"Coquimbo Region",1,1,1,CLP,0,"7 días tras clic o 1 día tras visualización",,0,0,0,,,,,,,,,,2025-07-08,2025-07-08
"publico advantage","Video parejas amor","campaña ventas HotBoat",2025-07-08,"Valparaíso Region",2,2,1,CLP,2,"7 días tras clic o 1 día tras visualización",,0,0,1000,,,,,,,,,,2025-07-08,2025-07-08
"publico advantage","Video parejas dcto","campaña ventas HotBoat",2025-07-08,"Santiago Metropolitan Region",13,13,1,CLP,34,"7 días tras clic o 1 día tras visualización",,0,0,2615.38461538,,,,5,,,,,,2025-07-08,2025-07-08
"publico advantage","Video parejas dcto","campaña ventas HotBoat",2025-07-08,"Maule Region",1,1,1,CLP,1,"7 días tras clic o 1 día tras visualización",,0,0,1000,,,,1,,,,,,2025-07-08,2025-07-08
"publico advantage","Video parejas dcto","campaña ventas HotBoat",2025-07-08,"Los Lagos Region",3,3,1,CLP,4,"7 días tras clic o 1 día tras visualización",,0,0,1333.33333333,,,,1,,,,,,2025-07-08,2025-07-08
"publico advantage","Video parejas dcto","campaña ventas HotBoat",2025-07-08,"O'Higgins Region",3,4,1.33333333,CLP,10,"7 días tras clic o 1 día tras visualización",,0,0,2500,,,,,,,,,,2025-07-08,2025-07-08
"publico advantage","Video explicando servicio corto","campaña ventas HotBoat",2025-07-08,"O'Higgins Region",71,80,1.12676056,CLP,81,"7 días tras clic o 1 día tras visualización",,1.25,81,1012.5,,,,26,,,,,,2025-07-08,2025-07-08
"publico advantage","Video parejas dcto","campaña ventas HotBoat",2025-07-08,"Bío Bío Region",5,5,1,CLP,7,"7 días tras clic o 1 día tras visualización",,0,0,1400,,,,3,,,,,,2025-07-08,2025-07-08
"publico advantage","Video parejas dcto","campaña ventas HotBoat",2025-07-08,"Antofagasta Region",1,1,1,CLP,1,"7 días tras clic o 1 día tras visualización",,0,0,1000,,,,,,,,,,2025-07-08,2025-07-08
"publico advantage","Video parejas dcto","campaña ventas HotBoat",2025-07-08,"Valparaíso Region",4,4,1,CLP,7,"7 días tras clic o 1 día tras visualización",,0,0,1750,,,,1,,,,,,2025-07-08,2025-07-08
"publico advantage","Video parejas dcto","campaña ventas HotBoat",2025-07-08,"Arica y Parinacota Region",1,1,1,CLP,1,"7 días tras clic o 1 día tras visualización",,0,0,1000,,,,1,,,,,,2025-07-08,2025-07-08
"publico advantage","Video parejas dcto","campaña ventas HotBoat",2025-07-08,"Los Ríos Region",1,1,1,CLP,2,"7 días tras clic o 1 día tras visualización",,0,0,2000,,,,,,,,,,2025-07-08,2025-07-08
"publico pucon 1","Video explicando servicio corto","campaña ventas HotBoat",2025-07-08,"Araucanía Region",3563,4091,1.14818973,CLP,4794,"7 días tras clic, 1 día tras visualización o 1 día tras visualización activa",53,3.39770227,34.48920863,1171.84062576,,,,1060,,,,,,2025-07-08,2025-07-08
"publico pucon 1","Video explicando servicio corto","campaña ventas HotBoat",2025-07-08,"Los Ríos Region",79,93,1.17721519,CLP,78,"7 días tras clic, 1 día tras visualización o 1 día tras visualización activa",2,3.22580645,26,838.70967742,,,,31,,,,,,2025-07-08,2025-07-08
"publico advantage","Video explicando servicio corto","campaña ventas HotBoat",2025-07-08,"Coquimbo Region",40,44,1.1,CLP,57,"7 días tras clic o 1 día tras visualización",2,6.81818182,19,1295.45454545,,,,14,,,,,,2025-07-08,2025-07-08
"publico advantage","Video parejas dcto","campaña ventas HotBoat",2025-07-08,"Araucanía Region",2,2,1,CLP,2,"7 días tras clic o 1 día tras visualización",,0,0,1000,,,,,,,,,,2025-07-08,2025-07-08
"publico advantage","Video explicando servicio corto","campaña ventas HotBoat",2025-07-08,"Los Lagos Region",165,183,1.10909091,CLP,170,"7 días tras clic o 1 día tras visualización",2,3.27868852,28.33333333,928.96174863,,,,53,,,,,,2025-07-08,2025-07-08
"publico advantage","Video Lluvia","campaña ventas HotBoat",2025-07-08,"Araucanía Region",3,3,1,CLP,4,"7 días tras clic o 1 día tras visualización",,0,0,1333.33333333,,,,2,,,,,,2025-07-08,2025-07-08
"publico advantage","Video explicando servicio corto","campaña ventas HotBoat",2025-07-08,"Magallanes y la Antártica Chilena Region",28,29,1.03571429,CLP,18,"7 días tras clic o 1 día tras visualización",1,3.44827586,18,620.68965517,,,,9,,,,,,2025-07-08,2025-07-08
"publico pucon 1","Video Viral TikTok","campaña ventas HotBoat - Lluvia",2025-07-08,"Araucanía Region",2836,3216,1.13399154,CLP,4090,"7 días tras clic, 1 día tras visualización o 1 día tras visualización activa",35,3.23383085,39.32692308,1271.76616915,,,,900,,,,,,2025-07-08,2025-07-08
"publico pucon 1","Video Viral TikTok","campaña ventas HotBoat - Lluvia",2025-07-08,"Los Ríos Region",82,98,1.19512195,CLP,74,"7 días tras clic, 1 día tras visualización o 1 día tras visualización activa",1,2.04081633,37,755.10204082,,,,24,,,,,,2025-07-08,2025-07-08
"publico pucon 1","Video Lluvia","campaña ventas HotBoat - Lluvia",2025-07-08,"Araucanía Region",1413,1845,1.30573248,CLP,4016,"7 días tras clic, 1 día tras visualización o 1 día tras visualización activa",17,2.11382114,102.97435897,2176.69376694,,,,317,,,,,,2025-07-08,2025-07-08
"publico pucon 1","Video Lluvia","campaña ventas HotBoat - Lluvia",2025-07-08,"Los Ríos Region",24,26,1.08333333,CLP,45,"7 días tras clic, 1 día tras visualización o 1 día tras visualización activa",,7.69230769,22.5,1730.76923077,,,,9,,,,,,2025-07-08,2025-07-08
"publico pucon 1","Video Lluvia","campaña ventas HotBoat",2025-07-08,"Araucanía Region",19,20,1.05263158,CLP,33,"7 días tras clic, 1 día tras visualización o 1 día tras visualización activa",,0,0,1650,,,,3,,,,,,2025-07-08,2025-07-08
"publico advantage","Video Lluvia","campaña ventas HotBoat",2025-07-08,"Tarapacá Region",1,1,1,CLP,0,"7 días tras clic o 1 día tras visualización",,0,0,0,,,,,,,,,,2025-07-08,2025-07-08
"publico advantage","Video Lluvia","campaña ventas HotBoat",2025-07-08,"Santiago Metropolitan Region",18,18,1,CLP,29,"7 días tras clic o 1 día tras visualización",,0,0,1611.11111111,,,,5,,,,,,2025-07-08,2025-07-08
"publico advantage","Video Lluvia","campaña ventas HotBoat",2025-07-08,"Maule Region",2,2,1,CLP,3,"7 días tras clic o 1 día tras visualización",,0,0,1500,,,,,,,,,,2025-07-08,2025-07-08
"publico advantage","Video Lluvia","campaña ventas HotBoat",2025-07-08,"Los Lagos Region",8,9,1.125,CLP,12,"7 días tras clic o 1 día tras visualización",1,11.11111111,12,1333.33333333,,,,5,,,,,,2025-07-08,2025-07-08
"publico advantage","Video Lluvia","campaña ventas HotBoat",2025-07-08,"O'Higgins Region",2,3,1.5,CLP,13,"7 días tras clic o 1 día tras visualización",,0,0,4333.33333333,,,,,,,,,,2025-07-08,2025-07-08
"publico advantage","Video Lluvia","campaña ventas HotBoat",2025-07-08,"Bío Bío Region",6,6,1,CLP,7,"7 días tras clic o 1 día tras visualización",,16.66666667,7,1166.66666667,,,,1,,,,,,2025-07-08,2025-07-08
"publico advantage","Video Lluvia","campaña ventas HotBoat",2025-07-08,"Coquimbo Region",2,2,1,CLP,2,"7 días tras clic o 1 día tras visualización",,0,0,1000,,,,,,,,,,2025-07-08,2025-07-08
"publico advantage","Video Lluvia","campaña ventas HotBoat",2025-07-08,"Antofagasta Region",2,2,1,CLP,1,"7 días tras clic o 1 día tras visualización",,0,0,500,,,,1,,,,,,2025-07-08,2025-07-08
"publico pucon 1","Video pareja dcto","campaña ventas HotBoat",2025-07-08,"Araucanía Region",338,374,1.10650888,CLP,744,"7 días tras clic, 1 día tras visualización o 1 día tras visualización activa",2,1.06951872,186,1989.30481283,,,,88,,,,,,2025-07-08,2025-07-08
"publico advantage","Video explicando servicio corto","campaña ventas HotBoat",2025-07-08,"Maule Region",93,102,1.09677419,CLP,81,"7 días tras clic o 1 día tras visualización",6,6.8627451,11.57142857,794.11764706,,,,30,,,,,,2025-07-08,2025-07-08
"publico advantage","Video explicando servicio corto","campaña ventas HotBoat",2025-07-08,"Santiago Metropolitan Region",504,540,1.07142857,CLP,725,"7 días tras clic o 1 día tras visualización",5,3.51851852,38.15789474,1342.59259259,,,,158,,,,,,2025-07-08,2025-07-08
"publico advantage","Video explicando servicio corto","campaña ventas HotBoat",2025-07-08,"Tarapacá Region",27,29,1.07407407,CLP,26,"7 días tras clic o 1 día tras visualización",,3.44827586,26,896.55172414,,,,13,,,,,,2025-07-08,2025-07-08
"Test Publicos : Temuco","Video explicando servicio corto","campaña ventas HotBoat",2025-07-08,"Araucanía Region",1939,2110,1.08818979,CLP,1775,"7 días tras clic, 1 día tras visualización o 1 día tras visualización activa",29,3.88625592,21.64634146,841.23222749,,,,673,,,,,,2025-07-08,2025-07-08
"publico valdivia","Video explicando servicio corto","campaña ventas HotBoat",2025-07-08,"Los Ríos Region",2079,2258,1.08609909,CLP,1937,"7 días tras clic, 1 día tras visualización o 1 día tras visualización activa",28,3.32152347,25.82666667,857.83879539,,,,692,,,,,,2025-07-08,2025-07-08
"publico advantage","Video Lluvia","campaña ventas HotBoat",2025-07-08,"Valparaíso Region",6,7,1.16666667,CLP,8,"7 días tras clic o 1 día tras visualización",,0,0,1142.85714286,,,,3,,,,,,2025-07-08,2025-07-08
"publico concepcion","Video explicando servicio corto","campaña ventas HotBoat",2025-07-08,"Bío Bío Region",2505,2725,1.08782435,CLP,2024,"7 días tras clic, 1 día tras visualización o 1 día tras visualización activa",49,3.59633028,20.65306122,742.75229358,,,,836,,,,,,2025-07-08,2025-07-08
"Test Publicos : Temuco","Video Lluvia","campaña ventas HotBoat",2025-07-08,"Araucanía Region",122,129,1.05737705,CLP,169,"7 días tras clic, 1 día tras visualización o 1 día tras visualización activa",,1.5503876,84.5,1310.07751938,,,,24,,,,,,2025-07-08,2025-07-08
"publico concepcion","Video Lluvia","campaña ventas HotBoat",2025-07-08,"Bío Bío Region",72,75,1.04166667,CLP,106,"7 días tras clic, 1 día tras visualización o 1 día tras visualización activa",2,6.66666667,21.2,1413.33333333,,,,21,,,,,,2025-07-08,2025-07-08
"publico valdivia","Video Lluvia","campaña ventas HotBoat",2025-07-08,"Los Ríos Region",215,245,1.13953488,CLP,333,"7 días tras clic, 1 día tras visualización o 1 día tras visualización activa",4,4.08163265,33.3,1359.18367347,,,,71,,,,,,2025-07-08,2025-07-08
"publico advantage","Video Lluvia","campaña ventas HotBoat",2025-07-08,"Los Ríos Region",5,6,1.2,CLP,8,"7 días tras clic o 1 día tras visualización",,16.66666667,8,1333.33333333,,,,2,,,,,,2025-07-08,2025-07-08
"publico advantage","Video Lluvia","campaña ventas HotBoat",2025-07-08,"Arica y Parinacota Region",1,1,1,CLP,5,"7 días tras clic o 1 día tras visualización",,0,0,5000,,,,,,,,,,2025-07-08,2025-07-08
"publico advantage","Video parejas amor","campaña ventas HotBoat",2025-07-07,"Arica y Parinacota Region",1,1,1,CLP,1,"7 días tras clic o 1 día tras visualización",,0,0,1000,,,,1,,,,,,2025-07-07,2025-07-07
"publico advantage","Video parejas amor","campaña ventas HotBoat",2025-07-07,"Coquimbo Region",1,1,1,CLP,4,"7 días tras clic o 1 día tras visualización",,0,0,4000,,,,1,,,,,,2025-07-07,2025-07-07
"publico advantage","Video parejas amor","campaña ventas HotBoat",2025-07-07,"Valparaíso Region",9,10,1.11111111,CLP,16,"7 días tras clic o 1 día tras visualización",,0,0,1600,,,,4,,,,,,2025-07-07,2025-07-07
"publico advantage","Video parejas amor","campaña ventas HotBoat",2025-07-07,"Antofagasta Region",4,4,1,CLP,3,"7 días tras clic o 1 día tras visualización",,0,0,750,,,,1,,,,,,2025-07-07,2025-07-07
"publico advantage","Video parejas amor","campaña ventas HotBoat",2025-07-07,"Araucanía Region",8,8,1,CLP,7,"7 días tras clic o 1 día tras visualización",,12.5,7,875,,,,2,,,,,,2025-07-07,2025-07-07
"publico advantage","Video parejas amor","campaña ventas HotBoat",2025-07-07,"Atacama Region",1,1,1,CLP,1,"7 días tras clic o 1 día tras visualización",,0,0,1000,,,,,,,,,,2025-07-07,2025-07-07
"publico advantage","Video parejas amor","campaña ventas HotBoat",2025-07-07,"Bío Bío Region",3,3,1,CLP,4,"7 días tras clic o 1 día tras visualización",,0,0,1333.33333333,,,,,,,,,,2025-07-07,2025-07-07
"publico advantage","Video explicando servicio corto","campaña ventas HotBoat",2025-07-07,"Aysén Region",14,15,1.07142857,CLP,12,"7 días tras clic o 1 día tras visualización",1,6.66666667,12,800,,,,7,,,,,,2025-07-07,2025-07-07
"publico advantage","Video parejas amor","campaña ventas HotBoat",2025-07-07,"O'Higgins Region",2,2,1,CLP,2,"7 días tras clic o 1 día tras visualización",,0,0,1000,,,,1,,,,,,2025-07-07,2025-07-07
"publico advantage","Video parejas amor","campaña ventas HotBoat",2025-07-07,"Los Lagos Region",12,12,1,CLP,15,"7 días tras clic o 1 día tras visualización",1,8.33333333,15,1250,,,,6,,,,,,2025-07-07,2025-07-07
"publico advantage","Video parejas amor","campaña ventas HotBoat",2025-07-07,"Maule Region",6,6,1,CLP,8,"7 días tras clic o 1 día tras visualización",,0,0,1333.33333333,,,,2,,,,,,2025-07-07,2025-07-07
"publico advantage","Video parejas amor","campaña ventas HotBoat",2025-07-07,"Santiago Metropolitan Region",26,26,1,CLP,41,"7 días tras clic o 1 día tras visualización",1,7.69230769,20.5,1576.92307692,,,,17,,,,,,2025-07-07,2025-07-07
"publico advantage","Video explicando servicio corto","campaña ventas HotBoat",2025-07-07,"Los Ríos Region",49,50,1.02040816,CLP,37,"7 días tras clic o 1 día tras visualización",1,10,7.4,740,,,,20,,,,,,2025-07-07,2025-07-07
"publico advantage","Video explicando servicio corto","campaña ventas HotBoat",2025-07-07,"Arica y Parinacota Region",11,11,1,CLP,13,"7 días tras clic o 1 día tras visualización",,0,0,1181.81818182,,,,4,,,,,,2025-07-07,2025-07-07
"publico advantage","Video explicando servicio corto","campaña ventas HotBoat",2025-07-07,"Valparaíso Region",110,117,1.06363636,CLP,112,"7 días tras clic o 1 día tras visualización",4,5.12820513,18.66666667,957.26495726,,,,43,,,,,,2025-07-07,2025-07-07
"publico advantage","Video parejas dcto","campaña ventas HotBoat",2025-07-07,"Tarapacá Region",3,3,1,CLP,6,"7 días tras clic o 1 día tras visualización",,0,0,2000,,,,2,,,,,,2025-07-07,2025-07-07
"publico advantage","Video parejas amor","campaña ventas HotBoat",2025-07-07,"Los Ríos Region",5,5,1,CLP,6,"7 días tras clic o 1 día tras visualización",,0,0,1200,,,,1,,,,,,2025-07-07,2025-07-07
"publico pucon 1","Video parejas amor","campaña ventas HotBoat",2025-07-07,"Araucanía Region",134,145,1.08208955,CLP,290,"7 días tras clic, 1 día tras visualización o 1 día tras visualización activa",1,2.06896552,96.66666667,2000,,,,41,,,,,,2025-07-07,2025-07-07
"publico advantage","Video parejas dcto","campaña ventas HotBoat",2025-07-07,"Santiago Metropolitan Region",107,109,1.01869159,CLP,199,"7 días tras clic o 1 día tras visualización",3,7.33944954,24.875,1825.68807339,,,,51,,,,,,2025-07-07,2025-07-07
"publico advantage","Video parejas dcto","campaña ventas HotBoat",2025-07-07,"Aysén Region",3,3,1,CLP,7,"7 días tras clic o 1 día tras visualización",,0,0,2333.33333333,,,,1,,,,,,2025-07-07,2025-07-07
"publico pucon 1","Video explicando servicio corto","campaña ventas HotBoat",2025-07-07,"Los Ríos Region",56,58,1.03571429,CLP,43,"7 días tras clic, 1 día tras visualización o 1 día tras visualización activa",,0,0,741.37931034,,,,20,,,,,,2025-07-07,2025-07-07
"publico pucon 1","Video explicando servicio corto","campaña ventas HotBoat",2025-07-07,"Araucanía Region",3382,3854,1.13956239,CLP,3873,"7 días tras clic, 1 día tras visualización o 1 día tras visualización activa",61,3.29527763,30.49606299,1004.92994292,,,,1115,,,,,,2025-07-07,2025-07-07
"publico pucon 1","Video parejas amor","campaña ventas HotBoat",2025-07-07,"Los Ríos Region",3,3,1,CLP,2,"7 días tras clic, 1 día tras visualización o 1 día tras visualización activa",,0,0,666.66666667,,,,1,,,,,,2025-07-07,2025-07-07
"publico advantage","Video parejas dcto","campaña ventas HotBoat",2025-07-07,"Los Ríos Region",15,16,1.06666667,CLP,26,"7 días tras clic o 1 día tras visualización",,6.25,26,1625,,,,6,,,,,,2025-07-07,2025-07-07
"publico advantage","Video parejas dcto","campaña ventas HotBoat",2025-07-07,"Arica y Parinacota Region",1,1,1,CLP,0,"7 días tras clic o 1 día tras visualización",,0,0,0,,,,,,,,,,2025-07-07,2025-07-07
"publico advantage","Video parejas dcto","campaña ventas HotBoat",2025-07-07,"Valparaíso Region",26,28,1.07692308,CLP,37,"7 días tras clic o 1 día tras visualización",,0,0,1321.42857143,,,,12,,,,,,2025-07-07,2025-07-07
"publico advantage","Video parejas dcto","campaña ventas HotBoat",2025-07-07,"Antofagasta Region",10,11,1.1,CLP,13,"7 días tras clic o 1 día tras visualización",,0,0,1181.81818182,,,,7,,,,,,2025-07-07,2025-07-07
"publico advantage","Video parejas dcto","campaña ventas HotBoat",2025-07-07,"Maule Region",23,29,1.26086957,CLP,45,"7 días tras clic o 1 día tras visualización",1,10.34482759,15,1551.72413793,,,,10,,,,,,2025-07-07,2025-07-07
"publico advantage","Video parejas dcto","campaña ventas HotBoat",2025-07-07,"Araucanía Region",18,21,1.16666667,CLP,46,"7 días tras clic o 1 día tras visualización",,4.76190476,46,2190.47619048,,,,9,,,,,,2025-07-07,2025-07-07
"publico advantage","Video parejas dcto","campaña ventas HotBoat",2025-07-07,"Atacama Region",2,2,1,CLP,3,"7 días tras clic o 1 día tras visualización",,0,0,1500,,,,1,,,,,,2025-07-07,2025-07-07
"publico advantage","Video parejas dcto","campaña ventas HotBoat",2025-07-07,"Bío Bío Region",31,33,1.06451613,CLP,42,"7 días tras clic o 1 día tras visualización",,0,0,1272.72727273,,,,13,,,,,,2025-07-07,2025-07-07
"publico advantage","Video parejas dcto","campaña ventas HotBoat",2025-07-07,"Coquimbo Region",12,15,1.25,CLP,20,"7 días tras clic o 1 día tras visualización",,0,0,1333.33333333,,,,5,,,,,,2025-07-07,2025-07-07
"publico advantage","Video parejas dcto","campaña ventas HotBoat",2025-07-07,"O'Higgins Region",13,13,1,CLP,14,"7 días tras clic o 1 día tras visualización",,0,0,1076.92307692,,,,10,,,,,,2025-07-07,2025-07-07
"publico advantage","Video parejas dcto","campaña ventas HotBoat",2025-07-07,"Los Lagos Region",24,29,1.20833333,CLP,77,"7 días tras clic o 1 día tras visualización",,3.44827586,77,2655.17241379,,,,10,,,,,,2025-07-07,2025-07-07
"publico advantage","Video parejas dcto","campaña ventas HotBoat",2025-07-07,"Magallanes y la Antártica Chilena Region",1,1,1,CLP,0,"7 días tras clic o 1 día tras visualización",,0,0,0,,,,,,,,,,2025-07-07,2025-07-07
"publico advantage","Video explicando servicio corto","campaña ventas HotBoat",2025-07-07,"Antofagasta Region",56,65,1.16071429,CLP,62,"7 días tras clic o 1 día tras visualización",1,4.61538462,20.66666667,953.84615385,,,,18,,,,,,2025-07-07,2025-07-07
"publico advantage","Video explicando servicio corto","campaña ventas HotBoat",2025-07-07,"Araucanía Region",109,115,1.05504587,CLP,96,"7 días tras clic o 1 día tras visualización",1,2.60869565,32,834.7826087,,,,31,,,,,,2025-07-07,2025-07-07
"publico advantage","Video explicando servicio corto","campaña ventas HotBoat",2025-07-07,"Atacama Region",15,16,1.06666667,CLP,9,"7 días tras clic o 1 día tras visualización",1,12.5,4.5,562.5,,,,5,,,,,,2025-07-07,2025-07-07
"publico advantage","Video Lluvia","campaña ventas HotBoat",2025-07-07,"Los Lagos Region",7,7,1,CLP,21,"7 días tras clic o 1 día tras visualización",,28.57142857,10.5,3000,,,,4,,,,,,2025-07-07,2025-07-07
"publico concepcion","Video Lluvia","campaña ventas HotBoat",2025-07-07,"Bío Bío Region",56,62,1.10714286,CLP,65,"7 días tras clic, 1 día tras visualización o 1 día tras visualización activa",,3.22580645,32.5,1048.38709677,,,,12,,,,,,2025-07-07,2025-07-07
"publico valdivia","Video Lluvia","campaña ventas HotBoat",2025-07-07,"Los Ríos Region",39,40,1.02564103,CLP,32,"7 días tras clic, 1 día tras visualización o 1 día tras visualización activa",,0,0,800,,,,12,,,,,,2025-07-07,2025-07-07
"publico advantage","Video Lluvia","campaña ventas HotBoat",2025-07-07,"Valparaíso Region",3,3,1,CLP,15,"7 días tras clic o 1 día tras visualización",,33.33333333,15,5000,,,,1,,,,,,2025-07-07,2025-07-07
"publico advantage","Video Lluvia","campaña ventas HotBoat",2025-07-07,"Araucanía Region",4,4,1,CLP,13,"7 días tras clic o 1 día tras visualización",3,100,3.25,3250,,,,2,,,,,,2025-07-07,2025-07-07
"publico advantage","Video Lluvia","campaña ventas HotBoat",2025-07-07,"Bío Bío Region",4,4,1,CLP,6,"7 días tras clic o 1 día tras visualización",,0,0,1500,,,,1,,,,,,2025-07-07,2025-07-07
"publico advantage","Video Lluvia","campaña ventas HotBoat",2025-07-07,"Coquimbo Region",1,1,1,CLP,0,"7 días tras clic o 1 día tras visualización",,0,0,0,,,,1,,,,,,2025-07-07,2025-07-07
"publico advantage","Video Lluvia","campaña ventas HotBoat",2025-07-07,"Maule Region",5,5,1,CLP,3,"7 días tras clic o 1 día tras visualización",,0,0,600,,,,1,,,,,,2025-07-07,2025-07-07
"publico pucon 1","Video pareja dcto","campaña ventas HotBoat",2025-07-07,"Araucanía Region",933,1105,1.18435155,CLP,1724,"7 días tras clic, 1 día tras visualización o 1 día tras visualización activa",6,1.35746606,114.93333333,1560.18099548,,,,288,,,,,,2025-07-07,2025-07-07
"publico advantage","Video Lluvia","campaña ventas HotBoat",2025-07-07,"Santiago Metropolitan Region",9,9,1,CLP,18,"7 días tras clic o 1 día tras visualización",,0,0,2000,,,,1,,,,,,2025-07-07,2025-07-07
"publico pucon 1","Video Lluvia","campaña ventas HotBoat",2025-07-07,"Los Ríos Region",1,1,1,CLP,1,"7 días tras clic, 1 día tras visualización o 1 día tras visualización activa",,0,0,1000,,,,1,,,,,,2025-07-07,2025-07-07
"publico pucon 1","Video Lluvia","campaña ventas HotBoat",2025-07-07,"Araucanía Region",57,59,1.03508772,CLP,66,"7 días tras clic, 1 día tras visualización o 1 día tras visualización activa",,0,0,1118.6440678,,,,16,,,,,,2025-07-07,2025-07-07
"publico pucon 1","Video Lluvia","campaña ventas HotBoat - Lluvia",2025-07-07,"Los Ríos Region",25,37,1.48,CLP,64,"7 días tras clic, 1 día tras visualización o 1 día tras visualización activa",,0,0,1729.72972973,,,,5,,,,,,2025-07-07,2025-07-07
"publico advantage","Video explicando servicio corto","campaña ventas HotBoat",2025-07-07,"Bío Bío Region",156,163,1.04487179,CLP,172,"7 días tras clic o 1 día tras visualización",1,3.6809816,28.66666667,1055.21472393,,,,59,,,,,,2025-07-07,2025-07-07
"publico pucon 1","Video Viral TikTok","campaña ventas HotBoat - Lluvia",2025-07-07,"Los Ríos Region",86,93,1.08139535,CLP,74,"7 días tras clic, 1 día tras visualización o 1 día tras visualización activa",2,4.30107527,18.5,795.69892473,,,,29,,,,,,2025-07-07,2025-07-07
"publico pucon 1","Video Viral TikTok","campaña ventas HotBoat - Lluvia",2025-07-07,"Araucanía Region",3467,3872,1.11681569,CLP,3998,"7 días tras clic, 1 día tras visualización o 1 día tras visualización activa",36,2.7892562,37.01851852,1032.54132231,,,,1072,,,,,,2025-07-07,2025-07-07
"Test Publicos : Temuco","Video Lluvia","campaña ventas HotBoat",2025-07-07,"Araucanía Region",16,16,1,CLP,12,"7 días tras clic, 1 día tras visualización o 1 día tras visualización activa",,6.25,12,750,,,,8,,,,,,2025-07-07,2025-07-07
"publico pucon 1","Video Lluvia","campaña ventas HotBoat - Lluvia",2025-07-07,"Araucanía Region",1854,2285,1.23247033,CLP,3961,"7 días tras clic, 1 día tras visualización o 1 día tras visualización activa",17,1.96936543,88.02222222,1733.47921225,,,,431,,,,,,2025-07-07,2025-07-07
"publico pucon 1","Video pareja dcto","campaña ventas HotBoat",2025-07-07,"Los Ríos Region",12,13,1.08333333,CLP,12,"7 días tras clic, 1 día tras visualización o 1 día tras visualización activa",,0,0,923.07692308,,,,2,,,,,,2025-07-07,2025-07-07
"publico advantage","Video explicando servicio corto","campaña ventas HotBoat",2025-07-07,"Tarapacá Region",15,16,1.06666667,CLP,13,"7 días tras clic o 1 día tras visualización",,0,0,812.5,,,,5,,,,,,2025-07-07,2025-07-07
"publico concepcion","Video pareja dcto","campaña ventas HotBoat",2025-07-07,"Bío Bío Region",211,237,1.12322275,CLP,296,"7 días tras clic, 1 día tras visualización o 1 día tras visualización activa",1,2.9535865,42.28571429,1248.94514768,,,,92,,,,,,2025-07-07,2025-07-07
"publico advantage","Video explicando servicio corto","campaña ventas HotBoat",2025-07-07,"Coquimbo Region",45,49,1.08888889,CLP,41,"7 días tras clic o 1 día tras visualización",,6.12244898,13.66666667,836.73469388,,,,19,,,,,,2025-07-07,2025-07-07
"publico advantage","Video explicando servicio corto","campaña ventas HotBoat",2025-07-07,"Los Lagos Region",146,176,1.20547945,CLP,131,"7 días tras clic o 1 día tras visualización",2,4.54545455,16.375,744.31818182,,,,55,,,,,,2025-07-07,2025-07-07
"publico advantage","Video explicando servicio corto","campaña ventas HotBoat",2025-07-07,"Magallanes y la Antártica Chilena Region",22,24,1.09090909,CLP,7,"7 días tras clic o 1 día tras visualización",,4.16666667,7,291.66666667,,,,2,,,,,,2025-07-07,2025-07-07
"publico advantage","Video explicando servicio corto","campaña ventas HotBoat",2025-07-07,"Maule Region",77,84,1.09090909,CLP,64,"7 días tras clic o 1 día tras visualización",1,3.57142857,21.33333333,761.9047619,,,,16,,,,,,2025-07-07,2025-07-07
"publico advantage","Video explicando servicio corto","campaña ventas HotBoat",2025-07-07,"Santiago Metropolitan Region",475,502,1.05684211,CLP,508,"7 días tras clic o 1 día tras visualización",9,3.98406375,25.4,1011.95219124,,,,150,,,,,,2025-07-07,2025-07-07
"publico advantage","Video explicando servicio corto","campaña ventas HotBoat",2025-07-07,"O'Higgins Region",45,47,1.04444444,CLP,41,"7 días tras clic o 1 día tras visualización",,6.38297872,13.66666667,872.34042553,,,,18,,,,,,2025-07-07,2025-07-07
"Test Publicos : Temuco","Video pareja dcto","campaña ventas HotBoat",2025-07-07,"Araucanía Region",142,149,1.04929577,CLP,232,"7 días tras clic, 1 día tras visualización o 1 día tras visualización activa",1,2.01342282,77.33333333,1557.04697987,,,,53,,,,,,2025-07-07,2025-07-07
"publico concepcion","Video parejas amor","campaña ventas HotBoat",2025-07-07,"Bío Bío Region",147,149,1.01360544,CLP,203,"7 días tras clic, 1 día tras visualización o 1 día tras visualización activa",,2.01342282,67.66666667,1362.41610738,,,,68,,,,,,2025-07-07,2025-07-07
"Test Publicos : Temuco","Video explicando servicio corto","campaña ventas HotBoat",2025-07-07,"Araucanía Region",1973,2124,1.0765332,CLP,1512,"7 días tras clic, 1 día tras visualización o 1 día tras visualización activa",42,4.80225989,14.82352941,711.86440678,,,,709,,,,,,2025-07-07,2025-07-07
"publico valdivia","Video explicando servicio corto","campaña ventas HotBoat",2025-07-07,"Los Ríos Region",1921,2059,1.07183758,CLP,1664,"7 días tras clic, 1 día tras visualización o 1 día tras visualización activa",31,3.108305,26,808.15930063,,,,705,,,,,,2025-07-07,2025-07-07
"publico valdivia","Video parejas amor","campaña ventas HotBoat",2025-07-07,"Los Ríos Region",165,168,1.01818182,CLP,212,"7 días tras clic, 1 día tras visualización o 1 día tras visualización activa",,2.97619048,42.4,1261.9047619,,,,75,,,,,,2025-07-07,2025-07-07
"publico valdivia","Video pareja dcto","campaña ventas HotBoat",2025-07-07,"Los Ríos Region",146,151,1.03424658,CLP,178,"7 días tras clic, 1 día tras visualización o 1 día tras visualización activa",2,2.64900662,44.5,1178.80794702,,,,52,,,,,,2025-07-07,2025-07-07
"publico concepcion","Video explicando servicio corto","campaña ventas HotBoat",2025-07-07,"Bío Bío Region",1288,1375,1.06754658,CLP,1074,"7 días tras clic, 1 día tras visualización o 1 día tras visualización activa",24,4.14545455,18.84210526,781.09090909,,,,451,,,,,,2025-07-07,2025-07-07
"Test Publicos : Temuco","Video parejas amor","campaña ventas HotBoat",2025-07-07,"Araucanía Region",281,317,1.12811388,CLP,580,"7 días tras clic, 1 día tras visualización o 1 día tras visualización activa",2,3.15457413,58,1829.65299685,,,,124,,,,,,2025-07-07,2025-07-07
"publico advantage","Video parejas amor","campaña ventas HotBoat",2025-07-06,"Araucanía Region",22,24,1.09090909,CLP,41,"7 días tras clic o 1 día tras visualización",1,8.33333333,20.5,1708.33333333,,,,3,,,,,,2025-07-06,2025-07-06
"publico advantage","Video parejas amor","campaña ventas HotBoat",2025-07-06,"Atacama Region",5,5,1,CLP,6,"7 días tras clic o 1 día tras visualización",,0,0,1200,,,,3,,,,,,2025-07-06,2025-07-06
"publico advantage","Video parejas amor","campaña ventas HotBoat",2025-07-06,"Bío Bío Region",33,37,1.12121212,CLP,43,"7 días tras clic o 1 día tras visualización",,0,0,1162.16216216,,,,10,,,,,,2025-07-06,2025-07-06
"publico advantage","Video parejas amor","campaña ventas HotBoat",2025-07-06,"Coquimbo Region",8,8,1,CLP,12,"7 días tras clic o 1 día tras visualización",1,12.5,12,1500,,,,5,,,,,,2025-07-06,2025-07-06
"publico advantage","Video parejas amor","campaña ventas HotBoat",2025-07-06,"O'Higgins Region",14,20,1.42857143,CLP,40,"7 días tras clic o 1 día tras visualización",,5,40,2000,,,,5,,,,,,2025-07-06,2025-07-06
"publico advantage","Video parejas amor","campaña ventas HotBoat",2025-07-06,"Los Lagos Region",43,70,1.62790698,CLP,95,"7 días tras clic o 1 día tras visualización",1,5.71428571,23.75,1357.14285714,,,,23,,,,,,2025-07-06,2025-07-06
"publico advantage","Video parejas amor","campaña ventas HotBoat",2025-07-06,"Santiago Metropolitan Region",115,125,1.08695652,CLP,239,"7 días tras clic o 1 día tras visualización",2,6.4,29.875,1912,,,,54,,,,,,2025-07-06,2025-07-06
"publico advantage","Video parejas amor","campaña ventas HotBoat",2025-07-06,"Magallanes y la Antártica Chilena Region",5,6,1.2,CLP,7,"7 días tras clic o 1 día tras visualización",,0,0,1166.66666667,,,,3,,,,,,2025-07-06,2025-07-06
"publico advantage","Video parejas amor","campaña ventas HotBoat",2025-07-06,"Maule Region",25,30,1.2,CLP,35,"7 días tras clic o 1 día tras visualización",,0,0,1166.66666667,,,,10,,,,,,2025-07-06,2025-07-06
"publico advantage","Video parejas amor","campaña ventas HotBoat",2025-07-06,"Tarapacá Region",4,5,1.25,CLP,5,"7 días tras clic o 1 día tras visualización",,0,0,1000,,,,2,,,,,,2025-07-06,2025-07-06
"publico advantage","Video explicando servicio corto","campaña ventas HotBoat",2025-07-06,"Los Ríos Region",65,67,1.03076923,CLP,66,"7 días tras clic o 1 día tras visualización",2,8.95522388,11,985.07462687,,,,23,,,,,,2025-07-06,2025-07-06
"publico advantage","Video explicando servicio corto","campaña ventas HotBoat",2025-07-06,"Arica y Parinacota Region",17,19,1.11764706,CLP,27,"7 días tras clic o 1 día tras visualización",,5.26315789,27,1421.05263158,,,,4,,,,,,2025-07-06,2025-07-06
"publico advantage","Video parejas amor","campaña ventas HotBoat",2025-07-06,"Aysén Region",1,1,1,CLP,0,"7 días tras clic o 1 día tras visualización",,0,0,0,,,,1,,,,,,2025-07-06,2025-07-06
"publico advantage","Video parejas amor","campaña ventas HotBoat",2025-07-06,"Antofagasta Region",13,17,1.30769231,CLP,28,"7 días tras clic o 1 día tras visualización",,5.88235294,28,1647.05882353,,,,5,,,,,,2025-07-06,2025-07-06
"publico advantage","Video parejas dcto","campaña ventas HotBoat",2025-07-06,"Bío Bío Region",6,7,1.16666667,CLP,28,"7 días tras clic o 1 día tras visualización",,0,0,4000,,,,2,,,,,,2025-07-06,2025-07-06
"publico advantage","Video parejas amor","campaña ventas HotBoat",2025-07-06,"Valparaíso Region",22,26,1.18181818,CLP,31,"7 días tras clic o 1 día tras visualización",,3.84615385,31,1192.30769231,,,,12,,,,,,2025-07-06,2025-07-06
"publico advantage","Video parejas amor","campaña ventas HotBoat",2025-07-06,"Los Ríos Region",12,13,1.08333333,CLP,22,"7 días tras clic o 1 día tras visualización",,0,0,1692.30769231,,,,6,,,,,,2025-07-06,2025-07-06
"publico advantage","Video parejas dcto","campaña ventas HotBoat",2025-07-06,"Tarapacá Region",3,4,1.33333333,CLP,3,"7 días tras clic o 1 día tras visualización",,0,0,750,,,,1,,,,,,2025-07-06,2025-07-06
"publico advantage","Video parejas dcto","campaña ventas HotBoat",2025-07-06,"Santiago Metropolitan Region",16,16,1,CLP,25,"7 días tras clic o 1 día tras visualización",,12.5,12.5,1562.5,,,,10,,,,,,2025-07-06,2025-07-06
"publico advantage","Video parejas dcto","campaña ventas HotBoat",2025-07-06,"Maule Region",7,7,1,CLP,11,"7 días tras clic o 1 día tras visualización",,14.28571429,11,1571.42857143,,,,6,,,,,,2025-07-06,2025-07-06
"publico advantage","Video parejas dcto","campaña ventas HotBoat",2025-07-06,"Los Lagos Region",10,10,1,CLP,23,"7 días tras clic o 1 día tras visualización",,0,0,2300,,,,5,,,,,,2025-07-06,2025-07-06
"publico advantage","Video parejas dcto","campaña ventas HotBoat",2025-07-06,"O'Higgins Region",2,3,1.5,CLP,4,"7 días tras clic o 1 día tras visualización",,0,0,1333.33333333,,,,2,,,,,,2025-07-06,2025-07-06
"publico advantage","Video parejas dcto","campaña ventas HotBoat",2025-07-06,"Coquimbo Region",4,4,1,CLP,1,"7 días tras clic o 1 día tras visualización",,0,0,250,,,,1,,,,,,2025-07-06,2025-07-06
"publico advantage","Video parejas dcto","campaña ventas HotBoat",2025-07-06,"Araucanía Region",4,5,1.25,CLP,6,"7 días tras clic o 1 día tras visualización",,0,0,1200,,,,2,,,,,,2025-07-06,2025-07-06
"publico advantage","Video parejas dcto","campaña ventas HotBoat",2025-07-06,"Valparaíso Region",8,8,1,CLP,23,"7 días tras clic o 1 día tras visualización",1,25,11.5,2875,,,,3,,,,,,2025-07-06,2025-07-06
"publico advantage","Video parejas dcto","campaña ventas HotBoat",2025-07-06,"Los Ríos Region",2,2,1,CLP,1,"7 días tras clic o 1 día tras visualización",,0,0,500,,,,,,,,,,2025-07-06,2025-07-06
"publico pucon 1","Video parejas amor","campaña ventas HotBoat",2025-07-06,"Araucanía Region",1876,2422,1.29104478,CLP,4957,"7 días tras clic, 1 día tras visualización o 1 día tras visualización activa",22,1.77539224,115.27906977,2046.65565648,,,,687,,,,,,2025-07-06,2025-07-06
"publico pucon 1","Video parejas amor","campaña ventas HotBoat",2025-07-06,"Los Ríos Region",32,37,1.15625,CLP,133,"7 días tras clic, 1 día tras visualización o 1 día tras visualización activa",,0,0,3594.59459459,,,,15,,,,,,2025-07-06,2025-07-06
"publico advantage","Video explicando servicio corto","campaña ventas HotBoat",2025-07-06,"Aysén Region",11,12,1.09090909,CLP,3,"7 días tras clic o 1 día tras visualización",,0,0,250,,,,5,,,,,,2025-07-06,2025-07-06
"publico advantage","Video explicando servicio corto","campaña ventas HotBoat",2025-07-06,"Valparaíso Region",90,95,1.05555556,CLP,92,"7 días tras clic o 1 día tras visualización",3,5.26315789,18.4,968.42105263,,,,31,,,,,,2025-07-06,2025-07-06
"publico advantage","Video explicando servicio corto","campaña ventas HotBoat",2025-07-06,"Antofagasta Region",36,40,1.11111111,CLP,23,"7 días tras clic o 1 día tras visualización",2,5,11.5,575,,,,17,,,,,,2025-07-06,2025-07-06
"publico pucon 1","Video Viral TikTok","campaña ventas HotBoat - Lluvia",2025-07-06,"Araucanía Region",3283,3865,1.17727688,CLP,3908,"7 días tras clic, 1 día tras visualización o 1 día tras visualización activa",69,3.49288486,28.94814815,1011.12548512,,,,1079,,,,,,2025-07-06,2025-07-06
"publico advantage","Video Lluvia","campaña ventas HotBoat",2025-07-06,"Valparaíso Region",3,5,1.66666667,CLP,7,"7 días tras clic o 1 día tras visualización",,0,0,1400,,,,1,,,,,,2025-07-06,2025-07-06
"publico advantage","Video explicando servicio corto","campaña ventas HotBoat",2025-07-06,"Araucanía Region",102,110,1.07843137,CLP,78,"7 días tras clic o 1 día tras visualización",1,2.72727273,26,709.09090909,,,,38,,,,,,2025-07-06,2025-07-06
"publico pucon 1","Video Viral TikTok","campaña ventas HotBoat - Lluvia",2025-07-06,"Los Ríos Region",108,128,1.18518519,CLP,130,"7 días tras clic, 1 día tras visualización o 1 día tras visualización activa",2,3.90625,26,1015.625,,,,34,,,,,,2025-07-06,2025-07-06
"publico pucon 1","Video Lluvia","campaña ventas HotBoat - Lluvia",2025-07-06,"Araucanía Region",1892,2283,1.20665962,CLP,4005,"7 días tras clic, 1 día tras visualización o 1 día tras visualización activa",34,2.67192291,65.6557377,1754.27069645,,,,462,,,,,,2025-07-06,2025-07-06
"publico pucon 1","Video Lluvia","campaña ventas HotBoat - Lluvia",2025-07-06,"Los Ríos Region",43,53,1.23255814,CLP,74,"7 días tras clic, 1 día tras visualización o 1 día tras visualización activa",,1.88679245,74,1396.22641509,,,,12,,,,,,2025-07-06,2025-07-06
"publico advantage","Video Lluvia","campaña ventas HotBoat",2025-07-06,"Tarapacá Region",1,1,1,CLP,0,"7 días tras clic o 1 día tras visualización",,0,0,0,,,,,,,,,,2025-07-06,2025-07-06
"publico advantage","Video Lluvia","campaña ventas HotBoat",2025-07-06,"Santiago Metropolitan Region",17,18,1.05882353,CLP,21,"7 días tras clic o 1 día tras visualización",,11.11111111,10.5,1166.66666667,,,,7,,,,,,2025-07-06,2025-07-06
"publico advantage","Video Lluvia","campaña ventas HotBoat",2025-07-06,"Maule Region",6,6,1,CLP,17,"7 días tras clic o 1 día tras visualización",,0,0,2833.33333333,,,,4,,,,,,2025-07-06,2025-07-06
"publico advantage","Video Lluvia","campaña ventas HotBoat",2025-07-06,"Los Lagos Region",6,6,1,CLP,5,"7 días tras clic o 1 día tras visualización",,0,0,833.33333333,,,,2,,,,,,2025-07-06,2025-07-06
"publico advantage","Video Lluvia","campaña ventas HotBoat",2025-07-06,"Coquimbo Region",1,1,1,CLP,1,"7 días tras clic o 1 día tras visualización",,0,0,1000,,,,,,,,,,2025-07-06,2025-07-06
"publico advantage","Video Lluvia","campaña ventas HotBoat",2025-07-06,"Bío Bío Region",7,7,1,CLP,9,"7 días tras clic o 1 día tras visualización",,0,0,1285.71428571,,,,,,,,,,2025-07-06,2025-07-06
"publico advantage","Video Lluvia","campaña ventas HotBoat",2025-07-06,"Araucanía Region",5,5,1,CLP,9,"7 días tras clic o 1 día tras visualización",,0,0,1800,,,,,,,,,,2025-07-06,2025-07-06
"publico advantage","Video Lluvia","campaña ventas HotBoat",2025-07-06,"Aysén Region",1,1,1,CLP,0,"7 días tras clic o 1 día tras visualización",,0,0,0,,,,,,,,,,2025-07-06,2025-07-06
"publico advantage","Video Lluvia","campaña ventas HotBoat",2025-07-06,"O'Higgins Region",2,2,1,CLP,4,"7 días tras clic o 1 día tras visualización",,0,0,2000,,,,1,,,,,,2025-07-06,2025-07-06
"publico advantage","Video Lluvia","campaña ventas HotBoat",2025-07-06,"Arica y Parinacota Region",1,1,1,CLP,3,"7 días tras clic o 1 día tras visualización",,0,0,3000,,,,,,,,,,2025-07-06,2025-07-06
"publico advantage","Video explicando servicio corto","campaña ventas HotBoat",2025-07-06,"Magallanes y la Antártica Chilena Region",19,20,1.05263158,CLP,10,"7 días tras clic o 1 día tras visualización",,0,0,500,,,,5,,,,,,2025-07-06,2025-07-06
"publico advantage","Video explicando servicio corto","campaña ventas HotBoat",2025-07-06,"Atacama Region",19,19,1,CLP,7,"7 días tras clic o 1 día tras visualización",,5.26315789,7,368.42105263,,,,7,,,,,,2025-07-06,2025-07-06
"publico advantage","Video Lluvia","campaña ventas HotBoat",2025-07-06,"Los Ríos Region",2,2,1,CLP,2,"7 días tras clic o 1 día tras visualización",,0,0,1000,,,,,,,,,,2025-07-06,2025-07-06
"publico advantage","Video explicando servicio corto","campaña ventas HotBoat",2025-07-06,"Bío Bío Region",167,182,1.08982036,CLP,179,"7 días tras clic o 1 día tras visualización",4,4.3956044,22.375,983.51648352,,,,57,,,,,,2025-07-06,2025-07-06
"publico advantage","Video explicando servicio corto","campaña ventas HotBoat",2025-07-06,"Coquimbo Region",46,51,1.10869565,CLP,51,"7 días tras clic o 1 día tras visualización",,1.96078431,51,1000,,,,18,,,,,,2025-07-06,2025-07-06
"publico advantage","Video explicando servicio corto","campaña ventas HotBoat",2025-07-06,"O'Higgins Region",58,63,1.0862069,CLP,63,"7 días tras clic o 1 día tras visualización",2,3.17460317,31.5,1000,,,,23,,,,,,2025-07-06,2025-07-06
"publico advantage","Video explicando servicio corto","campaña ventas HotBoat",2025-07-06,"Los Lagos Region",125,133,1.064,CLP,91,"7 días tras clic o 1 día tras visualización",,3.0075188,22.75,684.21052632,,,,41,,,,,,2025-07-06,2025-07-06
"publico advantage","Video explicando servicio corto","campaña ventas HotBoat",2025-07-06,"Maule Region",77,82,1.06493506,CLP,59,"7 días tras clic o 1 día tras visualización",2,3.65853659,19.66666667,719.51219512,,,,24,,,,,,2025-07-06,2025-07-06
"publico advantage","Video explicando servicio corto","campaña ventas HotBoat",2025-07-06,"Santiago Metropolitan Region",420,447,1.06428571,CLP,427,"7 días tras clic o 1 día tras visualización",3,2.9082774,32.84615385,955.25727069,,,,142,,,,,,2025-07-06,2025-07-06
"publico advantage","Video explicando servicio corto","campaña ventas HotBoat",2025-07-06,"Tarapacá Region",15,16,1.06666667,CLP,11,"7 días tras clic o 1 día tras visualización",,0,0,687.5,,,,5,,,,,,2025-07-06,2025-07-06
"Test Publicos : Temuco","Video pareja dcto","campaña ventas HotBoat",2025-07-06,"Araucanía Region",1330,1569,1.17969925,CLP,2137,"7 días tras clic, 1 día tras visualización o 1 día tras visualización activa",12,2.35818993,57.75675676,1362.01402167,,,,549,,,,,,2025-07-06,2025-07-06
"publico valdivia","Video parejas amor","campaña ventas HotBoat",2025-07-06,"Los Ríos Region",1191,1372,1.15197313,CLP,2109,"7 días tras clic, 1 día tras visualización o 1 día tras visualización activa",12,2.98833819,51.43902439,1537.17201166,,,,492,,,,,,2025-07-06,2025-07-06
"publico concepcion","Video parejas amor","campaña ventas HotBoat",2025-07-06,"Bío Bío Region",1251,1396,1.11590727,CLP,2111,"7 días tras clic, 1 día tras visualización o 1 día tras visualización activa",8,3.72492837,40.59615385,1512.17765043,,,,576,,,,,,2025-07-06,2025-07-06
"publico advantage","Video parejas amor","campaña ventas HotBoat",2025-07-05,"Bío Bío Region",30,34,1.13333333,CLP,39,"7 días tras clic o 1 día tras visualización",,0,0,1147.05882353,,,,12,,,,,,2025-07-05,2025-07-05
"publico advantage","Video parejas amor","campaña ventas HotBoat",2025-07-05,"Arica y Parinacota Region",1,5,5,CLP,27,"7 días tras clic o 1 día tras visualización",,0,0,5400,,,,,,,,,,2025-07-05,2025-07-05
"publico advantage","Video parejas amor","campaña ventas HotBoat",2025-07-05,"Valparaíso Region",42,48,1.14285714,CLP,71,"7 días tras clic o 1 día tras visualización",,2.08333333,71,1479.16666667,,,,17,,,,,,2025-07-05,2025-07-05
"publico advantage","Video parejas amor","campaña ventas HotBoat",2025-07-05,"Antofagasta Region",16,17,1.0625,CLP,35,"7 días tras clic o 1 día tras visualización",,5.88235294,35,2058.82352941,,,,8,,,,,,2025-07-05,2025-07-05
"publico advantage","Video parejas amor","campaña ventas HotBoat",2025-07-05,"Araucanía Region",20,24,1.2,CLP,27,"7 días tras clic o 1 día tras visualización",,0,0,1125,,,,12,,,,,,2025-07-05,2025-07-05
"publico advantage","Video parejas amor","campaña ventas HotBoat",2025-07-05,"Atacama Region",2,2,1,CLP,0,"7 días tras clic o 1 día tras visualización",,0,0,0,,,,1,,,,,,2025-07-05,2025-07-05
"publico advantage","Video parejas amor","campaña ventas HotBoat",2025-07-05,"Santiago Metropolitan Region",138,157,1.13768116,CLP,230,"7 días tras clic o 1 día tras visualización",,4.45859873,32.85714286,1464.96815287,,,,58,,,,,,2025-07-05,2025-07-05
"publico advantage","Video parejas amor","campaña ventas HotBoat",2025-07-05,"Coquimbo Region",8,8,1,CLP,9,"7 días tras clic o 1 día tras visualización",,0,0,1125,,,,4,,,,,,2025-07-05,2025-07-05
"publico advantage","Video parejas amor","campaña ventas HotBoat",2025-07-05,"O'Higgins Region",14,16,1.14285714,CLP,12,"7 días tras clic o 1 día tras visualización",,0,0,750,,,,8,,,,,,2025-07-05,2025-07-05
"publico advantage","Video parejas amor","campaña ventas HotBoat",2025-07-05,"Los Lagos Region",37,41,1.10810811,CLP,53,"7 días tras clic o 1 día tras visualización",,0,0,1292.68292683,,,,15,,,,,,2025-07-05,2025-07-05
"publico advantage","Video parejas amor","campaña ventas HotBoat",2025-07-05,"Magallanes y la Antártica Chilena Region",7,10,1.42857143,CLP,12,"7 días tras clic o 1 día tras visualización",,0,0,1200,,,,3,,,,,,2025-07-05,2025-07-05
"publico advantage","Video parejas amor","campaña ventas HotBoat",2025-07-05,"Maule Region",33,40,1.21212121,CLP,66,"7 días tras clic o 1 día tras visualización",,5,33,1650,,,,18,,,,,,2025-07-05,2025-07-05
"publico advantage","Video parejas dcto","campaña ventas HotBoat",2025-07-05,"Santiago Metropolitan Region",24,24,1,CLP,25,"7 días tras clic o 1 día tras visualización",,4.16666667,25,1041.66666667,,,,12,,,,,,2025-07-05,2025-07-05
"publico advantage","Video parejas amor","campaña ventas HotBoat",2025-07-05,"Los Ríos Region",10,15,1.5,CLP,42,"7 días tras clic o 1 día tras visualización",,13.33333333,21,2800,,,,6,,,,,,2025-07-05,2025-07-05
"publico advantage","Video explicando servicio corto","campaña ventas HotBoat",2025-07-05,"Los Ríos Region",50,50,1,CLP,39,"7 días tras clic o 1 día tras visualización",1,2,39,780,,,,13,,,,,,2025-07-05,2025-07-05
"publico advantage","Video parejas dcto","campaña ventas HotBoat",2025-07-05,"Maule Region",2,2,1,CLP,2,"7 días tras clic o 1 día tras visualización",,0,0,1000,,,,2,,,,,,2025-07-05,2025-07-05
"publico advantage","Video parejas dcto","campaña ventas HotBoat",2025-07-05,"Los Lagos Region",1,1,1,CLP,0,"7 días tras clic o 1 día tras visualización",,0,0,0,,,,,,,,,,2025-07-05,2025-07-05
"publico advantage","Video parejas dcto","campaña ventas HotBoat",2025-07-05,"O'Higgins Region",1,1,1,CLP,0,"7 días tras clic o 1 día tras visualización",,0,0,0,,,,,,,,,,2025-07-05,2025-07-05
"publico advantage","Video parejas dcto","campaña ventas HotBoat",2025-07-05,"Coquimbo Region",1,1,1,CLP,2,"7 días tras clic o 1 día tras visualización",,0,0,2000,,,,,,,,,,2025-07-05,2025-07-05
"publico advantage","Video parejas dcto","campaña ventas HotBoat",2025-07-05,"Bío Bío Region",4,4,1,CLP,3,"7 días tras clic o 1 día tras visualización",,0,0,750,,,,1,,,,,,2025-07-05,2025-07-05
"publico advantage","Video parejas dcto","campaña ventas HotBoat",2025-07-05,"Atacama Region",2,2,1,CLP,4,"7 días tras clic o 1 día tras visualización",,0,0,2000,,,,,,,,,,2025-07-05,2025-07-05
"publico advantage","Video parejas dcto","campaña ventas HotBoat",2025-07-05,"Araucanía Region",2,2,1,CLP,1,"7 días tras clic o 1 día tras visualización",,0,0,500,,,,,,,,,,2025-07-05,2025-07-05
"publico advantage","Video parejas dcto","campaña ventas HotBoat",2025-07-05,"Antofagasta Region",2,2,1,CLP,6,"7 días tras clic o 1 día tras visualización",,0,0,3000,,,,2,,,,,,2025-07-05,2025-07-05
"publico advantage","Video parejas dcto","campaña ventas HotBoat",2025-07-05,"Aysén Region",1,1,1,CLP,1,"7 días tras clic o 1 día tras visualización",,0,0,1000,,,,,,,,,,2025-07-05,2025-07-05
"publico advantage","Video parejas dcto","campaña ventas HotBoat",2025-07-05,"Valparaíso Region",3,3,1,CLP,2,"7 días tras clic o 1 día tras visualización",,0,0,666.66666667,,,,1,,,,,,2025-07-05,2025-07-05
"publico advantage","Video parejas dcto","campaña ventas HotBoat",2025-07-05,"Los Ríos Region",4,5,1.25,CLP,14,"7 días tras clic o 1 día tras visualización",,0,0,2800,,,,1,,,,,,2025-07-05,2025-07-05
"publico pucon 1","Video parejas amor","campaña ventas HotBoat",2025-07-05,"Araucanía Region",1717,2324,1.35352359,CLP,4575,"7 días tras clic, 1 día tras visualización o 1 día tras visualización activa",22,1.76419966,111.58536585,1968.58864028,,,,612,,,,,,2025-07-05,2025-07-05
"publico pucon 1","Video parejas amor","campaña ventas HotBoat",2025-07-05,"Los Ríos Region",18,28,1.55555556,CLP,55,"7 días tras clic, 1 día tras visualización o 1 día tras visualización activa",,0,0,1964.28571429,,,,9,,,,,,2025-07-05,2025-07-05
"publico advantage","Video explicando servicio corto","campaña ventas HotBoat",2025-07-05,"Arica y Parinacota Region",9,12,1.33333333,CLP,17,"7 días tras clic o 1 día tras visualización",1,8.33333333,17,1416.66666667,,,,4,,,,,,2025-07-05,2025-07-05
"publico advantage","Video parejas amor","campaña ventas HotBoat",2025-07-05,"Tarapacá Region",6,6,1,CLP,7,"7 días tras clic o 1 día tras visualización",,0,0,1166.66666667,,,,3,,,,,,2025-07-05,2025-07-05
"publico advantage","Video explicando servicio corto","campaña ventas HotBoat",2025-07-05,"O'Higgins Region",44,45,1.02272727,CLP,34,"7 días tras clic o 1 día tras visualización",1,2.22222222,34,755.55555556,,,,18,,,,,,2025-07-05,2025-07-05
"publico advantage","Video explicando servicio corto","campaña ventas HotBoat",2025-07-05,"Valparaíso Region",97,107,1.10309278,CLP,84,"7 días tras clic o 1 día tras visualización",,0.93457944,84,785.04672897,,,,34,,,,,,2025-07-05,2025-07-05
"publico concepcion","Video parejas amor","campaña ventas HotBoat",2025-07-05,"Bío Bío Region",1232,1402,1.13798701,CLP,1776,"7 días tras clic, 1 día tras visualización o 1 día tras visualización activa",9,2.56776034,49.33333333,1266.7617689,,,,544,,,,,,2025-07-05,2025-07-05
"publico pucon 1","Video Viral TikTok","campaña ventas HotBoat - Lluvia",2025-07-05,"Araucanía Region",2916,3474,1.19135802,CLP,3555,"7 días tras clic, 1 día tras visualización o 1 día tras visualización activa",57,4.11629246,24.86013986,1023.31606218,,,,1014,,,,,,2025-07-05,2025-07-05
"publico pucon 1","Video Viral TikTok","campaña ventas HotBoat - Lluvia",2025-07-05,"Los Ríos Region",72,84,1.16666667,CLP,67,"7 días tras clic, 1 día tras visualización o 1 día tras visualización activa",2,7.14285714,11.16666667,797.61904762,,,,26,,,,,,2025-07-05,2025-07-05
"publico pucon 1","Video Lluvia","campaña ventas HotBoat - Lluvia",2025-07-05,"Araucanía Region",1654,2097,1.26783555,CLP,3726,"7 días tras clic, 1 día tras visualización o 1 día tras visualización activa",19,2.14592275,82.8,1776.82403433,,,,408,,,,,,2025-07-05,2025-07-05
"publico pucon 1","Video Lluvia","campaña ventas HotBoat - Lluvia",2025-07-05,"Los Ríos Region",21,25,1.19047619,CLP,36,"7 días tras clic, 1 día tras visualización o 1 día tras visualización activa",,4,36,1440,,,,7,,,,,,2025-07-05,2025-07-05
"publico advantage","Video Lluvia","campaña ventas HotBoat",2025-07-05,"Santiago Metropolitan Region",10,11,1.1,CLP,57,"7 días tras clic o 1 día tras visualización",1,27.27272727,19,5181.81818182,,,,4,,,,,,2025-07-05,2025-07-05
"publico advantage","Video Lluvia","campaña ventas HotBoat",2025-07-05,"Maule Region",1,1,1,CLP,0,"7 días tras clic o 1 día tras visualización",,0,0,0,,,,,,,,,,2025-07-05,2025-07-05
"publico advantage","Video Lluvia","campaña ventas HotBoat",2025-07-05,"Magallanes y la Antártica Chilena Region",1,1,1,CLP,1,"7 días tras clic o 1 día tras visualización",,0,0,1000,,,,,,,,,,2025-07-05,2025-07-05
"publico advantage","Video Lluvia","campaña ventas HotBoat",2025-07-05,"Los Lagos Region",2,2,1,CLP,4,"7 días tras clic o 1 día tras visualización",,0,0,2000,,,,,,,,,,2025-07-05,2025-07-05
"publico advantage","Video Lluvia","campaña ventas HotBoat",2025-07-05,"Bío Bío Region",5,6,1.2,CLP,7,"7 días tras clic o 1 día tras visualización",,0,0,1166.66666667,,,,2,,,,,,2025-07-05,2025-07-05
"publico advantage","Video Lluvia","campaña ventas HotBoat",2025-07-05,"Araucanía Region",4,4,1,CLP,3,"7 días tras clic o 1 día tras visualización",,0,0,750,,,,,,,,,,2025-07-05,2025-07-05
"publico advantage","Video Lluvia","campaña ventas HotBoat",2025-07-05,"Antofagasta Region",1,1,1,CLP,1,"7 días tras clic o 1 día tras visualización",,0,0,1000,,,,,,,,,,2025-07-05,2025-07-05
"publico advantage","Video Lluvia","campaña ventas HotBoat",2025-07-05,"Valparaíso Region",5,6,1.2,CLP,7,"7 días tras clic o 1 día tras visualización",,16.66666667,7,1166.66666667,,,,3,,,,,,2025-07-05,2025-07-05
"publico advantage","Video Lluvia","campaña ventas HotBoat",2025-07-05,"Los Ríos Region",1,1,1,CLP,2,"7 días tras clic o 1 día tras visualización",,0,0,2000,,,,,,,,,,2025-07-05,2025-07-05
"publico advantage","Video Lluvia","campaña ventas HotBoat",2025-07-05,"O'Higgins Region",3,3,1,CLP,2,"7 días tras clic o 1 día tras visualización",,0,0,666.66666667,,,,,,,,,,2025-07-05,2025-07-05
"publico valdivia","Video parejas amor","campaña ventas HotBoat",2025-07-05,"Los Ríos Region",1052,1201,1.14163498,CLP,1828,"7 días tras clic, 1 día tras visualización o 1 día tras visualización activa",11,3.41382182,44.58536585,1522.06494588,,,,446,,,,,,2025-07-05,2025-07-05
"publico advantage","Video explicando servicio corto","campaña ventas HotBoat",2025-07-05,"Aysén Region",7,7,1,CLP,3,"7 días tras clic o 1 día tras visualización",,0,0,428.57142857,,,,2,,,,,,2025-07-05,2025-07-05
"Test Publicos : Temuco","Video pareja dcto","campaña ventas HotBoat",2025-07-05,"Araucanía Region",1127,1331,1.18101154,CLP,1819,"7 días tras clic, 1 día tras visualización o 1 día tras visualización activa",12,2.40420736,56.84375,1366.64162284,,,,441,,,,,,2025-07-05,2025-07-05
"publico advantage","Video explicando servicio corto","campaña ventas HotBoat",2025-07-05,"Antofagasta Region",40,40,1,CLP,31,"7 días tras clic o 1 día tras visualización",1,2.5,31,775,,,,15,,,,,,2025-07-05,2025-07-05
"publico advantage","Video explicando servicio corto","campaña ventas HotBoat",2025-07-05,"Araucanía Region",89,99,1.11235955,CLP,105,"7 días tras clic o 1 día tras visualización",9,11.11111111,9.54545455,1060.60606061,,,,36,,,,,,2025-07-05,2025-07-05
"publico advantage","Video explicando servicio corto","campaña ventas HotBoat",2025-07-05,"Atacama Region",15,15,1,CLP,15,"7 días tras clic o 1 día tras visualización",,0,0,1000,,,,3,,,,,,2025-07-05,2025-07-05
"publico advantage","Video explicando servicio corto","campaña ventas HotBoat",2025-07-05,"Bío Bío Region",140,151,1.07857143,CLP,142,"7 días tras clic o 1 día tras visualización",3,3.97350993,23.66666667,940.39735099,,,,46,,,,,,2025-07-05,2025-07-05
"publico advantage","Video explicando servicio corto","campaña ventas HotBoat",2025-07-05,"Coquimbo Region",33,34,1.03030303,CLP,18,"7 días tras clic o 1 día tras visualización",,0,0,529.41176471,,,,10,,,,,,2025-07-05,2025-07-05
"publico advantage","Video explicando servicio corto","campaña ventas HotBoat",2025-07-05,"Los Lagos Region",88,98,1.11363636,CLP,58,"7 días tras clic o 1 día tras visualización",,4.08163265,14.5,591.83673469,,,,32,,,,,,2025-07-05,2025-07-05
"publico advantage","Video explicando servicio corto","campaña ventas HotBoat",2025-07-05,"Magallanes y la Antártica Chilena Region",11,12,1.09090909,CLP,6,"7 días tras clic o 1 día tras visualización",1,8.33333333,6,500,,,,2,,,,,,2025-07-05,2025-07-05
"publico advantage","Video explicando servicio corto","campaña ventas HotBoat",2025-07-05,"Maule Region",55,62,1.12727273,CLP,56,"7 días tras clic o 1 día tras visualización",,3.22580645,28,903.22580645,,,,19,,,,,,2025-07-05,2025-07-05
"publico advantage","Video explicando servicio corto","campaña ventas HotBoat",2025-07-05,"Santiago Metropolitan Region",396,412,1.04040404,CLP,403,"7 días tras clic o 1 día tras visualización",9,4.61165049,21.21052632,978.15533981,,,,153,,,,,,2025-07-05,2025-07-05
"publico advantage","Video explicando servicio corto","campaña ventas HotBoat",2025-07-05,"Tarapacá Region",14,16,1.14285714,CLP,5,"7 días tras clic o 1 día tras visualización",,0,0,312.5,,,,3,,,,,,2025-07-05,2025-07-05
"publico advantage","Video parejas amor","campaña ventas HotBoat",2025-07-04,"Coquimbo Region",10,11,1.1,CLP,12,"7 días tras clic o 1 día tras visualización",,0,0,1090.90909091,,,,3,,,,,,2025-07-04,2025-07-04
"publico advantage","Video parejas amor","campaña ventas HotBoat",2025-07-04,"Arica y Parinacota Region",1,1,1,CLP,1,"7 días tras clic o 1 día tras visualización",,0,0,1000,,,,1,,,,,,2025-07-04,2025-07-04
"publico advantage","Video parejas amor","campaña ventas HotBoat",2025-07-04,"Valparaíso Region",15,16,1.06666667,CLP,22,"7 días tras clic o 1 día tras visualización",,6.25,22,1375,,,,5,,,,,,2025-07-04,2025-07-04
"publico advantage","Video parejas amor","campaña ventas HotBoat",2025-07-04,"Antofagasta Region",10,10,1,CLP,19,"7 días tras clic o 1 día tras visualización",2,20,9.5,1900,,,,4,,,,,,2025-07-04,2025-07-04
"publico advantage","Video parejas amor","campaña ventas HotBoat",2025-07-04,"Araucanía Region",9,10,1.11111111,CLP,11,"7 días tras clic o 1 día tras visualización",,0,0,1100,,,,3,,,,,,2025-07-04,2025-07-04
"publico advantage","Video parejas amor","campaña ventas HotBoat",2025-07-04,"Bío Bío Region",21,24,1.14285714,CLP,19,"7 días tras clic o 1 día tras visualización",,0,0,791.66666667,,,,10,,,,,,2025-07-04,2025-07-04
"publico advantage","Video parejas amor","campaña ventas HotBoat",2025-07-04,"Tarapacá Region",2,2,1,CLP,2,"7 días tras clic o 1 día tras visualización",,0,0,1000,,,,2,,,,,,2025-07-04,2025-07-04
"publico advantage","Video parejas amor","campaña ventas HotBoat",2025-07-04,"O'Higgins Region",14,14,1,CLP,16,"7 días tras clic o 1 día tras visualización",,7.14285714,16,1142.85714286,,,,7,,,,,,2025-07-04,2025-07-04
"publico advantage","Video parejas amor","campaña ventas HotBoat",2025-07-04,"Los Lagos Region",27,36,1.33333333,CLP,43,"7 días tras clic o 1 día tras visualización",,5.55555556,21.5,1194.44444444,,,,14,,,,,,2025-07-04,2025-07-04
"publico advantage","Video parejas amor","campaña ventas HotBoat",2025-07-04,"Magallanes y la Antártica Chilena Region",2,3,1.5,CLP,2,"7 días tras clic o 1 día tras visualización",,0,0,666.66666667,,,,,,,,,,2025-07-04,2025-07-04
"publico advantage","Video parejas amor","campaña ventas HotBoat",2025-07-04,"Maule Region",20,23,1.15,CLP,30,"7 días tras clic o 1 día tras visualización",,0,0,1304.34782609,,,,4,,,,,,2025-07-04,2025-07-04
"publico advantage","Video parejas amor","campaña ventas HotBoat",2025-07-04,"Santiago Metropolitan Region",88,103,1.17045455,CLP,200,"7 días tras clic o 1 día tras visualización",1,3.88349515,50,1941.74757282,,,,29,,,,,,2025-07-04,2025-07-04
"publico advantage","Video parejas dcto","campaña ventas HotBoat",2025-07-04,"Santiago Metropolitan Region",21,21,1,CLP,30,"7 días tras clic o 1 día tras visualización",1,9.52380952,15,1428.57142857,,,,12,,,,,,2025-07-04,2025-07-04
"publico advantage","Video explicando servicio corto","campaña ventas HotBoat",2025-07-04,"Los Ríos Region",39,40,1.02564103,CLP,33,"7 días tras clic o 1 día tras visualización",2,10,8.25,825,,,,13,,,,,,2025-07-04,2025-07-04
"publico advantage","Video parejas amor","campaña ventas HotBoat",2025-07-04,"Los Ríos Region",5,7,1.4,CLP,38,"7 días tras clic o 1 día tras visualización",,0,0,5428.57142857,,,,3,,,,,,2025-07-04,2025-07-04
"Test Publicos : Temuco","Video explicando servicio corto","campaña ventas HotBoat",2025-07-04,"Araucanía Region",1239,1335,1.07748184,CLP,1058,"7 días tras clic, 1 día tras visualización o 1 día tras visualización activa",27,4.41947566,17.93220339,792.5093633,,,,481,,,,,,2025-07-04,2025-07-04
"publico advantage","Video parejas dcto","campaña ventas HotBoat",2025-07-04,"Maule Region",3,3,1,CLP,13,"7 días tras clic o 1 día tras visualización",,33.33333333,13,4333.33333333,,,,3,,,,,,2025-07-04,2025-07-04
"publico advantage","Video parejas dcto","campaña ventas HotBoat",2025-07-04,"Valparaíso Region",8,9,1.125,CLP,14,"7 días tras clic o 1 día tras visualización",,0,0,1555.55555556,,,,3,,,,,,2025-07-04,2025-07-04
"publico advantage","Video explicando servicio corto","campaña ventas HotBoat",2025-07-04,"Valparaíso Region",85,94,1.10588235,CLP,79,"7 días tras clic o 1 día tras visualización",3,6.38297872,13.16666667,840.42553191,,,,35,,,,,,2025-07-04,2025-07-04
"publico pucon 1","Video explicando servicio corto","campaña ventas HotBoat",2025-07-04,"Los Ríos Region",14,19,1.35714286,CLP,27,"7 días tras clic, 1 día tras visualización o 1 día tras visualización activa",,0,0,1421.05263158,,,,6,,,,,,2025-07-04,2025-07-04
"publico pucon 1","Video explicando servicio corto","campaña ventas HotBoat",2025-07-04,"Araucanía Region",1003,1115,1.111665,CLP,1294,"7 días tras clic, 1 día tras visualización o 1 día tras visualización activa",20,4.84304933,23.96296296,1160.53811659,,,,346,,,,,,2025-07-04,2025-07-04
"publico pucon 1","Video parejas amor","campaña ventas HotBoat",2025-07-04,"Los Ríos Region",15,19,1.26666667,CLP,33,"7 días tras clic, 1 día tras visualización o 1 día tras visualización activa",,0,0,1736.84210526,,,,3,,,,,,2025-07-04,2025-07-04
"publico pucon 1","Video parejas amor","campaña ventas HotBoat",2025-07-04,"Araucanía Region",873,1148,1.31500573,CLP,2402,"7 días tras clic, 1 día tras visualización o 1 día tras visualización activa",13,1.91637631,109.18181818,2092.33449477,,,,295,,,,,,2025-07-04,2025-07-04
"publico advantage","Video parejas dcto","campaña ventas HotBoat",2025-07-04,"Los Ríos Region",1,1,1,CLP,2,"7 días tras clic o 1 día tras visualización",,0,0,2000,,,,,,,,,,2025-07-04,2025-07-04
"publico advantage","Video parejas dcto","campaña ventas HotBoat",2025-07-04,"Aysén Region",1,1,1,CLP,1,"7 días tras clic o 1 día tras visualización",,0,0,1000,,,,1,,,,,,2025-07-04,2025-07-04
"publico advantage","Video parejas dcto","campaña ventas HotBoat",2025-07-04,"Magallanes y la Antártica Chilena Region",2,2,1,CLP,3,"7 días tras clic o 1 día tras visualización",,0,0,1500,,,,1,,,,,,2025-07-04,2025-07-04
"publico advantage","Video parejas dcto","campaña ventas HotBoat",2025-07-04,"Antofagasta Region",1,1,1,CLP,8,"7 días tras clic o 1 día tras visualización",,0,0,8000,,,,,,,,,,2025-07-04,2025-07-04
"publico advantage","Video parejas dcto","campaña ventas HotBoat",2025-07-04,"Araucanía Region",2,2,1,CLP,11,"7 días tras clic o 1 día tras visualización",,0,0,5500,,,,2,,,,,,2025-07-04,2025-07-04
"publico advantage","Video parejas dcto","campaña ventas HotBoat",2025-07-04,"Bío Bío Region",10,10,1,CLP,8,"7 días tras clic o 1 día tras visualización",,10,8,800,,,,5,,,,,,2025-07-04,2025-07-04
"publico advantage","Video parejas dcto","campaña ventas HotBoat",2025-07-04,"Coquimbo Region",1,1,1,CLP,1,"7 días tras clic o 1 día tras visualización",,0,0,1000,,,,1,,,,,,2025-07-04,2025-07-04
"publico advantage","Video parejas dcto","campaña ventas HotBoat",2025-07-04,"O'Higgins Region",1,1,1,CLP,2,"7 días tras clic o 1 día tras visualización",,100,2,2000,,,,1,,,,,,2025-07-04,2025-07-04
"publico advantage","Video parejas dcto","campaña ventas HotBoat",2025-07-04,"Los Lagos Region",7,9,1.28571429,CLP,8,"7 días tras clic o 1 día tras visualización",,11.11111111,8,888.88888889,,,,5,,,,,,2025-07-04,2025-07-04
"publico advantage","Video explicando servicio corto","campaña ventas HotBoat",2025-07-04,"Arica y Parinacota Region",9,9,1,CLP,5,"7 días tras clic o 1 día tras visualización",1,22.22222222,2.5,555.55555556,,,,3,,,,,,2025-07-04,2025-07-04
"publico concepcion","Video parejas amor","campaña ventas HotBoat",2025-07-04,"Bío Bío Region",1155,1309,1.13333333,CLP,1816,"7 días tras clic, 1 día tras visualización o 1 día tras visualización activa",10,2.5210084,55.03030303,1387.31856379,,,,441,,,,,,2025-07-04,2025-07-04
"publico advantage","Video explicando servicio corto","campaña ventas HotBoat",2025-07-04,"Aysén Region",15,15,1,CLP,10,"7 días tras clic o 1 día tras visualización",,0,0,666.66666667,,,,9,,,,,,2025-07-04,2025-07-04
"publico concepcion","Video explicando servicio corto","campaña ventas HotBoat",2025-07-04,"Bío Bío Region",1,1,1,CLP,0,"7 días tras clic, 1 día tras visualización o 1 día tras visualización activa",,0,0,0,,,,,,,,,,2025-07-04,2025-07-04
"publico advantage","Video explicando servicio corto","campaña ventas HotBoat",2025-07-04,"Antofagasta Region",25,25,1,CLP,16,"7 días tras clic o 1 día tras visualización",1,4,16,640,,,,11,,,,,,2025-07-04,2025-07-04
"publico pucon 1","Video Viral TikTok","campaña ventas HotBoat - Lluvia",2025-07-04,"Araucanía Region",2485,2970,1.19517103,CLP,3516,"7 días tras clic, 1 día tras visualización o 1 día tras visualización activa",43,3.63636364,32.55555556,1183.83838384,,,,836,,,,,,2025-07-04,2025-07-04
"publico pucon 1","Video Viral TikTok","campaña ventas HotBoat - Lluvia",2025-07-04,"Los Ríos Region",38,40,1.05263158,CLP,34,"7 días tras clic, 1 día tras visualización o 1 día tras visualización activa",,2.5,34,850,,,,14,,,,,,2025-07-04,2025-07-04
"publico pucon 1","Video Lluvia","campaña ventas HotBoat - Lluvia",2025-07-04,"Araucanía Region",1294,1683,1.30061824,CLP,3155,"7 días tras clic, 1 día tras visualización o 1 día tras visualización activa",19,2.43612597,76.95121951,1874.62863933,,,,321,,,,,,2025-07-04,2025-07-04
"publico pucon 1","Video Lluvia","campaña ventas HotBoat - Lluvia",2025-07-04,"Los Ríos Region",16,18,1.125,CLP,29,"7 días tras clic, 1 día tras visualización o 1 día tras visualización activa",1,5.55555556,29,1611.11111111,,,,4,,,,,,2025-07-04,2025-07-04
"publico advantage","Video Lluvia","campaña ventas HotBoat",2025-07-04,"Santiago Metropolitan Region",12,12,1,CLP,16,"7 días tras clic o 1 día tras visualización",,0,0,1333.33333333,,,,1,,,,,,2025-07-04,2025-07-04
"publico advantage","Video Lluvia","campaña ventas HotBoat",2025-07-04,"Magallanes y la Antártica Chilena Region",1,1,1,CLP,2,"7 días tras clic o 1 día tras visualización",,0,0,2000,,,,,,,,,,2025-07-04,2025-07-04
"publico advantage","Video Lluvia","campaña ventas HotBoat",2025-07-04,"Bío Bío Region",4,4,1,CLP,3,"7 días tras clic o 1 día tras visualización",,25,3,750,,,,1,,,,,,2025-07-04,2025-07-04
"publico advantage","Video Lluvia","campaña ventas HotBoat",2025-07-04,"Araucanía Region",1,1,1,CLP,0,"7 días tras clic o 1 día tras visualización",,0,0,0,,,,,,,,,,2025-07-04,2025-07-04
"publico advantage","Video Lluvia","campaña ventas HotBoat",2025-07-04,"Valparaíso Region",3,3,1,CLP,7,"7 días tras clic o 1 día tras visualización",1,33.33333333,7,2333.33333333,,,,3,,,,,,2025-07-04,2025-07-04
"publico advantage","Video Lluvia","campaña ventas HotBoat",2025-07-04,"Los Ríos Region",3,4,1.33333333,CLP,11,"7 días tras clic o 1 día tras visualización",,0,0,2750,,,,3,,,,,,2025-07-04,2025-07-04
"publico pucon 1","Video pareja dcto","campaña ventas HotBoat",2025-07-04,"Araucanía Region",1,1,1,CLP,2,"7 días tras clic, 1 día tras visualización o 1 día tras visualización activa",,0,0,2000,,,,1,,,,,,2025-07-04,2025-07-04
"publico concepcion","Video pareja dcto","campaña ventas HotBoat",2025-07-04,"Bío Bío Region",72,74,1.02777778,CLP,98,"7 días tras clic, 1 día tras visualización o 1 día tras visualización activa",,2.7027027,49,1324.32432432,,,,30,,,,,,2025-07-04,2025-07-04
"publico advantage","Video Lluvia","campaña ventas HotBoat",2025-07-04,"Maule Region",4,4,1,CLP,2,"7 días tras clic o 1 día tras visualización",,0,0,500,,,,,,,,,,2025-07-04,2025-07-04
"publico valdivia","Video pareja dcto","campaña ventas HotBoat",2025-07-04,"Los Ríos Region",55,60,1.09090909,CLP,57,"7 días tras clic, 1 día tras visualización o 1 día tras visualización activa",,1.66666667,57,950,,,,20,,,,,,2025-07-04,2025-07-04
"publico advantage","Video explicando servicio corto","campaña ventas HotBoat",2025-07-04,"Magallanes y la Antártica Chilena Region",10,11,1.1,CLP,7,"7 días tras clic o 1 día tras visualización",,0,0,636.36363636,,,,3,,,,,,2025-07-04,2025-07-04
"publico valdivia","Video parejas amor","campaña ventas HotBoat",2025-07-04,"Los Ríos Region",1068,1211,1.13389513,CLP,1699,"7 días tras clic, 1 día tras visualización o 1 día tras visualización activa",13,2.97274979,47.19444444,1402.97274979,,,,435,,,,,,2025-07-04,2025-07-04
"publico advantage","Video explicando servicio corto","campaña ventas HotBoat",2025-07-04,"Atacama Region",15,15,1,CLP,13,"7 días tras clic o 1 día tras visualización",,0,0,866.66666667,,,,5,,,,,,2025-07-04,2025-07-04
"publico advantage","Video explicando servicio corto","campaña ventas HotBoat",2025-07-04,"Bío Bío Region",113,120,1.0619469,CLP,88,"7 días tras clic o 1 día tras visualización",3,4.16666667,17.6,733.33333333,,,,38,,,,,,2025-07-04,2025-07-04
"publico advantage","Video explicando servicio corto","campaña ventas HotBoat",2025-07-04,"Coquimbo Region",32,36,1.125,CLP,39,"7 días tras clic o 1 día tras visualización",,0,0,1083.33333333,,,,9,,,,,,2025-07-04,2025-07-04
"publico advantage","Video explicando servicio corto","campaña ventas HotBoat",2025-07-04,"Araucanía Region",84,90,1.07142857,CLP,102,"7 días tras clic o 1 día tras visualización",,0,0,1133.33333333,,,,25,,,,,,2025-07-04,2025-07-04
"publico advantage","Video explicando servicio corto","campaña ventas HotBoat",2025-07-04,"Los Lagos Region",102,104,1.01960784,CLP,75,"7 días tras clic o 1 día tras visualización",3,7.69230769,9.375,721.15384615,,,,35,,,,,,2025-07-04,2025-07-04
"publico advantage","Video explicando servicio corto","campaña ventas HotBoat",2025-07-04,"O'Higgins Region",49,50,1.02040816,CLP,41,"7 días tras clic o 1 día tras visualización",1,2,41,820,,,,19,,,,,,2025-07-04,2025-07-04
"publico advantage","Video explicando servicio corto","campaña ventas HotBoat",2025-07-04,"Maule Region",70,75,1.07142857,CLP,61,"7 días tras clic o 1 día tras visualización",,1.33333333,61,813.33333333,,,,24,,,,,,2025-07-04,2025-07-04
"publico advantage","Video explicando servicio corto","campaña ventas HotBoat",2025-07-04,"Santiago Metropolitan Region",371,392,1.05660377,CLP,666,"7 días tras clic o 1 día tras visualización",12,5.6122449,30.27272727,1698.97959184,,,,134,,,,,,2025-07-04,2025-07-04
"publico advantage","Video explicando servicio corto","campaña ventas HotBoat",2025-07-04,"Tarapacá Region",9,9,1,CLP,7,"7 días tras clic o 1 día tras visualización",,0,0,777.77777778,,,,2,,,,,,2025-07-04,2025-07-04
"Test Publicos : Temuco","Video pareja dcto","campaña ventas HotBoat",2025-07-04,"Araucanía Region",226,254,1.12389381,CLP,316,"7 días tras clic, 1 día tras visualización o 1 día tras visualización activa",1,1.96850394,63.2,1244.09448819,,,,74,,,,,,2025-07-04,2025-07-04
"Test Publicos : Temuco","Video parejas amor","campaña ventas HotBoat",2025-07-04,"Araucanía Region",1,1,1,CLP,6,"7 días tras clic, 1 día tras visualización o 1 día tras visualización activa",,0,0,6000,,,,1,,,,,,2025-07-04,2025-07-04
"publico valdivia","Video explicando servicio corto","campaña ventas HotBoat",2025-07-04,"Los Ríos Region",2,2,1,CLP,0,"7 días tras clic, 1 día tras visualización o 1 día tras visualización activa",,0,0,0,,,,1,,,,,,2025-07-04,2025-07-04
"publico advantage","Video explicando servicio corto","campaña ventas HotBoat",2025-07-03,"Atacama Region",41,43,1.04878049,CLP,43,"7 días tras clic o 1 día tras visualización",1,6.97674419,14.33333333,1000,,,,12,,,,,,2025-07-03,2025-07-03
"publico advantage","Video explicando servicio corto","campaña ventas HotBoat",2025-07-03,"Araucanía Region",148,157,1.06081081,CLP,134,"7 días tras clic o 1 día tras visualización",9,8.91719745,9.57142857,853.50318471,,,,50,,,,,,2025-07-03,2025-07-03
"publico advantage","Video explicando servicio corto","campaña ventas HotBoat",2025-07-03,"Antofagasta Region",70,75,1.07142857,CLP,74,"7 días tras clic o 1 día tras visualización",,0,0,986.66666667,,,,20,,,,,,2025-07-03,2025-07-03
"publico advantage","Video explicando servicio corto","campaña ventas HotBoat",2025-07-03,"Bío Bío Region",174,189,1.0862069,CLP,186,"7 días tras clic o 1 día tras visualización",5,5.82010582,16.90909091,984.12698413,,,,67,,,,,,2025-07-03,2025-07-03
"publico advantage","Video explicando servicio corto","campaña ventas HotBoat",2025-07-03,"Aysén Region",9,10,1.11111111,CLP,4,"7 días tras clic o 1 día tras visualización",1,20,2,400,,,,3,,,,,,2025-07-03,2025-07-03
"publico advantage","Video explicando servicio corto","campaña ventas HotBoat",2025-07-03,"Valparaíso Region",178,190,1.06741573,CLP,173,"7 días tras clic o 1 día tras visualización",2,6.84210526,13.30769231,910.52631579,,,,65,,,,,,2025-07-03,2025-07-03
"publico advantage","Video explicando servicio corto","campaña ventas HotBoat",2025-07-03,"Arica y Parinacota Region",18,18,1,CLP,21,"7 días tras clic o 1 día tras visualización",,0,0,1166.66666667,,,,6,,,,,,2025-07-03,2025-07-03
"publico advantage","Video explicando servicio corto","campaña ventas HotBoat",2025-07-03,"Los Ríos Region",73,79,1.08219178,CLP,69,"7 días tras clic o 1 día tras visualización",1,6.32911392,13.8,873.41772152,,,,23,,,,,,2025-07-03,2025-07-03
"publico advantage","Video parejas amor","campaña ventas HotBoat",2025-07-03,"Coquimbo Region",1,1,1,CLP,0,"7 días tras clic o 1 día tras visualización",,0,0,0,,,,,,,,,,2025-07-03,2025-07-03
"publico advantage","Video parejas dcto","campaña ventas HotBoat",2025-07-03,"Valparaíso Region",1,1,1,CLP,1,"7 días tras clic o 1 día tras visualización",,0,0,1000,,,,,,,,,,2025-07-03,2025-07-03
"publico advantage","Video parejas amor","campaña ventas HotBoat",2025-07-03,"Bío Bío Region",1,2,2,CLP,0,"7 días tras clic o 1 día tras visualización",,50,0,0,,,,,,,,,,2025-07-03,2025-07-03
"publico advantage","Video parejas amor","campaña ventas HotBoat",2025-07-03,"Valparaíso Region",1,1,1,CLP,1,"7 días tras clic o 1 día tras visualización",,0,0,1000,,,,,,,,,,2025-07-03,2025-07-03
"publico advantage","Video parejas dcto","campaña ventas HotBoat",2025-07-03,"Tarapacá Region",1,1,1,CLP,1,"7 días tras clic o 1 día tras visualización",,0,0,1000,,,,1,,,,,,2025-07-03,2025-07-03
"publico advantage","Video parejas dcto","campaña ventas HotBoat",2025-07-03,"Santiago Metropolitan Region",6,6,1,CLP,13,"7 días tras clic o 1 día tras visualización",,0,0,2166.66666667,,,,4,,,,,,2025-07-03,2025-07-03
"publico advantage","Video parejas dcto","campaña ventas HotBoat",2025-07-03,"Maule Region",1,1,1,CLP,4,"7 días tras clic o 1 día tras visualización",,0,0,4000,,,,1,,,,,,2025-07-03,2025-07-03
"publico advantage","Video parejas dcto","campaña ventas HotBoat",2025-07-03,"Coquimbo Region",1,1,1,CLP,1,"7 días tras clic o 1 día tras visualización",,0,0,1000,,,,,,,,,,2025-07-03,2025-07-03
"publico advantage","Video parejas dcto","campaña ventas HotBoat",2025-07-03,"Bío Bío Region",1,1,1,CLP,1,"7 días tras clic o 1 día tras visualización",,0,0,1000,,,,,,,,,,2025-07-03,2025-07-03
"publico advantage","Video parejas dcto","campaña ventas HotBoat",2025-07-03,"Los Ríos Region",1,1,1,CLP,1,"7 días tras clic o 1 día tras visualización",,0,0,1000,,,,1,,,,,,2025-07-03,2025-07-03
"publico pucon 1","Video explicando servicio corto","campaña ventas HotBoat",2025-07-03,"Araucanía Region",200,229,1.145,CLP,344,"7 días tras clic, 1 día tras visualización o 1 día tras visualización activa",7,4.36681223,34.4,1502.18340611,,,,66,,,,,,2025-07-03,2025-07-03
"publico advantage","Video explicando servicio corto","campaña ventas HotBoat",2025-07-03,"O'Higgins Region",117,126,1.07692308,CLP,127,"7 días tras clic o 1 día tras visualización",2,3.17460317,31.75,1007.93650794,,,,45,,,,,,2025-07-03,2025-07-03
"publico pucon 1","Video explicando servicio corto","campaña ventas HotBoat",2025-07-03,"Los Ríos Region",9,10,1.11111111,CLP,9,"7 días tras clic, 1 día tras visualización o 1 día tras visualización activa",,0,0,900,,,,3,,,,,,2025-07-03,2025-07-03
"publico advantage","Video explicando servicio corto","campaña ventas HotBoat",2025-07-03,"Coquimbo Region",68,74,1.08823529,CLP,102,"7 días tras clic o 1 día tras visualización",1,2.7027027,51,1378.37837838,,,,23,,,,,,2025-07-03,2025-07-03
"publico advantage","Video Lluvia","campaña ventas HotBoat",2025-07-03,"Los Ríos Region",3,4,1.33333333,CLP,12,"7 días tras clic o 1 día tras visualización",,0,0,3000,,,,1,,,,,,2025-07-03,2025-07-03
"publico advantage","Video explicando servicio corto","campaña ventas HotBoat",2025-07-03,"Los Lagos Region",182,212,1.16483516,CLP,160,"7 días tras clic o 1 día tras visualización",5,6.60377358,11.42857143,754.71698113,,,,65,,,,,,2025-07-03,2025-07-03
"publico advantage","Video Lluvia","campaña ventas HotBoat",2025-07-03,"Aysén Region",1,1,1,CLP,5,"7 días tras clic o 1 día tras visualización",,0,0,5000,,,,,,,,,,2025-07-03,2025-07-03
"publico pucon 1","Video Viral TikTok","campaña ventas HotBoat - Lluvia",2025-07-03,"Araucanía Region",2880,3381,1.17395833,CLP,3985,"7 días tras clic, 1 día tras visualización o 1 día tras visualización activa",48,2.92812777,40.25252525,1178.64537119,,,,960,,,,,,2025-07-03,2025-07-03
"publico pucon 1","Video Viral TikTok","campaña ventas HotBoat - Lluvia",2025-07-03,"Los Ríos Region",89,99,1.11235955,CLP,79,"7 días tras clic, 1 día tras visualización o 1 día tras visualización activa",2,2.02020202,39.5,797.97979798,,,,29,,,,,,2025-07-03,2025-07-03
"publico pucon 1","Video Lluvia","campaña ventas HotBoat - Lluvia",2025-07-03,"Araucanía Region",1825,2301,1.26082192,CLP,4303,"7 días tras clic, 1 día tras visualización o 1 día tras visualización activa",26,2.56410256,72.93220339,1870.05649718,,,,484,,,,,,2025-07-03,2025-07-03
"publico pucon 1","Video Lluvia","campaña ventas HotBoat - Lluvia",2025-07-03,"Los Ríos Region",34,37,1.08823529,CLP,47,"7 días tras clic, 1 día tras visualización o 1 día tras visualización activa",,5.40540541,23.5,1270.27027027,,,,9,,,,,,2025-07-03,2025-07-03
"publico advantage","Video Lluvia","campaña ventas HotBoat",2025-07-03,"Santiago Metropolitan Region",3,3,1,CLP,2,"7 días tras clic o 1 día tras visualización",,0,0,666.66666667,,,,1,,,,,,2025-07-03,2025-07-03
"publico advantage","Video Lluvia","campaña ventas HotBoat",2025-07-03,"Los Lagos Region",1,2,2,CLP,1,"7 días tras clic o 1 día tras visualización",,0,0,500,,,,,,,,,,2025-07-03,2025-07-03
"publico advantage","Video explicando servicio corto","campaña ventas HotBoat",2025-07-03,"Magallanes y la Antártica Chilena Region",29,36,1.24137931,CLP,28,"7 días tras clic o 1 día tras visualización",,0,0,777.77777778,,,,11,,,,,,2025-07-03,2025-07-03
"publico advantage","Video Lluvia","campaña ventas HotBoat",2025-07-03,"Bío Bío Region",2,2,1,CLP,0,"7 días tras clic o 1 día tras visualización",,0,0,0,,,,1,,,,,,2025-07-03,2025-07-03
"publico advantage","Video Lluvia","campaña ventas HotBoat",2025-07-03,"Antofagasta Region",1,1,1,CLP,2,"7 días tras clic o 1 día tras visualización",,0,0,2000,,,,,,,,,,2025-07-03,2025-07-03
"publico advantage","Video Lluvia","campaña ventas HotBoat",2025-07-03,"Coquimbo Region",3,3,1,CLP,6,"7 días tras clic o 1 día tras visualización",,0,0,2000,,,,1,,,,,,2025-07-03,2025-07-03
"Test Publicos : Temuco","Video Lluvia","campaña ventas HotBoat",2025-07-03,"Araucanía Region",26,28,1.07692308,CLP,43,"7 días tras clic, 1 día tras visualización o 1 día tras visualización activa",,0,0,1535.71428571,,,,7,,,,,,2025-07-03,2025-07-03
"Test Publicos : Temuco","Video parejas amor","campaña ventas HotBoat",2025-07-03,"Araucanía Region",971,1103,1.13594233,CLP,2159,"7 días tras clic, 1 día tras visualización o 1 día tras visualización activa",17,3.08250227,63.5,1957.38893926,,,,383,,,,,,2025-07-03,2025-07-03
"publico pucon 1","Video pareja dcto","campaña ventas HotBoat",2025-07-03,"Araucanía Region",1856,2407,1.296875,CLP,4740,"7 días tras clic, 1 día tras visualización o 1 día tras visualización activa",25,2.20191109,89.43396226,1969.25633569,,,,712,,,,,,2025-07-03,2025-07-03
"publico advantage","Video explicando servicio corto","campaña ventas HotBoat",2025-07-03,"Santiago Metropolitan Region",734,812,1.10626703,CLP,903,"7 días tras clic o 1 día tras visualización",15,4.80295567,23.15384615,1112.06896552,,,,261,,,,,,2025-07-03,2025-07-03
"publico advantage","Video explicando servicio corto","campaña ventas HotBoat",2025-07-03,"Tarapacá Region",23,27,1.17391304,CLP,18,"7 días tras clic o 1 día tras visualización",,3.7037037,18,666.66666667,,,,10,,,,,,2025-07-03,2025-07-03
"publico advantage","Video explicando servicio corto","campaña ventas HotBoat",2025-07-03,"Maule Region",123,139,1.1300813,CLP,156,"7 días tras clic o 1 día tras visualización",2,5.03597122,22.28571429,1122.30215827,,,,55,,,,,,2025-07-03,2025-07-03
"Test Publicos : Temuco","Video explicando servicio corto","campaña ventas HotBoat",2025-07-03,"Araucanía Region",176,182,1.03409091,CLP,134,"7 días tras clic, 1 día tras visualización o 1 día tras visualización activa",4,6.04395604,12.18181818,736.26373626,,,,65,,,,,,2025-07-03,2025-07-03
"publico valdivia","Video explicando servicio corto","campaña ventas HotBoat",2025-07-03,"Los Ríos Region",2166,2379,1.09833795,CLP,2077,"7 días tras clic, 1 día tras visualización o 1 día tras visualización activa",46,4.07734342,21.41237113,873.05590584,,,,762,,,,,,2025-07-03,2025-07-03
"publico concepcion","Video explicando servicio corto","campaña ventas HotBoat",2025-07-03,"Bío Bío Region",2323,2480,1.06758502,CLP,1973,"7 días tras clic, 1 día tras visualización o 1 día tras visualización activa",48,4.43548387,17.93636364,795.56451613,,,,804,,,,,,2025-07-03,2025-07-03
"publico pucon 1","Video pareja dcto","campaña ventas HotBoat",2025-07-03,"Los Ríos Region",33,39,1.18181818,CLP,65,"7 días tras clic, 1 día tras visualización o 1 día tras visualización activa",,5.12820513,32.5,1666.66666667,,,,11,,,,,,2025-07-03,2025-07-03
"publico advantage","Video explicando servicio corto","campaña ventas HotBoat",2025-07-02,"Valparaíso Region",192,220,1.14583333,CLP,260,"7 días tras clic o 1 día tras visualización",8,5,23.63636364,1181.81818182,,,,64,,,,,,2025-07-02,2025-07-02
"publico advantage","Video explicando servicio corto","campaña ventas HotBoat",2025-07-02,"O'Higgins Region",110,119,1.08181818,CLP,98,"7 días tras clic o 1 día tras visualización",,3.36134454,24.5,823.52941176,,,,35,,,,,,2025-07-02,2025-07-02
"publico advantage","Video explicando servicio corto","campaña ventas HotBoat",2025-07-02,"Coquimbo Region",72,80,1.11111111,CLP,90,"7 días tras clic o 1 día tras visualización",4,5,22.5,1125,,,,23,,,,,,2025-07-02,2025-07-02
"publico advantage","Video explicando servicio corto","campaña ventas HotBoat",2025-07-02,"Bío Bío Region",176,190,1.07954545,CLP,169,"7 días tras clic o 1 día tras visualización",4,4.73684211,18.77777778,889.47368421,,,,54,,,,,,2025-07-02,2025-07-02
"publico advantage","Video explicando servicio corto","campaña ventas HotBoat",2025-07-02,"Atacama Region",25,26,1.04,CLP,24,"7 días tras clic o 1 día tras visualización",1,3.84615385,24,923.07692308,,,,9,,,,,,2025-07-02,2025-07-02
"publico advantage","Video explicando servicio corto","campaña ventas HotBoat",2025-07-02,"Araucanía Region",156,173,1.10897436,CLP,126,"7 días tras clic o 1 día tras visualización",3,5.20231214,14,728.32369942,,,,45,,,,,,2025-07-02,2025-07-02
"publico advantage","Video explicando servicio corto","campaña ventas HotBoat",2025-07-02,"Antofagasta Region",59,65,1.10169492,CLP,68,"7 días tras clic o 1 día tras visualización",2,3.07692308,34,1046.15384615,,,,20,,,,,,2025-07-02,2025-07-02
"publico advantage","Video explicando servicio corto","campaña ventas HotBoat",2025-07-02,"Aysén Region",11,13,1.18181818,CLP,9,"7 días tras clic o 1 día tras visualización",,0,0,692.30769231,,,,6,,,,,,2025-07-02,2025-07-02
"publico advantage","Video explicando servicio corto","campaña ventas HotBoat",2025-07-02,"Magallanes y la Antártica Chilena Region",22,23,1.04545455,CLP,14,"7 días tras clic o 1 día tras visualización",,0,0,608.69565217,,,,5,,,,,,2025-07-02,2025-07-02
"publico advantage","Video explicando servicio corto","campaña ventas HotBoat",2025-07-02,"Arica y Parinacota Region",17,18,1.05882353,CLP,10,"7 días tras clic o 1 día tras visualización",,0,0,555.55555556,,,,4,,,,,,2025-07-02,2025-07-02
"publico advantage","Video explicando servicio corto","campaña ventas HotBoat",2025-07-02,"Los Ríos Region",58,58,1,CLP,47,"7 días tras clic o 1 día tras visualización",1,10.34482759,7.83333333,810.34482759,,,,14,,,,,,2025-07-02,2025-07-02
"publico advantage","Video parejas amor","campaña ventas HotBoat",2025-07-02,"Coquimbo Region",1,1,1,CLP,6,"7 días tras clic o 1 día tras visualización",,0,0,6000,,,,1,,,,,,2025-07-02,2025-07-02
"publico advantage","Video parejas amor","campaña ventas HotBoat",2025-07-02,"Araucanía Region",1,1,1,CLP,4,"7 días tras clic o 1 día tras visualización",,0,0,4000,,,,1,,,,,,2025-07-02,2025-07-02
"publico advantage","Video parejas dcto","campaña ventas HotBoat",2025-07-02,"O'Higgins Region",1,1,1,CLP,0,"7 días tras clic o 1 día tras visualización",,0,0,0,,,,,,,,,,2025-07-02,2025-07-02
"publico advantage","Video parejas dcto","campaña ventas HotBoat",2025-07-02,"Araucanía Region",1,1,1,CLP,2,"7 días tras clic o 1 día tras visualización",,0,0,2000,,,,1,,,,,,2025-07-02,2025-07-02
"publico pucon 1","Video explicando servicio corto","campaña ventas HotBoat",2025-07-02,"Araucanía Region",844,937,1.11018957,CLP,1140,"7 días tras clic, 1 día tras visualización o 1 día tras visualización activa",23,4.80256137,25.33333333,1216.6488794,,,,289,,,,,,2025-07-02,2025-07-02
"publico pucon 1","Video explicando servicio corto","campaña ventas HotBoat",2025-07-02,"Los Ríos Region",23,24,1.04347826,CLP,15,"7 días tras clic, 1 día tras visualización o 1 día tras visualización activa",1,4.16666667,15,625,,,,6,,,,,,2025-07-02,2025-07-02
"publico advantage","Video explicando servicio corto","campaña ventas HotBoat",2025-07-02,"Los Lagos Region",186,211,1.1344086,CLP,129,"7 días tras clic o 1 día tras visualización",4,4.26540284,14.33333333,611.37440758,,,,50,,,,,,2025-07-02,2025-07-02
"publico advantage","Video parejas dcto","campaña ventas HotBoat",2025-07-02,"Santiago Metropolitan Region",4,6,1.5,CLP,4,"7 días tras clic o 1 día tras visualización",,0,0,666.66666667,,,,2,,,,,,2025-07-02,2025-07-02
"publico advantage","Video explicando servicio corto","campaña ventas HotBoat",2025-07-02,"Maule Region",146,161,1.10273973,CLP,131,"7 días tras clic o 1 día tras visualización",2,3.72670807,21.83333333,813.66459627,,,,45,,,,,,2025-07-02,2025-07-02
"publico advantage","Video Lluvia","campaña ventas HotBoat",2025-07-02,"O'Higgins Region",2,2,1,CLP,2,"7 días tras clic o 1 día tras visualización",,0,0,1000,,,,,,,,,,2025-07-02,2025-07-02
"publico pucon 1","Video Viral TikTok","campaña ventas HotBoat - Lluvia",2025-07-02,"Araucanía Region",2705,3282,1.21330869,CLP,3670,"7 días tras clic, 1 día tras visualización o 1 día tras visualización activa",57,4.11334552,27.18518519,1118.2205972,,,,911,,,,,,2025-07-02,2025-07-02
"publico pucon 1","Video Viral TikTok","campaña ventas HotBoat - Lluvia",2025-07-02,"Los Ríos Region",77,84,1.09090909,CLP,62,"7 días tras clic, 1 día tras visualización o 1 día tras visualización activa",1,3.57142857,20.66666667,738.0952381,,,,31,,,,,,2025-07-02,2025-07-02
"publico pucon 1","Video Lluvia","campaña ventas HotBoat - Lluvia",2025-07-02,"Araucanía Region",1519,2030,1.33640553,CLP,3594,"7 días tras clic, 1 día tras visualización o 1 día tras visualización activa",21,2.80788177,63.05263158,1770.44334975,,,,429,,,,,,2025-07-02,2025-07-02
"publico pucon 1","Video Lluvia","campaña ventas HotBoat - Lluvia",2025-07-02,"Los Ríos Region",28,34,1.21428571,CLP,47,"7 días tras clic, 1 día tras visualización o 1 día tras visualización activa",4,17.64705882,7.83333333,1382.35294118,,,,9,,,,,,2025-07-02,2025-07-02
"publico advantage","Video Lluvia","campaña ventas HotBoat",2025-07-02,"Santiago Metropolitan Region",5,5,1,CLP,8,"7 días tras clic o 1 día tras visualización",1,40,4,1600,,,,1,,,,,,2025-07-02,2025-07-02
"publico advantage","Video Lluvia","campaña ventas HotBoat",2025-07-02,"Maule Region",1,1,1,CLP,1,"7 días tras clic o 1 día tras visualización",,0,0,1000,,,,,,,,,,2025-07-02,2025-07-02
"publico advantage","Video Lluvia","campaña ventas HotBoat",2025-07-02,"Los Lagos Region",3,3,1,CLP,4,"7 días tras clic o 1 día tras visualización",,0,0,1333.33333333,,,,1,,,,,,2025-07-02,2025-07-02
"publico advantage","Video explicando servicio corto","campaña ventas HotBoat",2025-07-02,"Santiago Metropolitan Region",688,783,1.1380814,CLP,964,"7 días tras clic o 1 día tras visualización",17,3.83141762,32.13333333,1231.16219668,,,,237,,,,,,2025-07-02,2025-07-02
"publico advantage","Video Lluvia","campaña ventas HotBoat",2025-07-02,"Araucanía Region",3,3,1,CLP,1,"7 días tras clic o 1 día tras visualización",,0,0,333.33333333,,,,,,,,,,2025-07-02,2025-07-02
"publico concepcion","Video explicando servicio corto","campaña ventas HotBoat",2025-07-02,"Bío Bío Region",2350,2599,1.10595745,CLP,2076,"7 días tras clic, 1 día tras visualización o 1 día tras visualización activa",50,4.11696806,19.40186916,798.76875721,,,,793,,,,,,2025-07-02,2025-07-02
"publico advantage","Video Lluvia","campaña ventas HotBoat",2025-07-02,"Valparaíso Region",1,1,1,CLP,1,"7 días tras clic o 1 día tras visualización",,0,0,1000,,,,,,,,,,2025-07-02,2025-07-02
"Test Publicos : Temuco","Video parejas amor","campaña ventas HotBoat",2025-07-02,"Araucanía Region",659,802,1.21699545,CLP,1676,"7 días tras clic, 1 día tras visualización o 1 día tras visualización activa",10,2.24438903,93.11111111,2089.7755611,,,,252,,,,,,2025-07-02,2025-07-02
"publico valdivia","Video explicando servicio corto","campaña ventas HotBoat",2025-07-02,"Los Ríos Region",2418,2687,1.11124897,CLP,2150,"7 días tras clic, 1 día tras visualización o 1 día tras visualización activa",33,2.8284332,28.28947368,800.14886491,,,,809,,,,,,2025-07-02,2025-07-02
"publico advantage","Video explicando servicio corto","campaña ventas HotBoat",2025-07-02,"Tarapacá Region",28,34,1.21428571,CLP,33,"7 días tras clic o 1 día tras visualización",,8.82352941,11,970.58823529,,,,12,,,,,,2025-07-02,2025-07-02
"publico pucon 1","Video pareja dcto","campaña ventas HotBoat",2025-07-02,"Los Ríos Region",18,26,1.44444444,CLP,36,"7 días tras clic, 1 día tras visualización o 1 día tras visualización activa",1,7.69230769,18,1384.61538462,,,,9,,,,,,2025-07-02,2025-07-02
"publico pucon 1","Video pareja dcto","campaña ventas HotBoat",2025-07-02,"Araucanía Region",1394,1812,1.29985653,CLP,3024,"7 días tras clic, 1 día tras visualización o 1 día tras visualización activa",24,3.03532009,54.98181818,1668.87417219,,,,527,,,,,,2025-07-02,2025-07-02
"Test Publicos : Temuco","Video Lluvia","campaña ventas HotBoat",2025-07-02,"Araucanía Region",23,26,1.13043478,CLP,25,"7 días tras clic, 1 día tras visualización o 1 día tras visualización activa",1,3.84615385,25,961.53846154,,,,4,,,,,,2025-07-02,2025-07-02
"publico advantage","Video explicando servicio corto","campaña ventas HotBoat",2025-07-01,"Valparaíso Region",173,192,1.10982659,CLP,194,"7 días tras clic o 1 día tras visualización",2,5.72916667,17.63636364,1010.41666667,,,,57,,,,,,2025-07-01,2025-07-01
"publico advantage","Video explicando servicio corto","campaña ventas HotBoat",2025-07-01,"Los Lagos Region",173,190,1.0982659,CLP,140,"7 días tras clic o 1 día tras visualización",4,4.73684211,15.55555556,736.84210526,,,,54,,,,,,2025-07-01,2025-07-01
"publico advantage","Video explicando servicio corto","campaña ventas HotBoat",2025-07-01,"O'Higgins Region",104,112,1.07692308,CLP,87,"7 días tras clic o 1 día tras visualización",2,1.78571429,43.5,776.78571429,,,,36,,,,,,2025-07-01,2025-07-01
"publico advantage","Video explicando servicio corto","campaña ventas HotBoat",2025-07-01,"Coquimbo Region",54,59,1.09259259,CLP,64,"7 días tras clic o 1 día tras visualización",1,6.77966102,16,1084.74576271,,,,21,,,,,,2025-07-01,2025-07-01
"publico advantage","Video explicando servicio corto","campaña ventas HotBoat",2025-07-01,"Bío Bío Region",177,216,1.22033898,CLP,242,"7 días tras clic o 1 día tras visualización",6,4.16666667,26.88888889,1120.37037037,,,,58,,,,,,2025-07-01,2025-07-01
"publico advantage","Video explicando servicio corto","campaña ventas HotBoat",2025-07-01,"Atacama Region",30,31,1.03333333,CLP,24,"7 días tras clic o 1 día tras visualización",,6.4516129,12,774.19354839,,,,11,,,,,,2025-07-01,2025-07-01
"publico advantage","Video explicando servicio corto","campaña ventas HotBoat",2025-07-01,"Araucanía Region",154,169,1.0974026,CLP,170,"7 días tras clic o 1 día tras visualización",3,4.73372781,21.25,1005.91715976,,,,45,,,,,,2025-07-01,2025-07-01
"publico advantage","Video explicando servicio corto","campaña ventas HotBoat",2025-07-01,"Antofagasta Region",59,67,1.13559322,CLP,56,"7 días tras clic o 1 día tras visualización",,0,0,835.82089552,,,,18,,,,,,2025-07-01,2025-07-01
"publico advantage","Video explicando servicio corto","campaña ventas HotBoat",2025-07-01,"Aysén Region",11,11,1,CLP,12,"7 días tras clic o 1 día tras visualización",1,9.09090909,12,1090.90909091,,,,7,,,,,,2025-07-01,2025-07-01
"publico pucon 1","Video explicando servicio corto","campaña ventas HotBoat",2025-07-01,"Los Ríos Region",59,73,1.23728814,CLP,70,"7 días tras clic, 1 día tras visualización o 1 día tras visualización activa",2,6.84931507,14,958.90410959,,,,28,,,,,,2025-07-01,2025-07-01
"publico advantage","Video explicando servicio corto","campaña ventas HotBoat",2025-07-01,"Arica y Parinacota Region",9,10,1.11111111,CLP,10,"7 días tras clic o 1 día tras visualización",,0,0,1000,,,,1,,,,,,2025-07-01,2025-07-01
"publico advantage","Video explicando servicio corto","campaña ventas HotBoat",2025-07-01,"Los Ríos Region",70,74,1.05714286,CLP,67,"7 días tras clic o 1 día tras visualización",1,8.10810811,11.16666667,905.40540541,,,,25,,,,,,2025-07-01,2025-07-01
"publico advantage","Video parejas amor","campaña ventas HotBoat",2025-07-01,"Santiago Metropolitan Region",1,1,1,CLP,2,"7 días tras clic o 1 día tras visualización",,0,0,2000,,,,,,,,,,2025-07-01,2025-07-01
"publico advantage","Video parejas amor","campaña ventas HotBoat",2025-07-01,"Coquimbo Region",1,1,1,CLP,1,"7 días tras clic o 1 día tras visualización",,0,0,1000,,,,1,,,,,,2025-07-01,2025-07-01
"publico advantage","Video parejas dcto","campaña ventas HotBoat",2025-07-01,"Santiago Metropolitan Region",4,4,1,CLP,8,"7 días tras clic o 1 día tras visualización",,0,0,2000,,,,2,,,,,,2025-07-01,2025-07-01
"publico advantage","Video parejas dcto","campaña ventas HotBoat",2025-07-01,"Bío Bío Region",1,1,1,CLP,2,"7 días tras clic o 1 día tras visualización",,0,0,2000,,,,1,,,,,,2025-07-01,2025-07-01
"publico advantage","Video parejas dcto","campaña ventas HotBoat",2025-07-01,"Araucanía Region",0,0,0,CLP,0,"7 días tras clic o 1 día tras visualización",,0,0,0,,,,1,,,,,,2025-07-01,2025-07-01
"publico advantage","Video parejas dcto","campaña ventas HotBoat",2025-07-01,"Arica y Parinacota Region",1,1,1,CLP,0,"7 días tras clic o 1 día tras visualización",,0,0,0,,,,,,,,,,2025-07-01,2025-07-01
"publico pucon 1","Video explicando servicio corto","campaña ventas HotBoat",2025-07-01,"Araucanía Region",1920,2395,1.24739583,CLP,3451,"7 días tras clic, 1 día tras visualización o 1 día tras visualización activa",65,6.0960334,23.6369863,1440.91858038,,,,784,,,,,,2025-07-01,2025-07-01
"publico advantage","Video explicando servicio corto","campaña ventas HotBoat",2025-07-01,"Santiago Metropolitan Region",714,795,1.11344538,CLP,882,"7 días tras clic o 1 día tras visualización",10,4.27672956,25.94117647,1109.43396226,,,,269,,,,,,2025-07-01,2025-07-01
"publico advantage","Video explicando servicio corto","campaña ventas HotBoat",2025-07-01,"Magallanes y la Antártica Chilena Region",29,36,1.24137931,CLP,29,"7 días tras clic o 1 día tras visualización",,2.77777778,29,805.55555556,,,,16,,,,,,2025-07-01,2025-07-01
"publico advantage","Video explicando servicio corto","campaña ventas HotBoat",2025-07-01,"Maule Region",150,169,1.12666667,CLP,153,"7 días tras clic o 1 día tras visualización",1,2.36686391,38.25,905.32544379,,,,61,,,,,,2025-07-01,2025-07-01
"publico advantage","Video explicando servicio corto","campaña ventas HotBoat",2025-07-01,"Tarapacá Region",22,22,1,CLP,21,"7 días tras clic o 1 día tras visualización",,0,0,954.54545455,,,,8,,,,,,2025-07-01,2025-07-01
"publico advantage","Video Lluvia","campaña ventas HotBoat",2025-07-01,"Bío Bío Region",2,2,1,CLP,2,"7 días tras clic o 1 día tras visualización",,0,0,1000,,,,,,,,,,2025-07-01,2025-07-01
"publico pucon 1","Video Viral TikTok","campaña ventas HotBoat - Lluvia",2025-07-01,"Los Ríos Region",87,99,1.13793103,CLP,69,"7 días tras clic, 1 día tras visualización o 1 día tras visualización activa",1,4.04040404,17.25,696.96969697,,,,35,,,,,,2025-07-01,2025-07-01
"publico pucon 1","Video Lluvia","campaña ventas HotBoat - Lluvia",2025-07-01,"Araucanía Region",1682,2173,1.29191439,CLP,4053,"7 días tras clic, 1 día tras visualización o 1 día tras visualización activa",28,2.39300506,77.94230769,1865.16336861,,,,428,,,,,,2025-07-01,2025-07-01
"publico pucon 1","Video Lluvia","campaña ventas HotBoat - Lluvia",2025-07-01,"Los Ríos Region",28,29,1.03571429,CLP,35,"7 días tras clic, 1 día tras visualización o 1 día tras visualización activa",,0,0,1206.89655172,,,,6,,,,,,2025-07-01,2025-07-01
"publico advantage","Video Lluvia","campaña ventas HotBoat",2025-07-01,"Santiago Metropolitan Region",2,2,1,CLP,0,"7 días tras clic o 1 día tras visualización",,0,0,0,,,,,,,,,,2025-07-01,2025-07-01
"publico advantage","Video Lluvia","campaña ventas HotBoat",2025-07-01,"Maule Region",4,6,1.5,CLP,4,"7 días tras clic o 1 día tras visualización",,0,0,666.66666667,,,,,,,,,,2025-07-01,2025-07-01
"publico advantage","Video Lluvia","campaña ventas HotBoat",2025-07-01,"Magallanes y la Antártica Chilena Region",1,1,1,CLP,0,"7 días tras clic o 1 día tras visualización",,0,0,0,,,,,,,,,,2025-07-01,2025-07-01
"publico advantage","Video Lluvia","campaña ventas HotBoat",2025-07-01,"Los Lagos Region",4,5,1.25,CLP,4,"7 días tras clic o 1 día tras visualización",,0,0,800,,,,1,,,,,,2025-07-01,2025-07-01
"publico advantage","Video Lluvia","campaña ventas HotBoat",2025-07-01,"Coquimbo Region",3,4,1.33333333,CLP,9,"7 días tras clic o 1 día tras visualización",,0,0,2250,,,,1,,,,,,2025-07-01,2025-07-01
"publico pucon 1","Video Viral TikTok","campaña ventas HotBoat - Lluvia",2025-07-01,"Araucanía Region",3099,3529,1.13875444,CLP,3901,"7 días tras clic, 1 día tras visualización o 1 día tras visualización activa",69,4.42051573,25.00641026,1105.4122981,,,,1109,,,,,,2025-07-01,2025-07-01
"publico advantage","Video Lluvia","campaña ventas HotBoat",2025-07-01,"Araucanía Region",2,2,1,CLP,1,"7 días tras clic o 1 día tras visualización",,0,0,500,,,,,,,,,,2025-07-01,2025-07-01
"publico advantage","Video Lluvia","campaña ventas HotBoat",2025-07-01,"Valparaíso Region",1,1,1,CLP,1,"7 días tras clic o 1 día tras visualización",,0,0,1000,,,,1,,,,,,2025-07-01,2025-07-01
"publico advantage","Video Lluvia","campaña ventas HotBoat",2025-07-01,"Los Ríos Region",3,3,1,CLP,4,"7 días tras clic o 1 día tras visualización",1,33.33333333,4,1333.33333333,,,,1,,,,,,2025-07-01,2025-07-01
"Test Publicos : Temuco","Video Lluvia","campaña ventas HotBoat",2025-07-01,"Araucanía Region",13,16,1.23076923,CLP,51,"7 días tras clic, 1 día tras visualización o 1 día tras visualización activa",,0,0,3187.5,,,,2,,,,,,2025-07-01,2025-07-01
"publico pucon 1","Video pareja dcto","campaña ventas HotBoat",2025-07-01,"Araucanía Region",946,1107,1.17019027,CLP,2566,"7 días tras clic, 1 día tras visualización o 1 día tras visualización activa",19,2.98102981,77.75757576,2317.9765131,,,,372,,,,,,2025-07-01,2025-07-01
"publico pucon 1","Video pareja dcto","campaña ventas HotBoat",2025-07-01,"Los Ríos Region",17,21,1.23529412,CLP,38,"7 días tras clic, 1 día tras visualización o 1 día tras visualización activa",,4.76190476,38,1809.52380952,,,,7,,,,,,2025-07-01,2025-07-01
"publico concepcion","Video explicando servicio corto","campaña ventas HotBoat",2025-07-01,"Bío Bío Region",2247,2473,1.10057855,CLP,2107,"7 días tras clic, 1 día tras visualización o 1 día tras visualización activa",36,2.91144359,29.26388889,852.00161747,,,,749,,,,,,2025-07-01,2025-07-01
"publico valdivia","Video explicando servicio corto","campaña ventas HotBoat",2025-07-01,"Los Ríos Region",2174,2427,1.11637534,CLP,2133,"7 días tras clic, 1 día tras visualización o 1 día tras visualización activa",39,3.29625052,26.6625,878.86279357,,,,765,,,,,,2025-07-01,2025-07-01
"Test Publicos : Temuco","Video parejas amor","campaña ventas HotBoat",2025-07-01,"Araucanía Region",503,572,1.13717694,CLP,2247,"7 días tras clic, 1 día tras visualización o 1 día tras visualización activa",21,4.8951049,80.25,3928.32167832,,,,205,,,,,,2025-07-01,2025-07-01
"publico advantage","Video Lluvia","campaña ventas HotBoat",2025-07-01,"Antofagasta Region",2,2,1,CLP,3,"7 días tras clic o 1 día tras visualización",,0,0,1500,,,,2,,,,,,2025-07-01,2025-07-01
"publico advantage","Video explicando servicio corto","campaña ventas HotBoat",2025-06-30,"Antofagasta Region",38,49,1.28947368,CLP,46,"7 días tras clic o 1 día tras visualización",,0,0,938.7755102,,,,13,,,,,,2025-06-30,2025-06-30
"publico advantage","Video explicando servicio corto","campaña ventas HotBoat",2025-06-30,"Valparaíso Region",147,160,1.08843537,CLP,178,"7 días tras clic o 1 día tras visualización",3,5,22.25,1112.5,,,,48,,,,,,2025-06-30,2025-06-30
"publico advantage","Video explicando servicio corto","campaña ventas HotBoat",2025-06-30,"Aysén Region",7,7,1,CLP,5,"7 días tras clic o 1 día tras visualización",,0,0,714.28571429,,,,3,,,,,,2025-06-30,2025-06-30
"publico advantage","Video explicando servicio corto","campaña ventas HotBoat",2025-06-30,"O'Higgins Region",76,83,1.09210526,CLP,66,"7 días tras clic o 1 día tras visualización",3,7.22891566,11,795.18072289,,,,25,,,,,,2025-06-30,2025-06-30
"publico advantage","Video explicando servicio corto","campaña ventas HotBoat",2025-06-30,"Araucanía Region",133,149,1.12030075,CLP,142,"7 días tras clic o 1 día tras visualización",8,8.05369128,11.83333333,953.02013423,,,,46,,,,,,2025-06-30,2025-06-30
"publico advantage","Video explicando servicio corto","campaña ventas HotBoat",2025-06-30,"Atacama Region",15,16,1.06666667,CLP,12,"7 días tras clic o 1 día tras visualización",1,6.25,12,750,,,,3,,,,,,2025-06-30,2025-06-30
"publico advantage","Video explicando servicio corto","campaña ventas HotBoat",2025-06-30,"Bío Bío Region",120,139,1.15833333,CLP,169,"7 días tras clic o 1 día tras visualización",4,7.91366906,15.36363636,1215.82733813,,,,50,,,,,,2025-06-30,2025-06-30
"publico advantage","Video explicando servicio corto","campaña ventas HotBoat",2025-06-30,"Coquimbo Region",44,48,1.09090909,CLP,73,"7 días tras clic o 1 día tras visualización",2,6.25,24.33333333,1520.83333333,,,,17,,,,,,2025-06-30,2025-06-30
"publico advantage","Video explicando servicio corto","campaña ventas HotBoat",2025-06-30,"Los Ríos Region",52,54,1.03846154,CLP,68,"7 días tras clic o 1 día tras visualización",,5.55555556,22.66666667,1259.25925926,,,,20,,,,,,2025-06-30,2025-06-30
"publico advantage","Video explicando servicio corto","campaña ventas HotBoat",2025-06-30,"Arica y Parinacota Region",5,5,1,CLP,11,"7 días tras clic o 1 día tras visualización",,0,0,2200,,,,2,,,,,,2025-06-30,2025-06-30
"publico advantage","Video parejas dcto","campaña ventas HotBoat",2025-06-30,"O'Higgins Region",1,1,1,CLP,1,"7 días tras clic o 1 día tras visualización",,100,1,1000,,,,1,,,,,,2025-06-30,2025-06-30
"publico advantage","Video parejas amor","campaña ventas HotBoat",2025-06-30,"Santiago Metropolitan Region",3,3,1,CLP,2,"7 días tras clic o 1 día tras visualización",,0,0,666.66666667,,,,,,,,,,2025-06-30,2025-06-30
"publico advantage","Video parejas amor","campaña ventas HotBoat",2025-06-30,"Atacama Region",0,0,0,CLP,0,"7 días tras clic o 1 día tras visualización",,0,0,0,,,,1,,,,,,2025-06-30,2025-06-30
"publico advantage","Video parejas amor","campaña ventas HotBoat",2025-06-30,"Araucanía Region",1,1,1,CLP,1,"7 días tras clic o 1 día tras visualización",,0,0,1000,,,,,,,,,,2025-06-30,2025-06-30
"publico advantage","Video parejas dcto","campaña ventas HotBoat",2025-06-30,"Santiago Metropolitan Region",1,1,1,CLP,2,"7 días tras clic o 1 día tras visualización",,0,0,2000,,,,,,,,,,2025-06-30,2025-06-30
"publico advantage","Video parejas dcto","campaña ventas HotBoat",2025-06-30,"Bío Bío Region",2,2,1,CLP,1,"7 días tras clic o 1 día tras visualización",,0,0,500,,,,2,,,,,,2025-06-30,2025-06-30
"publico advantage","Video parejas dcto","campaña ventas HotBoat",2025-06-30,"Araucanía Region",1,1,1,CLP,1,"7 días tras clic o 1 día tras visualización",,0,0,1000,,,,1,,,,,,2025-06-30,2025-06-30
"publico advantage","Video parejas dcto","campaña ventas HotBoat",2025-06-30,"Arica y Parinacota Region",1,1,1,CLP,1,"7 días tras clic o 1 día tras visualización",,0,0,1000,,,,,,,,,,2025-06-30,2025-06-30
"publico advantage","Video parejas dcto","campaña ventas HotBoat",2025-06-30,"Los Ríos Region",1,1,1,CLP,2,"7 días tras clic o 1 día tras visualización",,0,0,2000,,,,1,,,,,,2025-06-30,2025-06-30
"publico pucon 1","Video explicando servicio corto","campaña ventas HotBoat",2025-06-30,"Los Ríos Region",7,8,1.14285714,CLP,8,"7 días tras clic, 1 día tras visualización o 1 día tras visualización activa",,0,0,1000,,,,4,,,,,,2025-06-30,2025-06-30
"publico advantage","Video explicando servicio corto","campaña ventas HotBoat",2025-06-30,"Magallanes y la Antártica Chilena Region",22,22,1,CLP,23,"7 días tras clic o 1 día tras visualización",1,4.54545455,23,1045.45454545,,,,5,,,,,,2025-06-30,2025-06-30
"publico advantage","Video explicando servicio corto","campaña ventas HotBoat",2025-06-30,"Los Lagos Region",162,182,1.12345679,CLP,152,"7 días tras clic o 1 día tras visualización",4,6.59340659,12.66666667,835.16483516,,,,54,,,,,,2025-06-30,2025-06-30
"publico pucon 1","Video explicando servicio corto","campaña ventas HotBoat",2025-06-30,"Araucanía Region",115,131,1.13913043,CLP,217,"7 días tras clic, 1 día tras visualización o 1 día tras visualización activa",2,3.05343511,54.25,1656.48854962,,,,44,,,,,,2025-06-30,2025-06-30
"publico advantage","Video explicando servicio corto","campaña ventas HotBoat",2025-06-30,"Maule Region",115,129,1.12173913,CLP,119,"7 días tras clic o 1 día tras visualización",2,3.87596899,23.8,922.48062016,,,,41,,,,,,2025-06-30,2025-06-30
"publico advantage","Video Lluvia","campaña ventas HotBoat",2025-06-30,"Araucanía Region",1,1,1,CLP,5,"7 días tras clic o 1 día tras visualización",,0,0,5000,,,,1,,,,,,2025-06-30,2025-06-30
"publico pucon 1","Video Viral TikTok","campaña ventas HotBoat - Lluvia",2025-06-30,"Araucanía Region",4061,4623,1.13838956,CLP,4560,"7 días tras clic, 1 día tras visualización o 1 día tras visualización activa",54,3.11486048,31.66666667,986.3724854,,,,1409,,,,,,2025-06-30,2025-06-30
"publico advantage","Video explicando servicio corto","campaña ventas HotBoat",2025-06-30,"Santiago Metropolitan Region",579,619,1.06908463,CLP,843,"7 días tras clic o 1 día tras visualización",20,7.43134087,18.32608696,1361.87399031,,,,226,,,,,,2025-06-30,2025-06-30
"publico pucon 1","Video Viral TikTok","campaña ventas HotBoat - Lluvia",2025-06-30,"Los Ríos Region",100,111,1.11,CLP,75,"7 días tras clic, 1 día tras visualización o 1 día tras visualización activa",,6.30630631,10.71428571,675.67567568,,,,45,,,,,,2025-06-30,2025-06-30
"publico pucon 1","Video Lluvia","campaña ventas HotBoat - Lluvia",2025-06-30,"Los Ríos Region",37,49,1.32432432,CLP,82,"7 días tras clic, 1 día tras visualización o 1 día tras visualización activa",2,8.16326531,20.5,1673.46938776,,,,17,,,,,,2025-06-30,2025-06-30
"publico advantage","Video Lluvia","campaña ventas HotBoat",2025-06-30,"Santiago Metropolitan Region",5,6,1.2,CLP,10,"7 días tras clic o 1 día tras visualización",,0,0,1666.66666667,,,,3,,,,,,2025-06-30,2025-06-30
"publico advantage","Video Lluvia","campaña ventas HotBoat",2025-06-30,"Maule Region",1,1,1,CLP,0,"7 días tras clic o 1 día tras visualización",,0,0,0,,,,,,,,,,2025-06-30,2025-06-30
"publico advantage","Video Lluvia","campaña ventas HotBoat",2025-06-30,"Los Lagos Region",1,1,1,CLP,5,"7 días tras clic o 1 día tras visualización",,100,5,5000,,,,1,,,,,,2025-06-30,2025-06-30
"publico advantage","Video Lluvia","campaña ventas HotBoat",2025-06-30,"Coquimbo Region",1,2,2,CLP,4,"7 días tras clic o 1 día tras visualización",,0,0,2000,,,,,,,,,,2025-06-30,2025-06-30
"publico advantage","Video Lluvia","campaña ventas HotBoat",2025-06-30,"Bío Bío Region",6,7,1.16666667,CLP,17,"7 días tras clic o 1 día tras visualización",,0,0,2428.57142857,,,,2,,,,,,2025-06-30,2025-06-30
"publico pucon 1","Video Lluvia","campaña ventas HotBoat - Lluvia",2025-06-30,"Araucanía Region",1538,2050,1.33289987,CLP,4793,"7 días tras clic, 1 día tras visualización o 1 día tras visualización activa",34,3.31707317,70.48529412,2338.04878049,,,,444,,,,,,2025-06-30,2025-06-30
"publico advantage","Video Lluvia","campaña ventas HotBoat",2025-06-30,"Aysén Region",1,1,1,CLP,1,"7 días tras clic o 1 día tras visualización",,0,0,1000,,,,,,,,,,2025-06-30,2025-06-30
"publico concepcion","Video explicando servicio corto","campaña ventas HotBoat",2025-06-30,Unknown,1,1,1,CLP,6,"7 días tras clic, 1 día tras visualización o 1 día tras visualización activa",,0,0,6000,,,,,,,,,,2025-06-30,2025-06-30
"publico advantage","Video Lluvia","campaña ventas HotBoat",2025-06-30,"Valparaíso Region",2,2,1,CLP,2,"7 días tras clic o 1 día tras visualización",,0,0,1000,,,,,,,,,,2025-06-30,2025-06-30
"publico advantage","Video explicando servicio corto","campaña ventas HotBoat",2025-06-30,"Tarapacá Region",9,9,1,CLP,11,"7 días tras clic o 1 día tras visualización",,0,0,1222.22222222,,,,6,,,,,,2025-06-30,2025-06-30
"Test Publicos : Temuco","Video parejas amor","campaña ventas HotBoat",2025-06-30,"Araucanía Region",1065,1236,1.16056338,CLP,2276,"7 días tras clic, 1 día tras visualización o 1 día tras visualización activa",21,3.15533981,58.35897436,1841.42394822,,,,436,,,,,,2025-06-30,2025-06-30
"publico valdivia","Video explicando servicio corto","campaña ventas HotBoat",2025-06-30,"Los Ríos Region",2114,2331,1.10264901,CLP,2005,"7 días tras clic, 1 día tras visualización o 1 día tras visualización activa",42,3.9039039,22.03296703,860.14586015,,,,821,,,,,,2025-06-30,2025-06-30
"publico concepcion","Video explicando servicio corto","campaña ventas HotBoat",2025-06-30,"Bío Bío Region",2099,2274,1.08337303,CLP,2078,"7 días tras clic, 1 día tras visualización o 1 día tras visualización activa",37,4.30958663,21.20408163,913.80826737,,,,790,,,,,,2025-06-30,2025-06-30
"publico pucon 1","Video pareja dcto","campaña ventas HotBoat",2025-06-30,"Los Ríos Region",24,37,1.54166667,CLP,60,"7 días tras clic, 1 día tras visualización o 1 día tras visualización activa",,0,0,1621.62162162,,,,9,,,,,,2025-06-30,2025-06-30
"publico pucon 1","Video pareja dcto","campaña ventas HotBoat",2025-06-30,"Araucanía Region",1698,2240,1.31919906,CLP,5387,"7 días tras clic, 1 día tras visualización o 1 día tras visualización activa",20,2.14285714,112.22916667,2404.91071429,,,,687,,,,,,2025-06-30,2025-06-30
"Test Publicos : Temuco","Video Lluvia","campaña ventas HotBoat",2025-06-30,"Araucanía Region",37,39,1.05405405,CLP,33,"7 días tras clic, 1 día tras visualización o 1 día tras visualización activa",1,2.56410256,33,846.15384615,,,,7,,,,,,2025-06-30,2025-06-30
"publico advantage","Video Lluvia","campaña ventas HotBoat",2025-06-30,"Los Ríos Region",1,1,1,CLP,19,"7 días tras clic o 1 día tras visualización",,0,0,19000,,,,,,,,,,2025-06-30,2025-06-30
"publico advantage","Video explicando servicio corto","campaña ventas HotBoat",2025-06-29,"Magallanes y la Antártica Chilena Region",20,21,1.05,CLP,13,"7 días tras clic o 1 día tras visualización",,4.76190476,13,619.04761905,,,,6,,,,,,2025-06-29,2025-06-29
"publico advantage","Video explicando servicio corto","campaña ventas HotBoat",2025-06-29,"Antofagasta Region",51,60,1.17647059,CLP,90,"7 días tras clic o 1 día tras visualización",2,3.33333333,45,1500,,,,15,,,,,,2025-06-29,2025-06-29
"publico advantage","Video explicando servicio corto","campaña ventas HotBoat",2025-06-29,"Los Lagos Region",189,222,1.17460317,CLP,197,"7 días tras clic o 1 día tras visualización",5,6.75675676,13.13333333,887.38738739,,,,73,,,,,,2025-06-29,2025-06-29
"publico advantage","Video explicando servicio corto","campaña ventas HotBoat",2025-06-29,"O'Higgins Region",76,86,1.13157895,CLP,71,"7 días tras clic o 1 día tras visualización",,1.1627907,71,825.58139535,,,,31,,,,,,2025-06-29,2025-06-29
"publico advantage","Video explicando servicio corto","campaña ventas HotBoat",2025-06-29,"Coquimbo Region",54,57,1.05555556,CLP,68,"7 días tras clic o 1 día tras visualización",,3.50877193,34,1192.98245614,,,,23,,,,,,2025-06-29,2025-06-29
"publico advantage","Video explicando servicio corto","campaña ventas HotBoat",2025-06-29,"Bío Bío Region",137,150,1.09489051,CLP,159,"7 días tras clic o 1 día tras visualización",5,11.33333333,9.35294118,1060,,,,71,,,,,,2025-06-29,2025-06-29
"publico advantage","Video explicando servicio corto","campaña ventas HotBoat",2025-06-29,"Atacama Region",12,13,1.08333333,CLP,18,"7 días tras clic o 1 día tras visualización",1,7.69230769,18,1384.61538462,,,,6,,,,,,2025-06-29,2025-06-29
"publico advantage","Video explicando servicio corto","campaña ventas HotBoat",2025-06-29,"Araucanía Region",148,161,1.08783784,CLP,142,"7 días tras clic o 1 día tras visualización",4,8.07453416,10.92307692,881.98757764,,,,53,,,,,,2025-06-29,2025-06-29
"publico advantage","Video parejas dcto","campaña ventas HotBoat",2025-06-29,"Los Ríos Region",1,1,1,CLP,2,"7 días tras clic o 1 día tras visualización",,0,0,2000,,,,,,,,,,2025-06-29,2025-06-29
"publico advantage","Video explicando servicio corto","campaña ventas HotBoat",2025-06-29,"Aysén Region",6,6,1,CLP,5,"7 días tras clic o 1 día tras visualización",,16.66666667,5,833.33333333,,,,2,,,,,,2025-06-29,2025-06-29
"publico advantage","Video explicando servicio corto","campaña ventas HotBoat",2025-06-29,"Valparaíso Region",133,150,1.12781955,CLP,164,"7 días tras clic o 1 día tras visualización",5,5.33333333,20.5,1093.33333333,,,,51,,,,,,2025-06-29,2025-06-29
"publico advantage","Video explicando servicio corto","campaña ventas HotBoat",2025-06-29,"Arica y Parinacota Region",7,7,1,CLP,4,"7 días tras clic o 1 día tras visualización",,0,0,571.42857143,,,,2,,,,,,2025-06-29,2025-06-29
"publico advantage","Video explicando servicio corto","campaña ventas HotBoat",2025-06-29,"Los Ríos Region",55,62,1.12727273,CLP,38,"7 días tras clic o 1 día tras visualización",3,6.4516129,9.5,612.90322581,,,,20,,,,,,2025-06-29,2025-06-29
"publico advantage","Video parejas dcto","campaña ventas HotBoat",2025-06-29,"Santiago Metropolitan Region",3,5,1.66666667,CLP,3,"7 días tras clic o 1 día tras visualización",,0,0,600,,,,,,,,,,2025-06-29,2025-06-29
"publico pucon 1","Video explicando servicio corto","campaña ventas HotBoat",2025-06-29,"Araucanía Region",244,303,1.24180328,CLP,432,"7 días tras clic, 1 día tras visualización o 1 día tras visualización activa",6,2.97029703,48,1425.74257426,,,,93,,,,,,2025-06-29,2025-06-29
"publico pucon 1","Video explicando servicio corto","campaña ventas HotBoat",2025-06-29,"Los Ríos Region",4,5,1.25,CLP,5,"7 días tras clic, 1 día tras visualización o 1 día tras visualización activa",,0,0,1000,,,,1,,,,,,2025-06-29,2025-06-29
"publico advantage","Video explicando servicio corto","campaña ventas HotBoat",2025-06-29,"Santiago Metropolitan Region",515,578,1.1223301,CLP,691,"7 días tras clic o 1 día tras visualización",10,5.01730104,23.82758621,1195.5017301,,,,215,,,,,,2025-06-29,2025-06-29
"publico advantage","Video explicando servicio corto","campaña ventas HotBoat",2025-06-29,"Maule Region",99,106,1.07070707,CLP,79,"7 días tras clic o 1 día tras visualización",2,4.71698113,15.8,745.28301887,,,,42,,,,,,2025-06-29,2025-06-29
"publico concepcion","Video explicando servicio corto","campaña ventas HotBoat",2025-06-29,Unknown,1,1,1,CLP,1,"7 días tras clic, 1 día tras visualización o 1 día tras visualización activa",,0,0,1000,,,,,,,,,,2025-06-29,2025-06-29
"publico advantage","Video explicando servicio corto","campaña ventas HotBoat",2025-06-29,"Tarapacá Region",9,11,1.22222222,CLP,8,"7 días tras clic o 1 día tras visualización",,0,0,727.27272727,,,,2,,,,,,2025-06-29,2025-06-29
"publico advantage","Video Lluvia","campaña ventas HotBoat",2025-06-29,"Coquimbo Region",1,1,1,CLP,5,"7 días tras clic o 1 día tras visualización",,0,0,5000,,,,,,,,,,2025-06-29,2025-06-29
"Test Publicos : Temuco","Video parejas amor","campaña ventas HotBoat",2025-06-29,"Araucanía Region",1018,1203,1.18172888,CLP,2095,"7 días tras clic, 1 día tras visualización o 1 día tras visualización activa",13,1.99501247,87.29166667,1741.47963425,,,,382,,,,,,2025-06-29,2025-06-29
"publico pucon 1","Video Viral TikTok","campaña ventas HotBoat - Lluvia",2025-06-29,"Los Ríos Region",77,85,1.1038961,CLP,65,"7 días tras clic, 1 día tras visualización o 1 día tras visualización activa",3,5.88235294,13,764.70588235,,,,26,,,,,,2025-06-29,2025-06-29
"publico pucon 1","Video Lluvia","campaña ventas HotBoat - Lluvia",2025-06-29,"Araucanía Region",1776,2325,1.30912162,CLP,4042,"7 días tras clic, 1 día tras visualización o 1 día tras visualización activa",28,3.05376344,56.92957746,1738.49462366,,,,527,,,,,,2025-06-29,2025-06-29
"publico pucon 1","Video Lluvia","campaña ventas HotBoat - Lluvia",2025-06-29,"Los Ríos Region",35,38,1.08571429,CLP,37,"7 días tras clic, 1 día tras visualización o 1 día tras visualización activa",1,21.05263158,4.625,973.68421053,,,,16,,,,,,2025-06-29,2025-06-29
"publico advantage","Video Lluvia","campaña ventas HotBoat",2025-06-29,"Santiago Metropolitan Region",2,5,2.5,CLP,2,"7 días tras clic o 1 día tras visualización",,0,0,400,,,,,,,,,,2025-06-29,2025-06-29
"publico advantage","Video Lluvia","campaña ventas HotBoat",2025-06-29,"Maule Region",2,2,1,CLP,0,"7 días tras clic o 1 día tras visualización",,0,0,0,,,,2,,,,,,2025-06-29,2025-06-29
"publico advantage","Video Lluvia","campaña ventas HotBoat",2025-06-29,"Los Lagos Region",1,1,1,CLP,2,"7 días tras clic o 1 día tras visualización",,0,0,2000,,,,1,,,,,,2025-06-29,2025-06-29
"publico pucon 1","Video Viral TikTok","campaña ventas HotBoat - Lluvia",2025-06-29,"Araucanía Region",3553,4119,1.159302,CLP,4344,"7 días tras clic, 1 día tras visualización o 1 día tras visualización activa",68,3.95727118,26.65030675,1054.62490896,,,,1353,,,,,,2025-06-29,2025-06-29
"publico advantage","Video Lluvia","campaña ventas HotBoat",2025-06-29,"Bío Bío Region",1,1,1,CLP,1,"7 días tras clic o 1 día tras visualización",,0,0,1000,,,,,,,,,,2025-06-29,2025-06-29
"publico advantage","Video Lluvia","campaña ventas HotBoat",2025-06-29,"Valparaíso Region",1,1,1,CLP,0,"7 días tras clic o 1 día tras visualización",,0,0,0,,,,1,,,,,,2025-06-29,2025-06-29
"Test Publicos : Temuco","Video Lluvia","campaña ventas HotBoat",2025-06-29,"Araucanía Region",37,40,1.08108108,CLP,53,"7 días tras clic, 1 día tras visualización o 1 día tras visualización activa",,0,0,1325,,,,5,,,,,,2025-06-29,2025-06-29
"publico pucon 1","Video pareja dcto","campaña ventas HotBoat",2025-06-29,"Araucanía Region",1815,2411,1.32837466,CLP,4927,"7 días tras clic, 1 día tras visualización o 1 día tras visualización activa",25,1.99087516,102.64583333,2043.55039403,,,,717,,,,,,2025-06-29,2025-06-29
"publico pucon 1","Video pareja dcto","campaña ventas HotBoat",2025-06-29,"Los Ríos Region",23,34,1.47826087,CLP,44,"7 días tras clic, 1 día tras visualización o 1 día tras visualización activa",1,2.94117647,44,1294.11764706,,,,10,,,,,,2025-06-29,2025-06-29
"publico concepcion","Video explicando servicio corto","campaña ventas HotBoat",2025-06-29,"Bío Bío Region",2103,2348,1.11650024,CLP,2059,"7 días tras clic, 1 día tras visualización o 1 día tras visualización activa",34,4.04599659,21.67368421,876.9165247,,,,842,,,,,,2025-06-29,2025-06-29
"publico valdivia","Video explicando servicio corto","campaña ventas HotBoat",2025-06-29,"Los Ríos Region",2101,2346,1.11661114,CLP,2035,"7 días tras clic, 1 día tras visualización o 1 día tras visualización activa",39,4.21994885,20.55555556,867.43393009,,,,828,,,,,,2025-06-29,2025-06-29
"publico advantage","Video Lluvia","campaña ventas HotBoat",2025-06-29,"Araucanía Region",1,1,1,CLP,1,"7 días tras clic o 1 día tras visualización",,0,0,1000,,,,1,,,,,,2025-06-29,2025-06-29
"publico advantage","Video explicando servicio corto","campaña ventas HotBoat",2025-06-28,"Antofagasta Region",37,38,1.02702703,CLP,41,"7 días tras clic o 1 día tras visualización",1,2.63157895,41,1078.94736842,,,,9,,,,,,2025-06-28,2025-06-28
"publico advantage","Video explicando servicio corto","campaña ventas HotBoat",2025-06-28,"Magallanes y la Antártica Chilena Region",11,15,1.36363636,CLP,28,"7 días tras clic o 1 día tras visualización",1,20,9.33333333,1866.66666667,,,,3,,,,,,2025-06-28,2025-06-28
"publico advantage","Video explicando servicio corto","campaña ventas HotBoat",2025-06-28,"Los Lagos Region",124,140,1.12903226,CLP,121,"7 días tras clic o 1 día tras visualización",2,5,17.28571429,864.28571429,,,,48,,,,,,2025-06-28,2025-06-28
"publico advantage","Video explicando servicio corto","campaña ventas HotBoat",2025-06-28,"O'Higgins Region",54,55,1.01851852,CLP,37,"7 días tras clic o 1 día tras visualización",1,3.63636364,18.5,672.72727273,,,,15,,,,,,2025-06-28,2025-06-28
"publico advantage","Video explicando servicio corto","campaña ventas HotBoat",2025-06-28,"Coquimbo Region",37,44,1.18918919,CLP,67,"7 días tras clic o 1 día tras visualización",1,2.27272727,67,1522.72727273,,,,16,,,,,,2025-06-28,2025-06-28
"publico advantage","Video explicando servicio corto","campaña ventas HotBoat",2025-06-28,"Bío Bío Region",91,115,1.26373626,CLP,259,"7 días tras clic o 1 día tras visualización",1,3.47826087,64.75,2252.17391304,,,,34,,,,,,2025-06-28,2025-06-28
"publico advantage","Video explicando servicio corto","campaña ventas HotBoat",2025-06-28,"Atacama Region",14,15,1.07142857,CLP,23,"7 días tras clic o 1 día tras visualización",,6.66666667,23,1533.33333333,,,,7,,,,,,2025-06-28,2025-06-28
"publico advantage","Video explicando servicio corto","campaña ventas HotBoat",2025-06-28,"Araucanía Region",92,95,1.0326087,CLP,65,"7 días tras clic o 1 día tras visualización",3,6.31578947,10.83333333,684.21052632,,,,37,,,,,,2025-06-28,2025-06-28
"publico pucon 1","Video explicando servicio corto","campaña ventas HotBoat",2025-06-28,"Los Ríos Region",1,1,1,CLP,0,"7 días tras clic, 1 día tras visualización o 1 día tras visualización activa",,0,0,0,,,,,,,,,,2025-06-28,2025-06-28
"publico advantage","Video explicando servicio corto","campaña ventas HotBoat",2025-06-28,"Aysén Region",8,10,1.25,CLP,22,"7 días tras clic o 1 día tras visualización",,0,0,2200,,,,5,,,,,,2025-06-28,2025-06-28
"publico advantage","Video explicando servicio corto","campaña ventas HotBoat",2025-06-28,"Valparaíso Region",99,109,1.1010101,CLP,118,"7 días tras clic o 1 día tras visualización",6,8.25688073,13.11111111,1082.56880734,,,,38,,,,,,2025-06-28,2025-06-28
"publico advantage","Video explicando servicio corto","campaña ventas HotBoat",2025-06-28,"Arica y Parinacota Region",7,7,1,CLP,5,"7 días tras clic o 1 día tras visualización",,0,0,714.28571429,,,,4,,,,,,2025-06-28,2025-06-28
"publico advantage","Video explicando servicio corto","campaña ventas HotBoat",2025-06-28,"Los Ríos Region",49,54,1.10204082,CLP,62,"7 días tras clic o 1 día tras visualización",,5.55555556,20.66666667,1148.14814815,,,,13,,,,,,2025-06-28,2025-06-28
"publico advantage","Video parejas amor","campaña ventas HotBoat",2025-06-28,"Santiago Metropolitan Region",3,3,1,CLP,3,"7 días tras clic o 1 día tras visualización",,0,0,1000,,,,1,,,,,,2025-06-28,2025-06-28
"publico advantage","Video parejas dcto","campaña ventas HotBoat",2025-06-28,"Santiago Metropolitan Region",1,1,1,CLP,1,"7 días tras clic o 1 día tras visualización",,0,0,1000,,,,,,,,,,2025-06-28,2025-06-28
"publico advantage","Video parejas dcto","campaña ventas HotBoat",2025-06-28,"Bío Bío Region",2,2,1,CLP,1,"7 días tras clic o 1 día tras visualización",,0,0,500,,,,2,,,,,,2025-06-28,2025-06-28
"publico pucon 1","Video explicando servicio corto","campaña ventas HotBoat",2025-06-28,"Araucanía Region",131,159,1.21374046,CLP,193,"7 días tras clic, 1 día tras visualización o 1 día tras visualización activa",4,2.51572327,48.25,1213.83647799,,,,49,,,,,,2025-06-28,2025-06-28
"publico advantage","Video explicando servicio corto","campaña ventas HotBoat",2025-06-28,"Santiago Metropolitan Region",388,428,1.10309278,CLP,514,"7 días tras clic o 1 día tras visualización",6,3.73831776,32.125,1200.93457944,,,,152,,,,,,2025-06-28,2025-06-28
"publico advantage","Video explicando servicio corto","campaña ventas HotBoat",2025-06-28,"Maule Region",70,78,1.11428571,CLP,72,"7 días tras clic o 1 día tras visualización",,0,0,923.07692308,,,,27,,,,,,2025-06-28,2025-06-28
"publico advantage","Video Lluvia","campaña ventas HotBoat",2025-06-28,"Santiago Metropolitan Region",3,3,1,CLP,9,"7 días tras clic o 1 día tras visualización",,0,0,3000,,,,1,,,,,,2025-06-28,2025-06-28
"publico advantage","Video explicando servicio corto","campaña ventas HotBoat",2025-06-28,"Tarapacá Region",12,12,1,CLP,5,"7 días tras clic o 1 día tras visualización",,0,0,416.66666667,,,,6,,,,,,2025-06-28,2025-06-28
"publico advantage","Video Lluvia","campaña ventas HotBoat",2025-06-28,"Coquimbo Region",2,4,2,CLP,9,"7 días tras clic o 1 día tras visualización",,0,0,2250,,,,1,,,,,,2025-06-28,2025-06-28
"Test Publicos : Temuco","Video parejas amor","campaña ventas HotBoat",2025-06-28,"Araucanía Region",890,1031,1.15842697,CLP,1696,"7 días tras clic, 1 día tras visualización o 1 día tras visualización activa",13,2.71580989,60.57142857,1645.00484966,,,,380,,,,,,2025-06-28,2025-06-28
"publico pucon 1","Video Viral TikTok","campaña ventas HotBoat - Lluvia",2025-06-28,"Araucanía Region",2108,2495,1.18358634,CLP,3439,"7 días tras clic, 1 día tras visualización o 1 día tras visualización activa",40,3.64729459,37.79120879,1378.35671343,,,,761,,,,,,2025-06-28,2025-06-28
"publico pucon 1","Video Viral TikTok","campaña ventas HotBoat - Lluvia",2025-06-28,"Los Ríos Region",30,32,1.06666667,CLP,29,"7 días tras clic, 1 día tras visualización o 1 día tras visualización activa",1,3.125,29,906.25,,,,14,,,,,,2025-06-28,2025-06-28
"publico pucon 1","Video Lluvia","campaña ventas HotBoat - Lluvia",2025-06-28,"Los Ríos Region",24,27,1.125,CLP,32,"7 días tras clic, 1 día tras visualización o 1 día tras visualización activa",1,7.40740741,16,1185.18518519,,,,7,,,,,,2025-06-28,2025-06-28
"publico advantage","Video Lluvia","campaña ventas HotBoat",2025-06-28,"Maule Region",1,1,1,CLP,2,"7 días tras clic o 1 día tras visualización",,0,0,2000,,,,,,,,,,2025-06-28,2025-06-28
"publico advantage","Video Lluvia","campaña ventas HotBoat",2025-06-28,"Magallanes y la Antártica Chilena Region",1,1,1,CLP,1,"7 días tras clic o 1 día tras visualización",,0,0,1000,,,,,,,,,,2025-06-28,2025-06-28
"publico advantage","Video Lluvia","campaña ventas HotBoat",2025-06-28,"Los Lagos Region",2,2,1,CLP,3,"7 días tras clic o 1 día tras visualización",,0,0,1500,,,,1,,,,,,2025-06-28,2025-06-28
"publico pucon 1","Video Lluvia","campaña ventas HotBoat - Lluvia",2025-06-28,"Araucanía Region",1137,1458,1.2823219,CLP,3031,"7 días tras clic, 1 día tras visualización o 1 día tras visualización activa",19,3.22359396,64.4893617,2078.87517147,,,,334,,,,,,2025-06-28,2025-06-28
"publico advantage","Video Lluvia","campaña ventas HotBoat",2025-06-28,"Atacama Region",1,1,1,CLP,1,"7 días tras clic o 1 día tras visualización",,0,0,1000,,,,,,,,,,2025-06-28,2025-06-28
"publico valdivia","Video explicando servicio corto","campaña ventas HotBoat",2025-06-28,"Los Ríos Region",1374,1532,1.11499272,CLP,1503,"7 días tras clic, 1 día tras visualización o 1 día tras visualización activa",41,5.54830287,17.68235294,981.07049608,,,,559,,,,,,2025-06-28,2025-06-28
"publico advantage","Video Lluvia","campaña ventas HotBoat",2025-06-28,"Valparaíso Region",1,1,1,CLP,3,"7 días tras clic o 1 día tras visualización",,0,0,3000,,,,,,,,,,2025-06-28,2025-06-28
"publico advantage","Video Lluvia","campaña ventas HotBoat",2025-06-28,"Los Ríos Region",1,1,1,CLP,0,"7 días tras clic o 1 día tras visualización",,0,0,0,,,,,,,,,,2025-06-28,2025-06-28
"Test Publicos : Temuco","Video Lluvia","campaña ventas HotBoat",2025-06-28,"Araucanía Region",29,31,1.06896552,CLP,37,"7 días tras clic, 1 día tras visualización o 1 día tras visualización activa",1,3.22580645,37,1193.5483871,,,,7,,,,,,2025-06-28,2025-06-28
"publico pucon 1","Video pareja dcto","campaña ventas HotBoat",2025-06-28,"Araucanía Region",1103,1496,1.356301,CLP,3792,"7 días tras clic, 1 día tras visualización o 1 día tras visualización activa",18,2.60695187,97.23076923,2534.75935829,,,,480,,,,,,2025-06-28,2025-06-28
"publico pucon 1","Video pareja dcto","campaña ventas HotBoat",2025-06-28,"Los Ríos Region",22,28,1.27272727,CLP,51,"7 días tras clic, 1 día tras visualización o 1 día tras visualización activa",1,10.71428571,17,1821.42857143,,,,10,,,,,,2025-06-28,2025-06-28
"publico concepcion","Video explicando servicio corto","campaña ventas HotBoat",2025-06-28,"Bío Bío Region",1418,1557,1.09802539,CLP,1592,"7 días tras clic, 1 día tras visualización o 1 día tras visualización activa",21,3.46820809,29.48148148,1022.47912653,,,,555,,,,,,2025-06-28,2025-06-28
"publico advantage","Video Lluvia","campaña ventas HotBoat",2025-06-28,"Araucanía Region",2,2,1,CLP,2,"7 días tras clic o 1 día tras visualización",,0,0,1000,,,,1,,,,,,2025-06-28,2025-06-28
"publico advantage","Video explicando servicio corto","campaña ventas HotBoat",2025-06-27,"Los Ríos Region",56,63,1.125,CLP,40,"7 días tras clic o 1 día tras visualización",,1.58730159,40,634.92063492,,,,18,,,,,,2025-06-27,2025-06-27
"publico advantage","Video explicando servicio corto","campaña ventas HotBoat",2025-06-27,"Arica y Parinacota Region",6,8,1.33333333,CLP,13,"7 días tras clic o 1 día tras visualización",1,37.5,4.33333333,1625,,,,3,,,,,,2025-06-27,2025-06-27
"publico advantage","Video explicando servicio corto","campaña ventas HotBoat",2025-06-27,"Valparaíso Region",81,91,1.12345679,CLP,86,"7 días tras clic o 1 día tras visualización",,1.0989011,86,945.05494505,,,,23,,,,,,2025-06-27,2025-06-27
"publico advantage","Video explicando servicio corto","campaña ventas HotBoat",2025-06-27,"Aysén Region",9,10,1.11111111,CLP,8,"7 días tras clic o 1 día tras visualización",,0,0,800,,,,3,,,,,,2025-06-27,2025-06-27
"publico advantage","Video explicando servicio corto","campaña ventas HotBoat",2025-06-27,"Antofagasta Region",38,43,1.13157895,CLP,62,"7 días tras clic o 1 día tras visualización",1,4.65116279,31,1441.86046512,,,,16,,,,,,2025-06-27,2025-06-27
"publico advantage","Video explicando servicio corto","campaña ventas HotBoat",2025-06-27,"Araucanía Region",72,77,1.06944444,CLP,80,"7 días tras clic o 1 día tras visualización",3,9.09090909,11.42857143,1038.96103896,,,,20,,,,,,2025-06-27,2025-06-27
"publico advantage","Video explicando servicio corto","campaña ventas HotBoat",2025-06-27,"O'Higgins Region",56,61,1.08928571,CLP,46,"7 días tras clic o 1 día tras visualización",,0,0,754.09836066,,,,17,,,,,,2025-06-27,2025-06-27
"publico advantage","Video explicando servicio corto","campaña ventas HotBoat",2025-06-27,"Atacama Region",16,16,1,CLP,11,"7 días tras clic o 1 día tras visualización",,0,0,687.5,,,,3,,,,,,2025-06-27,2025-06-27
"publico advantage","Video explicando servicio corto","campaña ventas HotBoat",2025-06-27,"Bío Bío Region",92,105,1.14130435,CLP,307,"7 días tras clic o 1 día tras visualización",7,8.57142857,34.11111111,2923.80952381,,,,37,,,,,,2025-06-27,2025-06-27
"publico advantage","Video explicando servicio corto","campaña ventas HotBoat",2025-06-27,"Coquimbo Region",35,36,1.02857143,CLP,42,"7 días tras clic o 1 día tras visualización",,8.33333333,14,1166.66666667,,,,15,,,,,,2025-06-27,2025-06-27
"publico advantage","Video explicando servicio corto","campaña ventas HotBoat",2025-06-27,"Los Lagos Region",146,156,1.06849315,CLP,132,"7 días tras clic o 1 día tras visualización",1,2.56410256,33,846.15384615,,,,51,,,,,,2025-06-27,2025-06-27
"publico advantage","Video explicando servicio corto","campaña ventas HotBoat",2025-06-27,"Magallanes y la Antártica Chilena Region",8,8,1,CLP,8,"7 días tras clic o 1 día tras visualización",,0,0,1000,,,,3,,,,,,2025-06-27,2025-06-27
"publico advantage","Video parejas amor","campaña ventas HotBoat",2025-06-27,"Maule Region",1,2,2,CLP,2,"7 días tras clic o 1 día tras visualización",,0,0,1000,,,,,,,,,,2025-06-27,2025-06-27
"publico advantage","Video parejas amor","campaña ventas HotBoat",2025-06-27,"Santiago Metropolitan Region",11,12,1.09090909,CLP,49,"7 días tras clic o 1 día tras visualización",,0,0,4083.33333333,,,,5,,,,,,2025-06-27,2025-06-27
"publico advantage","Video parejas dcto","campaña ventas HotBoat",2025-06-27,"Coquimbo Region",2,2,1,CLP,1,"7 días tras clic o 1 día tras visualización",,0,0,500,,,,2,,,,,,2025-06-27,2025-06-27
"publico pucon 1","Video explicando servicio corto","campaña ventas HotBoat",2025-06-27,Unknown,1,1,1,CLP,0,"7 días tras clic, 1 día tras visualización o 1 día tras visualización activa",,0,0,0,,,,,,,,,,2025-06-27,2025-06-27
"publico advantage","Video parejas amor","campaña ventas HotBoat",2025-06-27,"O'Higgins Region",6,6,1,CLP,29,"7 días tras clic o 1 día tras visualización",,0,0,4833.33333333,,,,2,,,,,,2025-06-27,2025-06-27
"publico advantage","Video parejas amor","campaña ventas HotBoat",2025-06-27,"Coquimbo Region",1,1,1,CLP,1,"7 días tras clic o 1 día tras visualización",,100,1,1000,,,,1,,,,,,2025-06-27,2025-06-27
"publico advantage","Video parejas amor","campaña ventas HotBoat",2025-06-27,"Bío Bío Region",3,3,1,CLP,2,"7 días tras clic o 1 día tras visualización",,0,0,666.66666667,,,,1,,,,,,2025-06-27,2025-06-27
"publico advantage","Video parejas amor","campaña ventas HotBoat",2025-06-27,"Araucanía Region",3,4,1.33333333,CLP,4,"7 días tras clic o 1 día tras visualización",,0,0,1000,,,,1,,,,,,2025-06-27,2025-06-27
"publico advantage","Video parejas amor","campaña ventas HotBoat",2025-06-27,"Antofagasta Region",1,2,2,CLP,2,"7 días tras clic o 1 día tras visualización",,0,0,1000,,,,,,,,,,2025-06-27,2025-06-27
"publico advantage","Video parejas amor","campaña ventas HotBoat",2025-06-27,"Los Ríos Region",2,2,1,CLP,2,"7 días tras clic o 1 día tras visualización",,0,0,1000,,,,1,,,,,,2025-06-27,2025-06-27
"publico advantage","Video parejas dcto","campaña ventas HotBoat",2025-06-27,"Santiago Metropolitan Region",5,5,1,CLP,11,"7 días tras clic o 1 día tras visualización",,0,0,2200,,,,,,,,,,2025-06-27,2025-06-27
"publico advantage","Video parejas dcto","campaña ventas HotBoat",2025-06-27,"Los Lagos Region",1,1,1,CLP,1,"7 días tras clic o 1 día tras visualización",,0,0,1000,,,,,,,,,,2025-06-27,2025-06-27
"publico advantage","Video parejas dcto","campaña ventas HotBoat",2025-06-27,"Bío Bío Region",1,1,1,CLP,1,"7 días tras clic o 1 día tras visualización",,0,0,1000,,,,,,,,,,2025-06-27,2025-06-27
"publico advantage","Video parejas dcto","campaña ventas HotBoat",2025-06-27,"Aysén Region",1,1,1,CLP,1,"7 días tras clic o 1 día tras visualización",,0,0,1000,,,,1,,,,,,2025-06-27,2025-06-27
"publico advantage","Video parejas dcto","campaña ventas HotBoat",2025-06-27,"Arica y Parinacota Region",1,1,1,CLP,5,"7 días tras clic o 1 día tras visualización",,0,0,5000,,,,,,,,,,2025-06-27,2025-06-27
"publico pucon 1","Video explicando servicio corto","campaña ventas HotBoat",2025-06-27,"Araucanía Region",1157,1353,1.16940363,CLP,2167,"7 días tras clic, 1 día tras visualización o 1 día tras visualización activa",31,4.80413895,33.33846154,1601.62601626,,,,460,,,,,,2025-06-27,2025-06-27
"publico pucon 1","Video explicando servicio corto","campaña ventas HotBoat",2025-06-27,"Los Ríos Region",32,38,1.1875,CLP,31,"7 días tras clic, 1 día tras visualización o 1 día tras visualización activa",1,5.26315789,15.5,815.78947368,,,,14,,,,,,2025-06-27,2025-06-27
"publico advantage","Video explicando servicio corto","campaña ventas HotBoat",2025-06-27,"Santiago Metropolitan Region",299,321,1.0735786,CLP,458,"7 días tras clic o 1 día tras visualización",4,6.2305296,22.9,1426.79127726,,,,137,,,,,,2025-06-27,2025-06-27
"publico advantage","Video explicando servicio corto","campaña ventas HotBoat",2025-06-27,"Maule Region",63,70,1.11111111,CLP,392,"7 días tras clic o 1 día tras visualización",2,4.28571429,130.66666667,5600,,,,27,,,,,,2025-06-27,2025-06-27
"publico advantage","Video parejas amor","campaña ventas HotBoat",2025-06-27,"Los Lagos Region",3,3,1,CLP,2,"7 días tras clic o 1 día tras visualización",,0,0,666.66666667,,,,1,,,,,,2025-06-27,2025-06-27
"publico advantage","Video explicando servicio corto","campaña ventas HotBoat",2025-06-27,"Tarapacá Region",8,8,1,CLP,3,"7 días tras clic o 1 día tras visualización",,12.5,3,375,,,,4,,,,,,2025-06-27,2025-06-27
"publico advantage","Video Lluvia","campaña ventas HotBoat",2025-06-27,"Araucanía Region",15,18,1.2,CLP,32,"7 días tras clic o 1 día tras visualización",,5.55555556,32,1777.77777778,,,,3,,,,,,2025-06-27,2025-06-27
"publico pucon 1","Video Viral TikTok","campaña ventas HotBoat - Lluvia",2025-06-27,"Araucanía Region",1684,2005,1.19061758,CLP,3584,"7 días tras clic, 1 día tras visualización o 1 día tras visualización activa",38,4.03990025,44.24691358,1787.53117207,,,,604,,,,,,2025-06-27,2025-06-27
"publico pucon 1","Video Viral TikTok","campaña ventas HotBoat - Lluvia",2025-06-27,"Los Ríos Region",45,55,1.22222222,CLP,63,"7 días tras clic, 1 día tras visualización o 1 día tras visualización activa",,0,0,1145.45454545,,,,17,,,,,,2025-06-27,2025-06-27
"publico pucon 1","Video Lluvia","campaña ventas HotBoat - Lluvia",2025-06-27,"Araucanía Region",1261,1656,1.31324346,CLP,3607,"7 días tras clic, 1 día tras visualización o 1 día tras visualización activa",30,4.04589372,53.8358209,2178.14009662,,,,374,,,,,,2025-06-27,2025-06-27
"publico pucon 1","Video Lluvia","campaña ventas HotBoat - Lluvia",2025-06-27,"Los Ríos Region",30,36,1.2,CLP,70,"7 días tras clic, 1 día tras visualización o 1 día tras visualización activa",,0,0,1944.44444444,,,,8,,,,,,2025-06-27,2025-06-27
"publico advantage","Video Lluvia","campaña ventas HotBoat",2025-06-27,"Tarapacá Region",3,4,1.33333333,CLP,7,"7 días tras clic o 1 día tras visualización",,0,0,1750,,,,1,,,,,,2025-06-27,2025-06-27
"publico advantage","Video Lluvia","campaña ventas HotBoat",2025-06-27,"Santiago Metropolitan Region",89,104,1.16853933,CLP,250,"7 días tras clic o 1 día tras visualización",1,7.69230769,31.25,2403.84615385,,,,37,,,,,,2025-06-27,2025-06-27
"publico advantage","Video Lluvia","campaña ventas HotBoat",2025-06-27,"Maule Region",27,30,1.11111111,CLP,27,"7 días tras clic o 1 día tras visualización",1,3.33333333,27,900,,,,10,,,,,,2025-06-27,2025-06-27
"publico advantage","Video Lluvia","campaña ventas HotBoat",2025-06-27,"Magallanes y la Antártica Chilena Region",4,4,1,CLP,3,"7 días tras clic o 1 día tras visualización",,25,3,750,,,,1,,,,,,2025-06-27,2025-06-27
"publico advantage","Video Lluvia","campaña ventas HotBoat",2025-06-27,"Los Lagos Region",41,54,1.31707317,CLP,83,"7 días tras clic o 1 día tras visualización",,3.7037037,41.5,1537.03703704,,,,11,,,,,,2025-06-27,2025-06-27
"publico advantage","Video Lluvia","campaña ventas HotBoat",2025-06-27,"O'Higgins Region",15,15,1,CLP,38,"7 días tras clic o 1 día tras visualización",1,6.66666667,38,2533.33333333,,,,7,,,,,,2025-06-27,2025-06-27
"publico advantage","Video Lluvia","campaña ventas HotBoat",2025-06-27,"Coquimbo Region",7,8,1.14285714,CLP,11,"7 días tras clic o 1 día tras visualización",,0,0,1375,,,,4,,,,,,2025-06-27,2025-06-27
"publico advantage","Video Lluvia","campaña ventas HotBoat",2025-06-27,"Bío Bío Region",31,33,1.06451613,CLP,43,"7 días tras clic o 1 día tras visualización",,0,0,1303.03030303,,,,4,,,,,,2025-06-27,2025-06-27
"publico advantage","Video Lluvia","campaña ventas HotBoat",2025-06-27,"Atacama Region",5,9,1.8,CLP,22,"7 días tras clic o 1 día tras visualización",,0,0,2444.44444444,,,,3,,,,,,2025-06-27,2025-06-27
"Test Publicos : Temuco","Video pareja dcto","campaña ventas HotBoat",2025-06-27,"Araucanía Region",33,34,1.03030303,CLP,40,"7 días tras clic, 1 día tras visualización o 1 día tras visualización activa",,5.88235294,20,1176.47058824,,,,16,,,,,,2025-06-27,2025-06-27
"publico advantage","Video Lluvia","campaña ventas HotBoat",2025-06-27,"Antofagasta Region",10,13,1.3,CLP,44,"7 días tras clic o 1 día tras visualización",,0,0,3384.61538462,,,,4,,,,,,2025-06-27,2025-06-27
"publico concepcion","Video parejas amor","campaña ventas HotBoat",2025-06-27,"Bío Bío Region",34,34,1,CLP,47,"7 días tras clic, 1 día tras visualización o 1 día tras visualización activa",,2.94117647,47,1382.35294118,,,,12,,,,,,2025-06-27,2025-06-27
"publico advantage","Video Lluvia","campaña ventas HotBoat",2025-06-27,"Valparaíso Region",24,27,1.125,CLP,50,"7 días tras clic o 1 día tras visualización",,3.7037037,50,1851.85185185,,,,6,,,,,,2025-06-27,2025-06-27
"publico valdivia","Video explicando servicio corto","campaña ventas HotBoat",2025-06-27,"Los Ríos Region",958,1028,1.07306889,CLP,955,"7 días tras clic, 1 día tras visualización o 1 día tras visualización activa",17,3.69649805,25.13157895,928.98832685,,,,385,,,,,,2025-06-27,2025-06-27
"publico valdivia","Video parejas amor","campaña ventas HotBoat",2025-06-27,"Los Ríos Region",48,49,1.02083333,CLP,84,"7 días tras clic, 1 día tras visualización o 1 día tras visualización activa",1,8.16326531,21,1714.28571429,,,,19,,,,,,2025-06-27,2025-06-27
"publico valdivia","Video pareja dcto","campaña ventas HotBoat",2025-06-27,"Los Ríos Region",1,1,1,CLP,0,"7 días tras clic, 1 día tras visualización o 1 día tras visualización activa",,0,0,0,,,,,,,,,,2025-06-27,2025-06-27
"publico concepcion","Video explicando servicio corto","campaña ventas HotBoat",2025-06-27,"Bío Bío Region",1398,1498,1.07153076,CLP,1333,"7 días tras clic, 1 día tras visualización o 1 día tras visualización activa",24,4.33911883,20.50769231,889.85313752,,,,567,,,,,,2025-06-27,2025-06-27
"Test Publicos : Temuco","Video parejas amor","campaña ventas HotBoat",2025-06-27,"Araucanía Region",518,593,1.14478764,CLP,1154,"7 días tras clic, 1 día tras visualización o 1 día tras visualización activa",6,2.52951096,76.93333333,1946.03709949,,,,213,,,,,,2025-06-27,2025-06-27
"publico pucon 1","Video pareja dcto","campaña ventas HotBoat",2025-06-27,"Los Ríos Region",10,10,1,CLP,14,"7 días tras clic, 1 día tras visualización o 1 día tras visualización activa",,0,0,1400,,,,4,,,,,,2025-06-27,2025-06-27
"Test Publicos : Temuco","Video Lluvia","campaña ventas HotBoat",2025-06-27,"Araucanía Region",628,685,1.09076433,CLP,942,"7 días tras clic, 1 día tras visualización o 1 día tras visualización activa",10,2.91970803,47.1,1375.18248175,,,,178,,,,,,2025-06-27,2025-06-27
"publico concepcion","Video Lluvia","campaña ventas HotBoat",2025-06-27,"Bío Bío Region",381,427,1.12073491,CLP,805,"7 días tras clic, 1 día tras visualización o 1 día tras visualización activa",4,2.81030445,67.08333333,1885.24590164,,,,137,,,,,,2025-06-27,2025-06-27
"publico valdivia","Video Lluvia","campaña ventas HotBoat",2025-06-27,"Los Ríos Region",690,819,1.18695652,CLP,1308,"7 días tras clic, 1 día tras visualización o 1 día tras visualización activa",14,4.51770452,35.35135135,1597.06959707,,,,222,,,,,,2025-06-27,2025-06-27
"publico advantage","Video Lluvia","campaña ventas HotBoat",2025-06-27,"Los Ríos Region",7,8,1.14285714,CLP,6,"7 días tras clic o 1 día tras visualización",,0,0,750,,,,2,,,,,,2025-06-27,2025-06-27
"publico pucon 1","Video pareja dcto","campaña ventas HotBoat",2025-06-27,"Araucanía Region",569,741,1.30228471,CLP,1973,"7 días tras clic, 1 día tras visualización o 1 día tras visualización activa",9,2.56410256,103.84210526,2662.61808367,,,,229,,,,,,2025-06-27,2025-06-27
"publico advantage","Video Lluvia","campaña ventas HotBoat",2025-06-27,"Arica y Parinacota Region",4,6,1.5,CLP,24,"7 días tras clic o 1 día tras visualización",,0,0,4000,,,,2,,,,,,2025-06-27,2025-06-27
"publico advantage","Video parejas amor","campaña ventas HotBoat",2025-06-26,"Los Lagos Region",41,55,1.34146341,CLP,102,"7 días tras clic o 1 día tras visualización",,0,0,1854.54545455,,,,24,,,,,,2025-06-26,2025-06-26
"publico advantage","Video parejas amor","campaña ventas HotBoat",2025-06-26,"Atacama Region",6,7,1.16666667,CLP,12,"7 días tras clic o 1 día tras visualización",2,28.57142857,6,1714.28571429,,,,4,,,,,,2025-06-26,2025-06-26
"publico advantage","Video parejas amor","campaña ventas HotBoat",2025-06-26,"Bío Bío Region",21,26,1.23809524,CLP,39,"7 días tras clic o 1 día tras visualización",1,7.69230769,19.5,1500,,,,10,,,,,,2025-06-26,2025-06-26
"publico advantage","Video parejas amor","campaña ventas HotBoat",2025-06-26,"Coquimbo Region",15,15,1,CLP,20,"7 días tras clic o 1 día tras visualización",,6.66666667,20,1333.33333333,,,,8,,,,,,2025-06-26,2025-06-26
"publico advantage","Video parejas amor","campaña ventas HotBoat",2025-06-26,"O'Higgins Region",15,21,1.4,CLP,34,"7 días tras clic o 1 día tras visualización",,0,0,1619.04761905,,,,9,,,,,,2025-06-26,2025-06-26
"publico advantage","Video explicando servicio corto","campaña ventas HotBoat",2025-06-26,"Los Ríos Region",75,81,1.08,CLP,57,"7 días tras clic o 1 día tras visualización",2,6.17283951,11.4,703.7037037,,,,25,,,,,,2025-06-26,2025-06-26
"publico advantage","Video parejas amor","campaña ventas HotBoat",2025-06-26,"Magallanes y la Antártica Chilena Region",2,5,2.5,CLP,6,"7 días tras clic o 1 día tras visualización",,0,0,1200,,,,,,,,,,2025-06-26,2025-06-26
"publico advantage","Video parejas amor","campaña ventas HotBoat",2025-06-26,"Maule Region",25,29,1.16,CLP,42,"7 días tras clic o 1 día tras visualización",1,10.34482759,14,1448.27586207,,,,11,,,,,,2025-06-26,2025-06-26
"publico advantage","Video parejas amor","campaña ventas HotBoat",2025-06-26,"Santiago Metropolitan Region",94,109,1.15957447,CLP,208,"7 días tras clic o 1 día tras visualización",1,4.58715596,41.6,1908.25688073,,,,37,,,,,,2025-06-26,2025-06-26
"publico advantage","Video explicando servicio corto","campaña ventas HotBoat",2025-06-26,"Arica y Parinacota Region",8,9,1.125,CLP,10,"7 días tras clic o 1 día tras visualización",1,11.11111111,10,1111.11111111,,,,6,,,,,,2025-06-26,2025-06-26
"publico advantage","Video explicando servicio corto","campaña ventas HotBoat",2025-06-26,"Valparaíso Region",88,96,1.09090909,CLP,77,"7 días tras clic o 1 día tras visualización",7,8.33333333,9.625,802.08333333,,,,44,,,,,,2025-06-26,2025-06-26
"publico advantage","Video explicando servicio corto","campaña ventas HotBoat",2025-06-26,"Aysén Region",13,13,1,CLP,5,"7 días tras clic o 1 día tras visualización",,7.69230769,5,384.61538462,,,,3,,,,,,2025-06-26,2025-06-26
"publico advantage","Video parejas amor","campaña ventas HotBoat",2025-06-26,"Antofagasta Region",12,16,1.33333333,CLP,83,"7 días tras clic o 1 día tras visualización",,0,0,5187.5,,,,3,,,,,,2025-06-26,2025-06-26
"publico advantage","Video parejas amor","campaña ventas HotBoat",2025-06-26,"Araucanía Region",19,22,1.15789474,CLP,19,"7 días tras clic o 1 día tras visualización",,0,0,863.63636364,,,,6,,,,,,2025-06-26,2025-06-26
"publico advantage","Video parejas dcto","campaña ventas HotBoat",2025-06-26,"O'Higgins Region",2,3,1.5,CLP,2,"7 días tras clic o 1 día tras visualización",,0,0,666.66666667,,,,1,,,,,,2025-06-26,2025-06-26
"publico advantage","Video parejas amor","campaña ventas HotBoat",2025-06-26,"Aysén Region",1,1,1,CLP,1,"7 días tras clic o 1 día tras visualización",,0,0,1000,,,,1,,,,,,2025-06-26,2025-06-26
"publico advantage","Video parejas amor","campaña ventas HotBoat",2025-06-26,"Valparaíso Region",22,26,1.18181818,CLP,50,"7 días tras clic o 1 día tras visualización",,0,0,1923.07692308,,,,7,,,,,,2025-06-26,2025-06-26
"publico advantage","Video parejas amor","campaña ventas HotBoat",2025-06-26,"Arica y Parinacota Region",1,1,1,CLP,4,"7 días tras clic o 1 día tras visualización",,0,0,4000,,,,1,,,,,,2025-06-26,2025-06-26
"publico advantage","Video parejas amor","campaña ventas HotBoat",2025-06-26,"Los Ríos Region",8,9,1.125,CLP,6,"7 días tras clic o 1 día tras visualización",,0,0,666.66666667,,,,2,,,,,,2025-06-26,2025-06-26
"publico advantage","Video parejas dcto","campaña ventas HotBoat",2025-06-26,"Santiago Metropolitan Region",10,11,1.1,CLP,16,"7 días tras clic o 1 día tras visualización",,9.09090909,16,1454.54545455,,,,5,,,,,,2025-06-26,2025-06-26
"publico advantage","Video parejas dcto","campaña ventas HotBoat",2025-06-26,"Magallanes y la Antártica Chilena Region",1,1,1,CLP,1,"7 días tras clic o 1 día tras visualización",,0,0,1000,,,,1,,,,,,2025-06-26,2025-06-26
"publico advantage","Video parejas dcto","campaña ventas HotBoat",2025-06-26,"Los Lagos Region",8,8,1,CLP,14,"7 días tras clic o 1 día tras visualización",,0,0,1750,,,,4,,,,,,2025-06-26,2025-06-26
"publico advantage","Video parejas dcto","campaña ventas HotBoat",2025-06-26,"Coquimbo Region",1,1,1,CLP,1,"7 días tras clic o 1 día tras visualización",,0,0,1000,,,,,,,,,,2025-06-26,2025-06-26
"publico advantage","Video parejas dcto","campaña ventas HotBoat",2025-06-26,"Bío Bío Region",4,4,1,CLP,3,"7 días tras clic o 1 día tras visualización",,0,0,750,,,,2,,,,,,2025-06-26,2025-06-26
"publico advantage","Video parejas dcto","campaña ventas HotBoat",2025-06-26,"Araucanía Region",3,3,1,CLP,3,"7 días tras clic o 1 día tras visualización",,0,0,1000,,,,,,,,,,2025-06-26,2025-06-26
"publico advantage","Video parejas dcto","campaña ventas HotBoat",2025-06-26,"Antofagasta Region",1,1,1,CLP,0,"7 días tras clic o 1 día tras visualización",,0,0,0,,,,,,,,,,2025-06-26,2025-06-26
"publico advantage","Video parejas dcto","campaña ventas HotBoat",2025-06-26,"Valparaíso Region",6,7,1.16666667,CLP,9,"7 días tras clic o 1 día tras visualización",,14.28571429,9,1285.71428571,,,,4,,,,,,2025-06-26,2025-06-26
"publico pucon 1","Video explicando servicio corto","campaña ventas HotBoat",2025-06-26,"Araucanía Region",2471,3113,1.25981384,CLP,4345,"7 días tras clic, 1 día tras visualización o 1 día tras visualización activa",91,5.87857372,23.7431694,1395.75971731,,,,1060,,,,,,2025-06-26,2025-06-26
"publico pucon 1","Video explicando servicio corto","campaña ventas HotBoat",2025-06-26,"Los Ríos Region",56,70,1.25,CLP,86,"7 días tras clic, 1 día tras visualización o 1 día tras visualización activa",3,5.71428571,21.5,1228.57142857,,,,27,,,,,,2025-06-26,2025-06-26
"publico advantage","Video explicando servicio corto","campaña ventas HotBoat",2025-06-26,"Araucanía Region",141,148,1.04964539,CLP,123,"7 días tras clic o 1 día tras visualización",2,3.37837838,24.6,831.08108108,,,,56,,,,,,2025-06-26,2025-06-26
"publico advantage","Video explicando servicio corto","campaña ventas HotBoat",2025-06-26,"Antofagasta Region",34,37,1.08823529,CLP,36,"7 días tras clic o 1 día tras visualización",2,13.51351351,7.2,972.97297297,,,,19,,,,,,2025-06-26,2025-06-26
"publico advantage","Video explicando servicio corto","campaña ventas HotBoat",2025-06-26,"Atacama Region",19,20,1.05263158,CLP,11,"7 días tras clic o 1 día tras visualización",1,10,5.5,550,,,,9,,,,,,2025-06-26,2025-06-26
"publico pucon 1","Video Viral TikTok","campaña ventas HotBoat - Lluvia",2025-06-26,"Araucanía Region",1552,2106,1.35695876,CLP,4454,"7 días tras clic, 1 día tras visualización o 1 día tras visualización activa",31,3.41880342,61.86111111,2114.90978158,,,,562,,,,,,2025-06-26,2025-06-26
"publico advantage","Video Lluvia","campaña ventas HotBoat",2025-06-26,"Araucanía Region",9,9,1,CLP,12,"7 días tras clic o 1 día tras visualización",,0,0,1333.33333333,,,,1,,,,,,2025-06-26,2025-06-26
"publico advantage","Video explicando servicio corto","campaña ventas HotBoat",2025-06-26,"Bío Bío Region",150,161,1.07333333,CLP,121,"7 días tras clic o 1 día tras visualización",2,6.21118012,12.1,751.55279503,,,,54,,,,,,2025-06-26,2025-06-26
"publico pucon 1","Video Viral TikTok","campaña ventas HotBoat - Lluvia",2025-06-26,"Los Ríos Region",25,31,1.24,CLP,52,"7 días tras clic, 1 día tras visualización o 1 día tras visualización activa",2,9.67741935,17.33333333,1677.41935484,,,,13,,,,,,2025-06-26,2025-06-26
"publico pucon 1","Video Lluvia","campaña ventas HotBoat - Lluvia",2025-06-26,"Araucanía Region",1679,2197,1.30851697,CLP,4065,"7 días tras clic, 1 día tras visualización o 1 día tras visualización activa",38,3.73236231,49.57317073,1850.25034137,,,,479,,,,,,2025-06-26,2025-06-26
"publico pucon 1","Video Lluvia","campaña ventas HotBoat - Lluvia",2025-06-26,"Los Ríos Region",36,53,1.47222222,CLP,96,"7 días tras clic, 1 día tras visualización o 1 día tras visualización activa",1,11.32075472,16,1811.32075472,,,,14,,,,,,2025-06-26,2025-06-26
"publico pucon 1","Video Lluvia","campaña ventas HotBoat",2025-06-26,"Araucanía Region",18,21,1.16666667,CLP,103,"7 días tras clic, 1 día tras visualización o 1 día tras visualización activa",2,19.04761905,25.75,4904.76190476,,,,7,,,,,,2025-06-26,2025-06-26
"publico advantage","Video Lluvia","campaña ventas HotBoat",2025-06-26,"Tarapacá Region",2,2,1,CLP,1,"7 días tras clic o 1 día tras visualización",,0,0,500,,,,,,,,,,2025-06-26,2025-06-26
"publico advantage","Video Lluvia","campaña ventas HotBoat",2025-06-26,"Santiago Metropolitan Region",22,24,1.09090909,CLP,44,"7 días tras clic o 1 día tras visualización",,0,0,1833.33333333,,,,4,,,,,,2025-06-26,2025-06-26
"publico advantage","Video Lluvia","campaña ventas HotBoat",2025-06-26,"Maule Region",5,5,1,CLP,4,"7 días tras clic o 1 día tras visualización",,0,0,800,,,,2,,,,,,2025-06-26,2025-06-26
"publico advantage","Video Lluvia","campaña ventas HotBoat",2025-06-26,"Los Lagos Region",12,12,1,CLP,18,"7 días tras clic o 1 día tras visualización",,8.33333333,18,1500,,,,4,,,,,,2025-06-26,2025-06-26
"publico advantage","Video Lluvia","campaña ventas HotBoat",2025-06-26,"O'Higgins Region",6,6,1,CLP,4,"7 días tras clic o 1 día tras visualización",,0,0,666.66666667,,,,3,,,,,,2025-06-26,2025-06-26
"publico advantage","Video Lluvia","campaña ventas HotBoat",2025-06-26,"Coquimbo Region",3,3,1,CLP,18,"7 días tras clic o 1 día tras visualización",,0,0,6000,,,,,,,,,,2025-06-26,2025-06-26
"publico advantage","Video Lluvia","campaña ventas HotBoat",2025-06-26,"Bío Bío Region",14,14,1,CLP,45,"7 días tras clic o 1 día tras visualización",,0,0,3214.28571429,,,,2,,,,,,2025-06-26,2025-06-26
"publico advantage","Video Lluvia","campaña ventas HotBoat",2025-06-26,"Atacama Region",1,1,1,CLP,1,"7 días tras clic o 1 día tras visualización",,0,0,1000,,,,1,,,,,,2025-06-26,2025-06-26
"publico advantage","Video Lluvia","campaña ventas HotBoat",2025-06-26,"Magallanes y la Antártica Chilena Region",3,4,1.33333333,CLP,7,"7 días tras clic o 1 día tras visualización",1,50,3.5,1750,,,,2,,,,,,2025-06-26,2025-06-26
"publico advantage","Video Lluvia","campaña ventas HotBoat",2025-06-26,"Antofagasta Region",1,1,1,CLP,0,"7 días tras clic o 1 día tras visualización",,0,0,0,,,,,,,,,,2025-06-26,2025-06-26
"publico advantage","Video explicando servicio corto","campaña ventas HotBoat",2025-06-26,"Tarapacá Region",6,7,1.16666667,CLP,3,"7 días tras clic o 1 día tras visualización",,0,0,428.57142857,,,,3,,,,,,2025-06-26,2025-06-26
"publico advantage","Video Lluvia","campaña ventas HotBoat",2025-06-26,"Valparaíso Region",11,13,1.18181818,CLP,17,"7 días tras clic o 1 día tras visualización",,0,0,1307.69230769,,,,1,,,,,,2025-06-26,2025-06-26
"publico advantage","Video explicando servicio corto","campaña ventas HotBoat",2025-06-26,"O'Higgins Region",51,57,1.11764706,CLP,50,"7 días tras clic o 1 día tras visualización",2,10.52631579,8.33333333,877.19298246,,,,24,,,,,,2025-06-26,2025-06-26
"publico advantage","Video explicando servicio corto","campaña ventas HotBoat",2025-06-26,"Los Lagos Region",178,196,1.1011236,CLP,130,"7 días tras clic o 1 día tras visualización",3,5.10204082,13,663.26530612,,,,75,,,,,,2025-06-26,2025-06-26
"publico advantage","Video explicando servicio corto","campaña ventas HotBoat",2025-06-26,"Magallanes y la Antártica Chilena Region",6,6,1,CLP,6,"7 días tras clic o 1 día tras visualización",,0,0,1000,,,,2,,,,,,2025-06-26,2025-06-26
"publico advantage","Video explicando servicio corto","campaña ventas HotBoat",2025-06-26,"Maule Region",91,101,1.10989011,CLP,72,"7 días tras clic o 1 día tras visualización",2,3.96039604,18,712.87128713,,,,29,,,,,,2025-06-26,2025-06-26
"publico advantage","Video explicando servicio corto","campaña ventas HotBoat",2025-06-26,"Santiago Metropolitan Region",367,394,1.07356948,CLP,409,"7 días tras clic o 1 día tras visualización",10,6.85279188,15.14814815,1038.07106599,,,,142,,,,,,2025-06-26,2025-06-26
"publico advantage","Video explicando servicio corto","campaña ventas HotBoat",2025-06-26,"Coquimbo Region",35,40,1.14285714,CLP,27,"7 días tras clic o 1 día tras visualización",,7.5,9,675,,,,12,,,,,,2025-06-26,2025-06-26
"Test Publicos : Temuco","Video pareja dcto","campaña ventas HotBoat",2025-06-26,"Araucanía Region",1159,1401,1.20880069,CLP,1979,"7 días tras clic, 1 día tras visualización o 1 día tras visualización activa",11,2.78372591,50.74358974,1412.56245539,,,,483,,,,,,2025-06-26,2025-06-26
"publico valdivia","Video parejas amor","campaña ventas HotBoat",2025-06-26,"Los Ríos Region",965,1166,1.20829016,CLP,1869,"7 días tras clic, 1 día tras visualización o 1 día tras visualización activa",12,3.00171527,53.4,1602.91595197,,,,412,,,,,,2025-06-26,2025-06-26
"publico concepcion","Video explicando servicio corto","campaña ventas HotBoat",2025-06-26,"Bío Bío Region",63,67,1.06349206,CLP,51,"7 días tras clic, 1 día tras visualización o 1 día tras visualización activa",,0,0,761.19402985,,,,25,,,,,,2025-06-26,2025-06-26
"publico concepcion","Video parejas amor","campaña ventas HotBoat",2025-06-26,"Bío Bío Region",977,1184,1.21187308,CLP,1905,"7 días tras clic, 1 día tras visualización o 1 día tras visualización activa",11,2.53378378,63.5,1608.9527027,,,,442,,,,,,2025-06-26,2025-06-26
"Test Publicos : Temuco","Video Lluvia","campaña ventas HotBoat",2025-06-26,"Araucanía Region",12,13,1.08333333,CLP,61,"7 días tras clic, 1 día tras visualización o 1 día tras visualización activa",1,15.38461538,30.5,4692.30769231,,,,4,,,,,,2025-06-26,2025-06-26
"publico advantage","Video Lluvia","campaña ventas HotBoat",2025-06-26,"Los Ríos Region",14,14,1,CLP,13,"7 días tras clic o 1 día tras visualización",,0,0,928.57142857,,,,4,,,,,,2025-06-26,2025-06-26
"publico advantage","Video parejas amor","campaña ventas HotBoat",2025-06-25,"O'Higgins Region",1,1,1,CLP,2,"7 días tras clic o 1 día tras visualización",,0,0,2000,,,,1,,,,,,2025-06-25,2025-06-25
"publico advantage","Video parejas amor","campaña ventas HotBoat",2025-06-25,"Antofagasta Region",2,2,1,CLP,27,"7 días tras clic o 1 día tras visualización",,0,0,13500,,,,1,,,,,,2025-06-25,2025-06-25
"publico advantage","Video parejas amor","campaña ventas HotBoat",2025-06-25,"Araucanía Region",3,3,1,CLP,15,"7 días tras clic o 1 día tras visualización",,0,0,5000,,,,,,,,,,2025-06-25,2025-06-25
"publico advantage","Video parejas amor","campaña ventas HotBoat",2025-06-25,"Atacama Region",1,1,1,CLP,0,"7 días tras clic o 1 día tras visualización",,0,0,0,,,,,,,,,,2025-06-25,2025-06-25
"publico advantage","Video parejas amor","campaña ventas HotBoat",2025-06-25,"Bío Bío Region",6,10,1.66666667,CLP,18,"7 días tras clic o 1 día tras visualización",,0,0,1800,,,,1,,,,,,2025-06-25,2025-06-25
"publico advantage","Video parejas amor","campaña ventas HotBoat",2025-06-25,"Coquimbo Region",1,2,2,CLP,2,"7 días tras clic o 1 día tras visualización",,0,0,1000,,,,1,,,,,,2025-06-25,2025-06-25
"publico advantage","Video parejas amor","campaña ventas HotBoat",2025-06-25,"Santiago Metropolitan Region",19,21,1.10526316,CLP,50,"7 días tras clic o 1 día tras visualización",,0,0,2380.95238095,,,,7,,,,,,2025-06-25,2025-06-25
"publico advantage","Video parejas amor","campaña ventas HotBoat",2025-06-25,"Los Lagos Region",7,7,1,CLP,4,"7 días tras clic o 1 día tras visualización",,0,0,571.42857143,,,,2,,,,,,2025-06-25,2025-06-25
"publico advantage","Video parejas amor","campaña ventas HotBoat",2025-06-25,"Magallanes y la Antártica Chilena Region",1,1,1,CLP,1,"7 días tras clic o 1 día tras visualización",,0,0,1000,,,,1,,,,,,2025-06-25,2025-06-25
"publico advantage","Video parejas amor","campaña ventas HotBoat",2025-06-25,"Maule Region",6,7,1.16666667,CLP,13,"7 días tras clic o 1 día tras visualización",,0,0,1857.14285714,,,,2,,,,,,2025-06-25,2025-06-25
"publico advantage","Video parejas amor","campaña ventas HotBoat",2025-06-25,"Los Ríos Region",2,2,1,CLP,5,"7 días tras clic o 1 día tras visualización",,0,0,2500,,,,2,,,,,,2025-06-25,2025-06-25
"publico advantage","Video explicando servicio corto","campaña ventas HotBoat",2025-06-25,"Los Ríos Region",48,49,1.02083333,CLP,32,"7 días tras clic o 1 día tras visualización",1,4.08163265,16,653.06122449,,,,22,,,,,,2025-06-25,2025-06-25
"publico advantage","Video explicando servicio corto","campaña ventas HotBoat",2025-06-25,"Arica y Parinacota Region",4,5,1.25,CLP,3,"7 días tras clic o 1 día tras visualización",,0,0,600,,,,1,,,,,,2025-06-25,2025-06-25
"publico pucon 1","Video explicando servicio corto","campaña ventas HotBoat",2025-06-25,"Los Ríos Region",71,85,1.1971831,CLP,91,"7 días tras clic, 1 día tras visualización o 1 día tras visualización activa",6,10.58823529,10.11111111,1070.58823529,,,,25,,,,,,2025-06-25,2025-06-25
"publico advantage","Video parejas amor","campaña ventas HotBoat",2025-06-25,"Valparaíso Region",6,6,1,CLP,17,"7 días tras clic o 1 día tras visualización",,0,0,2833.33333333,,,,3,,,,,,2025-06-25,2025-06-25
"publico advantage","Video explicando servicio corto","campaña ventas HotBoat",2025-06-25,"Aysén Region",3,3,1,CLP,1,"7 días tras clic o 1 día tras visualización",,0,0,333.33333333,,,,3,,,,,,2025-06-25,2025-06-25
"publico advantage","Video parejas dcto","campaña ventas HotBoat",2025-06-25,"Tarapacá Region",1,1,1,CLP,1,"7 días tras clic o 1 día tras visualización",,0,0,1000,,,,,,,,,,2025-06-25,2025-06-25
"publico advantage","Video parejas dcto","campaña ventas HotBoat",2025-06-25,"Santiago Metropolitan Region",90,109,1.21111111,CLP,221,"7 días tras clic o 1 día tras visualización",,6.42201835,31.57142857,2027.52293578,,,,47,,,,,,2025-06-25,2025-06-25
"publico advantage","Video parejas dcto","campaña ventas HotBoat",2025-06-25,"Maule Region",24,32,1.33333333,CLP,59,"7 días tras clic o 1 día tras visualización",2,12.5,14.75,1843.75,,,,14,,,,,,2025-06-25,2025-06-25
"publico advantage","Video parejas dcto","campaña ventas HotBoat",2025-06-25,"Magallanes y la Antártica Chilena Region",2,3,1.5,CLP,2,"7 días tras clic o 1 día tras visualización",,0,0,666.66666667,,,,,,,,,,2025-06-25,2025-06-25
"publico advantage","Video parejas dcto","campaña ventas HotBoat",2025-06-25,"Los Lagos Region",51,72,1.41176471,CLP,89,"7 días tras clic o 1 día tras visualización",,0,0,1236.11111111,,,,22,,,,,,2025-06-25,2025-06-25
"publico advantage","Video parejas dcto","campaña ventas HotBoat",2025-06-25,"O'Higgins Region",18,21,1.16666667,CLP,35,"7 días tras clic o 1 día tras visualización",,0,0,1666.66666667,,,,5,,,,,,2025-06-25,2025-06-25
"publico advantage","Video parejas dcto","campaña ventas HotBoat",2025-06-25,"Coquimbo Region",15,15,1,CLP,19,"7 días tras clic o 1 día tras visualización",,6.66666667,19,1266.66666667,,,,6,,,,,,2025-06-25,2025-06-25
"publico advantage","Video parejas dcto","campaña ventas HotBoat",2025-06-25,"Bío Bío Region",50,62,1.24,CLP,158,"7 días tras clic o 1 día tras visualización",,1.61290323,158,2548.38709677,,,,18,,,,,,2025-06-25,2025-06-25
"publico advantage","Video parejas dcto","campaña ventas HotBoat",2025-06-25,"Atacama Region",1,1,1,CLP,0,"7 días tras clic o 1 día tras visualización",,0,0,0,,,,1,,,,,,2025-06-25,2025-06-25
"publico advantage","Video parejas dcto","campaña ventas HotBoat",2025-06-25,"Araucanía Region",25,27,1.08,CLP,50,"7 días tras clic o 1 día tras visualización",,7.40740741,25,1851.85185185,,,,14,,,,,,2025-06-25,2025-06-25
"publico advantage","Video parejas dcto","campaña ventas HotBoat",2025-06-25,"Antofagasta Region",8,13,1.625,CLP,84,"7 días tras clic o 1 día tras visualización",,7.69230769,84,6461.53846154,,,,5,,,,,,2025-06-25,2025-06-25
"publico advantage","Video parejas dcto","campaña ventas HotBoat",2025-06-25,"Valparaíso Region",25,33,1.32,CLP,126,"7 días tras clic o 1 día tras visualización",,3.03030303,126,3818.18181818,,,,11,,,,,,2025-06-25,2025-06-25
"publico advantage","Video parejas dcto","campaña ventas HotBoat",2025-06-25,"Los Ríos Region",20,20,1,CLP,21,"7 días tras clic o 1 día tras visualización",,0,0,1050,,,,7,,,,,,2025-06-25,2025-06-25
"publico pucon 1","Video parejas amor","campaña ventas HotBoat",2025-06-25,"Araucanía Region",27,30,1.11111111,CLP,140,"7 días tras clic, 1 día tras visualización o 1 día tras visualización activa",,0,0,4666.66666667,,,,11,,,,,,2025-06-25,2025-06-25
"publico pucon 1","Video explicando servicio corto","campaña ventas HotBoat",2025-06-25,"Araucanía Region",3015,3981,1.32039801,CLP,5770,"7 días tras clic, 1 día tras visualización o 1 día tras visualización activa",85,4.87314745,29.74226804,1449.38457674,,,,1282,,,,,,2025-06-25,2025-06-25
"publico advantage","Video explicando servicio corto","campaña ventas HotBoat",2025-06-25,"Valparaíso Region",46,47,1.02173913,CLP,109,"7 días tras clic o 1 día tras visualización",,6.38297872,36.33333333,2319.14893617,,,,22,,,,,,2025-06-25,2025-06-25
"publico advantage","Video explicando servicio corto","campaña ventas HotBoat",2025-06-25,"Bío Bío Region",96,101,1.05208333,CLP,80,"7 días tras clic o 1 día tras visualización",2,12.87128713,6.15384615,792.07920792,,,,45,,,,,,2025-06-25,2025-06-25
"publico advantage","Video explicando servicio corto","campaña ventas HotBoat",2025-06-25,"Antofagasta Region",33,37,1.12121212,CLP,32,"7 días tras clic o 1 día tras visualización",,2.7027027,32,864.86486486,,,,13,,,,,,2025-06-25,2025-06-25
"publico advantage","Video Lluvia","campaña ventas HotBoat",2025-06-25,"Los Ríos Region",3,3,1,CLP,7,"7 días tras clic o 1 día tras visualización",,0,0,2333.33333333,,,,,,,,,,2025-06-25,2025-06-25
"publico pucon 1","Video Lluvia","campaña ventas HotBoat - Lluvia",2025-06-25,"Araucanía Region",2114,2920,1.38126774,CLP,5040,"7 días tras clic, 1 día tras visualización o 1 día tras visualización activa",34,3.08219178,56,1726.02739726,,,,550,,,,,,2025-06-25,2025-06-25
"publico pucon 1","Video Lluvia","campaña ventas HotBoat - Lluvia",2025-06-25,"Los Ríos Region",52,60,1.15384615,CLP,64,"7 días tras clic, 1 día tras visualización o 1 día tras visualización activa",1,5,21.33333333,1066.66666667,,,,24,,,,,,2025-06-25,2025-06-25
"publico pucon 1","Video Lluvia","campaña ventas HotBoat",2025-06-25,"Araucanía Region",5,5,1,CLP,6,"7 días tras clic, 1 día tras visualización o 1 día tras visualización activa",,0,0,1200,,,,,,,,,,2025-06-25,2025-06-25
"publico advantage","Video Lluvia","campaña ventas HotBoat",2025-06-25,"Maule Region",1,1,1,CLP,1,"7 días tras clic o 1 día tras visualización",,0,0,1000,,,,,,,,,,2025-06-25,2025-06-25
"publico advantage","Video Lluvia","campaña ventas HotBoat",2025-06-25,"Los Lagos Region",7,8,1.14285714,CLP,6,"7 días tras clic o 1 día tras visualización",,0,0,750,,,,1,,,,,,2025-06-25,2025-06-25
"publico advantage","Video Lluvia","campaña ventas HotBoat",2025-06-25,"O'Higgins Region",6,6,1,CLP,4,"7 días tras clic o 1 día tras visualización",,0,0,666.66666667,,,,2,,,,,,2025-06-25,2025-06-25
"publico advantage","Video Lluvia","campaña ventas HotBoat",2025-06-25,"Coquimbo Region",3,3,1,CLP,3,"7 días tras clic o 1 día tras visualización",,0,0,1000,,,,,,,,,,2025-06-25,2025-06-25
"publico advantage","Video Lluvia","campaña ventas HotBoat",2025-06-25,"Bío Bío Region",4,4,1,CLP,5,"7 días tras clic o 1 día tras visualización",2,100,1.25,1250,,,,1,,,,,,2025-06-25,2025-06-25
"publico advantage","Video Lluvia","campaña ventas HotBoat",2025-06-25,"Atacama Region",2,3,1.5,CLP,2,"7 días tras clic o 1 día tras visualización",,0,0,666.66666667,,,,,,,,,,2025-06-25,2025-06-25
"publico advantage","Video Lluvia","campaña ventas HotBoat",2025-06-25,"Araucanía Region",3,4,1.33333333,CLP,6,"7 días tras clic o 1 día tras visualización",,0,0,1500,,,,,,,,,,2025-06-25,2025-06-25
"publico advantage","Video Lluvia","campaña ventas HotBoat",2025-06-25,"Antofagasta Region",3,3,1,CLP,3,"7 días tras clic o 1 día tras visualización",,0,0,1000,,,,,,,,,,2025-06-25,2025-06-25
"publico advantage","Video Lluvia","campaña ventas HotBoat",2025-06-25,"Valparaíso Region",7,7,1,CLP,19,"7 días tras clic o 1 día tras visualización",,0,0,2714.28571429,,,,,,,,,,2025-06-25,2025-06-25
"publico advantage","Video Lluvia","campaña ventas HotBoat",2025-06-25,"Arica y Parinacota Region",1,1,1,CLP,1,"7 días tras clic o 1 día tras visualización",,0,0,1000,,,,,,,,,,2025-06-25,2025-06-25
"publico advantage","Video Lluvia","campaña ventas HotBoat",2025-06-25,"Santiago Metropolitan Region",11,12,1.09090909,CLP,29,"7 días tras clic o 1 día tras visualización",1,16.66666667,14.5,2416.66666667,,,,2,,,,,,2025-06-25,2025-06-25
"publico pucon 1","Video pareja dcto","campaña ventas HotBoat",2025-06-25,"Araucanía Region",3,4,1.33333333,CLP,9,"7 días tras clic, 1 día tras visualización o 1 día tras visualización activa",,0,0,2250,,,,3,,,,,,2025-06-25,2025-06-25
"publico advantage","Video explicando servicio corto","campaña ventas HotBoat",2025-06-25,"Maule Region",60,68,1.13333333,CLP,47,"7 días tras clic o 1 día tras visualización",3,7.35294118,9.4,691.17647059,,,,25,,,,,,2025-06-25,2025-06-25
"publico concepcion","Video pareja dcto","campaña ventas HotBoat",2025-06-25,"Bío Bío Region",688,823,1.19622093,CLP,1402,"7 días tras clic, 1 día tras visualización o 1 día tras visualización activa",8,2.67314702,63.72727273,1703.5236938,,,,289,,,,,,2025-06-25,2025-06-25
"publico advantage","Video explicando servicio corto","campaña ventas HotBoat",2025-06-25,"Atacama Region",9,10,1.11111111,CLP,24,"7 días tras clic o 1 día tras visualización",,0,0,2400,,,,4,,,,,,2025-06-25,2025-06-25
"publico advantage","Video explicando servicio corto","campaña ventas HotBoat",2025-06-25,"Coquimbo Region",37,43,1.16216216,CLP,39,"7 días tras clic o 1 día tras visualización",,0,0,906.97674419,,,,10,,,,,,2025-06-25,2025-06-25
"publico advantage","Video explicando servicio corto","campaña ventas HotBoat",2025-06-25,"O'Higgins Region",23,27,1.17391304,CLP,31,"7 días tras clic o 1 día tras visualización",1,11.11111111,10.33333333,1148.14814815,,,,12,,,,,,2025-06-25,2025-06-25
"publico advantage","Video explicando servicio corto","campaña ventas HotBoat",2025-06-25,"Los Lagos Region",116,123,1.06034483,CLP,79,"7 días tras clic o 1 día tras visualización",6,5.69105691,11.28571429,642.27642276,,,,45,,,,,,2025-06-25,2025-06-25
"publico advantage","Video explicando servicio corto","campaña ventas HotBoat",2025-06-25,"Magallanes y la Antártica Chilena Region",7,7,1,CLP,3,"7 días tras clic o 1 día tras visualización",,0,0,428.57142857,,,,3,,,,,,2025-06-25,2025-06-25
"publico advantage","Video explicando servicio corto","campaña ventas HotBoat",2025-06-25,"Araucanía Region",60,63,1.05,CLP,59,"7 días tras clic o 1 día tras visualización",1,3.17460317,29.5,936.50793651,,,,22,,,,,,2025-06-25,2025-06-25
"publico advantage","Video explicando servicio corto","campaña ventas HotBoat",2025-06-25,"Santiago Metropolitan Region",224,248,1.10714286,CLP,256,"7 días tras clic o 1 día tras visualización",7,5.24193548,19.69230769,1032.25806452,,,,81,,,,,,2025-06-25,2025-06-25
"publico concepcion","Video parejas amor","campaña ventas HotBoat",2025-06-25,"Bío Bío Region",387,431,1.11369509,CLP,559,"7 días tras clic, 1 día tras visualización o 1 día tras visualización activa",4,2.55220418,50.81818182,1296.9837587,,,,140,,,,,,2025-06-25,2025-06-25
"Test Publicos : Temuco","Video pareja dcto","campaña ventas HotBoat",2025-06-25,"Araucanía Region",30,33,1.1,CLP,50,"7 días tras clic, 1 día tras visualización o 1 día tras visualización activa",2,6.06060606,25,1515.15151515,,,,13,,,,,,2025-06-25,2025-06-25
"publico advantage","Video explicando servicio corto","campaña ventas HotBoat",2025-06-25,"Tarapacá Region",4,4,1,CLP,2,"7 días tras clic o 1 día tras visualización",,0,0,500,,,,2,,,,,,2025-06-25,2025-06-25
"Test Publicos : Temuco","Video explicando servicio corto","campaña ventas HotBoat",2025-06-25,"Araucanía Region",1772,1894,1.06884876,CLP,1429,"7 días tras clic, 1 día tras visualización o 1 día tras visualización activa",31,4.48785639,16.81176471,754.48785639,,,,675,,,,,,2025-06-25,2025-06-25
"publico valdivia","Video parejas amor","campaña ventas HotBoat",2025-06-25,"Los Ríos Region",491,547,1.11405295,CLP,787,"7 días tras clic, 1 día tras visualización o 1 día tras visualización activa",5,2.19378428,65.58333333,1438.75685558,,,,216,,,,,,2025-06-25,2025-06-25
"publico valdivia","Video pareja dcto","campaña ventas HotBoat",2025-06-25,"Los Ríos Region",678,823,1.21386431,CLP,1206,"7 días tras clic, 1 día tras visualización o 1 día tras visualización activa",1,1.57958688,92.76923077,1465.37059538,,,,259,,,,,,2025-06-25,2025-06-25
"publico advantage","Video parejas amor","campaña ventas HotBoat",2025-06-24,"Santiago Metropolitan Region",3,3,1,CLP,2,"7 días tras clic o 1 día tras visualización",,0,0,666.66666667,,,,2,,,,,,2025-06-24,2025-06-24
"publico advantage","Video explicando servicio corto","campaña ventas HotBoat",2025-06-24,"Los Ríos Region",89,93,1.04494382,CLP,56,"7 días tras clic o 1 día tras visualización",2,9.67741935,6.22222222,602.15053763,,,,24,,,,,,2025-06-24,2025-06-24
"publico advantage","Video explicando servicio corto","campaña ventas HotBoat",2025-06-24,"Arica y Parinacota Region",3,3,1,CLP,3,"7 días tras clic o 1 día tras visualización",,0,0,1000,,,,1,,,,,,2025-06-24,2025-06-24
"publico advantage","Video explicando servicio corto","campaña ventas HotBoat",2025-06-24,"Valparaíso Region",95,102,1.07368421,CLP,85,"7 días tras clic o 1 día tras visualización",,3.92156863,21.25,833.33333333,,,,49,,,,,,2025-06-24,2025-06-24
"publico advantage","Video explicando servicio corto","campaña ventas HotBoat",2025-06-24,"Antofagasta Region",45,47,1.04444444,CLP,33,"7 días tras clic o 1 día tras visualización",1,4.25531915,16.5,702.12765957,,,,11,,,,,,2025-06-24,2025-06-24
"publico advantage","Video explicando servicio corto","campaña ventas HotBoat",2025-06-24,"Aysén Region",5,5,1,CLP,5,"7 días tras clic o 1 día tras visualización",,0,0,1000,,,,3,,,,,,2025-06-24,2025-06-24
"publico advantage","Video parejas dcto","campaña ventas HotBoat",2025-06-24,"Santiago Metropolitan Region",44,48,1.09090909,CLP,79,"7 días tras clic o 1 día tras visualización",,4.16666667,39.5,1645.83333333,,,,23,,,,,,2025-06-24,2025-06-24
"publico advantage","Video explicando servicio corto","campaña ventas HotBoat",2025-06-24,"Araucanía Region",150,160,1.06666667,CLP,140,"7 días tras clic o 1 día tras visualización",2,6.25,14,875,,,,46,,,,,,2025-06-24,2025-06-24
"publico advantage","Video explicando servicio corto","campaña ventas HotBoat",2025-06-24,"Atacama Region",20,22,1.1,CLP,12,"7 días tras clic o 1 día tras visualización",,4.54545455,12,545.45454545,,,,5,,,,,,2025-06-24,2025-06-24
"publico advantage","Video explicando servicio corto","campaña ventas HotBoat",2025-06-24,"Bío Bío Region",149,160,1.0738255,CLP,155,"7 días tras clic o 1 día tras visualización",,5.625,17.22222222,968.75,,,,60,,,,,,2025-06-24,2025-06-24
"publico advantage","Video parejas amor","campaña ventas HotBoat",2025-06-24,"Los Lagos Region",1,1,1,CLP,1,"7 días tras clic o 1 día tras visualización",,0,0,1000,,,,1,,,,,,2025-06-24,2025-06-24
"publico advantage","Video parejas dcto","campaña ventas HotBoat",2025-06-24,"O'Higgins Region",8,9,1.125,CLP,12,"7 días tras clic o 1 día tras visualización",,11.11111111,12,1333.33333333,,,,2,,,,,,2025-06-24,2025-06-24
"publico advantage","Video parejas dcto","campaña ventas HotBoat",2025-06-24,"Maule Region",19,19,1,CLP,25,"7 días tras clic o 1 día tras visualización",,5.26315789,25,1315.78947368,,,,5,,,,,,2025-06-24,2025-06-24
"publico advantage","Video parejas dcto","campaña ventas HotBoat",2025-06-24,"Magallanes y la Antártica Chilena Region",3,3,1,CLP,3,"7 días tras clic o 1 día tras visualización",,0,0,1000,,,,1,,,,,,2025-06-24,2025-06-24
"publico advantage","Video parejas dcto","campaña ventas HotBoat",2025-06-24,"Los Lagos Region",23,37,1.60869565,CLP,36,"7 días tras clic o 1 día tras visualización",,0,0,972.97297297,,,,12,,,,,,2025-06-24,2025-06-24
"publico advantage","Video parejas dcto","campaña ventas HotBoat",2025-06-24,"Coquimbo Region",8,8,1,CLP,22,"7 días tras clic o 1 día tras visualización",,0,0,2750,,,,4,,,,,,2025-06-24,2025-06-24
"publico advantage","Video parejas dcto","campaña ventas HotBoat",2025-06-24,"Bío Bío Region",36,39,1.08333333,CLP,53,"7 días tras clic o 1 día tras visualización",1,7.69230769,17.66666667,1358.97435897,,,,19,,,,,,2025-06-24,2025-06-24
"publico advantage","Video parejas dcto","campaña ventas HotBoat",2025-06-24,"Atacama Region",1,1,1,CLP,2,"7 días tras clic o 1 día tras visualización",,0,0,2000,,,,1,,,,,,2025-06-24,2025-06-24
"publico advantage","Video parejas dcto","campaña ventas HotBoat",2025-06-24,"Araucanía Region",14,15,1.07142857,CLP,24,"7 días tras clic o 1 día tras visualización",,0,0,1600,,,,4,,,,,,2025-06-24,2025-06-24
"publico advantage","Video parejas dcto","campaña ventas HotBoat",2025-06-24,"Valparaíso Region",7,7,1,CLP,6,"7 días tras clic o 1 día tras visualización",,0,0,857.14285714,,,,4,,,,,,2025-06-24,2025-06-24
"publico advantage","Video parejas dcto","campaña ventas HotBoat",2025-06-24,"Los Ríos Region",21,24,1.14285714,CLP,27,"7 días tras clic o 1 día tras visualización",,0,0,1125,,,,12,,,,,,2025-06-24,2025-06-24
"publico pucon 1","Video explicando servicio corto","campaña ventas HotBoat",2025-06-24,"Araucanía Region",2807,3361,1.19736373,CLP,3856,"7 días tras clic, 1 día tras visualización o 1 día tras visualización activa",86,5.89110384,19.47474747,1147.27759595,,,,1187,,,,,,2025-06-24,2025-06-24
"publico pucon 1","Video explicando servicio corto","campaña ventas HotBoat",2025-06-24,"Los Ríos Region",98,115,1.17346939,CLP,72,"7 días tras clic, 1 día tras visualización o 1 día tras visualización activa",5,8.69565217,7.2,626.08695652,,,,52,,,,,,2025-06-24,2025-06-24
"publico advantage","Video explicando servicio corto","campaña ventas HotBoat",2025-06-24,"O'Higgins Region",64,69,1.078125,CLP,54,"7 días tras clic o 1 día tras visualización",,2.89855072,27,782.60869565,,,,31,,,,,,2025-06-24,2025-06-24
"publico advantage","Video parejas dcto","campaña ventas HotBoat",2025-06-24,"Antofagasta Region",4,4,1,CLP,6,"7 días tras clic o 1 día tras visualización",,0,0,1500,,,,2,,,,,,2025-06-24,2025-06-24
"publico advantage","Video explicando servicio corto","campaña ventas HotBoat",2025-06-24,"Coquimbo Region",48,50,1.04166667,CLP,28,"7 días tras clic o 1 día tras visualización",1,6,9.33333333,560,,,,12,,,,,,2025-06-24,2025-06-24
"publico advantage","Video explicando servicio corto","campaña ventas HotBoat",2025-06-24,"Los Lagos Region",226,255,1.12831858,CLP,162,"7 días tras clic o 1 día tras visualización",1,4.31372549,14.72727273,635.29411765,,,,85,,,,,,2025-06-24,2025-06-24
"publico advantage","Video Lluvia","campaña ventas HotBoat",2025-06-24,"Arica y Parinacota Region",1,2,2,CLP,2,"7 días tras clic o 1 día tras visualización",,0,0,1000,,,,1,,,,,,2025-06-24,2025-06-24
"publico advantage","Video explicando servicio corto","campaña ventas HotBoat",2025-06-24,"Magallanes y la Antártica Chilena Region",14,18,1.28571429,CLP,5,"7 días tras clic o 1 día tras visualización",,5.55555556,5,277.77777778,,,,5,,,,,,2025-06-24,2025-06-24
"publico pucon 1","Video Lluvia","campaña ventas HotBoat - Lluvia",2025-06-24,"Araucanía Region",3719,5011,1.34740522,CLP,8397,"7 días tras clic, 1 día tras visualización o 1 día tras visualización activa",55,2.95350229,56.73648649,1675.71343045,,,,1115,,,,,,2025-06-24,2025-06-24
"publico pucon 1","Video Lluvia","campaña ventas HotBoat - Lluvia",2025-06-24,"Los Ríos Region",84,99,1.17857143,CLP,148,"7 días tras clic, 1 día tras visualización o 1 día tras visualización activa",1,1.01010101,148,1494.94949495,,,,25,,,,,,2025-06-24,2025-06-24
"publico advantage","Video Lluvia","campaña ventas HotBoat",2025-06-24,"Santiago Metropolitan Region",6,7,1.16666667,CLP,18,"7 días tras clic o 1 día tras visualización",,0,0,2571.42857143,,,,2,,,,,,2025-06-24,2025-06-24
"publico advantage","Video Lluvia","campaña ventas HotBoat",2025-06-24,"Maule Region",6,6,1,CLP,10,"7 días tras clic o 1 día tras visualización",,0,0,1666.66666667,,,,2,,,,,,2025-06-24,2025-06-24
"publico advantage","Video Lluvia","campaña ventas HotBoat",2025-06-24,"O'Higgins Region",3,3,1,CLP,4,"7 días tras clic o 1 día tras visualización",,0,0,1333.33333333,,,,,,,,,,2025-06-24,2025-06-24
"publico advantage","Video Lluvia","campaña ventas HotBoat",2025-06-24,"Coquimbo Region",1,1,1,CLP,0,"7 días tras clic o 1 día tras visualización",,0,0,0,,,,,,,,,,2025-06-24,2025-06-24
"publico advantage","Video Lluvia","campaña ventas HotBoat",2025-06-24,"Bío Bío Region",3,3,1,CLP,2,"7 días tras clic o 1 día tras visualización",,0,0,666.66666667,,,,1,,,,,,2025-06-24,2025-06-24
"publico advantage","Video Lluvia","campaña ventas HotBoat",2025-06-24,"Araucanía Region",7,7,1,CLP,23,"7 días tras clic o 1 día tras visualización",,0,0,3285.71428571,,,,4,,,,,,2025-06-24,2025-06-24
"publico advantage","Video Lluvia","campaña ventas HotBoat",2025-06-24,"Antofagasta Region",2,2,1,CLP,1,"7 días tras clic o 1 día tras visualización",,0,0,500,,,,1,,,,,,2025-06-24,2025-06-24
"publico advantage","Video Lluvia","campaña ventas HotBoat",2025-06-24,"Valparaíso Region",8,8,1,CLP,14,"7 días tras clic o 1 día tras visualización",,0,0,1750,,,,3,,,,,,2025-06-24,2025-06-24
"publico advantage","Video Lluvia","campaña ventas HotBoat",2025-06-24,"Los Lagos Region",10,10,1,CLP,14,"7 días tras clic o 1 día tras visualización",,0,0,1400,,,,2,,,,,,2025-06-24,2025-06-24
"publico advantage","Video Lluvia","campaña ventas HotBoat",2025-06-24,"Los Ríos Region",8,8,1,CLP,9,"7 días tras clic o 1 día tras visualización",,0,0,1125,,,,3,,,,,,2025-06-24,2025-06-24
"Test Publicos : Temuco","Video explicando servicio corto","campaña ventas HotBoat",2025-06-24,"Araucanía Region",2122,2331,1.09849199,CLP,1713,"7 días tras clic, 1 día tras visualización o 1 día tras visualización activa",36,5.01930502,14.64102564,734.87773488,,,,865,,,,,,2025-06-24,2025-06-24
"publico advantage","Video explicando servicio corto","campaña ventas HotBoat",2025-06-24,"Maule Region",101,104,1.02970297,CLP,260,"7 días tras clic o 1 día tras visualización",4,6.73076923,37.14285714,2500,,,,36,,,,,,2025-06-24,2025-06-24
"publico pucon 1","Video pareja dcto","campaña ventas HotBoat",2025-06-24,"Araucanía Region",1375,1686,1.22618182,CLP,2519,"7 días tras clic, 1 día tras visualización o 1 día tras visualización activa",23,2.72835113,54.76086957,1494.0688019,,,,578,,,,,,2025-06-24,2025-06-24
"publico advantage","Video explicando servicio corto","campaña ventas HotBoat",2025-06-24,"Santiago Metropolitan Region",349,378,1.08309456,CLP,415,"7 días tras clic o 1 día tras visualización",6,5.02645503,21.84210526,1097.88359788,,,,140,,,,,,2025-06-24,2025-06-24
"publico advantage","Video explicando servicio corto","campaña ventas HotBoat",2025-06-24,"Tarapacá Region",11,12,1.09090909,CLP,15,"7 días tras clic o 1 día tras visualización",,0,0,1250,,,,1,,,,,,2025-06-24,2025-06-24
"Test Publicos : Temuco","Video parejas amor","campaña ventas HotBoat",2025-06-24,"Araucanía Region",343,411,1.19825073,CLP,778,"7 días tras clic, 1 día tras visualización o 1 día tras visualización activa",3,2.43309002,77.8,1892.94403893,,,,149,,,,,,2025-06-24,2025-06-24
"publico valdivia","Video explicando servicio corto","campaña ventas HotBoat",2025-06-24,"Los Ríos Region",787,850,1.08005083,CLP,822,"7 días tras clic, 1 día tras visualización o 1 día tras visualización activa",12,4.94117647,19.57142857,967.05882353,,,,311,,,,,,2025-06-24,2025-06-24
"publico valdivia","Video pareja dcto","campaña ventas HotBoat",2025-06-24,"Los Ríos Region",610,714,1.1704918,CLP,918,"7 días tras clic, 1 día tras visualización o 1 día tras visualización activa",4,1.68067227,76.5,1285.71428571,,,,274,,,,,,2025-06-24,2025-06-24
"publico concepcion","Video explicando servicio corto","campaña ventas HotBoat",2025-06-24,"Bío Bío Region",773,819,1.05950841,CLP,719,"7 días tras clic, 1 día tras visualización o 1 día tras visualización activa",15,5.49450549,15.97777778,877.8998779,,,,279,,,,,,2025-06-24,2025-06-24
"publico concepcion","Video pareja dcto","campaña ventas HotBoat",2025-06-24,"Bío Bío Region",656,750,1.14329268,CLP,1155,"7 días tras clic, 1 día tras visualización o 1 día tras visualización activa",6,2.66666667,57.75,1540,,,,298,,,,,,2025-06-24,2025-06-24
"publico pucon 1","Video pareja dcto","campaña ventas HotBoat",2025-06-24,"Los Ríos Region",21,21,1,CLP,12,"7 días tras clic, 1 día tras visualización o 1 día tras visualización activa",,0,0,571.42857143,,,,11,,,,,,2025-06-24,2025-06-24
"publico advantage","Video Lluvia","campaña ventas HotBoat",2025-06-23,"Los Ríos Region",43,55,1.27906977,CLP,76,"7 días tras clic o 1 día tras visualización",1,3.63636364,38,1381.81818182,,,,9,,,,,,2025-06-23,2025-06-23
"publico concepcion","Video pareja dcto","campaña ventas HotBoat",2025-06-23,"Bío Bío Region",6,6,1,CLP,19,"7 días tras clic, 1 día tras visualización o 1 día tras visualización activa",,0,0,3166.66666667,,,,,,,,,,2025-06-23,2025-06-23
"publico valdivia","Video Lluvia","campaña ventas HotBoat",2025-06-23,"Los Ríos Region",713,790,1.10799439,CLP,870,"7 días tras clic, 1 día tras visualización o 1 día tras visualización activa",12,3.79746835,29,1101.26582278,,,,191,,,,,,2025-06-23,2025-06-23
"publico concepcion","Video Lluvia","campaña ventas HotBoat",2025-06-23,"Bío Bío Region",504,542,1.07539683,CLP,658,"7 días tras clic, 1 día tras visualización o 1 día tras visualización activa",3,3.50553506,34.63157895,1214.02214022,,,,129,,,,,,2025-06-23,2025-06-23
"Test Publicos : Temuco","Video Lluvia","campaña ventas HotBoat",2025-06-23,"Araucanía Region",398,444,1.11557789,CLP,645,"7 días tras clic, 1 día tras visualización o 1 día tras visualización activa",6,3.6036036,40.3125,1452.7027027,,,,110,,,,,,2025-06-23,2025-06-23
"publico pucon 1","Video pareja dcto","campaña ventas HotBoat",2025-06-23,"Araucanía Region",953,1163,1.22035677,CLP,1914,"7 días tras clic, 1 día tras visualización o 1 día tras visualización activa",14,2.40756664,68.35714286,1645.74376612,,,,405,,,,,,2025-06-23,2025-06-23
"publico pucon 1","Video pareja dcto","campaña ventas HotBoat",2025-06-23,"Los Ríos Region",17,18,1.05882353,CLP,19,"7 días tras clic, 1 día tras visualización o 1 día tras visualización activa",,0,0,1055.55555556,,,,5,,,,,,2025-06-23,2025-06-23
"Test Publicos : Temuco","Video pareja dcto","campaña ventas HotBoat",2025-06-23,"Araucanía Region",1,1,1,CLP,0,"7 días tras clic, 1 día tras visualización o 1 día tras visualización activa",,0,0,0,,,,1,,,,,,2025-06-23,2025-06-23
"publico concepcion","Video parejas amor","campaña ventas HotBoat",2025-06-23,"Bío Bío Region",1,1,1,CLP,1,"7 días tras clic, 1 día tras visualización o 1 día tras visualización activa",,0,0,1000,,,,1,,,,,,2025-06-23,2025-06-23
"publico concepcion","Video explicando servicio corto","campaña ventas HotBoat",2025-06-23,"Bío Bío Region",1510,1612,1.06754967,CLP,1419,"7 días tras clic, 1 día tras visualización o 1 día tras visualización activa",20,3.72208437,23.65,880.27295285,,,,535,,,,,,2025-06-23,2025-06-23
"publico valdivia","Video explicando servicio corto","campaña ventas HotBoat",2025-06-23,"Los Ríos Region",1258,1387,1.10254372,CLP,1160,"7 días tras clic, 1 día tras visualización o 1 día tras visualización activa",21,3.60490267,23.2,836.33741889,,,,481,,,,,,2025-06-23,2025-06-23
"Test Publicos : Temuco","Video explicando servicio corto","campaña ventas HotBoat",2025-06-23,"Araucanía Region",43,45,1.04651163,CLP,39,"7 días tras clic, 1 día tras visualización o 1 día tras visualización activa",3,8.88888889,9.75,866.66666667,,,,22,,,,,,2025-06-23,2025-06-23
"Test Publicos : Temuco","Video parejas amor","campaña ventas HotBoat",2025-06-23,"Araucanía Region",546,604,1.10622711,CLP,1024,"7 días tras clic, 1 día tras visualización o 1 día tras visualización activa",12,3.47682119,48.76190476,1695.36423841,,,,230,,,,,,2025-06-23,2025-06-23
"publico advantage","Video explicando servicio corto","campaña ventas HotBoat",2025-06-23,"Tarapacá Region",10,10,1,CLP,11,"7 días tras clic o 1 día tras visualización",,0,0,1100,,,,3,,,,,,2025-06-23,2025-06-23
"publico advantage","Video explicando servicio corto","campaña ventas HotBoat",2025-06-23,"Santiago Metropolitan Region",312,330,1.05769231,CLP,383,"7 días tras clic o 1 día tras visualización",3,6.36363636,18.23809524,1160.60606061,,,,119,,,,,,2025-06-23,2025-06-23
"publico advantage","Video Lluvia","campaña ventas HotBoat",2025-06-23,"Valparaíso Region",64,68,1.0625,CLP,60,"7 días tras clic o 1 día tras visualización",1,5.88235294,15,882.35294118,,,,19,,,,,,2025-06-23,2025-06-23
"publico advantage","Video Lluvia","campaña ventas HotBoat",2025-06-23,"Arica y Parinacota Region",2,2,1,CLP,2,"7 días tras clic o 1 día tras visualización",,0,0,1000,,,,,,,,,,2025-06-23,2025-06-23
"publico pucon 1","Video Lluvia","campaña ventas HotBoat",2025-06-23,"Araucanía Region",1555,1865,1.19935691,CLP,2588,"7 días tras clic, 1 día tras visualización o 1 día tras visualización activa",13,1.769437,78.42424242,1387.66756032,,,,404,,,,,,2025-06-23,2025-06-23
"publico advantage","Video Lluvia","campaña ventas HotBoat",2025-06-23,"Aysén Region",5,5,1,CLP,3,"7 días tras clic o 1 día tras visualización",1,20,3,600,,,,3,,,,,,2025-06-23,2025-06-23
"publico advantage","Video Lluvia","campaña ventas HotBoat",2025-06-23,"Santiago Metropolitan Region",127,142,1.11811024,CLP,204,"7 días tras clic o 1 día tras visualización",2,4.22535211,34,1436.61971831,,,,36,,,,,,2025-06-23,2025-06-23
"publico advantage","Video explicando servicio corto","campaña ventas HotBoat",2025-06-23,"Magallanes y la Antártica Chilena Region",20,20,1,CLP,19,"7 días tras clic o 1 día tras visualización",1,20,4.75,950,,,,7,,,,,,2025-06-23,2025-06-23
"publico pucon 1","Video Lluvia","campaña ventas HotBoat - Lluvia",2025-06-23,"Araucanía Region",1394,1687,1.21018651,CLP,2207,"7 días tras clic, 1 día tras visualización o 1 día tras visualización activa",18,2.54890338,51.3255814,1308.23947836,,,,357,,,,,,2025-06-23,2025-06-23
"publico pucon 1","Video Lluvia","campaña ventas HotBoat - Lluvia",2025-06-23,"Los Ríos Region",20,21,1.05,CLP,8,"7 días tras clic, 1 día tras visualización o 1 día tras visualización activa",,0,0,380.95238095,,,,6,,,,,,2025-06-23,2025-06-23
"publico concepcion","Video Lluvia","campaña ventas HotBoat - Lluvia",2025-06-23,"Bío Bío Region",1305,1452,1.11264368,CLP,1664,"7 días tras clic, 1 día tras visualización o 1 día tras visualización activa",16,3.16804408,36.17391304,1146.00550964,,,,341,,,,,,2025-06-23,2025-06-23
"Test Publicos : Temuco","Video Lluvia","campaña ventas HotBoat - Lluvia",2025-06-23,"Araucanía Region",1029,1150,1.11758989,CLP,1547,"7 días tras clic, 1 día tras visualización o 1 día tras visualización activa",12,2.86956522,46.87878788,1345.2173913,,,,283,,,,,,2025-06-23,2025-06-23
"publico pucon 1","Video Lluvia","campaña ventas HotBoat",2025-06-23,"Los Ríos Region",32,34,1.0625,CLP,26,"7 días tras clic, 1 día tras visualización o 1 día tras visualización activa",,0,0,764.70588235,,,,10,,,,,,2025-06-23,2025-06-23
"publico advantage","Video Lluvia","campaña ventas HotBoat",2025-06-23,"Tarapacá Region",7,7,1,CLP,2,"7 días tras clic o 1 día tras visualización",,14.28571429,2,285.71428571,,,,2,,,,,,2025-06-23,2025-06-23
"publico advantage","Video Lluvia","campaña ventas HotBoat",2025-06-23,"Maule Region",50,52,1.04,CLP,45,"7 días tras clic o 1 día tras visualización",1,3.84615385,22.5,865.38461538,,,,12,,,,,,2025-06-23,2025-06-23
"publico advantage","Video Lluvia","campaña ventas HotBoat",2025-06-23,"Antofagasta Region",32,34,1.0625,CLP,126,"7 días tras clic o 1 día tras visualización",,2.94117647,126,3705.88235294,,,,12,,,,,,2025-06-23,2025-06-23
"publico advantage","Video Lluvia","campaña ventas HotBoat",2025-06-23,"Magallanes y la Antártica Chilena Region",8,9,1.125,CLP,3,"7 días tras clic o 1 día tras visualización",,0,0,333.33333333,,,,2,,,,,,2025-06-23,2025-06-23
"publico advantage","Video Lluvia","campaña ventas HotBoat",2025-06-23,"Los Lagos Region",133,164,1.23308271,CLP,126,"7 días tras clic o 1 día tras visualización",1,2.43902439,31.5,768.29268293,,,,41,,,,,,2025-06-23,2025-06-23
"publico advantage","Video Lluvia","campaña ventas HotBoat",2025-06-23,"O'Higgins Region",38,41,1.07894737,CLP,38,"7 días tras clic o 1 día tras visualización",,0,0,926.82926829,,,,11,,,,,,2025-06-23,2025-06-23
"publico advantage","Video Lluvia","campaña ventas HotBoat",2025-06-23,"Coquimbo Region",25,27,1.08,CLP,46,"7 días tras clic o 1 día tras visualización",,3.7037037,46,1703.7037037,,,,7,,,,,,2025-06-23,2025-06-23
"publico advantage","Video Lluvia","campaña ventas HotBoat",2025-06-23,"Bío Bío Region",59,67,1.13559322,CLP,75,"7 días tras clic o 1 día tras visualización",,2.98507463,37.5,1119.40298507,,,,17,,,,,,2025-06-23,2025-06-23
"publico advantage","Video Lluvia","campaña ventas HotBoat",2025-06-23,"Atacama Region",16,16,1,CLP,15,"7 días tras clic o 1 día tras visualización",,0,0,937.5,,,,4,,,,,,2025-06-23,2025-06-23
"publico advantage","Video Lluvia","campaña ventas HotBoat",2025-06-23,"Araucanía Region",45,49,1.08888889,CLP,48,"7 días tras clic o 1 día tras visualización",,0,0,979.59183673,,,,12,,,,,,2025-06-23,2025-06-23
"publico advantage","Video explicando servicio corto","campaña ventas HotBoat",2025-06-23,"Maule Region",87,89,1.02298851,CLP,67,"7 días tras clic o 1 día tras visualización",,2.24719101,33.5,752.80898876,,,,36,,,,,,2025-06-23,2025-06-23
"publico advantage","Video explicando servicio corto","campaña ventas HotBoat",2025-06-23,"Los Lagos Region",156,176,1.12820513,CLP,136,"7 días tras clic o 1 día tras visualización",1,2.84090909,27.2,772.72727273,,,,63,,,,,,2025-06-23,2025-06-23
"publico advantage","Video explicando servicio corto","campaña ventas HotBoat",2025-06-23,"O'Higgins Region",62,67,1.08064516,CLP,63,"7 días tras clic o 1 día tras visualización",1,7.46268657,12.6,940.29850746,,,,25,,,,,,2025-06-23,2025-06-23
"publico advantage","Video parejas amor","campaña ventas HotBoat",2025-06-23,"Los Ríos Region",1,1,1,CLP,1,"7 días tras clic o 1 día tras visualización",,0,0,1000,,,,,,,,,,2025-06-23,2025-06-23
"publico pucon 1","Video explicando servicio corto","campaña ventas HotBoat",2025-06-23,"Los Ríos Region",1,1,1,CLP,0,"7 días tras clic, 1 día tras visualización o 1 día tras visualización activa",,0,0,0,,,,1,,,,,,2025-06-23,2025-06-23
"publico pucon 1","Video explicando servicio corto","campaña ventas HotBoat",2025-06-23,"Araucanía Region",108,112,1.03703704,CLP,167,"7 días tras clic, 1 día tras visualización o 1 día tras visualización activa",3,5.35714286,27.83333333,1491.07142857,,,,40,,,,,,2025-06-23,2025-06-23
"publico pucon 1","Video parejas amor","campaña ventas HotBoat",2025-06-23,"Araucanía Region",1,1,1,CLP,4,"7 días tras clic, 1 día tras visualización o 1 día tras visualización activa",,0,0,4000,,,,1,,,,,,2025-06-23,2025-06-23
"publico advantage","Video parejas dcto","campaña ventas HotBoat",2025-06-23,"Los Ríos Region",2,2,1,CLP,0,"7 días tras clic o 1 día tras visualización",,0,0,0,,,,1,,,,,,2025-06-23,2025-06-23
"publico advantage","Video parejas dcto","campaña ventas HotBoat",2025-06-23,"Araucanía Region",4,5,1.25,CLP,11,"7 días tras clic o 1 día tras visualización",,20,11,2200,,,,2,,,,,,2025-06-23,2025-06-23
"publico advantage","Video parejas dcto","campaña ventas HotBoat",2025-06-23,"Bío Bío Region",1,1,1,CLP,3,"7 días tras clic o 1 día tras visualización",,0,0,3000,,,,,,,,,,2025-06-23,2025-06-23
"publico advantage","Video parejas dcto","campaña ventas HotBoat",2025-06-23,"Coquimbo Region",2,2,1,CLP,0,"7 días tras clic o 1 día tras visualización",,0,0,0,,,,,,,,,,2025-06-23,2025-06-23
"publico advantage","Video parejas dcto","campaña ventas HotBoat",2025-06-23,"Los Lagos Region",2,2,1,CLP,4,"7 días tras clic o 1 día tras visualización",,0,0,2000,,,,1,,,,,,2025-06-23,2025-06-23
"publico advantage","Video parejas dcto","campaña ventas HotBoat",2025-06-23,"Maule Region",1,1,1,CLP,0,"7 días tras clic o 1 día tras visualización",,0,0,0,,,,,,,,,,2025-06-23,2025-06-23
"publico advantage","Video parejas dcto","campaña ventas HotBoat",2025-06-23,"Santiago Metropolitan Region",5,5,1,CLP,7,"7 días tras clic o 1 día tras visualización",,0,0,1400,,,,4,,,,,,2025-06-23,2025-06-23
"publico advantage","Video parejas dcto","campaña ventas HotBoat",2025-06-23,"Valparaíso Region",1,1,1,CLP,2,"7 días tras clic o 1 día tras visualización",,0,0,2000,,,,1,,,,,,2025-06-23,2025-06-23
"publico advantage","Video parejas amor","campaña ventas HotBoat",2025-06-23,"Atacama Region",1,1,1,CLP,3,"7 días tras clic o 1 día tras visualización",,0,0,3000,,,,,,,,,,2025-06-23,2025-06-23
"publico advantage","Video explicando servicio corto","campaña ventas HotBoat",2025-06-23,"Antofagasta Region",27,30,1.11111111,CLP,35,"7 días tras clic o 1 día tras visualización",1,3.33333333,35,1166.66666667,,,,13,,,,,,2025-06-23,2025-06-23
"publico advantage","Video parejas amor","campaña ventas HotBoat",2025-06-23,"Bío Bío Region",1,1,1,CLP,1,"7 días tras clic o 1 día tras visualización",,0,0,1000,,,,,,,,,,2025-06-23,2025-06-23
"publico advantage","Video explicando servicio corto","campaña ventas HotBoat",2025-06-23,"Coquimbo Region",43,43,1,CLP,36,"7 días tras clic o 1 día tras visualización",1,6.97674419,12,837.20930233,,,,16,,,,,,2025-06-23,2025-06-23
"publico advantage","Video explicando servicio corto","campaña ventas HotBoat",2025-06-23,"Bío Bío Region",95,101,1.06315789,CLP,116,"7 días tras clic o 1 día tras visualización",,3.96039604,29,1148.51485149,,,,37,,,,,,2025-06-23,2025-06-23
"publico advantage","Video explicando servicio corto","campaña ventas HotBoat",2025-06-23,"Atacama Region",13,14,1.07692308,CLP,14,"7 días tras clic o 1 día tras visualización",,7.14285714,14,1000,,,,5,,,,,,2025-06-23,2025-06-23
"publico advantage","Video explicando servicio corto","campaña ventas HotBoat",2025-06-23,"Araucanía Region",79,82,1.03797468,CLP,121,"7 días tras clic o 1 día tras visualización",,6.09756098,24.2,1475.6097561,,,,30,,,,,,2025-06-23,2025-06-23
"publico advantage","Video explicando servicio corto","campaña ventas HotBoat",2025-06-23,"Aysén Region",3,3,1,CLP,2,"7 días tras clic o 1 día tras visualización",,0,0,666.66666667,,,,2,,,,,,2025-06-23,2025-06-23
"publico advantage","Video explicando servicio corto","campaña ventas HotBoat",2025-06-23,"Valparaíso Region",99,111,1.12121212,CLP,143,"7 días tras clic o 1 día tras visualización",3,8.10810811,15.88888889,1288.28828829,,,,44,,,,,,2025-06-23,2025-06-23
"publico advantage","Video explicando servicio corto","campaña ventas HotBoat",2025-06-23,"Arica y Parinacota Region",5,6,1.2,CLP,3,"7 días tras clic o 1 día tras visualización",,0,0,500,,,,,,,,,,2025-06-23,2025-06-23
"publico advantage","Video explicando servicio corto","campaña ventas HotBoat",2025-06-23,"Los Ríos Region",48,52,1.08333333,CLP,33,"7 días tras clic o 1 día tras visualización",3,15.38461538,4.125,634.61538462,,,,20,,,,,,2025-06-23,2025-06-23
"publico advantage","Video parejas amor","campaña ventas HotBoat",2025-06-23,"Los Lagos Region",1,1,1,CLP,1,"7 días tras clic o 1 día tras visualización",,0,0,1000,,,,,,,,,,2025-06-23,2025-06-23
"publico advantage","Video parejas amor","campaña ventas HotBoat",2025-06-22,"Araucanía Region",3,3,1,CLP,2,"7 días tras clic o 1 día tras visualización",,0,0,666.66666667,,,,1,,,,,,2025-06-22,2025-06-22
"publico advantage","Video parejas amor","campaña ventas HotBoat",2025-06-22,"Maule Region",9,10,1.11111111,CLP,24,"7 días tras clic o 1 día tras visualización",,0,0,2400,,,,5,,,,,,2025-06-22,2025-06-22
"publico advantage","Video parejas amor","campaña ventas HotBoat",2025-06-22,"Bío Bío Region",6,7,1.16666667,CLP,13,"7 días tras clic o 1 día tras visualización",1,14.28571429,13,1857.14285714,,,,4,,,,,,2025-06-22,2025-06-22
"publico advantage","Video parejas amor","campaña ventas HotBoat",2025-06-22,"Coquimbo Region",2,2,1,CLP,1,"7 días tras clic o 1 día tras visualización",,0,0,500,,,,,,,,,,2025-06-22,2025-06-22
"publico advantage","Video parejas amor","campaña ventas HotBoat",2025-06-22,"O'Higgins Region",9,9,1,CLP,8,"7 días tras clic o 1 día tras visualización",,0,0,888.88888889,,,,6,,,,,,2025-06-22,2025-06-22
"publico advantage","Video parejas amor","campaña ventas HotBoat",2025-06-22,"Los Lagos Region",15,18,1.2,CLP,18,"7 días tras clic o 1 día tras visualización",,0,0,1000,,,,5,,,,,,2025-06-22,2025-06-22
"publico advantage","Video parejas amor","campaña ventas HotBoat",2025-06-22,"Magallanes y la Antártica Chilena Region",1,1,1,CLP,0,"7 días tras clic o 1 día tras visualización",,0,0,0,,,,,,,,,,2025-06-22,2025-06-22
"publico advantage","Video explicando servicio corto","campaña ventas HotBoat",2025-06-22,"Atacama Region",15,15,1,CLP,21,"7 días tras clic o 1 día tras visualización",,0,0,1400,,,,7,,,,,,2025-06-22,2025-06-22
"publico advantage","Video parejas amor","campaña ventas HotBoat",2025-06-22,"Santiago Metropolitan Region",27,30,1.11111111,CLP,114,"7 días tras clic o 1 día tras visualización",,3.33333333,114,3800,,,,12,,,,,,2025-06-22,2025-06-22
"publico advantage","Video explicando servicio corto","campaña ventas HotBoat",2025-06-22,"Los Ríos Region",54,59,1.09259259,CLP,158,"7 días tras clic o 1 día tras visualización",2,11.86440678,22.57142857,2677.96610169,,,,18,,,,,,2025-06-22,2025-06-22
"publico advantage","Video explicando servicio corto","campaña ventas HotBoat",2025-06-22,"Arica y Parinacota Region",10,10,1,CLP,7,"7 días tras clic o 1 día tras visualización",,0,0,700,,,,2,,,,,,2025-06-22,2025-06-22
"publico advantage","Video explicando servicio corto","campaña ventas HotBoat",2025-06-22,"Valparaíso Region",101,116,1.14851485,CLP,108,"7 días tras clic o 1 día tras visualización",1,6.03448276,15.42857143,931.03448276,,,,42,,,,,,2025-06-22,2025-06-22
"publico advantage","Video explicando servicio corto","campaña ventas HotBoat",2025-06-22,"Aysén Region",7,7,1,CLP,3,"7 días tras clic o 1 día tras visualización",,0,0,428.57142857,,,,3,,,,,,2025-06-22,2025-06-22
"publico advantage","Video explicando servicio corto","campaña ventas HotBoat",2025-06-22,"Araucanía Region",50,53,1.06,CLP,85,"7 días tras clic o 1 día tras visualización",2,11.32075472,14.16666667,1603.77358491,,,,26,,,,,,2025-06-22,2025-06-22
"publico advantage","Video explicando servicio corto","campaña ventas HotBoat",2025-06-22,"Bío Bío Region",59,69,1.16949153,CLP,78,"7 días tras clic o 1 día tras visualización",4,8.69565217,13,1130.43478261,,,,27,,,,,,2025-06-22,2025-06-22
"publico advantage","Video parejas amor","campaña ventas HotBoat",2025-06-22,"Arica y Parinacota Region",3,4,1.33333333,CLP,8,"7 días tras clic o 1 día tras visualización",,0,0,2000,,,,2,,,,,,2025-06-22,2025-06-22
"publico advantage","Video parejas amor","campaña ventas HotBoat",2025-06-22,"Valparaíso Region",9,11,1.22222222,CLP,10,"7 días tras clic o 1 día tras visualización",,0,0,909.09090909,,,,2,,,,,,2025-06-22,2025-06-22
"publico advantage","Video parejas dcto","campaña ventas HotBoat",2025-06-22,"Valparaíso Region",14,16,1.14285714,CLP,27,"7 días tras clic o 1 día tras visualización",,0,0,1687.5,,,,7,,,,,,2025-06-22,2025-06-22
"publico advantage","Video parejas amor","campaña ventas HotBoat",2025-06-22,"Los Ríos Region",2,2,1,CLP,6,"7 días tras clic o 1 día tras visualización",,0,0,3000,,,,1,,,,,,2025-06-22,2025-06-22
"publico advantage","Video parejas dcto","campaña ventas HotBoat",2025-06-22,"Antofagasta Region",7,7,1,CLP,4,"7 días tras clic o 1 día tras visualización",,0,0,571.42857143,,,,4,,,,,,2025-06-22,2025-06-22
"publico pucon 1","Video explicando servicio corto","campaña ventas HotBoat",2025-06-22,"Los Ríos Region",21,23,1.0952381,CLP,11,"7 días tras clic, 1 día tras visualización o 1 día tras visualización activa",,0,0,478.26086957,,,,10,,,,,,2025-06-22,2025-06-22
"publico pucon 1","Video explicando servicio corto","campaña ventas HotBoat",2025-06-22,"Araucanía Region",786,930,1.18320611,CLP,1276,"7 días tras clic, 1 día tras visualización o 1 día tras visualización activa",26,5.91397849,23.2,1372.04301075,,,,335,,,,,,2025-06-22,2025-06-22
"publico pucon 1","Video parejas amor","campaña ventas HotBoat",2025-06-22,"Araucanía Region",145,190,1.31034483,CLP,602,"7 días tras clic, 1 día tras visualización o 1 día tras visualización activa",4,2.10526316,150.5,3168.42105263,,,,61,,,,,,2025-06-22,2025-06-22
"publico advantage","Video parejas dcto","campaña ventas HotBoat",2025-06-22,"Los Ríos Region",10,12,1.2,CLP,18,"7 días tras clic o 1 día tras visualización",,8.33333333,18,1500,,,,6,,,,,,2025-06-22,2025-06-22
"publico advantage","Video explicando servicio corto","campaña ventas HotBoat",2025-06-22,"O'Higgins Region",58,62,1.06896552,CLP,67,"7 días tras clic o 1 día tras visualización",1,4.83870968,22.33333333,1080.64516129,,,,23,,,,,,2025-06-22,2025-06-22
"publico advantage","Video parejas dcto","campaña ventas HotBoat",2025-06-22,"Aysén Region",1,1,1,CLP,3,"7 días tras clic o 1 día tras visualización",,0,0,3000,,,,1,,,,,,2025-06-22,2025-06-22
"publico advantage","Video parejas dcto","campaña ventas HotBoat",2025-06-22,"Araucanía Region",5,5,1,CLP,8,"7 días tras clic o 1 día tras visualización",,0,0,1600,,,,3,,,,,,2025-06-22,2025-06-22
"publico advantage","Video parejas dcto","campaña ventas HotBoat",2025-06-22,"Santiago Metropolitan Region",40,43,1.075,CLP,62,"7 días tras clic o 1 día tras visualización",2,9.30232558,15.5,1441.86046512,,,,21,,,,,,2025-06-22,2025-06-22
"publico advantage","Video parejas dcto","campaña ventas HotBoat",2025-06-22,"Atacama Region",2,2,1,CLP,3,"7 días tras clic o 1 día tras visualización",,0,0,1500,,,,1,,,,,,2025-06-22,2025-06-22
"publico advantage","Video parejas dcto","campaña ventas HotBoat",2025-06-22,"Bío Bío Region",17,20,1.17647059,CLP,30,"7 días tras clic o 1 día tras visualización",,5,30,1500,,,,8,,,,,,2025-06-22,2025-06-22
"publico advantage","Video parejas dcto","campaña ventas HotBoat",2025-06-22,"Coquimbo Region",6,8,1.33333333,CLP,14,"7 días tras clic o 1 día tras visualización",,0,0,1750,,,,1,,,,,,2025-06-22,2025-06-22
"publico advantage","Video parejas dcto","campaña ventas HotBoat",2025-06-22,"O'Higgins Region",7,7,1,CLP,13,"7 días tras clic o 1 día tras visualización",,14.28571429,13,1857.14285714,,,,4,,,,,,2025-06-22,2025-06-22
"publico advantage","Video parejas dcto","campaña ventas HotBoat",2025-06-22,"Los Lagos Region",21,24,1.14285714,CLP,28,"7 días tras clic o 1 día tras visualización",,0,0,1166.66666667,,,,8,,,,,,2025-06-22,2025-06-22
"publico advantage","Video parejas dcto","campaña ventas HotBoat",2025-06-22,"Magallanes y la Antártica Chilena Region",2,2,1,CLP,6,"7 días tras clic o 1 día tras visualización",,0,0,3000,,,,1,,,,,,2025-06-22,2025-06-22
"publico advantage","Video parejas dcto","campaña ventas HotBoat",2025-06-22,"Maule Region",18,24,1.33333333,CLP,37,"7 días tras clic o 1 día tras visualización",,4.16666667,37,1541.66666667,,,,12,,,,,,2025-06-22,2025-06-22
"publico advantage","Video explicando servicio corto","campaña ventas HotBoat",2025-06-22,"Coquimbo Region",37,39,1.05405405,CLP,29,"7 días tras clic o 1 día tras visualización",,0,0,743.58974359,,,,15,,,,,,2025-06-22,2025-06-22
"publico advantage","Video explicando servicio corto","campaña ventas HotBoat",2025-06-22,"Antofagasta Region",37,37,1,CLP,32,"7 días tras clic o 1 día tras visualización",,2.7027027,32,864.86486486,,,,13,,,,,,2025-06-22,2025-06-22
"publico advantage","Video explicando servicio corto","campaña ventas HotBoat",2025-06-22,"Los Lagos Region",154,166,1.07792208,CLP,120,"7 días tras clic o 1 día tras visualización",5,8.43373494,8.57142857,722.89156627,,,,86,,,,,,2025-06-22,2025-06-22
"publico advantage","Video Lluvia","campaña ventas HotBoat",2025-06-22,"Maule Region",34,38,1.11764706,CLP,31,"7 días tras clic o 1 día tras visualización",,0,0,815.78947368,,,,12,,,,,,2025-06-22,2025-06-22
"publico advantage","Video Lluvia","campaña ventas HotBoat",2025-06-22,"Atacama Region",7,7,1,CLP,17,"7 días tras clic o 1 día tras visualización",,0,0,2428.57142857,,,,1,,,,,,2025-06-22,2025-06-22
"publico advantage","Video Lluvia","campaña ventas HotBoat",2025-06-22,"Bío Bío Region",40,43,1.075,CLP,44,"7 días tras clic o 1 día tras visualización",1,6.97674419,14.66666667,1023.25581395,,,,10,,,,,,2025-06-22,2025-06-22
"publico advantage","Video Lluvia","campaña ventas HotBoat",2025-06-22,"Coquimbo Region",17,23,1.35294118,CLP,28,"7 días tras clic o 1 día tras visualización",,13.04347826,9.33333333,1217.39130435,,,,5,,,,,,2025-06-22,2025-06-22
"publico advantage","Video Lluvia","campaña ventas HotBoat",2025-06-22,"O'Higgins Region",19,23,1.21052632,CLP,32,"7 días tras clic o 1 día tras visualización",,4.34782609,32,1391.30434783,,,,5,,,,,,2025-06-22,2025-06-22
"publico advantage","Video Lluvia","campaña ventas HotBoat",2025-06-22,"Los Lagos Region",82,97,1.18292683,CLP,97,"7 días tras clic o 1 día tras visualización",3,7.21649485,13.85714286,1000,,,,23,,,,,,2025-06-22,2025-06-22
"publico advantage","Video Lluvia","campaña ventas HotBoat",2025-06-22,"Magallanes y la Antártica Chilena Region",2,2,1,CLP,1,"7 días tras clic o 1 día tras visualización",,0,0,500,,,,1,,,,,,2025-06-22,2025-06-22
"publico advantage","Video Lluvia","campaña ventas HotBoat",2025-06-22,"Santiago Metropolitan Region",103,114,1.10679612,CLP,185,"7 días tras clic o 1 día tras visualización",3,8.77192982,18.5,1622.80701754,,,,33,,,,,,2025-06-22,2025-06-22
"publico advantage","Video Lluvia","campaña ventas HotBoat",2025-06-22,"Antofagasta Region",16,18,1.125,CLP,34,"7 días tras clic o 1 día tras visualización",,5.55555556,34,1888.88888889,,,,4,,,,,,2025-06-22,2025-06-22
"publico advantage","Video Lluvia","campaña ventas HotBoat",2025-06-22,"Tarapacá Region",4,4,1,CLP,2,"7 días tras clic o 1 día tras visualización",,0,0,500,,,,3,,,,,,2025-06-22,2025-06-22
"publico pucon 1","Video Lluvia","campaña ventas HotBoat",2025-06-22,"Los Ríos Region",2,2,1,CLP,2,"7 días tras clic, 1 día tras visualización o 1 día tras visualización activa",,0,0,1000,,,,,,,,,,2025-06-22,2025-06-22
"publico pucon 1","Video Lluvia","campaña ventas HotBoat",2025-06-22,"Araucanía Region",105,127,1.20952381,CLP,264,"7 días tras clic, 1 día tras visualización o 1 día tras visualización activa",1,5.51181102,37.71428571,2078.74015748,,,,29,,,,,,2025-06-22,2025-06-22
"Test Publicos : Temuco","Video Lluvia","campaña ventas HotBoat - Lluvia",2025-06-22,"Araucanía Region",1547,1824,1.17905624,CLP,2160,"7 días tras clic, 1 día tras visualización o 1 día tras visualización activa",22,3.72807018,31.76470588,1184.21052632,,,,503,,,,,,2025-06-22,2025-06-22
"publico concepcion","Video Lluvia","campaña ventas HotBoat - Lluvia",2025-06-22,"Bío Bío Region",1889,2179,1.15352038,CLP,2464,"7 días tras clic, 1 día tras visualización o 1 día tras visualización activa",28,4.03854979,28,1130.79394218,,,,565,,,,,,2025-06-22,2025-06-22
"publico pucon 1","Video Lluvia","campaña ventas HotBoat - Lluvia",2025-06-22,"Los Ríos Region",21,22,1.04761905,CLP,15,"7 días tras clic, 1 día tras visualización o 1 día tras visualización activa",,9.09090909,7.5,681.81818182,,,,6,,,,,,2025-06-22,2025-06-22
"publico advantage","Video explicando servicio corto","campaña ventas HotBoat",2025-06-22,"Magallanes y la Antártica Chilena Region",8,9,1.125,CLP,8,"7 días tras clic o 1 día tras visualización",,0,0,888.88888889,,,,4,,,,,,2025-06-22,2025-06-22
"publico advantage","Video Lluvia","campaña ventas HotBoat",2025-06-22,"Araucanía Region",26,29,1.11538462,CLP,18,"7 días tras clic o 1 día tras visualización",1,10.34482759,6,620.68965517,,,,9,,,,,,2025-06-22,2025-06-22
"publico pucon 1","Video Lluvia","campaña ventas HotBoat - Lluvia",2025-06-22,"Araucanía Region",1502,1884,1.25432756,CLP,2333,"7 días tras clic, 1 día tras visualización o 1 día tras visualización activa",30,3.55626327,34.82089552,1238.32271762,,,,444,,,,,,2025-06-22,2025-06-22
"publico advantage","Video Lluvia","campaña ventas HotBoat",2025-06-22,"Aysén Region",5,5,1,CLP,1,"7 días tras clic o 1 día tras visualización",,0,0,200,,,,1,,,,,,2025-06-22,2025-06-22
"publico valdivia","Video parejas amor","campaña ventas HotBoat",2025-06-22,"Los Ríos Region",864,979,1.13310185,CLP,1235,"7 días tras clic, 1 día tras visualización o 1 día tras visualización activa",10,2.6557712,47.5,1261.49131767,,,,368,,,,,,2025-06-22,2025-06-22
"publico advantage","Video Lluvia","campaña ventas HotBoat",2025-06-22,"Valparaíso Region",45,51,1.13333333,CLP,41,"7 días tras clic o 1 día tras visualización",3,17.64705882,4.55555556,803.92156863,,,,15,,,,,,2025-06-22,2025-06-22
"publico advantage","Video explicando servicio corto","campaña ventas HotBoat",2025-06-22,"Santiago Metropolitan Region",395,423,1.07088608,CLP,475,"7 días tras clic o 1 día tras visualización",10,6.1465721,18.26923077,1122.93144208,,,,170,,,,,,2025-06-22,2025-06-22
"publico advantage","Video explicando servicio corto","campaña ventas HotBoat",2025-06-22,"Tarapacá Region",11,11,1,CLP,5,"7 días tras clic o 1 día tras visualización",,0,0,454.54545455,,,,3,,,,,,2025-06-22,2025-06-22
"Test Publicos : Temuco","Video pareja dcto","campaña ventas HotBoat",2025-06-22,"Araucanía Region",184,211,1.14673913,CLP,300,"7 días tras clic, 1 día tras visualización o 1 día tras visualización activa",6,3.79146919,37.5,1421.80094787,,,,78,,,,,,2025-06-22,2025-06-22
"Test Publicos : Temuco","Video parejas amor","campaña ventas HotBoat",2025-06-22,"Araucanía Region",22,23,1.04545455,CLP,412,"7 días tras clic, 1 día tras visualización o 1 día tras visualización activa",1,8.69565217,206,17913.04347826,,,,11,,,,,,2025-06-22,2025-06-22
"Test Publicos : Temuco","Video explicando servicio corto","campaña ventas HotBoat",2025-06-22,"Araucanía Region",1685,1816,1.07774481,CLP,1468,"7 días tras clic, 1 día tras visualización o 1 día tras visualización activa",35,5.56167401,14.53465347,808.37004405,,,,719,,,,,,2025-06-22,2025-06-22
"publico advantage","Video explicando servicio corto","campaña ventas HotBoat",2025-06-22,"Maule Region",81,83,1.02469136,CLP,59,"7 días tras clic o 1 día tras visualización",1,6.02409639,11.8,710.84337349,,,,32,,,,,,2025-06-22,2025-06-22
"publico concepcion","Video explicando servicio corto","campaña ventas HotBoat",2025-06-22,"Bío Bío Region",1305,1422,1.08965517,CLP,1392,"7 días tras clic, 1 día tras visualización o 1 día tras visualización activa",18,3.93811533,24.85714286,978.90295359,,,,534,,,,,,2025-06-22,2025-06-22
"publico concepcion","Video pareja dcto","campaña ventas HotBoat",2025-06-22,"Bío Bío Region",17,18,1.05882353,CLP,73,"7 días tras clic, 1 día tras visualización o 1 día tras visualización activa",,5.55555556,73,4055.55555556,,,,6,,,,,,2025-06-22,2025-06-22
"publico pucon 1","Video pareja dcto","campaña ventas HotBoat",2025-06-22,"Araucanía Region",41,45,1.09756098,CLP,96,"7 días tras clic, 1 día tras visualización o 1 día tras visualización activa",3,6.66666667,32,2133.33333333,,,,16,,,,,,2025-06-22,2025-06-22
"Test Publicos : Temuco","Video Lluvia","campaña ventas HotBoat",2025-06-22,"Araucanía Region",133,149,1.12030075,CLP,217,"7 días tras clic, 1 día tras visualización o 1 día tras visualización activa",2,6.04026846,24.11111111,1456.37583893,,,,35,,,,,,2025-06-22,2025-06-22
"publico concepcion","Video Lluvia","campaña ventas HotBoat",2025-06-22,"Bío Bío Region",111,120,1.08108108,CLP,198,"7 días tras clic, 1 día tras visualización o 1 día tras visualización activa",2,5.83333333,28.28571429,1650,,,,41,,,,,,2025-06-22,2025-06-22
"publico valdivia","Video Lluvia","campaña ventas HotBoat",2025-06-22,"Los Ríos Region",943,1053,1.11664899,CLP,1264,"7 días tras clic, 1 día tras visualización o 1 día tras visualización activa",18,4.27350427,28.08888889,1200.37986705,,,,272,,,,,,2025-06-22,2025-06-22
"publico concepcion","Video parejas amor","campaña ventas HotBoat",2025-06-22,"Bío Bío Region",241,262,1.08713693,CLP,664,"7 días tras clic, 1 día tras visualización o 1 día tras visualización activa",3,3.81679389,66.4,2534.35114504,,,,114,,,,,,2025-06-22,2025-06-22
"publico advantage","Video Lluvia","campaña ventas HotBoat",2025-06-22,"Los Ríos Region",27,29,1.07407407,CLP,35,"7 días tras clic o 1 día tras visualización",1,3.44827586,35,1206.89655172,,,,8,,,,,,2025-06-22,2025-06-22
"publico advantage","Video parejas amor","campaña ventas HotBoat",2025-06-21,"Los Lagos Region",16,20,1.25,CLP,27,"7 días tras clic o 1 día tras visualización",,0,0,1350,,,,8,,,,,,2025-06-21,2025-06-21
"publico advantage","Video parejas amor","campaña ventas HotBoat",2025-06-21,"Antofagasta Region",9,10,1.11111111,CLP,29,"7 días tras clic o 1 día tras visualización",,0,0,2900,,,,4,,,,,,2025-06-21,2025-06-21
"publico advantage","Video parejas amor","campaña ventas HotBoat",2025-06-21,"Araucanía Region",7,7,1,CLP,9,"7 días tras clic o 1 día tras visualización",,0,0,1285.71428571,,,,3,,,,,,2025-06-21,2025-06-21
"publico advantage","Video parejas amor","campaña ventas HotBoat",2025-06-21,"Atacama Region",1,1,1,CLP,2,"7 días tras clic o 1 día tras visualización",,0,0,2000,,,,1,,,,,,2025-06-21,2025-06-21
"publico advantage","Video parejas amor","campaña ventas HotBoat",2025-06-21,"Bío Bío Region",15,18,1.2,CLP,23,"7 días tras clic o 1 día tras visualización",,0,0,1277.77777778,,,,8,,,,,,2025-06-21,2025-06-21
"publico advantage","Video parejas amor","campaña ventas HotBoat",2025-06-21,"Coquimbo Region",4,5,1.25,CLP,5,"7 días tras clic o 1 día tras visualización",,20,5,1000,,,,2,,,,,,2025-06-21,2025-06-21
"publico advantage","Video parejas amor","campaña ventas HotBoat",2025-06-21,"O'Higgins Region",6,6,1,CLP,6,"7 días tras clic o 1 día tras visualización",,0,0,1000,,,,3,,,,,,2025-06-21,2025-06-21
"publico advantage","Video explicando servicio corto","campaña ventas HotBoat",2025-06-21,"Los Ríos Region",35,36,1.02857143,CLP,43,"7 días tras clic o 1 día tras visualización",2,11.11111111,10.75,1194.44444444,,,,20,,,,,,2025-06-21,2025-06-21
"publico advantage","Video parejas amor","campaña ventas HotBoat",2025-06-21,"Magallanes y la Antártica Chilena Region",1,1,1,CLP,1,"7 días tras clic o 1 día tras visualización",,0,0,1000,,,,,,,,,,2025-06-21,2025-06-21
"publico advantage","Video parejas amor","campaña ventas HotBoat",2025-06-21,"Maule Region",7,7,1,CLP,11,"7 días tras clic o 1 día tras visualización",,0,0,1571.42857143,,,,2,,,,,,2025-06-21,2025-06-21
"publico advantage","Video parejas amor","campaña ventas HotBoat",2025-06-21,"Santiago Metropolitan Region",59,72,1.22033898,CLP,168,"7 días tras clic o 1 día tras visualización",1,2.77777778,84,2333.33333333,,,,31,,,,,,2025-06-21,2025-06-21
"publico advantage","Video explicando servicio corto","campaña ventas HotBoat",2025-06-21,"Arica y Parinacota Region",7,8,1.14285714,CLP,8,"7 días tras clic o 1 día tras visualización",,12.5,8,1000,,,,4,,,,,,2025-06-21,2025-06-21
"publico advantage","Video explicando servicio corto","campaña ventas HotBoat",2025-06-21,"Valparaíso Region",85,93,1.09411765,CLP,103,"7 días tras clic o 1 día tras visualización",2,7.52688172,14.71428571,1107.52688172,,,,28,,,,,,2025-06-21,2025-06-21
"publico advantage","Video explicando servicio corto","campaña ventas HotBoat",2025-06-21,"Aysén Region",6,6,1,CLP,4,"7 días tras clic o 1 día tras visualización",,0,0,666.66666667,,,,2,,,,,,2025-06-21,2025-06-21
"publico advantage","Video parejas amor","campaña ventas HotBoat",2025-06-21,"Los Ríos Region",5,7,1.4,CLP,7,"7 días tras clic o 1 día tras visualización",,0,0,1000,,,,3,,,,,,2025-06-21,2025-06-21
"publico advantage","Video explicando servicio corto","campaña ventas HotBoat",2025-06-21,"Antofagasta Region",34,39,1.14705882,CLP,40,"7 días tras clic o 1 día tras visualización",1,5.12820513,20,1025.64102564,,,,9,,,,,,2025-06-21,2025-06-21
"publico advantage","Video parejas amor","campaña ventas HotBoat",2025-06-21,"Valparaíso Region",9,9,1,CLP,19,"7 días tras clic o 1 día tras visualización",,0,0,2111.11111111,,,,5,,,,,,2025-06-21,2025-06-21
"publico advantage","Video parejas dcto","campaña ventas HotBoat",2025-06-21,"Araucanía Region",5,7,1.4,CLP,25,"7 días tras clic o 1 día tras visualización",,0,0,3571.42857143,,,,5,,,,,,2025-06-21,2025-06-21
"publico advantage","Video parejas dcto","campaña ventas HotBoat",2025-06-21,"Tarapacá Region",4,4,1,CLP,4,"7 días tras clic o 1 día tras visualización",,0,0,1000,,,,3,,,,,,2025-06-21,2025-06-21
"publico advantage","Video parejas dcto","campaña ventas HotBoat",2025-06-21,"Valparaíso Region",12,16,1.33333333,CLP,17,"7 días tras clic o 1 día tras visualización",,0,0,1062.5,,,,3,,,,,,2025-06-21,2025-06-21
"publico advantage","Video explicando servicio corto","campaña ventas HotBoat",2025-06-21,"Atacama Region",18,18,1,CLP,15,"7 días tras clic o 1 día tras visualización",,0,0,833.33333333,,,,4,,,,,,2025-06-21,2025-06-21
"publico pucon 1","Video explicando servicio corto","campaña ventas HotBoat",2025-06-21,"Los Ríos Region",4,5,1.25,CLP,3,"7 días tras clic, 1 día tras visualización o 1 día tras visualización activa",,0,0,600,,,,3,,,,,,2025-06-21,2025-06-21
"publico pucon 1","Video explicando servicio corto","campaña ventas HotBoat",2025-06-21,"Araucanía Region",430,559,1.3,CLP,753,"7 días tras clic, 1 día tras visualización o 1 día tras visualización activa",19,7.33452594,18.36585366,1347.04830054,,,,220,,,,,,2025-06-21,2025-06-21
"publico pucon 1","Video parejas amor","campaña ventas HotBoat",2025-06-21,"Los Ríos Region",3,3,1,CLP,2,"7 días tras clic, 1 día tras visualización o 1 día tras visualización activa",,0,0,666.66666667,,,,2,,,,,,2025-06-21,2025-06-21
"publico pucon 1","Video parejas amor","campaña ventas HotBoat",2025-06-21,"Araucanía Region",144,198,1.375,CLP,494,"7 días tras clic, 1 día tras visualización o 1 día tras visualización activa",2,1.51515152,164.66666667,2494.94949495,,,,60,,,,,,2025-06-21,2025-06-21
"publico advantage","Video parejas dcto","campaña ventas HotBoat",2025-06-21,"Los Ríos Region",12,15,1.25,CLP,18,"7 días tras clic o 1 día tras visualización",,0,0,1200,,,,10,,,,,,2025-06-21,2025-06-21
"publico advantage","Video parejas dcto","campaña ventas HotBoat",2025-06-21,"Arica y Parinacota Region",1,1,1,CLP,1,"7 días tras clic o 1 día tras visualización",,0,0,1000,,,,,,,,,,2025-06-21,2025-06-21
"publico advantage","Video parejas dcto","campaña ventas HotBoat",2025-06-21,"Aysén Region",1,1,1,CLP,0,"7 días tras clic o 1 día tras visualización",,0,0,0,,,,,,,,,,2025-06-21,2025-06-21
"publico advantage","Video parejas dcto","campaña ventas HotBoat",2025-06-21,"Santiago Metropolitan Region",59,70,1.18644068,CLP,206,"7 días tras clic o 1 día tras visualización",1,4.28571429,68.66666667,2942.85714286,,,,29,,,,,,2025-06-21,2025-06-21
"publico advantage","Video parejas dcto","campaña ventas HotBoat",2025-06-21,"Antofagasta Region",6,6,1,CLP,5,"7 días tras clic o 1 día tras visualización",,0,0,833.33333333,,,,2,,,,,,2025-06-21,2025-06-21
"publico advantage","Video parejas dcto","campaña ventas HotBoat",2025-06-21,"Bío Bío Region",14,15,1.07142857,CLP,19,"7 días tras clic o 1 día tras visualización",1,13.33333333,9.5,1266.66666667,,,,6,,,,,,2025-06-21,2025-06-21
"publico advantage","Video parejas dcto","campaña ventas HotBoat",2025-06-21,"Coquimbo Region",5,5,1,CLP,9,"7 días tras clic o 1 día tras visualización",,0,0,1800,,,,4,,,,,,2025-06-21,2025-06-21
"publico advantage","Video parejas dcto","campaña ventas HotBoat",2025-06-21,"O'Higgins Region",8,11,1.375,CLP,10,"7 días tras clic o 1 día tras visualización",,9.09090909,10,909.09090909,,,,7,,,,,,2025-06-21,2025-06-21
"publico advantage","Video parejas dcto","campaña ventas HotBoat",2025-06-21,"Los Lagos Region",20,26,1.3,CLP,30,"7 días tras clic o 1 día tras visualización",1,3.84615385,30,1153.84615385,,,,9,,,,,,2025-06-21,2025-06-21
"publico advantage","Video parejas dcto","campaña ventas HotBoat",2025-06-21,"Magallanes y la Antártica Chilena Region",1,1,1,CLP,0,"7 días tras clic o 1 día tras visualización",,0,0,0,,,,,,,,,,2025-06-21,2025-06-21
"publico advantage","Video parejas dcto","campaña ventas HotBoat",2025-06-21,"Maule Region",15,18,1.2,CLP,27,"7 días tras clic o 1 día tras visualización",,5.55555556,27,1500,,,,4,,,,,,2025-06-21,2025-06-21
"publico advantage","Video explicando servicio corto","campaña ventas HotBoat",2025-06-21,"Araucanía Region",49,50,1.02040816,CLP,56,"7 días tras clic o 1 día tras visualización",1,4,28,1120,,,,20,,,,,,2025-06-21,2025-06-21
"publico pucon 1","Video Lluvia","campaña ventas HotBoat",2025-06-21,"Araucanía Region",14,15,1.07142857,CLP,14,"7 días tras clic, 1 día tras visualización o 1 día tras visualización activa",,0,0,933.33333333,,,,2,,,,,,2025-06-21,2025-06-21
"publico advantage","Video explicando servicio corto","campaña ventas HotBoat",2025-06-21,"Bío Bío Region",73,85,1.16438356,CLP,85,"7 días tras clic o 1 día tras visualización",1,4.70588235,21.25,1000,,,,25,,,,,,2025-06-21,2025-06-21
"publico advantage","Video Lluvia","campaña ventas HotBoat",2025-06-21,"Los Lagos Region",19,27,1.42105263,CLP,22,"7 días tras clic o 1 día tras visualización",1,14.81481481,5.5,814.81481481,,,,9,,,,,,2025-06-21,2025-06-21
"publico advantage","Video Lluvia","campaña ventas HotBoat",2025-06-21,"Antofagasta Region",6,6,1,CLP,8,"7 días tras clic o 1 día tras visualización",,16.66666667,8,1333.33333333,,,,1,,,,,,2025-06-21,2025-06-21
"publico advantage","Video Lluvia","campaña ventas HotBoat",2025-06-21,"Araucanía Region",9,13,1.44444444,CLP,18,"7 días tras clic o 1 día tras visualización",,0,0,1384.61538462,,,,3,,,,,,2025-06-21,2025-06-21
"publico advantage","Video Lluvia","campaña ventas HotBoat",2025-06-21,"Atacama Region",4,4,1,CLP,0,"7 días tras clic o 1 día tras visualización",,0,0,0,,,,,,,,,,2025-06-21,2025-06-21
"publico advantage","Video Lluvia","campaña ventas HotBoat",2025-06-21,"Bío Bío Region",5,5,1,CLP,1,"7 días tras clic o 1 día tras visualización",,0,0,200,,,,1,,,,,,2025-06-21,2025-06-21
"publico advantage","Video Lluvia","campaña ventas HotBoat",2025-06-21,"Coquimbo Region",5,6,1.2,CLP,2,"7 días tras clic o 1 día tras visualización",,16.66666667,2,333.33333333,,,,1,,,,,,2025-06-21,2025-06-21
"publico advantage","Video explicando servicio corto","campaña ventas HotBoat",2025-06-21,"Coquimbo Region",31,33,1.06451613,CLP,36,"7 días tras clic o 1 día tras visualización",2,9.09090909,12,1090.90909091,,,,11,,,,,,2025-06-21,2025-06-21
"publico advantage","Video Lluvia","campaña ventas HotBoat",2025-06-21,"Magallanes y la Antártica Chilena Region",2,2,1,CLP,2,"7 días tras clic o 1 día tras visualización",,0,0,1000,,,,1,,,,,,2025-06-21,2025-06-21
"publico advantage","Video Lluvia","campaña ventas HotBoat",2025-06-21,"Arica y Parinacota Region",1,1,1,CLP,2,"7 días tras clic o 1 día tras visualización",,0,0,2000,,,,,,,,,,2025-06-21,2025-06-21
"publico advantage","Video Lluvia","campaña ventas HotBoat",2025-06-21,"Maule Region",4,4,1,CLP,3,"7 días tras clic o 1 día tras visualización",,0,0,750,,,,1,,,,,,2025-06-21,2025-06-21
"publico advantage","Video Lluvia","campaña ventas HotBoat",2025-06-21,"Santiago Metropolitan Region",19,19,1,CLP,22,"7 días tras clic o 1 día tras visualización",,5.26315789,22,1157.89473684,,,,3,,,,,,2025-06-21,2025-06-21
"publico advantage","Video Lluvia","campaña ventas HotBoat",2025-06-21,"Tarapacá Region",2,2,1,CLP,1,"7 días tras clic o 1 día tras visualización",,0,0,500,,,,1,,,,,,2025-06-21,2025-06-21
"Test Publicos : Temuco","Video Lluvia","campaña ventas HotBoat - Lluvia",2025-06-21,"Araucanía Region",601,710,1.18136439,CLP,882,"7 días tras clic, 1 día tras visualización o 1 día tras visualización activa",9,3.66197183,33.92307692,1242.25352113,,,,210,,,,,,2025-06-21,2025-06-21
"publico concepcion","Video Lluvia","campaña ventas HotBoat - Lluvia",2025-06-21,"Bío Bío Region",1261,1448,1.148295,CLP,1502,"7 días tras clic, 1 día tras visualización o 1 día tras visualización activa",21,3.72928177,27.81481481,1037.29281768,,,,367,,,,,,2025-06-21,2025-06-21
"publico pucon 1","Video Lluvia","campaña ventas HotBoat - Lluvia",2025-06-21,"Los Ríos Region",4,4,1,CLP,5,"7 días tras clic, 1 día tras visualización o 1 día tras visualización activa",,0,0,1250,,,,1,,,,,,2025-06-21,2025-06-21
"publico pucon 1","Video Lluvia","campaña ventas HotBoat - Lluvia",2025-06-21,"Araucanía Region",369,426,1.15447154,CLP,417,"7 días tras clic, 1 día tras visualización o 1 día tras visualización activa",8,3.99061033,24.52941176,978.87323944,,,,80,,,,,,2025-06-21,2025-06-21
"publico advantage","Video Lluvia","campaña ventas HotBoat",2025-06-21,"Valparaíso Region",7,9,1.28571429,CLP,5,"7 días tras clic o 1 día tras visualización",,0,0,555.55555556,,,,1,,,,,,2025-06-21,2025-06-21
"publico advantage","Video Lluvia","campaña ventas HotBoat",2025-06-21,"O'Higgins Region",6,6,1,CLP,2,"7 días tras clic o 1 día tras visualización",,0,0,333.33333333,,,,,,,,,,2025-06-21,2025-06-21
"publico advantage","Video Lluvia","campaña ventas HotBoat",2025-06-21,"Los Ríos Region",7,8,1.14285714,CLP,13,"7 días tras clic o 1 día tras visualización",,0,0,1625,,,,2,,,,,,2025-06-21,2025-06-21
"Test Publicos : Temuco","Video pareja dcto","campaña ventas HotBoat",2025-06-21,"Araucanía Region",223,251,1.12556054,CLP,289,"7 días tras clic, 1 día tras visualización o 1 día tras visualización activa",4,2.78884462,41.28571429,1151.39442231,,,,109,,,,,,2025-06-21,2025-06-21
"publico advantage","Video explicando servicio corto","campaña ventas HotBoat",2025-06-21,"O'Higgins Region",38,41,1.07894737,CLP,43,"7 días tras clic o 1 día tras visualización",1,7.31707317,14.33333333,1048.7804878,,,,19,,,,,,2025-06-21,2025-06-21
"publico concepcion","Video Lluvia","campaña ventas HotBoat",2025-06-21,"Bío Bío Region",9,9,1,CLP,15,"7 días tras clic, 1 día tras visualización o 1 día tras visualización activa",1,11.11111111,15,1666.66666667,,,,2,,,,,,2025-06-21,2025-06-21
"publico advantage","Video explicando servicio corto","campaña ventas HotBoat",2025-06-21,"Magallanes y la Antártica Chilena Region",18,21,1.16666667,CLP,24,"7 días tras clic o 1 día tras visualización",,4.76190476,24,1142.85714286,,,,5,,,,,,2025-06-21,2025-06-21
"publico advantage","Video explicando servicio corto","campaña ventas HotBoat",2025-06-21,"Maule Region",58,63,1.0862069,CLP,51,"7 días tras clic o 1 día tras visualización",1,1.58730159,51,809.52380952,,,,34,,,,,,2025-06-21,2025-06-21
"publico advantage","Video explicando servicio corto","campaña ventas HotBoat",2025-06-21,"Santiago Metropolitan Region",300,326,1.08666667,CLP,561,"7 días tras clic o 1 día tras visualización",3,3.06748466,56.1,1720.85889571,,,,125,,,,,,2025-06-21,2025-06-21
"publico advantage","Video explicando servicio corto","campaña ventas HotBoat",2025-06-21,"Tarapacá Region",8,8,1,CLP,7,"7 días tras clic o 1 día tras visualización",,0,0,875,,,,1,,,,,,2025-06-21,2025-06-21
"publico advantage","Video explicando servicio corto","campaña ventas HotBoat",2025-06-21,"Los Lagos Region",118,130,1.10169492,CLP,132,"7 días tras clic o 1 día tras visualización",5,9.23076923,11,1015.38461538,,,,44,,,,,,2025-06-21,2025-06-21
"Test Publicos : Temuco","Video parejas amor","campaña ventas HotBoat",2025-06-21,"Araucanía Region",4,4,1,CLP,7,"7 días tras clic, 1 día tras visualización o 1 día tras visualización activa",,25,7,1750,,,,2,,,,,,2025-06-21,2025-06-21
"publico valdivia","Video parejas amor","campaña ventas HotBoat",2025-06-21,"Los Ríos Region",953,1155,1.21196222,CLP,1549,"7 días tras clic, 1 día tras visualización o 1 día tras visualización activa",9,2.85714286,46.93939394,1341.12554113,,,,438,,,,,,2025-06-21,2025-06-21
"publico concepcion","Video explicando servicio corto","campaña ventas HotBoat",2025-06-21,"Bío Bío Region",1126,1223,1.08614565,CLP,1182,"7 días tras clic, 1 día tras visualización o 1 día tras visualización activa",28,5.64186427,17.13043478,966.47587899,,,,472,,,,,,2025-06-21,2025-06-21
"publico concepcion","Video parejas amor","campaña ventas HotBoat",2025-06-21,"Bío Bío Region",299,365,1.22073579,CLP,481,"7 días tras clic, 1 día tras visualización o 1 día tras visualización activa",6,3.56164384,37,1317.80821918,,,,144,,,,,,2025-06-21,2025-06-21
"publico concepcion","Video pareja dcto","campaña ventas HotBoat",2025-06-21,"Bío Bío Region",9,9,1,CLP,10,"7 días tras clic, 1 día tras visualización o 1 día tras visualización activa",,0,0,1111.11111111,,,,6,,,,,,2025-06-21,2025-06-21
"publico pucon 1","Video pareja dcto","campaña ventas HotBoat",2025-06-21,"Araucanía Region",23,26,1.13043478,CLP,37,"7 días tras clic, 1 día tras visualización o 1 día tras visualización activa",,0,0,1423.07692308,,,,10,,,,,,2025-06-21,2025-06-21
"Test Publicos : Temuco","Video Lluvia","campaña ventas HotBoat",2025-06-21,"Araucanía Region",6,6,1,CLP,15,"7 días tras clic, 1 día tras visualización o 1 día tras visualización activa",,0,0,2500,,,,2,,,,,,2025-06-21,2025-06-21
"Test Publicos : Temuco","Video explicando servicio corto","campaña ventas HotBoat",2025-06-21,"Araucanía Region",1113,1208,1.0853549,CLP,831,"7 días tras clic, 1 día tras visualización o 1 día tras visualización activa",25,4.8013245,14.32758621,687.91390728,,,,456,,,,,,2025-06-21,2025-06-21
"publico advantage","Video parejas amor","campaña ventas HotBoat",2025-06-20,"Santiago Metropolitan Region",10,13,1.3,CLP,46,"7 días tras clic o 1 día tras visualización",,0,0,3538.46153846,,,,6,,,,,,2025-06-20,2025-06-20
"publico advantage","Video parejas amor","campaña ventas HotBoat",2025-06-20,"Los Ríos Region",1,1,1,CLP,2,"7 días tras clic o 1 día tras visualización",,0,0,2000,,,,,,,,,,2025-06-20,2025-06-20
"publico advantage","Video parejas amor","campaña ventas HotBoat",2025-06-20,"Valparaíso Region",2,2,1,CLP,1,"7 días tras clic o 1 día tras visualización",,0,0,500,,,,1,,,,,,2025-06-20,2025-06-20
"publico advantage","Video parejas amor","campaña ventas HotBoat",2025-06-20,"Araucanía Region",3,3,1,CLP,3,"7 días tras clic o 1 día tras visualización",1,66.66666667,1.5,1000,,,,1,,,,,,2025-06-20,2025-06-20
"publico advantage","Video parejas amor","campaña ventas HotBoat",2025-06-20,"Bío Bío Region",1,1,1,CLP,10,"7 días tras clic o 1 día tras visualización",,0,0,10000,,,,,,,,,,2025-06-20,2025-06-20
"publico advantage","Video parejas amor","campaña ventas HotBoat",2025-06-20,"Coquimbo Region",1,1,1,CLP,0,"7 días tras clic o 1 día tras visualización",,0,0,0,,,,1,,,,,,2025-06-20,2025-06-20
"publico advantage","Video parejas amor","campaña ventas HotBoat",2025-06-20,"Los Lagos Region",5,5,1,CLP,6,"7 días tras clic o 1 día tras visualización",,0,0,1200,,,,1,,,,,,2025-06-20,2025-06-20
"publico advantage","Video explicando servicio corto","campaña ventas HotBoat",2025-06-20,"Aysén Region",1,1,1,CLP,0,"7 días tras clic o 1 día tras visualización",,0,0,0,,,,,,,,,,2025-06-20,2025-06-20
"publico advantage","Video explicando servicio corto","campaña ventas HotBoat",2025-06-20,"Los Ríos Region",17,18,1.05882353,CLP,15,"7 días tras clic o 1 día tras visualización",,5.55555556,15,833.33333333,,,,4,,,,,,2025-06-20,2025-06-20
"publico advantage","Video explicando servicio corto","campaña ventas HotBoat",2025-06-20,"Arica y Parinacota Region",7,7,1,CLP,13,"7 días tras clic o 1 día tras visualización",,0,0,1857.14285714,,,,2,,,,,,2025-06-20,2025-06-20
"publico advantage","Video explicando servicio corto","campaña ventas HotBoat",2025-06-20,"Valparaíso Region",65,68,1.04615385,CLP,54,"7 días tras clic o 1 día tras visualización",3,7.35294118,10.8,794.11764706,,,,23,,,,,,2025-06-20,2025-06-20
"publico advantage","Video explicando servicio corto","campaña ventas HotBoat",2025-06-20,"Antofagasta Region",27,31,1.14814815,CLP,40,"7 días tras clic o 1 día tras visualización",,12.90322581,10,1290.32258065,,,,14,,,,,,2025-06-20,2025-06-20
"publico advantage","Video explicando servicio corto","campaña ventas HotBoat",2025-06-20,"Araucanía Region",45,48,1.06666667,CLP,41,"7 días tras clic o 1 día tras visualización",,4.16666667,20.5,854.16666667,,,,14,,,,,,2025-06-20,2025-06-20
"publico advantage","Video parejas dcto","campaña ventas HotBoat",2025-06-20,"Santiago Metropolitan Region",20,25,1.25,CLP,41,"7 días tras clic o 1 día tras visualización",1,12,13.66666667,1640,,,,11,,,,,,2025-06-20,2025-06-20
"publico advantage","Video explicando servicio corto","campaña ventas HotBoat",2025-06-20,"Atacama Region",15,16,1.06666667,CLP,65,"7 días tras clic o 1 día tras visualización",,0,0,4062.5,,,,3,,,,,,2025-06-20,2025-06-20
"publico advantage","Video parejas dcto","campaña ventas HotBoat",2025-06-20,"Tarapacá Region",2,2,1,CLP,1,"7 días tras clic o 1 día tras visualización",,0,0,500,,,,,,,,,,2025-06-20,2025-06-20
"publico advantage","Video parejas amor","campaña ventas HotBoat",2025-06-20,"Antofagasta Region",2,2,1,CLP,20,"7 días tras clic o 1 día tras visualización",,0,0,10000,,,,1,,,,,,2025-06-20,2025-06-20
"publico advantage","Video parejas dcto","campaña ventas HotBoat",2025-06-20,"Maule Region",9,10,1.11111111,CLP,21,"7 días tras clic o 1 día tras visualización",,10,21,2100,,,,4,,,,,,2025-06-20,2025-06-20
"publico advantage","Video parejas dcto","campaña ventas HotBoat",2025-06-20,"Arica y Parinacota Region",1,1,1,CLP,1,"7 días tras clic o 1 día tras visualización",,0,0,1000,,,,1,,,,,,2025-06-20,2025-06-20
"publico advantage","Video explicando servicio corto","campaña ventas HotBoat",2025-06-20,"Coquimbo Region",26,26,1,CLP,61,"7 días tras clic o 1 día tras visualización",1,7.69230769,30.5,2346.15384615,,,,6,,,,,,2025-06-20,2025-06-20
"publico pucon 1","Video explicando servicio corto","campaña ventas HotBoat",2025-06-20,"Los Ríos Region",19,19,1,CLP,9,"7 días tras clic, 1 día tras visualización o 1 día tras visualización activa",1,5.26315789,9,473.68421053,,,,6,,,,,,2025-06-20,2025-06-20
"publico pucon 1","Video explicando servicio corto","campaña ventas HotBoat",2025-06-20,"Araucanía Region",701,798,1.13837375,CLP,1203,"7 días tras clic, 1 día tras visualización o 1 día tras visualización activa",20,5.76441103,26.15217391,1507.51879699,,,,332,,,,,,2025-06-20,2025-06-20
"publico pucon 1","Video parejas amor","campaña ventas HotBoat",2025-06-20,"Los Ríos Region",1,2,2,CLP,2,"7 días tras clic, 1 día tras visualización o 1 día tras visualización activa",,0,0,1000,,,,,,,,,,2025-06-20,2025-06-20
"publico pucon 1","Video parejas amor","campaña ventas HotBoat",2025-06-20,"Araucanía Region",54,71,1.31481481,CLP,213,"7 días tras clic, 1 día tras visualización o 1 día tras visualización activa",,1.4084507,213,3000,,,,17,,,,,,2025-06-20,2025-06-20
"publico advantage","Video parejas dcto","campaña ventas HotBoat",2025-06-20,"Los Ríos Region",4,4,1,CLP,0,"7 días tras clic o 1 día tras visualización",,0,0,0,,,,1,,,,,,2025-06-20,2025-06-20
"publico advantage","Video parejas dcto","campaña ventas HotBoat",2025-06-20,"Valparaíso Region",5,6,1.2,CLP,12,"7 días tras clic o 1 día tras visualización",,0,0,2000,,,,1,,,,,,2025-06-20,2025-06-20
"publico advantage","Video parejas dcto","campaña ventas HotBoat",2025-06-20,"Magallanes y la Antártica Chilena Region",1,2,2,CLP,2,"7 días tras clic o 1 día tras visualización",,0,0,1000,,,,1,,,,,,2025-06-20,2025-06-20
"publico advantage","Video parejas dcto","campaña ventas HotBoat",2025-06-20,"Antofagasta Region",3,3,1,CLP,6,"7 días tras clic o 1 día tras visualización",,0,0,2000,,,,1,,,,,,2025-06-20,2025-06-20
"publico advantage","Video parejas dcto","campaña ventas HotBoat",2025-06-20,"Araucanía Region",4,4,1,CLP,15,"7 días tras clic o 1 día tras visualización",,0,0,3750,,,,1,,,,,,2025-06-20,2025-06-20
"publico advantage","Video parejas dcto","campaña ventas HotBoat",2025-06-20,"Atacama Region",1,1,1,CLP,2,"7 días tras clic o 1 día tras visualización",,0,0,2000,,,,,,,,,,2025-06-20,2025-06-20
"publico advantage","Video parejas dcto","campaña ventas HotBoat",2025-06-20,"Bío Bío Region",7,7,1,CLP,7,"7 días tras clic o 1 día tras visualización",,14.28571429,7,1000,,,,4,,,,,,2025-06-20,2025-06-20
"publico advantage","Video parejas dcto","campaña ventas HotBoat",2025-06-20,"Coquimbo Region",1,2,2,CLP,2,"7 días tras clic o 1 día tras visualización",,0,0,1000,,,,,,,,,,2025-06-20,2025-06-20
"publico advantage","Video parejas dcto","campaña ventas HotBoat",2025-06-20,"O'Higgins Region",6,7,1.16666667,CLP,9,"7 días tras clic o 1 día tras visualización",,14.28571429,9,1285.71428571,,,,1,,,,,,2025-06-20,2025-06-20
"publico advantage","Video parejas dcto","campaña ventas HotBoat",2025-06-20,"Los Lagos Region",14,14,1,CLP,16,"7 días tras clic o 1 día tras visualización",,7.14285714,16,1142.85714286,,,,8,,,,,,2025-06-20,2025-06-20
"publico advantage","Video explicando servicio corto","campaña ventas HotBoat",2025-06-20,"Bío Bío Region",49,50,1.02040816,CLP,61,"7 días tras clic o 1 día tras visualización",,2,61,1220,,,,19,,,,,,2025-06-20,2025-06-20
"publico advantage","Video parejas amor","campaña ventas HotBoat",2025-06-20,"Maule Region",2,2,1,CLP,3,"7 días tras clic o 1 día tras visualización",,0,0,1500,,,,,,,,,,2025-06-20,2025-06-20
"publico advantage","Video explicando servicio corto","campaña ventas HotBoat",2025-06-20,"O'Higgins Region",33,34,1.03030303,CLP,69,"7 días tras clic o 1 día tras visualización",,0,0,2029.41176471,,,,14,,,,,,2025-06-20,2025-06-20
"publico advantage","Video Lluvia","campaña ventas HotBoat",2025-06-20,"Los Lagos Region",18,20,1.11111111,CLP,22,"7 días tras clic o 1 día tras visualización",1,10,11,1100,,,,2,,,,,,2025-06-20,2025-06-20
"publico advantage","Video Lluvia","campaña ventas HotBoat",2025-06-20,"Antofagasta Region",5,8,1.6,CLP,24,"7 días tras clic o 1 día tras visualización",,12.5,24,3000,,,,4,,,,,,2025-06-20,2025-06-20
"publico advantage","Video Lluvia","campaña ventas HotBoat",2025-06-20,"Araucanía Region",4,7,1.75,CLP,12,"7 días tras clic o 1 día tras visualización",,0,0,1714.28571429,,,,3,,,,,,2025-06-20,2025-06-20
"publico advantage","Video Lluvia","campaña ventas HotBoat",2025-06-20,"Atacama Region",3,3,1,CLP,4,"7 días tras clic o 1 día tras visualización",,0,0,1333.33333333,,,,,,,,,,2025-06-20,2025-06-20
"publico advantage","Video Lluvia","campaña ventas HotBoat",2025-06-20,"Bío Bío Region",7,8,1.14285714,CLP,31,"7 días tras clic o 1 día tras visualización",,0,0,3875,,,,2,,,,,,2025-06-20,2025-06-20
"publico advantage","Video Lluvia","campaña ventas HotBoat",2025-06-20,"Coquimbo Region",2,2,1,CLP,2,"7 días tras clic o 1 día tras visualización",,0,0,1000,,,,,,,,,,2025-06-20,2025-06-20
"publico advantage","Video Lluvia","campaña ventas HotBoat",2025-06-20,"O'Higgins Region",4,4,1,CLP,3,"7 días tras clic o 1 día tras visualización",,0,0,750,,,,,,,,,,2025-06-20,2025-06-20
"publico advantage","Video Lluvia","campaña ventas HotBoat",2025-06-20,"Maule Region",7,8,1.14285714,CLP,11,"7 días tras clic o 1 día tras visualización",,0,0,1375,,,,1,,,,,,2025-06-20,2025-06-20
"publico advantage","Video Lluvia","campaña ventas HotBoat",2025-06-20,"Valparaíso Region",11,11,1,CLP,7,"7 días tras clic o 1 día tras visualización",,0,0,636.36363636,,,,1,,,,,,2025-06-20,2025-06-20
"publico advantage","Video Lluvia","campaña ventas HotBoat",2025-06-20,"Santiago Metropolitan Region",22,29,1.31818182,CLP,64,"7 días tras clic o 1 día tras visualización",1,6.89655172,32,2206.89655172,,,,9,,,,,,2025-06-20,2025-06-20
"publico advantage","Video Lluvia","campaña ventas HotBoat",2025-06-20,"Tarapacá Region",1,1,1,CLP,0,"7 días tras clic o 1 día tras visualización",,0,0,0,,,,,,,,,,2025-06-20,2025-06-20
"publico pucon 1","Video Lluvia","campaña ventas HotBoat",2025-06-20,"Los Ríos Region",1,1,1,CLP,0,"7 días tras clic, 1 día tras visualización o 1 día tras visualización activa",,0,0,0,,,,,,,,,,2025-06-20,2025-06-20
"publico pucon 1","Video Lluvia","campaña ventas HotBoat",2025-06-20,"Araucanía Region",63,70,1.11111111,CLP,118,"7 días tras clic, 1 día tras visualización o 1 día tras visualización activa",,0,0,1685.71428571,,,,14,,,,,,2025-06-20,2025-06-20
"Test Publicos : Temuco","Video Lluvia","campaña ventas HotBoat - Lluvia",2025-06-20,"Araucanía Region",1516,1771,1.1682058,CLP,2239,"7 días tras clic, 1 día tras visualización o 1 día tras visualización activa",22,3.27498588,38.60344828,1264.25748165,,,,483,,,,,,2025-06-20,2025-06-20
"publico pucon 1","Video Lluvia","campaña ventas HotBoat - Lluvia",2025-06-20,"Los Ríos Region",37,44,1.18918919,CLP,60,"7 días tras clic, 1 día tras visualización o 1 día tras visualización activa",2,6.81818182,20,1363.63636364,,,,10,,,,,,2025-06-20,2025-06-20
"publico advantage","Video Lluvia","campaña ventas HotBoat",2025-06-20,"Aysén Region",2,2,1,CLP,1,"7 días tras clic o 1 día tras visualización",,100,0.5,500,,,,1,,,,,,2025-06-20,2025-06-20
"publico concepcion","Video Lluvia","campaña ventas HotBoat - Lluvia",2025-06-20,"Bío Bío Region",1693,2016,1.19078559,CLP,2250,"7 días tras clic, 1 día tras visualización o 1 día tras visualización activa",28,3.91865079,28.48101266,1116.07142857,,,,532,,,,,,2025-06-20,2025-06-20
"publico advantage","Video Lluvia","campaña ventas HotBoat",2025-06-20,"Los Ríos Region",6,6,1,CLP,4,"7 días tras clic o 1 día tras visualización",,0,0,666.66666667,,,,1,,,,,,2025-06-20,2025-06-20
"publico valdivia","Video pareja dcto","campaña ventas HotBoat",2025-06-20,"Los Ríos Region",423,530,1.25295508,CLP,866,"7 días tras clic, 1 día tras visualización o 1 día tras visualización activa",5,2.45283019,66.61538462,1633.96226415,,,,205,,,,,,2025-06-20,2025-06-20
"publico advantage","Video explicando servicio corto","campaña ventas HotBoat",2025-06-20,"Magallanes y la Antártica Chilena Region",8,11,1.375,CLP,11,"7 días tras clic o 1 día tras visualización",,0,0,1000,,,,3,,,,,,2025-06-20,2025-06-20
"publico advantage","Video explicando servicio corto","campaña ventas HotBoat",2025-06-20,"Maule Region",42,44,1.04761905,CLP,40,"7 días tras clic o 1 día tras visualización",,4.54545455,20,909.09090909,,,,15,,,,,,2025-06-20,2025-06-20
"publico advantage","Video explicando servicio corto","campaña ventas HotBoat",2025-06-20,"Santiago Metropolitan Region",248,271,1.09274194,CLP,480,"7 días tras clic o 1 día tras visualización",2,1.84501845,96,1771.21771218,,,,92,,,,,,2025-06-20,2025-06-20
"publico advantage","Video explicando servicio corto","campaña ventas HotBoat",2025-06-20,"Tarapacá Region",13,14,1.07692308,CLP,27,"7 días tras clic o 1 día tras visualización",,0,0,1928.57142857,,,,4,,,,,,2025-06-20,2025-06-20
"Test Publicos : Temuco","Video pareja dcto","campaña ventas HotBoat",2025-06-20,"Araucanía Region",18,21,1.16666667,CLP,44,"7 días tras clic, 1 día tras visualización o 1 día tras visualización activa",,4.76190476,44,2095.23809524,,,,11,,,,,,2025-06-20,2025-06-20
"publico valdivia","Video parejas amor","campaña ventas HotBoat",2025-06-20,"Los Ríos Region",511,622,1.21722114,CLP,1597,"7 días tras clic, 1 día tras visualización o 1 día tras visualización activa",13,4.18006431,61.42307692,2567.52411576,,,,237,,,,,,2025-06-20,2025-06-20
"Test Publicos : Temuco","Video explicando servicio corto","campaña ventas HotBoat",2025-06-20,"Araucanía Region",1623,1712,1.05483672,CLP,1463,"7 días tras clic, 1 día tras visualización o 1 día tras visualización activa",37,3.79672897,22.50769231,854.55607477,,,,629,,,,,,2025-06-20,2025-06-20
"publico pucon 1","Video Lluvia","campaña ventas HotBoat - Lluvia",2025-06-20,"Araucanía Region",2169,2766,1.27524205,CLP,3183,"7 días tras clic, 1 día tras visualización o 1 día tras visualización activa",41,3.72378886,30.90291262,1150.75921909,,,,614,,,,,,2025-06-20,2025-06-20
"publico concepcion","Video explicando servicio corto","campaña ventas HotBoat",2025-06-20,"Bío Bío Region",917,995,1.08505998,CLP,1221,"7 días tras clic, 1 día tras visualización o 1 día tras visualización activa",25,5.12562814,23.94117647,1227.13567839,,,,387,,,,,,2025-06-20,2025-06-20
"publico concepcion","Video parejas amor","campaña ventas HotBoat",2025-06-20,"Bío Bío Region",95,114,1.2,CLP,219,"7 días tras clic, 1 día tras visualización o 1 día tras visualización activa",5,7.89473684,24.33333333,1921.05263158,,,,44,,,,,,2025-06-20,2025-06-20
"publico concepcion","Video pareja dcto","campaña ventas HotBoat",2025-06-20,"Bío Bío Region",115,132,1.14782609,CLP,265,"7 días tras clic, 1 día tras visualización o 1 día tras visualización activa",2,4.54545455,44.16666667,2007.57575758,,,,62,,,,,,2025-06-20,2025-06-20
"publico pucon 1","Video pareja dcto","campaña ventas HotBoat",2025-06-20,"Araucanía Region",39,40,1.02564103,CLP,207,"7 días tras clic, 1 día tras visualización o 1 día tras visualización activa",,0,0,5175,,,,14,,,,,,2025-06-20,2025-06-20
"publico advantage","Video explicando servicio corto","campaña ventas HotBoat",2025-06-20,"Los Lagos Region",95,111,1.16842105,CLP,126,"7 días tras clic o 1 día tras visualización",5,10.81081081,10.5,1135.13513514,,,,44,,,,,,2025-06-20,2025-06-20
"Test Publicos : Temuco","Video Lluvia","campaña ventas HotBoat",2025-06-20,"Araucanía Region",11,11,1,CLP,49,"7 días tras clic, 1 día tras visualización o 1 día tras visualización activa",,0,0,4454.54545455,,,,3,,,,,,2025-06-20,2025-06-20
"publico concepcion","Video Lluvia","campaña ventas HotBoat",2025-06-20,"Bío Bío Region",30,31,1.03333333,CLP,190,"7 días tras clic, 1 día tras visualización o 1 día tras visualización activa",1,3.22580645,190,6129.03225806,,,,11,,,,,,2025-06-20,2025-06-20
"publico advantage","Video explicando servicio corto","campaña ventas HotBoat",2025-06-19,"Antofagasta Region",51,53,1.03921569,CLP,61,"7 días tras clic o 1 día tras visualización",,0,0,1150.94339623,,,,23,,,,,,2025-06-19,2025-06-19
"publico advantage","Video explicando servicio corto","campaña ventas HotBoat",2025-06-19,Unknown,35,36,1.02857143,CLP,104,"7 días tras clic o 1 día tras visualización",,0,0,2888.88888889,,,,6,,,,,,2025-06-19,2025-06-19
"publico advantage","Video explicando servicio corto","campaña ventas HotBoat",2025-06-19,"Los Ríos Region",31,33,1.06451613,CLP,41,"7 días tras clic o 1 día tras visualización",1,9.09090909,13.66666667,1242.42424242,,,,9,,,,,,2025-06-19,2025-06-19
"publico advantage","Video explicando servicio corto","campaña ventas HotBoat",2025-06-19,"Arica y Parinacota Region",6,6,1,CLP,8,"7 días tras clic o 1 día tras visualización",,0,0,1333.33333333,,,,2,,,,,,2025-06-19,2025-06-19
"publico advantage","Video explicando servicio corto","campaña ventas HotBoat",2025-06-19,"Valparaíso Region",115,133,1.15652174,CLP,148,"7 días tras clic o 1 día tras visualización",3,5.26315789,21.14285714,1112.78195489,,,,52,,,,,,2025-06-19,2025-06-19
"publico advantage","Video explicando servicio corto","campaña ventas HotBoat",2025-06-19,"Aysén Region",4,4,1,CLP,3,"7 días tras clic o 1 día tras visualización",,0,0,750,,,,,,,,,,2025-06-19,2025-06-19
"publico advantage","Video explicando servicio corto","campaña ventas HotBoat",2025-06-19,"Magallanes y la Antártica Chilena Region",19,20,1.05263158,CLP,16,"7 días tras clic o 1 día tras visualización",,5,16,800,,,,8,,,,,,2025-06-19,2025-06-19
"publico advantage","Video explicando servicio corto","campaña ventas HotBoat",2025-06-19,"Araucanía Region",87,97,1.11494253,CLP,148,"7 días tras clic o 1 día tras visualización",3,9.27835052,16.44444444,1525.77319588,,,,34,,,,,,2025-06-19,2025-06-19
"publico advantage","Video explicando servicio corto","campaña ventas HotBoat",2025-06-19,"Atacama Region",13,14,1.07692308,CLP,57,"7 días tras clic o 1 día tras visualización",,14.28571429,28.5,4071.42857143,,,,7,,,,,,2025-06-19,2025-06-19
"publico advantage","Video explicando servicio corto","campaña ventas HotBoat",2025-06-19,"Bío Bío Region",71,76,1.07042254,CLP,110,"7 días tras clic o 1 día tras visualización",1,5.26315789,27.5,1447.36842105,,,,25,,,,,,2025-06-19,2025-06-19
"publico advantage","Video explicando servicio corto","campaña ventas HotBoat",2025-06-19,"Coquimbo Region",36,40,1.11111111,CLP,43,"7 días tras clic o 1 día tras visualización",1,7.5,14.33333333,1075,,,,16,,,,,,2025-06-19,2025-06-19
"publico advantage","Video explicando servicio corto","campaña ventas HotBoat",2025-06-19,"O'Higgins Region",55,62,1.12727273,CLP,91,"7 días tras clic o 1 día tras visualización",,3.22580645,45.5,1467.74193548,,,,19,,,,,,2025-06-19,2025-06-19
"publico advantage","Video explicando servicio corto","campaña ventas HotBoat",2025-06-19,"Los Lagos Region",139,167,1.20143885,CLP,244,"7 días tras clic o 1 día tras visualización",4,9.58083832,15.25,1461.07784431,,,,64,,,,,,2025-06-19,2025-06-19
"publico advantage","Video parejas amor","campaña ventas HotBoat",2025-06-19,"Los Lagos Region",2,4,2,CLP,13,"7 días tras clic o 1 día tras visualización",1,50,6.5,3250,,,,2,,,,,,2025-06-19,2025-06-19
"publico advantage","Video parejas amor","campaña ventas HotBoat",2025-06-19,"Santiago Metropolitan Region",7,9,1.28571429,CLP,22,"7 días tras clic o 1 día tras visualización",,0,0,2444.44444444,,,,6,,,,,,2025-06-19,2025-06-19
"publico advantage","Video parejas dcto","campaña ventas HotBoat",2025-06-19,"Bío Bío Region",4,4,1,CLP,5,"7 días tras clic o 1 día tras visualización",,25,5,1250,,,,1,,,,,,2025-06-19,2025-06-19
"publico advantage","Video parejas amor","campaña ventas HotBoat",2025-06-19,"Araucanía Region",2,3,1.5,CLP,6,"7 días tras clic o 1 día tras visualización",,0,0,2000,,,,,,,,,,2025-06-19,2025-06-19
"publico advantage","Video parejas dcto","campaña ventas HotBoat",2025-06-19,"Antofagasta Region",2,2,1,CLP,1,"7 días tras clic o 1 día tras visualización",,0,0,500,,,,2,,,,,,2025-06-19,2025-06-19
"publico advantage","Video explicando servicio corto","campaña ventas HotBoat",2025-06-19,"Santiago Metropolitan Region",338,379,1.12130178,CLP,677,"7 días tras clic o 1 día tras visualización",9,6.86015831,26.03846154,1786.27968338,,,,135,,,,,,2025-06-19,2025-06-19
"publico pucon 1","Video explicando servicio corto","campaña ventas HotBoat",2025-06-19,"Los Ríos Region",21,25,1.19047619,CLP,17,"7 días tras clic, 1 día tras visualización o 1 día tras visualización activa",,0,0,680,,,,5,,,,,,2025-06-19,2025-06-19
"publico pucon 1","Video explicando servicio corto","campaña ventas HotBoat",2025-06-19,"Araucanía Region",495,563,1.13737374,CLP,939,"7 días tras clic, 1 día tras visualización o 1 día tras visualización activa",15,6.39431616,26.08333333,1667.85079929,,,,193,,,,,,2025-06-19,2025-06-19
"publico pucon 1","Video parejas amor","campaña ventas HotBoat",2025-06-19,"Araucanía Region",33,40,1.21212121,CLP,56,"7 días tras clic, 1 día tras visualización o 1 día tras visualización activa",,0,0,1400,,,,6,,,,,,2025-06-19,2025-06-19
"publico advantage","Video parejas dcto","campaña ventas HotBoat",2025-06-19,"Los Ríos Region",4,4,1,CLP,15,"7 días tras clic o 1 día tras visualización",,0,0,3750,,,,3,,,,,,2025-06-19,2025-06-19
"publico advantage","Video parejas dcto","campaña ventas HotBoat",2025-06-19,"Valparaíso Region",5,5,1,CLP,6,"7 días tras clic o 1 día tras visualización",,0,0,1200,,,,1,,,,,,2025-06-19,2025-06-19
"publico advantage","Video parejas dcto","campaña ventas HotBoat",2025-06-19,"Araucanía Region",2,2,1,CLP,5,"7 días tras clic o 1 día tras visualización",,0,0,2500,,,,2,,,,,,2025-06-19,2025-06-19
"publico advantage","Video parejas amor","campaña ventas HotBoat",2025-06-19,"Los Ríos Region",1,1,1,CLP,1,"7 días tras clic o 1 día tras visualización",,0,0,1000,,,,,,,,,,2025-06-19,2025-06-19
"publico advantage","Video parejas dcto","campaña ventas HotBoat",2025-06-19,"O'Higgins Region",1,1,1,CLP,1,"7 días tras clic o 1 día tras visualización",,0,0,1000,,,,,,,,,,2025-06-19,2025-06-19
"publico advantage","Video parejas dcto","campaña ventas HotBoat",2025-06-19,"Los Lagos Region",9,10,1.11111111,CLP,16,"7 días tras clic o 1 día tras visualización",1,10,16,1600,,,,3,,,,,,2025-06-19,2025-06-19
"publico advantage","Video parejas dcto","campaña ventas HotBoat",2025-06-19,"Magallanes y la Antártica Chilena Region",1,1,1,CLP,2,"7 días tras clic o 1 día tras visualización",,0,0,2000,,,,,,,,,,2025-06-19,2025-06-19
"publico advantage","Video parejas dcto","campaña ventas HotBoat",2025-06-19,"Maule Region",7,7,1,CLP,5,"7 días tras clic o 1 día tras visualización",,14.28571429,5,714.28571429,,,,2,,,,,,2025-06-19,2025-06-19
"publico advantage","Video parejas dcto","campaña ventas HotBoat",2025-06-19,"Santiago Metropolitan Region",8,8,1,CLP,17,"7 días tras clic o 1 día tras visualización",,0,0,2125,,,,2,,,,,,2025-06-19,2025-06-19
"publico advantage","Video parejas dcto","campaña ventas HotBoat",2025-06-19,"Tarapacá Region",2,2,1,CLP,1,"7 días tras clic o 1 día tras visualización",,0,0,500,,,,,,,,,,2025-06-19,2025-06-19
"publico advantage","Video explicando servicio corto","campaña ventas HotBoat",2025-06-19,"Maule Region",62,65,1.0483871,CLP,67,"7 días tras clic o 1 día tras visualización",1,3.07692308,33.5,1030.76923077,,,,23,,,,,,2025-06-19,2025-06-19
"publico pucon 1","Video pareja dcto","campaña ventas HotBoat",2025-06-19,"Los Ríos Region",6,7,1.16666667,CLP,15,"7 días tras clic, 1 día tras visualización o 1 día tras visualización activa",,14.28571429,15,2142.85714286,,,,3,,,,,,2025-06-19,2025-06-19
"publico advantage","Video explicando servicio corto","campaña ventas HotBoat",2025-06-19,"Tarapacá Region",14,16,1.14285714,CLP,9,"7 días tras clic o 1 día tras visualización",1,6.25,9,562.5,,,,6,,,,,,2025-06-19,2025-06-19
"publico advantage","Video Lluvia","campaña ventas HotBoat",2025-06-19,"Antofagasta Region",2,2,1,CLP,2,"7 días tras clic o 1 día tras visualización",,0,0,1000,,,,,,,,,,2025-06-19,2025-06-19
"publico pucon 1","Video Lluvia","campaña ventas HotBoat - Lluvia",2025-06-19,"Araucanía Region",614,653,1.06351792,CLP,757,"7 días tras clic, 1 día tras visualización o 1 día tras visualización activa",6,1.68453292,68.81818182,1159.26493109,,,,139,,,,,,2025-06-19,2025-06-19
"publico pucon 1","Video Lluvia","campaña ventas HotBoat - Lluvia",2025-06-19,"Los Ríos Region",13,16,1.23076923,CLP,12,"7 días tras clic, 1 día tras visualización o 1 día tras visualización activa",,6.25,12,750,,,,5,,,,,,2025-06-19,2025-06-19
"publico concepcion","Video Lluvia","campaña ventas HotBoat - Lluvia",2025-06-19,"Bío Bío Region",602,615,1.02159468,CLP,705,"7 días tras clic, 1 día tras visualización o 1 día tras visualización activa",10,2.43902439,47,1146.34146341,,,,158,,,,,,2025-06-19,2025-06-19
"Test Publicos : Temuco","Video Lluvia","campaña ventas HotBoat - Lluvia",2025-06-19,"Araucanía Region",549,573,1.04371585,CLP,857,"7 días tras clic, 1 día tras visualización o 1 día tras visualización activa",8,2.96684119,50.41176471,1495.63699825,,,,149,,,,,,2025-06-19,2025-06-19
"publico pucon 1","Video Lluvia","campaña ventas HotBoat",2025-06-19,"Araucanía Region",106,119,1.12264151,CLP,176,"7 días tras clic, 1 día tras visualización o 1 día tras visualización activa",1,2.5210084,58.66666667,1478.99159664,,,,24,,,,,,2025-06-19,2025-06-19
"publico pucon 1","Video Lluvia","campaña ventas HotBoat",2025-06-19,"Los Ríos Region",3,3,1,CLP,0,"7 días tras clic, 1 día tras visualización o 1 día tras visualización activa",,0,0,0,,,,1,,,,,,2025-06-19,2025-06-19
"publico advantage","Video Lluvia","campaña ventas HotBoat",2025-06-19,"Santiago Metropolitan Region",13,15,1.15384615,CLP,114,"7 días tras clic o 1 día tras visualización",1,6.66666667,114,7600,,,,5,,,,,,2025-06-19,2025-06-19
"publico advantage","Video Lluvia","campaña ventas HotBoat",2025-06-19,"Maule Region",11,13,1.18181818,CLP,11,"7 días tras clic o 1 día tras visualización",1,7.69230769,11,846.15384615,,,,3,,,,,,2025-06-19,2025-06-19
"publico advantage","Video Lluvia","campaña ventas HotBoat",2025-06-19,"Magallanes y la Antártica Chilena Region",1,1,1,CLP,1,"7 días tras clic o 1 día tras visualización",,0,0,1000,,,,1,,,,,,2025-06-19,2025-06-19
"Test Publicos : Temuco","Video pareja dcto","campaña ventas HotBoat",2025-06-19,"Araucanía Region",8,8,1,CLP,12,"7 días tras clic, 1 día tras visualización o 1 día tras visualización activa",,0,0,1500,,,,4,,,,,,2025-06-19,2025-06-19
"publico advantage","Video Lluvia","campaña ventas HotBoat",2025-06-19,"O'Higgins Region",3,3,1,CLP,8,"7 días tras clic o 1 día tras visualización",,0,0,2666.66666667,,,,,,,,,,2025-06-19,2025-06-19
"publico advantage","Video Lluvia","campaña ventas HotBoat",2025-06-19,"Coquimbo Region",3,3,1,CLP,1,"7 días tras clic o 1 día tras visualización",,0,0,333.33333333,,,,,,,,,,2025-06-19,2025-06-19
"publico advantage","Video Lluvia","campaña ventas HotBoat",2025-06-19,"Bío Bío Region",8,9,1.125,CLP,24,"7 días tras clic o 1 día tras visualización",,0,0,2666.66666667,,,,3,,,,,,2025-06-19,2025-06-19
"publico advantage","Video Lluvia","campaña ventas HotBoat",2025-06-19,"Araucanía Region",10,11,1.1,CLP,11,"7 días tras clic o 1 día tras visualización",,9.09090909,11,1000,,,,3,,,,,,2025-06-19,2025-06-19
"publico advantage","Video Lluvia","campaña ventas HotBoat",2025-06-19,"Los Lagos Region",18,35,1.94444444,CLP,29,"7 días tras clic o 1 día tras visualización",1,8.57142857,9.66666667,828.57142857,,,,6,,,,,,2025-06-19,2025-06-19
"publico advantage","Video Lluvia","campaña ventas HotBoat",2025-06-19,"Aysén Region",1,1,1,CLP,0,"7 días tras clic o 1 día tras visualización",,0,0,0,,,,,,,,,,2025-06-19,2025-06-19
"publico concepcion","Video parejas amor","campaña ventas HotBoat",2025-06-19,"Bío Bío Region",8,8,1,CLP,23,"7 días tras clic, 1 día tras visualización o 1 día tras visualización activa",,0,0,2875,,,,5,,,,,,2025-06-19,2025-06-19
"publico advantage","Video Lluvia","campaña ventas HotBoat",2025-06-19,"Valparaíso Region",4,5,1.25,CLP,4,"7 días tras clic o 1 día tras visualización",,0,0,800,,,,1,,,,,,2025-06-19,2025-06-19
"Test Publicos : Temuco","Video explicando servicio corto","campaña ventas HotBoat",2025-06-19,"Los Ríos Region",32,32,1,CLP,22,"7 días tras clic, 1 día tras visualización o 1 día tras visualización activa",,3.125,22,687.5,,,,12,,,,,,2025-06-19,2025-06-19
"Test Publicos : Temuco","Video explicando servicio corto","campaña ventas HotBoat",2025-06-19,"Araucanía Region",2298,2499,1.08746736,CLP,2713,"7 días tras clic, 1 día tras visualización o 1 día tras visualización activa",50,4.64185674,23.38793103,1085.6342537,,,,843,,,,,,2025-06-19,2025-06-19
"publico valdivia","Video explicando servicio corto","campaña ventas HotBoat",2025-06-19,"Los Ríos Region",1245,1386,1.11325301,CLP,1308,"7 días tras clic, 1 día tras visualización o 1 día tras visualización activa",26,3.82395382,24.67924528,943.72294372,,,,445,,,,,,2025-06-19,2025-06-19
"publico valdivia","Video pareja dcto","campaña ventas HotBoat",2025-06-19,"Los Ríos Region",226,244,1.07964602,CLP,319,"7 días tras clic, 1 día tras visualización o 1 día tras visualización activa",2,2.04918033,63.8,1307.37704918,,,,101,,,,,,2025-06-19,2025-06-19
"publico concepcion","Video explicando servicio corto","campaña ventas HotBoat",2025-06-19,"Bío Bío Region",1295,1408,1.08725869,CLP,1644,"7 días tras clic, 1 día tras visualización o 1 día tras visualización activa",19,3.62215909,32.23529412,1167.61363636,,,,496,,,,,,2025-06-19,2025-06-19
"Test Publicos : Temuco","Video parejas amor","campaña ventas HotBoat",2025-06-19,"Araucanía Region",1,1,1,CLP,0,"7 días tras clic, 1 día tras visualización o 1 día tras visualización activa",,0,0,0,,,,,,,,,,2025-06-19,2025-06-19
"publico concepcion","Video pareja dcto","campaña ventas HotBoat",2025-06-19,"Bío Bío Region",98,118,1.20408163,CLP,261,"7 días tras clic, 1 día tras visualización o 1 día tras visualización activa",2,2.54237288,87,2211.86440678,,,,41,,,,,,2025-06-19,2025-06-19
"publico pucon 1","Video pareja dcto","campaña ventas HotBoat",2025-06-19,"Araucanía Region",493,584,1.18458418,CLP,1184,"7 días tras clic, 1 día tras visualización o 1 día tras visualización activa",8,2.73972603,74,2027.39726027,,,,165,,,,,,2025-06-19,2025-06-19
"Test Publicos : Temuco","Video Lluvia","campaña ventas HotBoat",2025-06-19,"Araucanía Region",21,21,1,CLP,19,"7 días tras clic, 1 día tras visualización o 1 día tras visualización activa",,0,0,904.76190476,,,,6,,,,,,2025-06-19,2025-06-19
"publico concepcion","Video Lluvia","campaña ventas HotBoat",2025-06-19,"Bío Bío Region",31,32,1.03225806,CLP,44,"7 días tras clic, 1 día tras visualización o 1 día tras visualización activa",,0,0,1375,,,,6,,,,,,2025-06-19,2025-06-19
"publico valdivia","Video Lluvia","campaña ventas HotBoat",2025-06-19,"Los Ríos Region",13,17,1.30769231,CLP,22,"7 días tras clic, 1 día tras visualización o 1 día tras visualización activa",,0,0,1294.11764706,,,,5,,,,,,2025-06-19,2025-06-19
"publico advantage","Video Lluvia","campaña ventas HotBoat",2025-06-19,"Los Ríos Region",13,16,1.23076923,CLP,60,"7 días tras clic o 1 día tras visualización",,0,0,3750,,,,4,,,,,,2025-06-19,2025-06-19
"publico advantage","Video parejas amor","campaña ventas HotBoat",2025-06-18,"Los Ríos Region",1,1,1,CLP,2,"7 días tras clic o 1 día tras visualización",,0,0,2000,,,,,,,,,,2025-06-18,2025-06-18
"publico pucon 1","Video explicando servicio corto","campaña ventas HotBoat",2025-06-18,"Los Ríos Region",1,1,1,CLP,0,"7 días tras clic, 1 día tras visualización o 1 día tras visualización activa",,0,0,0,,,,,,,,,,2025-06-18,2025-06-18
"publico advantage","Video explicando servicio corto","campaña ventas HotBoat",2025-06-18,"Aysén Region",7,8,1.14285714,CLP,6,"7 días tras clic o 1 día tras visualización",,0,0,750,,,,,,,,,,2025-06-18,2025-06-18
"publico advantage","Video explicando servicio corto","campaña ventas HotBoat",2025-06-18,"Valparaíso Region",97,111,1.1443299,CLP,121,"7 días tras clic o 1 día tras visualización",2,5.40540541,20.16666667,1090.09009009,,,,29,,,,,,2025-06-18,2025-06-18
"publico advantage","Video explicando servicio corto","campaña ventas HotBoat",2025-06-18,"Arica y Parinacota Region",7,7,1,CLP,5,"7 días tras clic o 1 día tras visualización",,0,0,714.28571429,,,,3,,,,,,2025-06-18,2025-06-18
"publico advantage","Video explicando servicio corto","campaña ventas HotBoat",2025-06-18,"Los Ríos Region",26,29,1.11538462,CLP,34,"7 días tras clic o 1 día tras visualización",,3.44827586,34,1172.4137931,,,,5,,,,,,2025-06-18,2025-06-18
"publico advantage","Video parejas dcto","campaña ventas HotBoat",2025-06-18,"Araucanía Region",4,4,1,CLP,7,"7 días tras clic o 1 día tras visualización",,0,0,1750,,,,2,,,,,,2025-06-18,2025-06-18
"publico advantage","Video parejas dcto","campaña ventas HotBoat",2025-06-18,"Santiago Metropolitan Region",2,2,1,CLP,1,"7 días tras clic o 1 día tras visualización",,0,0,500,,,,1,,,,,,2025-06-18,2025-06-18
"publico advantage","Video parejas dcto","campaña ventas HotBoat",2025-06-18,"Bío Bío Region",1,1,1,CLP,1,"7 días tras clic o 1 día tras visualización",,0,0,1000,,,,,,,,,,2025-06-18,2025-06-18
"publico advantage","Video parejas dcto","campaña ventas HotBoat",2025-06-18,"Atacama Region",1,1,1,CLP,4,"7 días tras clic o 1 día tras visualización",,0,0,4000,,,,1,,,,,,2025-06-18,2025-06-18
"publico advantage","Video explicando servicio corto","campaña ventas HotBoat",2025-06-18,"Araucanía Region",104,116,1.11538462,CLP,316,"7 días tras clic o 1 día tras visualización",3,5.17241379,52.66666667,2724.13793103,,,,37,,,,,,2025-06-18,2025-06-18
"publico advantage","Video parejas dcto","campaña ventas HotBoat",2025-06-18,"Valparaíso Region",2,2,1,CLP,4,"7 días tras clic o 1 día tras visualización",,50,4,2000,,,,1,,,,,,2025-06-18,2025-06-18
"publico advantage","Video parejas dcto","campaña ventas HotBoat",2025-06-18,"Los Ríos Region",1,1,1,CLP,44,"7 días tras clic o 1 día tras visualización",,0,0,44000,,,,1,,,,,,2025-06-18,2025-06-18
"publico pucon 1","Video explicando servicio corto","campaña ventas HotBoat",2025-06-18,"Araucanía Region",48,53,1.10416667,CLP,44,"7 días tras clic, 1 día tras visualización o 1 día tras visualización activa",,1.88679245,44,830.18867925,,,,9,,,,,,2025-06-18,2025-06-18
"publico advantage","Video explicando servicio corto","campaña ventas HotBoat",2025-06-18,"Antofagasta Region",50,51,1.02,CLP,77,"7 días tras clic o 1 día tras visualización",,1.96078431,77,1509.80392157,,,,18,,,,,,2025-06-18,2025-06-18
"publico advantage","Video explicando servicio corto","campaña ventas HotBoat",2025-06-18,"O'Higgins Region",53,55,1.03773585,CLP,91,"7 días tras clic o 1 día tras visualización",,1.81818182,91,1654.54545455,,,,19,,,,,,2025-06-18,2025-06-18
"publico advantage","Video explicando servicio corto","campaña ventas HotBoat",2025-06-18,"Atacama Region",9,10,1.11111111,CLP,11,"7 días tras clic o 1 día tras visualización",,0,0,1100,,,,3,,,,,,2025-06-18,2025-06-18
"Test Publicos : Temuco","Video explicando servicio corto","campaña ventas HotBoat",2025-06-18,"Los Ríos Region",53,66,1.24528302,CLP,66,"7 días tras clic, 1 día tras visualización o 1 día tras visualización activa",1,6.06060606,16.5,1000,,,,20,,,,,,2025-06-18,2025-06-18
"publico pucon 1","Video pareja dcto","campaña ventas HotBoat",2025-06-18,"Araucanía Region",929,1137,1.22389666,CLP,1855,"7 días tras clic, 1 día tras visualización o 1 día tras visualización activa",16,2.72647318,59.83870968,1631.48636763,,,,320,,,,,,2025-06-18,2025-06-18
"publico pucon 1","Video pareja dcto","campaña ventas HotBoat",2025-06-18,"Los Ríos Region",13,15,1.15384615,CLP,26,"7 días tras clic, 1 día tras visualización o 1 día tras visualización activa",,0,0,1733.33333333,,,,3,,,,,,2025-06-18,2025-06-18
"publico concepcion","Video explicando servicio corto","campaña ventas HotBoat",2025-06-18,"Bío Bío Region",1529,1672,1.09352518,CLP,1979,"7 días tras clic, 1 día tras visualización o 1 día tras visualización activa",27,4.36602871,27.10958904,1183.61244019,,,,577,,,,,,2025-06-18,2025-06-18
"publico valdivia","Video explicando servicio corto","campaña ventas HotBoat",2025-06-18,"Los Ríos Region",1627,1836,1.12845728,CLP,1942,"7 días tras clic, 1 día tras visualización o 1 día tras visualización activa",35,4.19389978,25.22077922,1057.73420479,,,,567,,,,,,2025-06-18,2025-06-18
"Test Publicos : Temuco","Video explicando servicio corto","campaña ventas HotBoat",2025-06-18,"Araucanía Region",1367,1616,1.18215069,CLP,1905,"7 días tras clic, 1 día tras visualización o 1 día tras visualización activa",33,4.76485149,24.74025974,1178.83663366,,,,479,,,,,,2025-06-18,2025-06-18
"publico advantage","Video explicando servicio corto","campaña ventas HotBoat",2025-06-18,"Bío Bío Region",85,87,1.02352941,CLP,95,"7 días tras clic o 1 día tras visualización",2,2.29885057,47.5,1091.95402299,,,,30,,,,,,2025-06-18,2025-06-18
"Test Publicos : Temuco","Video pareja dcto","campaña ventas HotBoat",2025-06-18,"Araucanía Region",1,1,1,CLP,1,"7 días tras clic, 1 día tras visualización o 1 día tras visualización activa",,0,0,1000,,,,,,,,,,2025-06-18,2025-06-18
"publico advantage","Video explicando servicio corto","campaña ventas HotBoat",2025-06-18,"Santiago Metropolitan Region",385,414,1.07532468,CLP,670,"7 días tras clic o 1 día tras visualización",9,5.79710145,27.91666667,1618.35748792,,,,139,,,,,,2025-06-18,2025-06-18
"publico advantage","Video explicando servicio corto","campaña ventas HotBoat",2025-06-18,"Maule Region",72,85,1.18055556,CLP,126,"7 días tras clic o 1 día tras visualización",1,4.70588235,31.5,1482.35294118,,,,23,,,,,,2025-06-18,2025-06-18
"publico advantage","Video explicando servicio corto","campaña ventas HotBoat",2025-06-18,"Magallanes y la Antártica Chilena Region",13,13,1,CLP,11,"7 días tras clic o 1 día tras visualización",1,7.69230769,11,846.15384615,,,,3,,,,,,2025-06-18,2025-06-18
"publico advantage","Video explicando servicio corto","campaña ventas HotBoat",2025-06-18,"Los Lagos Region",119,140,1.17647059,CLP,108,"7 días tras clic o 1 día tras visualización",2,4.28571429,18,771.42857143,,,,41,,,,,,2025-06-18,2025-06-18
"publico advantage","Video explicando servicio corto","campaña ventas HotBoat",2025-06-18,"Coquimbo Region",38,41,1.07894737,CLP,56,"7 días tras clic o 1 día tras visualización",,0,0,1365.85365854,,,,13,,,,,,2025-06-18,2025-06-18
"publico advantage","Video explicando servicio corto","campaña ventas HotBoat",2025-06-18,"Tarapacá Region",18,21,1.16666667,CLP,32,"7 días tras clic o 1 día tras visualización",,9.52380952,16,1523.80952381,,,,9,,,,,,2025-06-18,2025-06-18
"publico advantage","Video parejas amor","campaña ventas HotBoat",2025-06-17,"Los Lagos Region",1,2,2,CLP,4,"7 días tras clic o 1 día tras visualización",,0,0,2000,,,,,,,,,,2025-06-17,2025-06-17
"publico advantage","Video explicando servicio corto","campaña ventas HotBoat",2025-06-17,"Antofagasta Region",76,79,1.03947368,CLP,99,"7 días tras clic o 1 día tras visualización",2,3.79746835,33,1253.16455696,,,,35,,,,,,2025-06-17,2025-06-17
"publico advantage","Video explicando servicio corto","campaña ventas HotBoat",2025-06-17,"Aysén Region",8,8,1,CLP,6,"7 días tras clic o 1 día tras visualización",,0,0,750,,,,3,,,,,,2025-06-17,2025-06-17
"publico advantage","Video explicando servicio corto","campaña ventas HotBoat",2025-06-17,"Valparaíso Region",140,156,1.11428571,CLP,135,"7 días tras clic o 1 día tras visualización",2,6.41025641,13.5,865.38461538,,,,54,,,,,,2025-06-17,2025-06-17
"publico advantage","Video explicando servicio corto","campaña ventas HotBoat",2025-06-17,"Arica y Parinacota Region",8,8,1,CLP,17,"7 días tras clic o 1 día tras visualización",,0,0,2125,,,,3,,,,,,2025-06-17,2025-06-17
"publico advantage","Video explicando servicio corto","campaña ventas HotBoat",2025-06-17,"Los Ríos Region",40,42,1.05,CLP,38,"7 días tras clic o 1 día tras visualización",,0,0,904.76190476,,,,18,,,,,,2025-06-17,2025-06-17
"publico advantage","Video parejas dcto","campaña ventas HotBoat",2025-06-17,"Bío Bío Region",1,1,1,CLP,1,"7 días tras clic o 1 día tras visualización",,0,0,1000,,,,,,,,,,2025-06-17,2025-06-17
"publico advantage","Video parejas dcto","campaña ventas HotBoat",2025-06-17,"Santiago Metropolitan Region",4,6,1.5,CLP,13,"7 días tras clic o 1 día tras visualización",,0,0,2166.66666667,,,,2,,,,,,2025-06-17,2025-06-17
"publico advantage","Video parejas dcto","campaña ventas HotBoat",2025-06-17,"Maule Region",4,4,1,CLP,2,"7 días tras clic o 1 día tras visualización",,0,0,500,,,,1,,,,,,2025-06-17,2025-06-17
"publico advantage","Video parejas dcto","campaña ventas HotBoat",2025-06-17,"Los Lagos Region",5,7,1.4,CLP,7,"7 días tras clic o 1 día tras visualización",,0,0,1000,,,,2,,,,,,2025-06-17,2025-06-17
"publico advantage","Video parejas dcto","campaña ventas HotBoat",2025-06-17,"Araucanía Region",1,1,1,CLP,0,"7 días tras clic o 1 día tras visualización",,0,0,0,,,,1,,,,,,2025-06-17,2025-06-17
"publico pucon 1","Video explicando servicio corto","campaña ventas HotBoat",2025-06-17,"Araucanía Region",40,48,1.2,CLP,52,"7 días tras clic, 1 día tras visualización o 1 día tras visualización activa",,0,0,1083.33333333,,,,16,,,,,,2025-06-17,2025-06-17
"publico pucon 1","Video explicando servicio corto","campaña ventas HotBoat",2025-06-17,"Los Ríos Region",2,2,1,CLP,2,"7 días tras clic, 1 día tras visualización o 1 día tras visualización activa",,0,0,1000,,,,,,,,,,2025-06-17,2025-06-17
"publico advantage","Video explicando servicio corto","campaña ventas HotBoat",2025-06-17,"Atacama Region",12,14,1.16666667,CLP,11,"7 días tras clic o 1 día tras visualización",,0,0,785.71428571,,,,6,,,,,,2025-06-17,2025-06-17
"publico advantage","Video explicando servicio corto","campaña ventas HotBoat",2025-06-17,"Araucanía Region",127,139,1.09448819,CLP,171,"7 días tras clic o 1 día tras visualización",4,6.47482014,19,1230.21582734,,,,49,,,,,,2025-06-17,2025-06-17
"publico advantage","Video explicando servicio corto","campaña ventas HotBoat",2025-06-17,"Bío Bío Region",116,125,1.07758621,CLP,133,"7 días tras clic o 1 día tras visualización",5,6.4,16.625,1064,,,,39,,,,,,2025-06-17,2025-06-17
"publico pucon 1","Video pareja dcto","campaña ventas HotBoat",2025-06-17,"Araucanía Region",1011,1260,1.2462908,CLP,2053,"7 días tras clic, 1 día tras visualización o 1 día tras visualización activa",12,1.50793651,108.05263158,1629.36507937,,,,358,,,,,,2025-06-17,2025-06-17
"Test Publicos : Temuco","Video pareja dcto","campaña ventas HotBoat",2025-06-17,"Araucanía Region",2,3,1.5,CLP,5,"7 días tras clic, 1 día tras visualización o 1 día tras visualización activa",,0,0,1666.66666667,,,,1,,,,,,2025-06-17,2025-06-17
"publico advantage","Video explicando servicio corto","campaña ventas HotBoat",2025-06-17,"Coquimbo Region",45,51,1.13333333,CLP,66,"7 días tras clic o 1 día tras visualización",1,3.92156863,33,1294.11764706,,,,17,,,,,,2025-06-17,2025-06-17
"publico pucon 1","Video pareja dcto","campaña ventas HotBoat",2025-06-17,"Los Ríos Region",20,23,1.15,CLP,25,"7 días tras clic, 1 día tras visualización o 1 día tras visualización activa",1,4.34782609,25,1086.95652174,,,,8,,,,,,2025-06-17,2025-06-17
"publico concepcion","Video explicando servicio corto","campaña ventas HotBoat",2025-06-17,"Bío Bío Region",2009,2200,1.09507218,CLP,2006,"7 días tras clic, 1 día tras visualización o 1 día tras visualización activa",39,4.09090909,22.28888889,911.81818182,,,,764,,,,,,2025-06-17,2025-06-17
"publico valdivia","Video explicando servicio corto","campaña ventas HotBoat",2025-06-17,"Los Ríos Region",2078,2305,1.10923965,CLP,2079,"7 días tras clic, 1 día tras visualización o 1 día tras visualización activa",33,4.38177874,20.58415842,901.95227766,,,,791,,,,,,2025-06-17,2025-06-17
"Test Publicos : Temuco","Video explicando servicio corto","campaña ventas HotBoat",2025-06-17,"Los Ríos Region",68,75,1.10294118,CLP,44,"7 días tras clic, 1 día tras visualización o 1 día tras visualización activa",,2.66666667,22,586.66666667,,,,17,,,,,,2025-06-17,2025-06-17
"Test Publicos : Temuco","Video explicando servicio corto","campaña ventas HotBoat",2025-06-17,"Araucanía Region",1637,1910,1.16676848,CLP,2107,"7 días tras clic, 1 día tras visualización o 1 día tras visualización activa",30,3.92670157,28.09333333,1103.14136126,,,,583,,,,,,2025-06-17,2025-06-17
"publico advantage","Video explicando servicio corto","campaña ventas HotBoat",2025-06-17,"Tarapacá Region",18,21,1.16666667,CLP,17,"7 días tras clic o 1 día tras visualización",,9.52380952,8.5,809.52380952,,,,11,,,,,,2025-06-17,2025-06-17
"publico advantage","Video explicando servicio corto","campaña ventas HotBoat",2025-06-17,"Santiago Metropolitan Region",493,531,1.07707911,CLP,887,"7 días tras clic o 1 día tras visualización",12,8.09792844,20.62790698,1670.43314501,,,,201,,,,,,2025-06-17,2025-06-17
"publico advantage","Video explicando servicio corto","campaña ventas HotBoat",2025-06-17,"Maule Region",113,120,1.0619469,CLP,93,"7 días tras clic o 1 día tras visualización",1,2.5,31,775,,,,44,,,,,,2025-06-17,2025-06-17
"publico advantage","Video explicando servicio corto","campaña ventas HotBoat",2025-06-17,"Magallanes y la Antártica Chilena Region",26,35,1.34615385,CLP,37,"7 días tras clic o 1 día tras visualización",2,8.57142857,12.33333333,1057.14285714,,,,4,,,,,,2025-06-17,2025-06-17
"publico advantage","Video explicando servicio corto","campaña ventas HotBoat",2025-06-17,"Los Lagos Region",177,211,1.1920904,CLP,269,"7 días tras clic o 1 día tras visualización",6,7.58293839,16.8125,1274.88151659,,,,71,,,,,,2025-06-17,2025-06-17
"publico advantage","Video explicando servicio corto","campaña ventas HotBoat",2025-06-17,"O'Higgins Region",75,79,1.05333333,CLP,84,"7 días tras clic o 1 día tras visualización",1,6.32911392,16.8,1063.29113924,,,,19,,,,,,2025-06-17,2025-06-17
"publico advantage","Video explicando servicio corto","campaña ventas HotBoat",2025-06-16,"Los Ríos Region",38,41,1.07894737,CLP,23,"7 días tras clic o 1 día tras visualización",,2.43902439,23,560.97560976,,,,17,,,,,,2025-06-16,2025-06-16
"publico advantage","Video explicando servicio corto","campaña ventas HotBoat",2025-06-16,"Antofagasta Region",70,72,1.02857143,CLP,118,"7 días tras clic o 1 día tras visualización",2,6.94444444,23.6,1638.88888889,,,,23,,,,,,2025-06-16,2025-06-16
"publico advantage","Video explicando servicio corto","campaña ventas HotBoat",2025-06-16,"Aysén Region",21,22,1.04761905,CLP,20,"7 días tras clic o 1 día tras visualización",,0,0,909.09090909,,,,9,,,,,,2025-06-16,2025-06-16
"publico advantage","Video explicando servicio corto","campaña ventas HotBoat",2025-06-16,"Valparaíso Region",164,181,1.10365854,CLP,191,"7 días tras clic o 1 día tras visualización",1,3.31491713,31.83333333,1055.24861878,,,,55,,,,,,2025-06-16,2025-06-16
"publico pucon 1","Video explicando servicio corto","campaña ventas HotBoat",2025-06-16,"Los Ríos Region",2,3,1.5,CLP,2,"7 días tras clic, 1 día tras visualización o 1 día tras visualización activa",,0,0,666.66666667,,,,,,,,,,2025-06-16,2025-06-16
"publico advantage","Video explicando servicio corto","campaña ventas HotBoat",2025-06-16,"Arica y Parinacota Region",13,13,1,CLP,17,"7 días tras clic o 1 día tras visualización",,23.07692308,5.66666667,1307.69230769,,,,7,,,,,,2025-06-16,2025-06-16
"publico advantage","Video explicando servicio corto","campaña ventas HotBoat",2025-06-16,"Atacama Region",18,18,1,CLP,14,"7 días tras clic o 1 día tras visualización",1,5.55555556,14,777.77777778,,,,6,,,,,,2025-06-16,2025-06-16
"publico advantage","Video parejas amor","campaña ventas HotBoat",2025-06-16,"Santiago Metropolitan Region",2,3,1.5,CLP,1,"7 días tras clic o 1 día tras visualización",,0,0,333.33333333,,,,3,,,,,,2025-06-16,2025-06-16
"publico advantage","Video parejas amor","campaña ventas HotBoat",2025-06-16,"Bío Bío Region",1,3,3,CLP,1,"7 días tras clic o 1 día tras visualización",,0,0,333.33333333,,,,1,,,,,,2025-06-16,2025-06-16
"publico advantage","Video parejas dcto","campaña ventas HotBoat",2025-06-16,"Santiago Metropolitan Region",3,4,1.33333333,CLP,18,"7 días tras clic o 1 día tras visualización",,0,0,4500,,,,1,,,,,,2025-06-16,2025-06-16
"publico advantage","Video parejas dcto","campaña ventas HotBoat",2025-06-16,"Magallanes y la Antártica Chilena Region",1,1,1,CLP,3,"7 días tras clic o 1 día tras visualización",,0,0,3000,,,,,,,,,,2025-06-16,2025-06-16
"publico advantage","Video parejas dcto","campaña ventas HotBoat",2025-06-16,"Araucanía Region",1,1,1,CLP,1,"7 días tras clic o 1 día tras visualización",,0,0,1000,,,,1,,,,,,2025-06-16,2025-06-16
"publico advantage","Video parejas dcto","campaña ventas HotBoat",2025-06-16,"Valparaíso Region",2,2,1,CLP,2,"7 días tras clic o 1 día tras visualización",,0,0,1000,,,,1,,,,,,2025-06-16,2025-06-16
"publico pucon 1","Video explicando servicio corto","campaña ventas HotBoat",2025-06-16,"Araucanía Region",49,52,1.06122449,CLP,58,"7 días tras clic, 1 día tras visualización o 1 día tras visualización activa",1,1.92307692,58,1115.38461538,,,,13,,,,,,2025-06-16,2025-06-16
"publico advantage","Video explicando servicio corto","campaña ventas HotBoat",2025-06-16,"Araucanía Region",163,176,1.0797546,CLP,204,"7 días tras clic o 1 día tras visualización",4,10.22727273,11.33333333,1159.09090909,,,,59,,,,,,2025-06-16,2025-06-16
"publico advantage","Video explicando servicio corto","campaña ventas HotBoat",2025-06-16,"Santiago Metropolitan Region",520,557,1.07115385,CLP,710,"7 días tras clic o 1 día tras visualización",10,5.92459605,21.51515152,1274.68581688,,,,204,,,,,,2025-06-16,2025-06-16
"publico advantage","Video explicando servicio corto","campaña ventas HotBoat",2025-06-16,"Bío Bío Region",126,141,1.11904762,CLP,130,"7 días tras clic o 1 día tras visualización",3,9.21985816,10,921.9858156,,,,47,,,,,,2025-06-16,2025-06-16
"Test Publicos : Temuco","Video explicando servicio corto","campaña ventas HotBoat",2025-06-16,"Araucanía Region",2031,2259,1.11225997,CLP,2112,"7 días tras clic, 1 día tras visualización o 1 día tras visualización activa",33,4.47100487,20.91089109,934.92695883,,,,653,,,,,,2025-06-16,2025-06-16
"publico advantage","Video explicando servicio corto","campaña ventas HotBoat",2025-06-16,"Coquimbo Region",39,39,1,CLP,56,"7 días tras clic o 1 día tras visualización",1,10.25641026,14,1435.8974359,,,,19,,,,,,2025-06-16,2025-06-16
"publico pucon 1","Video pareja dcto","campaña ventas HotBoat",2025-06-16,"Los Ríos Region",23,27,1.17391304,CLP,30,"7 días tras clic, 1 día tras visualización o 1 día tras visualización activa",,0,0,1111.11111111,,,,9,,,,,,2025-06-16,2025-06-16
"publico pucon 1","Video pareja dcto","campaña ventas HotBoat",2025-06-16,Unknown,1,1,1,CLP,0,"7 días tras clic, 1 día tras visualización o 1 día tras visualización activa",,0,0,0,,,,,,,,,,2025-06-16,2025-06-16
"publico concepcion","Video explicando servicio corto","campaña ventas HotBoat",2025-06-16,"Bío Bío Region",2064,2216,1.07364341,CLP,2174,"7 días tras clic, 1 día tras visualización o 1 día tras visualización activa",37,4.73826715,20.7047619,981.04693141,,,,762,,,,,,2025-06-16,2025-06-16
"publico valdivia","Video explicando servicio corto","campaña ventas HotBoat",2025-06-16,"Los Ríos Region",2220,2426,1.09279279,CLP,2053,"7 días tras clic, 1 día tras visualización o 1 día tras visualización activa",53,5.23495466,16.16535433,846.2489695,,,,826,,,,,,2025-06-16,2025-06-16
"publico pucon 1","Video pareja dcto","campaña ventas HotBoat",2025-06-16,"Araucanía Region",1359,1637,1.20456218,CLP,2091,"7 días tras clic, 1 día tras visualización o 1 día tras visualización activa",15,2.19914478,58.08333333,1277.33659133,,,,515,,,,,,2025-06-16,2025-06-16
"Test Publicos : Temuco","Video explicando servicio corto","campaña ventas HotBoat",2025-06-16,"Los Ríos Region",64,66,1.03125,CLP,48,"7 días tras clic, 1 día tras visualización o 1 día tras visualización activa",2,6.06060606,12,727.27272727,,,,23,,,,,,2025-06-16,2025-06-16
"publico advantage","Video explicando servicio corto","campaña ventas HotBoat",2025-06-16,"Tarapacá Region",16,17,1.0625,CLP,9,"7 días tras clic o 1 día tras visualización",,0,0,529.41176471,,,,6,,,,,,2025-06-16,2025-06-16
"publico advantage","Video explicando servicio corto","campaña ventas HotBoat",2025-06-16,"Maule Region",148,164,1.10810811,CLP,159,"7 días tras clic o 1 día tras visualización",3,5.48780488,17.66666667,969.51219512,,,,49,,,,,,2025-06-16,2025-06-16
"publico advantage","Video explicando servicio corto","campaña ventas HotBoat",2025-06-16,"Magallanes y la Antártica Chilena Region",26,28,1.07692308,CLP,26,"7 días tras clic o 1 día tras visualización",,0,0,928.57142857,,,,5,,,,,,2025-06-16,2025-06-16
"publico advantage","Video explicando servicio corto","campaña ventas HotBoat",2025-06-16,"Los Lagos Region",262,312,1.19083969,CLP,368,"7 días tras clic o 1 día tras visualización",5,7.05128205,16.72727273,1179.48717949,,,,102,,,,,,2025-06-16,2025-06-16
"publico advantage","Video explicando servicio corto","campaña ventas HotBoat",2025-06-16,"O'Higgins Region",81,89,1.09876543,CLP,67,"7 días tras clic o 1 día tras visualización",1,4.49438202,16.75,752.80898876,,,,29,,,,,,2025-06-16,2025-06-16
"Test Publicos : Temuco","Video pareja dcto","campaña ventas HotBoat",2025-06-16,"Araucanía Region",3,4,1.33333333,CLP,11,"7 días tras clic, 1 día tras visualización o 1 día tras visualización activa",,0,0,2750,,,,1,,,,,,2025-06-16,2025-06-16
"publico advantage","Video explicando servicio corto","campaña ventas HotBoat",2025-06-15,"Los Ríos Region",58,64,1.10344828,CLP,44,"7 días tras clic o 1 día tras visualización",2,7.8125,8.8,687.5,,,,14,,,,,,2025-06-15,2025-06-15
"publico advantage","Video explicando servicio corto","campaña ventas HotBoat",2025-06-15,"Antofagasta Region",85,93,1.09411765,CLP,125,"7 días tras clic o 1 día tras visualización",4,7.52688172,17.85714286,1344.08602151,,,,39,,,,,,2025-06-15,2025-06-15
"publico advantage","Video explicando servicio corto","campaña ventas HotBoat",2025-06-15,"Aysén Region",20,22,1.1,CLP,13,"7 días tras clic o 1 día tras visualización",,0,0,590.90909091,,,,7,,,,,,2025-06-15,2025-06-15
"publico advantage","Video explicando servicio corto","campaña ventas HotBoat",2025-06-15,"Valparaíso Region",150,169,1.12666667,CLP,344,"7 días tras clic o 1 día tras visualización",7,7.10059172,28.66666667,2035.50295858,,,,50,,,,,,2025-06-15,2025-06-15
"publico advantage","Video explicando servicio corto","campaña ventas HotBoat",2025-06-15,"Arica y Parinacota Region",11,11,1,CLP,6,"7 días tras clic o 1 día tras visualización",,0,0,545.45454545,,,,7,,,,,,2025-06-15,2025-06-15
"publico advantage","Video parejas dcto","campaña ventas HotBoat",2025-06-15,"Valparaíso Region",1,1,1,CLP,2,"7 días tras clic o 1 día tras visualización",,0,0,2000,,,,1,,,,,,2025-06-15,2025-06-15
"publico advantage","Video parejas amor","campaña ventas HotBoat",2025-06-15,"Valparaíso Region",1,1,1,CLP,2,"7 días tras clic o 1 día tras visualización",,0,0,2000,,,,,,,,,,2025-06-15,2025-06-15
"publico advantage","Video parejas dcto","campaña ventas HotBoat",2025-06-15,"Santiago Metropolitan Region",3,3,1,CLP,5,"7 días tras clic o 1 día tras visualización",,0,0,1666.66666667,,,,1,,,,,,2025-06-15,2025-06-15
"publico advantage","Video parejas dcto","campaña ventas HotBoat",2025-06-15,"Araucanía Region",2,2,1,CLP,0,"7 días tras clic o 1 día tras visualización",,0,0,0,,,,,,,,,,2025-06-15,2025-06-15
"publico advantage","Video parejas dcto","campaña ventas HotBoat",2025-06-15,"Los Ríos Region",2,2,1,CLP,2,"7 días tras clic o 1 día tras visualización",,0,0,1000,,,,2,,,,,,2025-06-15,2025-06-15
"publico pucon 1","Video explicando servicio corto","campaña ventas HotBoat",2025-06-15,"Araucanía Region",59,60,1.01694915,CLP,53,"7 días tras clic, 1 día tras visualización o 1 día tras visualización activa",1,3.33333333,26.5,883.33333333,,,,16,,,,,,2025-06-15,2025-06-15
"publico pucon 1","Video explicando servicio corto","campaña ventas HotBoat",2025-06-15,"Los Ríos Region",2,2,1,CLP,1,"7 días tras clic, 1 día tras visualización o 1 día tras visualización activa",,0,0,500,,,,1,,,,,,2025-06-15,2025-06-15
"publico advantage","Video explicando servicio corto","campaña ventas HotBoat",2025-06-15,"Atacama Region",21,22,1.04761905,CLP,24,"7 días tras clic o 1 día tras visualización",,0,0,1090.90909091,,,,8,,,,,,2025-06-15,2025-06-15
"publico advantage","Video explicando servicio corto","campaña ventas HotBoat",2025-06-15,"Araucanía Region",177,191,1.07909605,CLP,171,"7 días tras clic o 1 día tras visualización",7,7.85340314,11.4,895.28795812,,,,58,,,,,,2025-06-15,2025-06-15
"publico advantage","Video explicando servicio corto","campaña ventas HotBoat",2025-06-15,"Maule Region",127,148,1.16535433,CLP,204,"7 días tras clic o 1 día tras visualización",4,4.72972973,29.14285714,1378.37837838,,,,52,,,,,,2025-06-15,2025-06-15
"publico advantage","Video explicando servicio corto","campaña ventas HotBoat",2025-06-15,"Bío Bío Region",131,143,1.09160305,CLP,132,"7 días tras clic o 1 día tras visualización",3,6.29370629,14.66666667,923.07692308,,,,49,,,,,,2025-06-15,2025-06-15
"Test Publicos : Temuco","Video explicando servicio corto","campaña ventas HotBoat",2025-06-15,"Los Ríos Region",48,54,1.125,CLP,60,"7 días tras clic, 1 día tras visualización o 1 día tras visualización activa",2,5.55555556,20,1111.11111111,,,,14,,,,,,2025-06-15,2025-06-15
"publico pucon 1","Video pareja dcto","campaña ventas HotBoat",2025-06-15,"Araucanía Region",1272,1501,1.18003145,CLP,2198,"7 días tras clic, 1 día tras visualización o 1 día tras visualización activa",18,2.53164557,57.84210526,1464.35709527,,,,444,,,,,,2025-06-15,2025-06-15
"publico pucon 1","Video pareja dcto","campaña ventas HotBoat",2025-06-15,"Los Ríos Region",19,26,1.36842105,CLP,23,"7 días tras clic, 1 día tras visualización o 1 día tras visualización activa",,3.84615385,23,884.61538462,,,,8,,,,,,2025-06-15,2025-06-15
"publico concepcion","Video explicando servicio corto","campaña ventas HotBoat",2025-06-15,"Bío Bío Region",2274,2439,1.07255937,CLP,2280,"7 días tras clic, 1 día tras visualización o 1 día tras visualización activa",74,6.31406314,14.80519481,934.80934809,,,,908,,,,,,2025-06-15,2025-06-15
"publico advantage","Video explicando servicio corto","campaña ventas HotBoat",2025-06-15,"Coquimbo Region",49,52,1.06122449,CLP,79,"7 días tras clic o 1 día tras visualización",,1.92307692,79,1519.23076923,,,,19,,,,,,2025-06-15,2025-06-15
"Test Publicos : Temuco","Video explicando servicio corto","campaña ventas HotBoat",2025-06-15,"Araucanía Region",1875,2078,1.10826667,CLP,2108,"7 días tras clic, 1 día tras visualización o 1 día tras visualización activa",38,4.33108758,23.42222222,1014.43695861,,,,586,,,,,,2025-06-15,2025-06-15
"publico valdivia","Video explicando servicio corto","campaña ventas HotBoat",2025-06-15,"Los Ríos Region",2141,2326,1.08640822,CLP,2251,"7 días tras clic, 1 día tras visualización o 1 día tras visualización activa",38,4.98710232,19.40517241,967.75580396,,,,806,,,,,,2025-06-15,2025-06-15
"Test Publicos : Temuco","Video pareja dcto","campaña ventas HotBoat",2025-06-15,"Araucanía Region",1,1,1,CLP,0,"7 días tras clic, 1 día tras visualización o 1 día tras visualización activa",,0,0,0,,,,,,,,,,2025-06-15,2025-06-15
"publico advantage","Video explicando servicio corto","campaña ventas HotBoat",2025-06-15,"Tarapacá Region",18,22,1.22222222,CLP,18,"7 días tras clic o 1 día tras visualización",,9.09090909,9,818.18181818,,,,9,,,,,,2025-06-15,2025-06-15
"publico advantage","Video explicando servicio corto","campaña ventas HotBoat",2025-06-15,"Santiago Metropolitan Region",416,463,1.11298077,CLP,738,"7 días tras clic o 1 día tras visualización",12,7.55939525,21.08571429,1593.9524838,,,,154,,,,,,2025-06-15,2025-06-15
"publico advantage","Video explicando servicio corto","campaña ventas HotBoat",2025-06-15,"Magallanes y la Antártica Chilena Region",31,35,1.12903226,CLP,21,"7 días tras clic o 1 día tras visualización",,0,0,600,,,,9,,,,,,2025-06-15,2025-06-15
"publico advantage","Video explicando servicio corto","campaña ventas HotBoat",2025-06-15,"Los Lagos Region",286,319,1.11538462,CLP,216,"7 días tras clic o 1 día tras visualización",14,10.97178683,6.17142857,677.11598746,,,,113,,,,,,2025-06-15,2025-06-15
"publico advantage","Video explicando servicio corto","campaña ventas HotBoat",2025-06-15,"O'Higgins Region",66,75,1.13636364,CLP,80,"7 días tras clic o 1 día tras visualización",7,21.33333333,5,1066.66666667,,,,34,,,,,,2025-06-15,2025-06-15
"publico advantage","Video explicando servicio corto","campaña ventas HotBoat",2025-06-14,"Valparaíso Region",81,86,1.0617284,CLP,177,"7 días tras clic o 1 día tras visualización",5,8.13953488,25.28571429,2058.13953488,,,,31,,,,,,2025-06-14,2025-06-14
"publico advantage","Video parejas dcto","campaña ventas HotBoat",2025-06-14,"Santiago Metropolitan Region",5,5,1,CLP,13,"7 días tras clic o 1 día tras visualización",,0,0,2600,,,,2,,,,,,2025-06-14,2025-06-14
"publico advantage","Video explicando servicio corto","campaña ventas HotBoat",2025-06-14,"Arica y Parinacota Region",9,9,1,CLP,15,"7 días tras clic o 1 día tras visualización",,0,0,1666.66666667,,,,2,,,,,,2025-06-14,2025-06-14
"publico advantage","Video explicando servicio corto","campaña ventas HotBoat",2025-06-14,"Los Ríos Region",34,36,1.05882353,CLP,35,"7 días tras clic o 1 día tras visualización",,0,0,972.22222222,,,,8,,,,,,2025-06-14,2025-06-14
"publico advantage","Video parejas amor","campaña ventas HotBoat",2025-06-14,"Santiago Metropolitan Region",1,1,1,CLP,0,"7 días tras clic o 1 día tras visualización",,0,0,0,,,,,,,,,,2025-06-14,2025-06-14
"publico advantage","Video parejas amor","campaña ventas HotBoat",2025-06-14,"Los Lagos Region",1,2,2,CLP,1,"7 días tras clic o 1 día tras visualización",,0,0,500,,,,,,,,,,2025-06-14,2025-06-14
"publico advantage","Video explicando servicio corto","campaña ventas HotBoat",2025-06-14,"Aysén Region",4,5,1.25,CLP,4,"7 días tras clic o 1 día tras visualización",,20,4,800,,,,1,,,,,,2025-06-14,2025-06-14
"publico advantage","Video parejas dcto","campaña ventas HotBoat",2025-06-14,"O'Higgins Region",1,1,1,CLP,2,"7 días tras clic o 1 día tras visualización",,0,0,2000,,,,1,,,,,,2025-06-14,2025-06-14
"publico advantage","Video parejas dcto","campaña ventas HotBoat",2025-06-14,"Araucanía Region",1,1,1,CLP,1,"7 días tras clic o 1 día tras visualización",,0,0,1000,,,,,,,,,,2025-06-14,2025-06-14
"publico advantage","Video parejas dcto","campaña ventas HotBoat",2025-06-14,"Antofagasta Region",2,2,1,CLP,20,"7 días tras clic o 1 día tras visualización",,0,0,10000,,,,1,,,,,,2025-06-14,2025-06-14
"publico advantage","Video parejas dcto","campaña ventas HotBoat",2025-06-14,"Valparaíso Region",1,1,1,CLP,1,"7 días tras clic o 1 día tras visualización",,0,0,1000,,,,,,,,,,2025-06-14,2025-06-14
"publico advantage","Video parejas dcto","campaña ventas HotBoat",2025-06-14,"Los Ríos Region",2,2,1,CLP,4,"7 días tras clic o 1 día tras visualización",,0,0,2000,,,,,,,,,,2025-06-14,2025-06-14
"publico pucon 1","Video explicando servicio corto","campaña ventas HotBoat",2025-06-14,"Araucanía Region",27,28,1.03703704,CLP,38,"7 días tras clic, 1 día tras visualización o 1 día tras visualización activa",,0,0,1357.14285714,,,,8,,,,,,2025-06-14,2025-06-14
"publico pucon 1","Video explicando servicio corto","campaña ventas HotBoat",2025-06-14,"Los Ríos Region",1,1,1,CLP,1,"7 días tras clic, 1 día tras visualización o 1 día tras visualización activa",,0,0,1000,,,,,,,,,,2025-06-14,2025-06-14
"publico advantage","Video explicando servicio corto","campaña ventas HotBoat",2025-06-14,"Araucanía Region",91,98,1.07692308,CLP,132,"7 días tras clic o 1 día tras visualización",4,6.12244898,22,1346.93877551,,,,27,,,,,,2025-06-14,2025-06-14
"publico advantage","Video explicando servicio corto","campaña ventas HotBoat",2025-06-14,"Antofagasta Region",52,55,1.05769231,CLP,81,"7 días tras clic o 1 día tras visualización",3,9.09090909,16.2,1472.72727273,,,,18,,,,,,2025-06-14,2025-06-14
"Test Publicos : Temuco","Video explicando servicio corto","campaña ventas HotBoat",2025-06-14,"Los Ríos Region",25,28,1.12,CLP,34,"7 días tras clic, 1 día tras visualización o 1 día tras visualización activa",,0,0,1214.28571429,,,,10,,,,,,2025-06-14,2025-06-14
"publico advantage","Video explicando servicio corto","campaña ventas HotBoat",2025-06-14,"Atacama Region",11,13,1.18181818,CLP,18,"7 días tras clic o 1 día tras visualización",1,7.69230769,18,1384.61538462,,,,2,,,,,,2025-06-14,2025-06-14
"Test Publicos : Temuco","Video pareja dcto","campaña ventas HotBoat",2025-06-14,"Araucanía Region",1,2,2,CLP,8,"7 días tras clic, 1 día tras visualización o 1 día tras visualización activa",,0,0,4000,,,,,,,,,,2025-06-14,2025-06-14
"publico pucon 1","Video pareja dcto","campaña ventas HotBoat",2025-06-14,"Araucanía Region",637,728,1.14285714,CLP,1346,"7 días tras clic, 1 día tras visualización o 1 día tras visualización activa",6,1.78571429,103.53846154,1848.9010989,,,,253,,,,,,2025-06-14,2025-06-14
"publico concepcion","Video explicando servicio corto","campaña ventas HotBoat",2025-06-14,"Bío Bío Region",1022,1092,1.06849315,CLP,1568,"7 días tras clic, 1 día tras visualización o 1 día tras visualización activa",21,4.94505495,29.03703704,1435.8974359,,,,386,,,,,,2025-06-14,2025-06-14
"publico valdivia","Video explicando servicio corto","campaña ventas HotBoat",2025-06-14,"Los Ríos Region",860,928,1.07906977,CLP,1203,"7 días tras clic, 1 día tras visualización o 1 día tras visualización activa",20,5.7112069,22.69811321,1296.3362069,,,,355,,,,,,2025-06-14,2025-06-14
"Test Publicos : Temuco","Video explicando servicio corto","campaña ventas HotBoat",2025-06-14,"Araucanía Region",788,898,1.13959391,CLP,1312,"7 días tras clic, 1 día tras visualización o 1 día tras visualización activa",20,4.78841871,30.51162791,1461.02449889,,,,294,,,,,,2025-06-14,2025-06-14
"publico advantage","Video explicando servicio corto","campaña ventas HotBoat",2025-06-14,"Bío Bío Region",78,80,1.02564103,CLP,113,"7 días tras clic o 1 día tras visualización",3,3.75,37.66666667,1412.5,,,,24,,,,,,2025-06-14,2025-06-14
"publico pucon 1","Video pareja dcto","campaña ventas HotBoat",2025-06-14,"Los Ríos Region",10,13,1.3,CLP,20,"7 días tras clic, 1 día tras visualización o 1 día tras visualización activa",1,7.69230769,20,1538.46153846,,,,6,,,,,,2025-06-14,2025-06-14
"publico advantage","Video explicando servicio corto","campaña ventas HotBoat",2025-06-14,"Tarapacá Region",7,7,1,CLP,10,"7 días tras clic o 1 día tras visualización",,0,0,1428.57142857,,,,2,,,,,,2025-06-14,2025-06-14
"publico advantage","Video explicando servicio corto","campaña ventas HotBoat",2025-06-14,"Maule Region",48,50,1.04166667,CLP,76,"7 días tras clic o 1 día tras visualización",2,8,19,1520,,,,21,,,,,,2025-06-14,2025-06-14
"publico advantage","Video explicando servicio corto","campaña ventas HotBoat",2025-06-14,"Magallanes y la Antártica Chilena Region",17,20,1.17647059,CLP,38,"7 días tras clic o 1 día tras visualización",2,20,9.5,1900,,,,10,,,,,,2025-06-14,2025-06-14
"publico advantage","Video explicando servicio corto","campaña ventas HotBoat",2025-06-14,"Los Lagos Region",108,133,1.23148148,CLP,167,"7 días tras clic o 1 día tras visualización",,2.2556391,55.66666667,1255.63909774,,,,35,,,,,,2025-06-14,2025-06-14
"publico advantage","Video explicando servicio corto","campaña ventas HotBoat",2025-06-14,"O'Higgins Region",43,44,1.02325581,CLP,59,"7 días tras clic o 1 día tras visualización",1,4.54545455,29.5,1340.90909091,,,,12,,,,,,2025-06-14,2025-06-14
"publico advantage","Video explicando servicio corto","campaña ventas HotBoat",2025-06-14,"Coquimbo Region",22,25,1.13636364,CLP,28,"7 días tras clic o 1 día tras visualización",,8,14,1120,,,,9,,,,,,2025-06-14,2025-06-14
"publico advantage","Video explicando servicio corto","campaña ventas HotBoat",2025-06-14,"Santiago Metropolitan Region",249,281,1.12851406,CLP,647,"7 días tras clic o 1 día tras visualización",7,6.04982206,38.05882353,2302.4911032,,,,80,,,,,,2025-06-14,2025-06-14
"publico advantage","Video parejas dcto","campaña ventas HotBoat",2025-06-13,"Maule Region",1,1,1,CLP,1,"7 días tras clic o 1 día tras visualización",1,200,0.5,1000,,,,1,,,,,,2025-06-13,2025-06-13
"publico advantage","Video explicando servicio corto","campaña ventas HotBoat",2025-06-13,"Aysén Region",7,7,1,CLP,9,"7 días tras clic o 1 día tras visualización",,14.28571429,9,1285.71428571,,,,2,,,,,,2025-06-13,2025-06-13
"publico advantage","Video explicando servicio corto","campaña ventas HotBoat",2025-06-13,"Valparaíso Region",76,80,1.05263158,CLP,80,"7 días tras clic o 1 día tras visualización",1,6.25,16,1000,,,,30,,,,,,2025-06-13,2025-06-13
"publico advantage","Video explicando servicio corto","campaña ventas HotBoat",2025-06-13,"Arica y Parinacota Region",8,8,1,CLP,7,"7 días tras clic o 1 día tras visualización",1,12.5,7,875,,,,3,,,,,,2025-06-13,2025-06-13
"publico advantage","Video parejas amor","campaña ventas HotBoat",2025-06-13,"Santiago Metropolitan Region",1,1,1,CLP,3,"7 días tras clic o 1 día tras visualización",,0,0,3000,,,,,,,,,,2025-06-13,2025-06-13
"publico advantage","Video parejas dcto","campaña ventas HotBoat",2025-06-13,"Santiago Metropolitan Region",5,5,1,CLP,12,"7 días tras clic o 1 día tras visualización",,20,12,2400,,,,1,,,,,,2025-06-13,2025-06-13
"publico advantage","Video parejas dcto","campaña ventas HotBoat",2025-06-13,"Valparaíso Region",1,1,1,CLP,2,"7 días tras clic o 1 día tras visualización",,0,0,2000,,,,,,,,,,2025-06-13,2025-06-13
"publico advantage","Video parejas dcto","campaña ventas HotBoat",2025-06-13,"Los Lagos Region",3,3,1,CLP,2,"7 días tras clic o 1 día tras visualización",,0,0,666.66666667,,,,2,,,,,,2025-06-13,2025-06-13
"publico advantage","Video parejas dcto","campaña ventas HotBoat",2025-06-13,"Bío Bío Region",1,1,1,CLP,2,"7 días tras clic o 1 día tras visualización",,0,0,2000,,,,,,,,,,2025-06-13,2025-06-13
"publico advantage","Video parejas dcto","campaña ventas HotBoat",2025-06-13,"Araucanía Region",3,3,1,CLP,4,"7 días tras clic o 1 día tras visualización",,0,0,1333.33333333,,,,2,,,,,,2025-06-13,2025-06-13
"publico advantage","Video parejas dcto","campaña ventas HotBoat",2025-06-13,"Los Ríos Region",1,1,1,CLP,4,"7 días tras clic o 1 día tras visualización",,0,0,4000,,,,,,,,,,2025-06-13,2025-06-13
"publico pucon 1","Video explicando servicio corto","campaña ventas HotBoat",2025-06-13,"Araucanía Region",13,13,1,CLP,21,"7 días tras clic, 1 día tras visualización o 1 día tras visualización activa",,0,0,1615.38461538,,,,3,,,,,,2025-06-13,2025-06-13
"publico advantage","Video explicando servicio corto","campaña ventas HotBoat",2025-06-13,"Araucanía Region",83,86,1.03614458,CLP,99,"7 días tras clic o 1 día tras visualización",,0,0,1151.1627907,,,,33,,,,,,2025-06-13,2025-06-13
"publico advantage","Video explicando servicio corto","campaña ventas HotBoat",2025-06-13,"Antofagasta Region",54,54,1,CLP,60,"7 días tras clic o 1 día tras visualización",2,7.40740741,15,1111.11111111,,,,18,,,,,,2025-06-13,2025-06-13
"publico advantage","Video explicando servicio corto","campaña ventas HotBoat",2025-06-13,"Los Ríos Region",23,23,1,CLP,28,"7 días tras clic o 1 día tras visualización",,4.34782609,28,1217.39130435,,,,8,,,,,,2025-06-13,2025-06-13
"publico advantage","Video explicando servicio corto","campaña ventas HotBoat",2025-06-13,"Atacama Region",12,12,1,CLP,4,"7 días tras clic o 1 día tras visualización",,8.33333333,4,333.33333333,,,,5,,,,,,2025-06-13,2025-06-13
"publico advantage","Video explicando servicio corto","campaña ventas HotBoat",2025-06-13,"Tarapacá Region",13,13,1,CLP,10,"7 días tras clic o 1 día tras visualización",,7.69230769,10,769.23076923,,,,6,,,,,,2025-06-13,2025-06-13
"publico advantage","Video explicando servicio corto","campaña ventas HotBoat",2025-06-13,"Bío Bío Region",58,58,1,CLP,48,"7 días tras clic o 1 día tras visualización",2,8.62068966,9.6,827.5862069,,,,23,,,,,,2025-06-13,2025-06-13
"publico pucon 1","Video pareja dcto","campaña ventas HotBoat",2025-06-13,"Araucanía Region",822,992,1.20681265,CLP,1600,"7 días tras clic, 1 día tras visualización o 1 día tras visualización activa",16,3.22580645,50,1612.90322581,,,,369,,,,,,2025-06-13,2025-06-13
"publico concepcion","Video explicando servicio corto","campaña ventas HotBoat",2025-06-13,"Bío Bío Region",1171,1242,1.06063194,CLP,1412,"7 días tras clic, 1 día tras visualización o 1 día tras visualización activa",21,3.9452496,28.81632653,1136.87600644,,,,457,,,,,,2025-06-13,2025-06-13
"publico valdivia","Video explicando servicio corto","campaña ventas HotBoat",2025-06-13,"Los Ríos Region",1499,1565,1.04402935,CLP,1444,"7 días tras clic, 1 día tras visualización o 1 día tras visualización activa",30,3.76996805,24.47457627,922.68370607,,,,544,,,,,,2025-06-13,2025-06-13
"Test Publicos : Temuco","Video explicando servicio corto","campaña ventas HotBoat",2025-06-13,"Araucanía Region",1159,1285,1.10871441,CLP,1484,"7 días tras clic, 1 día tras visualización o 1 día tras visualización activa",27,3.9688716,29.09803922,1154.86381323,,,,391,,,,,,2025-06-13,2025-06-13
"Test Publicos : Temuco","Video explicando servicio corto","campaña ventas HotBoat",2025-06-13,"Los Ríos Region",29,29,1,CLP,28,"7 días tras clic, 1 día tras visualización o 1 día tras visualización activa",,3.44827586,28,965.51724138,,,,6,,,,,,2025-06-13,2025-06-13
"publico pucon 1","Video pareja dcto","campaña ventas HotBoat",2025-06-13,"Los Ríos Region",7,8,1.14285714,CLP,35,"7 días tras clic, 1 día tras visualización o 1 día tras visualización activa",,0,0,4375,,,,3,,,,,,2025-06-13,2025-06-13
"publico advantage","Video explicando servicio corto","campaña ventas HotBoat",2025-06-13,"Santiago Metropolitan Region",323,344,1.06501548,CLP,444,"7 días tras clic o 1 día tras visualización",4,5.23255814,24.66666667,1290.69767442,,,,106,,,,,,2025-06-13,2025-06-13
"publico advantage","Video explicando servicio corto","campaña ventas HotBoat",2025-06-13,"Coquimbo Region",19,21,1.10526316,CLP,41,"7 días tras clic o 1 día tras visualización",,0,0,1952.38095238,,,,9,,,,,,2025-06-13,2025-06-13
"publico advantage","Video explicando servicio corto","campaña ventas HotBoat",2025-06-13,"Magallanes y la Antártica Chilena Region",9,9,1,CLP,5,"7 días tras clic o 1 día tras visualización",,0,0,555.55555556,,,,5,,,,,,2025-06-13,2025-06-13
"publico advantage","Video explicando servicio corto","campaña ventas HotBoat",2025-06-13,"Los Lagos Region",110,118,1.07272727,CLP,122,"7 días tras clic o 1 día tras visualización",4,4.23728814,24.4,1033.89830508,,,,47,,,,,,2025-06-13,2025-06-13
"publico advantage","Video explicando servicio corto","campaña ventas HotBoat",2025-06-13,"O'Higgins Region",52,52,1,CLP,42,"7 días tras clic o 1 día tras visualización",1,9.61538462,8.4,807.69230769,,,,18,,,,,,2025-06-13,2025-06-13
"publico advantage","Video explicando servicio corto","campaña ventas HotBoat",2025-06-13,"Maule Region",47,49,1.04255319,CLP,141,"7 días tras clic o 1 día tras visualización",,2.04081633,141,2877.55102041,,,,16,,,,,,2025-06-13,2025-06-13
"publico advantage","Video parejas amor","campaña ventas HotBoat",2025-06-12,"Arica y Parinacota Region",1,1,1,CLP,1,"7 días tras clic o 1 día tras visualización",,0,0,1000,,,,,,,,,,2025-06-12,2025-06-12
"publico advantage","Video parejas amor","campaña ventas HotBoat",2025-06-12,"Valparaíso Region",6,6,1,CLP,1,"7 días tras clic o 1 día tras visualización",,0,0,166.66666667,,,,2,,,,,,2025-06-12,2025-06-12
"publico advantage","Video parejas amor","campaña ventas HotBoat",2025-06-12,"Aysén Region",1,1,1,CLP,0,"7 días tras clic o 1 día tras visualización",,0,0,0,,,,,,,,,,2025-06-12,2025-06-12
"publico advantage","Video parejas amor","campaña ventas HotBoat",2025-06-12,"Antofagasta Region",2,2,1,CLP,12,"7 días tras clic o 1 día tras visualización",,0,0,6000,,,,1,,,,,,2025-06-12,2025-06-12
"publico advantage","Video parejas amor","campaña ventas HotBoat",2025-06-12,"Araucanía Region",14,15,1.07142857,CLP,30,"7 días tras clic o 1 día tras visualización",,0,0,2000,,,,5,,,,,,2025-06-12,2025-06-12
"publico advantage","Video parejas amor","campaña ventas HotBoat",2025-06-12,"O'Higgins Region",3,4,1.33333333,CLP,20,"7 días tras clic o 1 día tras visualización",,0,0,5000,,,,2,,,,,,2025-06-12,2025-06-12
"publico advantage","Video parejas amor","campaña ventas HotBoat",2025-06-12,"Bío Bío Region",3,3,1,CLP,2,"7 días tras clic o 1 día tras visualización",,0,0,666.66666667,,,,,,,,,,2025-06-12,2025-06-12
"publico advantage","Video parejas amor","campaña ventas HotBoat",2025-06-12,"Coquimbo Region",3,5,1.66666667,CLP,8,"7 días tras clic o 1 día tras visualización",,0,0,1600,,,,4,,,,,,2025-06-12,2025-06-12
"publico advantage","Video parejas amor","campaña ventas HotBoat",2025-06-12,"Los Lagos Region",7,15,2.14285714,CLP,10,"7 días tras clic o 1 día tras visualización",,0,0,666.66666667,,,,2,,,,,,2025-06-12,2025-06-12
"publico advantage","Video parejas amor","campaña ventas HotBoat",2025-06-12,"Maule Region",5,5,1,CLP,7,"7 días tras clic o 1 día tras visualización",,0,0,1400,,,,1,,,,,,2025-06-12,2025-06-12
"publico advantage","Video parejas dcto","campaña ventas HotBoat",2025-06-12,"Santiago Metropolitan Region",7,8,1.14285714,CLP,21,"7 días tras clic o 1 día tras visualización",,0,0,2625,,,,3,,,,,,2025-06-12,2025-06-12
"publico advantage","Video parejas amor","campaña ventas HotBoat",2025-06-12,"Santiago Metropolitan Region",21,21,1,CLP,44,"7 días tras clic o 1 día tras visualización",,0,0,2095.23809524,,,,4,,,,,,2025-06-12,2025-06-12
"publico advantage","Video parejas amor","campaña ventas HotBoat",2025-06-12,"Los Ríos Region",3,3,1,CLP,2,"7 días tras clic o 1 día tras visualización",,0,0,666.66666667,,,,,,,,,,2025-06-12,2025-06-12
"publico advantage","Video parejas dcto","campaña ventas HotBoat",2025-06-12,"Aysén Region",1,1,1,CLP,0,"7 días tras clic o 1 día tras visualización",,0,0,0,,,,,,,,,,2025-06-12,2025-06-12
"publico advantage","Video parejas dcto","campaña ventas HotBoat",2025-06-12,"Maule Region",1,1,1,CLP,1,"7 días tras clic o 1 día tras visualización",,0,0,1000,,,,1,,,,,,2025-06-12,2025-06-12
"publico advantage","Video parejas dcto","campaña ventas HotBoat",2025-06-12,"Magallanes y la Antártica Chilena Region",1,1,1,CLP,0,"7 días tras clic o 1 día tras visualización",,0,0,0,,,,,,,,,,2025-06-12,2025-06-12
"publico advantage","Video parejas dcto","campaña ventas HotBoat",2025-06-12,"O'Higgins Region",2,2,1,CLP,3,"7 días tras clic o 1 día tras visualización",,0,0,1500,,,,1,,,,,,2025-06-12,2025-06-12
"publico advantage","Video parejas dcto","campaña ventas HotBoat",2025-06-12,"Bío Bío Region",6,6,1,CLP,5,"7 días tras clic o 1 día tras visualización",,0,0,833.33333333,,,,2,,,,,,2025-06-12,2025-06-12
"publico advantage","Video parejas dcto","campaña ventas HotBoat",2025-06-12,"Atacama Region",2,2,1,CLP,9,"7 días tras clic o 1 día tras visualización",,0,0,4500,,,,2,,,,,,2025-06-12,2025-06-12
"publico advantage","Video parejas dcto","campaña ventas HotBoat",2025-06-12,"Araucanía Region",11,11,1,CLP,30,"7 días tras clic o 1 día tras visualización",,0,0,2727.27272727,,,,5,,,,,,2025-06-12,2025-06-12
"publico advantage","Video parejas dcto","campaña ventas HotBoat",2025-06-12,"Antofagasta Region",2,4,2,CLP,5,"7 días tras clic o 1 día tras visualización",,0,0,1250,,,,2,,,,,,2025-06-12,2025-06-12
"publico advantage","Video parejas dcto","campaña ventas HotBoat",2025-06-12,"Valparaíso Region",5,5,1,CLP,6,"7 días tras clic o 1 día tras visualización",,0,0,1200,,,,2,,,,,,2025-06-12,2025-06-12
"publico advantage","Video parejas dcto","campaña ventas HotBoat",2025-06-12,"Los Ríos Region",2,3,1.5,CLP,2,"7 días tras clic o 1 día tras visualización",,0,0,666.66666667,,,,1,,,,,,2025-06-12,2025-06-12
"publico pucon 1","Video parejas amor","campaña ventas HotBoat",2025-06-12,"Araucanía Region",293,336,1.14675768,CLP,766,"7 días tras clic, 1 día tras visualización o 1 día tras visualización activa",7,2.97619048,76.6,2279.76190476,,,,126,,,,,,2025-06-12,2025-06-12
"publico pucon 1","Video parejas amor","campaña ventas HotBoat",2025-06-12,"Los Ríos Region",6,7,1.16666667,CLP,12,"7 días tras clic, 1 día tras visualización o 1 día tras visualización activa",1,14.28571429,12,1714.28571429,,,,2,,,,,,2025-06-12,2025-06-12
"publico pucon 1","Video explicando servicio corto","campaña ventas HotBoat",2025-06-12,"Araucanía Region",3,3,1,CLP,2,"7 días tras clic, 1 día tras visualización o 1 día tras visualización activa",,0,0,666.66666667,,,,2,,,,,,2025-06-12,2025-06-12
"publico advantage","Video explicando servicio corto","campaña ventas HotBoat",2025-06-12,Unknown,3,4,1.33333333,CLP,2,"7 días tras clic o 1 día tras visualización",,0,0,500,,,,,,,,,,2025-06-12,2025-06-12
"publico advantage","Video parejas amor","campaña ventas HotBoat",2025-06-12,"Tarapacá Region",1,1,1,CLP,1,"7 días tras clic o 1 día tras visualización",,0,0,1000,,,,1,,,,,,2025-06-12,2025-06-12
"publico advantage","Video parejas dcto","campaña ventas HotBoat",2025-06-12,"Los Lagos Region",4,4,1,CLP,1,"7 días tras clic o 1 día tras visualización",,0,0,250,,,,2,,,,,,2025-06-12,2025-06-12
"publico advantage","Video explicando servicio corto","campaña ventas HotBoat",2025-06-12,"Los Ríos Region",66,70,1.06060606,CLP,48,"7 días tras clic o 1 día tras visualización",4,7.14285714,9.6,685.71428571,,,,20,,,,,,2025-06-12,2025-06-12
"Test Publicos : Temuco","Video pareja dcto","campaña ventas HotBoat",2025-06-12,"Los Ríos Region",3,3,1,CLP,5,"7 días tras clic, 1 día tras visualización o 1 día tras visualización activa",,0,0,1666.66666667,,,,2,,,,,,2025-06-12,2025-06-12
"publico pucon 1","Video pareja dcto","campaña ventas HotBoat",2025-06-12,"Araucanía Region",1385,1637,1.18194946,CLP,2129,"7 días tras clic, 1 día tras visualización o 1 día tras visualización activa",21,2.62675626,49.51162791,1300.54978619,,,,506,,,,,,2025-06-12,2025-06-12
"publico concepcion","Video pareja dcto","campaña ventas HotBoat",2025-06-12,"Bío Bío Region",12,13,1.08333333,CLP,23,"7 días tras clic, 1 día tras visualización o 1 día tras visualización activa",,7.69230769,23,1769.23076923,,,,4,,,,,,2025-06-12,2025-06-12
"publico concepcion","Video parejas amor","campaña ventas HotBoat",2025-06-12,"Bío Bío Region",148,160,1.08108108,CLP,230,"7 días tras clic, 1 día tras visualización o 1 día tras visualización activa",7,6.25,23,1437.5,,,,46,,,,,,2025-06-12,2025-06-12
"publico concepcion","Video explicando servicio corto","campaña ventas HotBoat",2025-06-12,"Bío Bío Region",3225,3397,1.05333333,CLP,2453,"7 días tras clic, 1 día tras visualización o 1 día tras visualización activa",57,3.6797174,19.624,722.10774213,,,,1168,,,,,,2025-06-12,2025-06-12
"publico valdivia","Video pareja dcto","campaña ventas HotBoat",2025-06-12,"Los Ríos Region",2,2,1,CLP,6,"7 días tras clic, 1 día tras visualización o 1 día tras visualización activa",,0,0,3000,,,,1,,,,,,2025-06-12,2025-06-12
"publico valdivia","Video parejas amor","campaña ventas HotBoat",2025-06-12,"Los Ríos Region",108,114,1.05555556,CLP,208,"7 días tras clic, 1 día tras visualización o 1 día tras visualización activa",,4.38596491,41.6,1824.56140351,,,,51,,,,,,2025-06-12,2025-06-12
"publico valdivia","Video explicando servicio corto","campaña ventas HotBoat",2025-06-12,"Los Ríos Region",3959,4242,1.0714827,CLP,3235,"7 días tras clic, 1 día tras visualización o 1 día tras visualización activa",79,4.29042904,17.77472527,762.61197548,,,,1505,,,,,,2025-06-12,2025-06-12
"Test Publicos : Temuco","Video explicando servicio corto","campaña ventas HotBoat",2025-06-12,"Araucanía Region",2939,3254,1.10717931,CLP,2431,"7 días tras clic, 1 día tras visualización o 1 día tras visualización activa",51,3.71850031,20.09090909,747.08051629,,,,909,,,,,,2025-06-12,2025-06-12
"Test Publicos : Temuco","Video explicando servicio corto","campaña ventas HotBoat",2025-06-12,"Los Ríos Region",89,99,1.11235955,CLP,65,"7 días tras clic, 1 día tras visualización o 1 día tras visualización activa",2,2.02020202,32.5,656.56565657,,,,36,,,,,,2025-06-12,2025-06-12
"Test Publicos : Temuco","Video parejas amor","campaña ventas HotBoat",2025-06-12,"Araucanía Region",219,235,1.07305936,CLP,368,"7 días tras clic, 1 día tras visualización o 1 día tras visualización activa",1,1.27659574,122.66666667,1565.95744681,,,,69,,,,,,2025-06-12,2025-06-12
"Test Publicos : Temuco","Video parejas amor","campaña ventas HotBoat",2025-06-12,"Los Ríos Region",7,7,1,CLP,4,"7 días tras clic, 1 día tras visualización o 1 día tras visualización activa",,0,0,571.42857143,,,,4,,,,,,2025-06-12,2025-06-12
"Test Publicos : Temuco","Video pareja dcto","campaña ventas HotBoat",2025-06-12,"Araucanía Region",30,31,1.03333333,CLP,37,"7 días tras clic, 1 día tras visualización o 1 día tras visualización activa",1,3.22580645,37,1193.5483871,,,,12,,,,,,2025-06-12,2025-06-12
"publico pucon 1","Video pareja dcto","campaña ventas HotBoat",2025-06-12,"Los Ríos Region",21,23,1.0952381,CLP,16,"7 días tras clic, 1 día tras visualización o 1 día tras visualización activa",,0,0,695.65217391,,,,8,,,,,,2025-06-12,2025-06-12
"publico advantage","Video explicando servicio corto","campaña ventas HotBoat",2025-06-12,"Tarapacá Region",21,21,1,CLP,13,"7 días tras clic o 1 día tras visualización",1,14.28571429,4.33333333,619.04761905,,,,5,,,,,,2025-06-12,2025-06-12
"publico advantage","Video explicando servicio corto","campaña ventas HotBoat",2025-06-12,"Atacama Region",47,51,1.08510638,CLP,57,"7 días tras clic o 1 día tras visualización",1,9.80392157,11.4,1117.64705882,,,,19,,,,,,2025-06-12,2025-06-12
"publico advantage","Video explicando servicio corto","campaña ventas HotBoat",2025-06-12,"Santiago Metropolitan Region",1032,1081,1.04748062,CLP,1053,"7 días tras clic o 1 día tras visualización",26,5.45790934,17.84745763,974.09805735,,,,377,,,,,,2025-06-12,2025-06-12
"publico advantage","Video explicando servicio corto","campaña ventas HotBoat",2025-06-12,"Valparaíso Region",304,320,1.05263158,CLP,254,"7 días tras clic o 1 día tras visualización",7,5.625,14.11111111,793.75,,,,107,,,,,,2025-06-12,2025-06-12
"publico advantage","Video explicando servicio corto","campaña ventas HotBoat",2025-06-12,"Aysén Region",14,15,1.07142857,CLP,10,"7 días tras clic o 1 día tras visualización",,6.66666667,10,666.66666667,,,,4,,,,,,2025-06-12,2025-06-12
"publico advantage","Video explicando servicio corto","campaña ventas HotBoat",2025-06-12,"Antofagasta Region",116,121,1.04310345,CLP,102,"7 días tras clic o 1 día tras visualización",1,4.95867769,17,842.97520661,,,,44,,,,,,2025-06-12,2025-06-12
"publico advantage","Video explicando servicio corto","campaña ventas HotBoat",2025-06-12,"Araucanía Region",235,245,1.04255319,CLP,192,"7 días tras clic o 1 día tras visualización",9,6.53061224,12,783.67346939,,,,90,,,,,,2025-06-12,2025-06-12
"publico advantage","Video explicando servicio corto","campaña ventas HotBoat",2025-06-12,"Arica y Parinacota Region",22,24,1.09090909,CLP,17,"7 días tras clic o 1 día tras visualización",,12.5,5.66666667,708.33333333,,,,10,,,,,,2025-06-12,2025-06-12
"publico advantage","Video explicando servicio corto","campaña ventas HotBoat",2025-06-12,"Bío Bío Region",195,211,1.08205128,CLP,172,"7 días tras clic o 1 día tras visualización",3,4.26540284,19.11111111,815.16587678,,,,68,,,,,,2025-06-12,2025-06-12
"publico advantage","Video explicando servicio corto","campaña ventas HotBoat",2025-06-12,"O'Higgins Region",117,122,1.04273504,CLP,100,"7 días tras clic o 1 día tras visualización",2,7.37704918,11.11111111,819.67213115,,,,43,,,,,,2025-06-12,2025-06-12
"publico advantage","Video explicando servicio corto","campaña ventas HotBoat",2025-06-12,"Los Lagos Region",304,328,1.07894737,CLP,212,"7 días tras clic o 1 día tras visualización",11,8.23170732,7.85185185,646.34146341,,,,132,,,,,,2025-06-12,2025-06-12
"publico advantage","Video explicando servicio corto","campaña ventas HotBoat",2025-06-12,"Magallanes y la Antártica Chilena Region",51,53,1.03921569,CLP,33,"7 días tras clic o 1 día tras visualización",2,5.66037736,11,622.64150943,,,,23,,,,,,2025-06-12,2025-06-12
"publico advantage","Video explicando servicio corto","campaña ventas HotBoat",2025-06-12,"Coquimbo Region",111,118,1.06306306,CLP,118,"7 días tras clic o 1 día tras visualización",3,4.23728814,23.6,1000,,,,35,,,,,,2025-06-12,2025-06-12
"publico advantage","Video explicando servicio corto","campaña ventas HotBoat",2025-06-12,"Maule Region",149,159,1.06711409,CLP,115,"7 días tras clic o 1 día tras visualización",1,3.77358491,19.16666667,723.27044025,,,,65,,,,,,2025-06-12,2025-06-12
"publico advantage","Video parejas amor","campaña ventas HotBoat",2025-06-11,"Bío Bío Region",18,20,1.11111111,CLP,201,"7 días tras clic o 1 día tras visualización",1,5,201,10050,,,,4,,,,,,2025-06-11,2025-06-11
"publico advantage","Video parejas amor","campaña ventas HotBoat",2025-06-11,"Antofagasta Region",4,4,1,CLP,5,"7 días tras clic o 1 día tras visualización",,0,0,1250,,,,1,,,,,,2025-06-11,2025-06-11
"publico advantage","Video parejas amor","campaña ventas HotBoat",2025-06-11,"Araucanía Region",19,21,1.10526316,CLP,35,"7 días tras clic o 1 día tras visualización",,0,0,1666.66666667,,,,6,,,,,,2025-06-11,2025-06-11
"publico advantage","Video parejas amor","campaña ventas HotBoat",2025-06-11,"Atacama Region",2,3,1.5,CLP,27,"7 días tras clic o 1 día tras visualización",1,33.33333333,27,9000,,,,1,,,,,,2025-06-11,2025-06-11
"publico advantage","Video parejas amor","campaña ventas HotBoat",2025-06-11,"O'Higgins Region",5,6,1.2,CLP,18,"7 días tras clic o 1 día tras visualización",1,16.66666667,18,3000,,,,1,,,,,,2025-06-11,2025-06-11
"publico advantage","Video parejas amor","campaña ventas HotBoat",2025-06-11,"Coquimbo Region",3,3,1,CLP,5,"7 días tras clic o 1 día tras visualización",,0,0,1666.66666667,,,,,,,,,,2025-06-11,2025-06-11
"publico advantage","Video parejas amor","campaña ventas HotBoat",2025-06-11,"Valparaíso Region",16,18,1.125,CLP,23,"7 días tras clic o 1 día tras visualización",,5.55555556,23,1277.77777778,,,,6,,,,,,2025-06-11,2025-06-11
"publico advantage","Video parejas amor","campaña ventas HotBoat",2025-06-11,"Los Lagos Region",14,14,1,CLP,12,"7 días tras clic o 1 día tras visualización",,0,0,857.14285714,,,,2,,,,,,2025-06-11,2025-06-11
"publico advantage","Video parejas amor","campaña ventas HotBoat",2025-06-11,"Maule Region",5,5,1,CLP,18,"7 días tras clic o 1 día tras visualización",,0,0,3600,,,,1,,,,,,2025-06-11,2025-06-11
"publico advantage","Video parejas amor","campaña ventas HotBoat",2025-06-11,"Santiago Metropolitan Region",40,45,1.125,CLP,88,"7 días tras clic o 1 día tras visualización",2,4.44444444,44,1955.55555556,,,,11,,,,,,2025-06-11,2025-06-11
"publico advantage","Video explicando servicio corto","campaña ventas HotBoat",2025-06-11,Unknown,2,4,2,CLP,7,"7 días tras clic o 1 día tras visualización",,0,0,1750,,,,1,,,,,,2025-06-11,2025-06-11
"publico advantage","Video parejas amor","campaña ventas HotBoat",2025-06-11,"Aysén Region",1,1,1,CLP,1,"7 días tras clic o 1 día tras visualización",,0,0,1000,,,,,,,,,,2025-06-11,2025-06-11
"publico advantage","Video parejas dcto","campaña ventas HotBoat",2025-06-11,"Los Lagos Region",1,1,1,CLP,2,"7 días tras clic o 1 día tras visualización",,0,0,2000,,,,,,,,,,2025-06-11,2025-06-11
"publico advantage","Video parejas amor","campaña ventas HotBoat",2025-06-11,"Arica y Parinacota Region",3,3,1,CLP,3,"7 días tras clic o 1 día tras visualización",,0,0,1000,,,,,,,,,,2025-06-11,2025-06-11
"publico advantage","Video parejas amor","campaña ventas HotBoat",2025-06-11,"Los Ríos Region",5,6,1.2,CLP,8,"7 días tras clic o 1 día tras visualización",,0,0,1333.33333333,,,,1,,,,,,2025-06-11,2025-06-11
"publico advantage","Video parejas dcto","campaña ventas HotBoat",2025-06-11,"Santiago Metropolitan Region",5,7,1.4,CLP,34,"7 días tras clic o 1 día tras visualización",,0,0,4857.14285714,,,,4,,,,,,2025-06-11,2025-06-11
"publico advantage","Video parejas dcto","campaña ventas HotBoat",2025-06-11,"O'Higgins Region",2,2,1,CLP,2,"7 días tras clic o 1 día tras visualización",,0,0,1000,,,,1,,,,,,2025-06-11,2025-06-11
"publico advantage","Video parejas dcto","campaña ventas HotBoat",2025-06-11,"Bío Bío Region",1,1,1,CLP,1,"7 días tras clic o 1 día tras visualización",,0,0,1000,,,,,,,,,,2025-06-11,2025-06-11
"publico advantage","Video parejas dcto","campaña ventas HotBoat",2025-06-11,"Araucanía Region",3,3,1,CLP,4,"7 días tras clic o 1 día tras visualización",,0,0,1333.33333333,,,,,,,,,,2025-06-11,2025-06-11
"publico advantage","Video parejas dcto","campaña ventas HotBoat",2025-06-11,"Valparaíso Region",3,3,1,CLP,1,"7 días tras clic o 1 día tras visualización",,0,0,333.33333333,,,,1,,,,,,2025-06-11,2025-06-11
"publico advantage","Video parejas dcto","campaña ventas HotBoat",2025-06-11,"Los Ríos Region",1,1,1,CLP,2,"7 días tras clic o 1 día tras visualización",,0,0,2000,,,,1,,,,,,2025-06-11,2025-06-11
"publico pucon 1","Video parejas amor","campaña ventas HotBoat",2025-06-11,"Araucanía Region",170,183,1.07647059,CLP,514,"7 días tras clic, 1 día tras visualización o 1 día tras visualización activa",8,5.46448087,51.4,2808.7431694,,,,61,,,,,,2025-06-11,2025-06-11
"publico pucon 1","Video parejas amor","campaña ventas HotBoat",2025-06-11,"Los Ríos Region",2,2,1,CLP,5,"7 días tras clic, 1 día tras visualización o 1 día tras visualización activa",,0,0,2500,,,,,,,,,,2025-06-11,2025-06-11
"publico pucon 1","Video explicando servicio corto","campaña ventas HotBoat",2025-06-11,"Araucanía Region",1670,1864,1.11616766,CLP,1957,"7 días tras clic, 1 día tras visualización o 1 día tras visualización activa",28,3.27253219,32.08196721,1049.89270386,,,,499,,,,,,2025-06-11,2025-06-11
"publico pucon 1","Video explicando servicio corto","campaña ventas HotBoat",2025-06-11,"Los Ríos Region",53,60,1.13207547,CLP,44,"7 días tras clic, 1 día tras visualización o 1 día tras visualización activa",1,3.33333333,22,733.33333333,,,,21,,,,,,2025-06-11,2025-06-11
"publico advantage","Video explicando servicio corto","campaña ventas HotBoat",2025-06-11,"Los Ríos Region",64,67,1.046875,CLP,37,"7 días tras clic o 1 día tras visualización",1,5.97014925,9.25,552.23880597,,,,23,,,,,,2025-06-11,2025-06-11
"publico advantage","Video parejas dcto","campaña ventas HotBoat",2025-06-11,"Antofagasta Region",1,1,1,CLP,4,"7 días tras clic o 1 día tras visualización",,0,0,4000,,,,1,,,,,,2025-06-11,2025-06-11
"publico advantage","Video explicando servicio corto","campaña ventas HotBoat",2025-06-11,"Aysén Region",11,12,1.09090909,CLP,5,"7 días tras clic o 1 día tras visualización",,0,0,416.66666667,,,,5,,,,,,2025-06-11,2025-06-11
"publico advantage","Video explicando servicio corto","campaña ventas HotBoat",2025-06-11,"Arica y Parinacota Region",10,10,1,CLP,7,"7 días tras clic o 1 día tras visualización",,0,0,700,,,,4,,,,,,2025-06-11,2025-06-11
"Test Publicos : Temuco","Video parejas amor","campaña ventas HotBoat",2025-06-11,"Los Ríos Region",7,8,1.14285714,CLP,7,"7 días tras clic, 1 día tras visualización o 1 día tras visualización activa",,0,0,875,,,,3,,,,,,2025-06-11,2025-06-11
"publico advantage","Video explicando servicio corto","campaña ventas HotBoat",2025-06-11,"Valparaíso Region",183,193,1.05464481,CLP,180,"7 días tras clic o 1 día tras visualización",5,7.25388601,12.85714286,932.64248705,,,,52,,,,,,2025-06-11,2025-06-11
"publico pucon 1","Video pareja dcto","campaña ventas HotBoat",2025-06-11,"Araucanía Region",11,11,1,CLP,16,"7 días tras clic, 1 día tras visualización o 1 día tras visualización activa",1,18.18181818,8,1454.54545455,,,,2,,,,,,2025-06-11,2025-06-11
"publico pucon 1","Video pareja dcto","campaña ventas HotBoat",2025-06-11,"Los Ríos Region",1,1,1,CLP,0,"7 días tras clic, 1 día tras visualización o 1 día tras visualización activa",,0,0,0,,,,1,,,,,,2025-06-11,2025-06-11
"publico concepcion","Video pareja dcto","campaña ventas HotBoat",2025-06-11,"Bío Bío Region",256,277,1.08203125,CLP,453,"7 días tras clic, 1 día tras visualización o 1 día tras visualización activa",3,3.6101083,45.3,1635.37906137,,,,125,,,,,,2025-06-11,2025-06-11
"publico concepcion","Video parejas amor","campaña ventas HotBoat",2025-06-11,"Bío Bío Region",116,123,1.06034483,CLP,173,"7 días tras clic, 1 día tras visualización o 1 día tras visualización activa",1,1.62601626,86.5,1406.50406504,,,,44,,,,,,2025-06-11,2025-06-11
"publico concepcion","Video explicando servicio corto","campaña ventas HotBoat",2025-06-11,"Bío Bío Region",2094,2203,1.05205349,CLP,1657,"7 días tras clic, 1 día tras visualización o 1 día tras visualización activa",40,5.31093963,14.16239316,752.1561507,,,,883,,,,,,2025-06-11,2025-06-11
"publico valdivia","Video pareja dcto","campaña ventas HotBoat",2025-06-11,"Los Ríos Region",29,29,1,CLP,63,"7 días tras clic, 1 día tras visualización o 1 día tras visualización activa",,3.44827586,63,2172.4137931,,,,11,,,,,,2025-06-11,2025-06-11
"publico valdivia","Video parejas amor","campaña ventas HotBoat",2025-06-11,"Los Ríos Region",64,65,1.015625,CLP,61,"7 días tras clic, 1 día tras visualización o 1 día tras visualización activa",1,3.07692308,30.5,938.46153846,,,,26,,,,,,2025-06-11,2025-06-11
"Test Publicos : Temuco","Video explicando servicio corto","campaña ventas HotBoat",2025-06-11,"Araucanía Region",633,674,1.06477093,CLP,676,"7 días tras clic, 1 día tras visualización o 1 día tras visualización activa",15,2.96735905,33.8,1002.96735905,,,,178,,,,,,2025-06-11,2025-06-11
"Test Publicos : Temuco","Video explicando servicio corto","campaña ventas HotBoat",2025-06-11,"Los Ríos Region",20,23,1.15,CLP,15,"7 días tras clic, 1 día tras visualización o 1 día tras visualización activa",1,4.34782609,15,652.17391304,,,,5,,,,,,2025-06-11,2025-06-11
"Test Publicos : Temuco","Video parejas amor","campaña ventas HotBoat",2025-06-11,"Araucanía Region",333,344,1.03303303,CLP,448,"7 días tras clic, 1 día tras visualización o 1 día tras visualización activa",1,1.74418605,74.66666667,1302.3255814,,,,129,,,,,,2025-06-11,2025-06-11
"publico valdivia","Video explicando servicio corto","campaña ventas HotBoat",2025-06-11,"Los Ríos Region",2666,2847,1.06789197,CLP,2278,"7 días tras clic, 1 día tras visualización o 1 día tras visualización activa",47,3.96909027,20.15929204,800.14049877,,,,1025,,,,,,2025-06-11,2025-06-11
"Test Publicos : Temuco","Video pareja dcto","campaña ventas HotBoat",2025-06-11,"Araucanía Region",546,681,1.24725275,CLP,1152,"7 días tras clic, 1 día tras visualización o 1 día tras visualización activa",3,0.88105727,192,1691.62995595,,,,179,,,,,,2025-06-11,2025-06-11
"publico advantage","Video explicando servicio corto","campaña ventas HotBoat",2025-06-11,"O'Higgins Region",92,95,1.0326087,CLP,83,"7 días tras clic o 1 día tras visualización",,1.05263158,83,873.68421053,,,,37,,,,,,2025-06-11,2025-06-11
"publico advantage","Video explicando servicio corto","campaña ventas HotBoat",2025-06-11,"Antofagasta Region",76,85,1.11842105,CLP,62,"7 días tras clic o 1 día tras visualización",1,2.35294118,31,729.41176471,,,,30,,,,,,2025-06-11,2025-06-11
"Test Publicos : Temuco","Video pareja dcto","campaña ventas HotBoat",2025-06-11,"Los Ríos Region",7,7,1,CLP,8,"7 días tras clic, 1 día tras visualización o 1 día tras visualización activa",,0,0,1142.85714286,,,,1,,,,,,2025-06-11,2025-06-11
"publico advantage","Video explicando servicio corto","campaña ventas HotBoat",2025-06-11,"Atacama Region",22,22,1,CLP,8,"7 días tras clic o 1 día tras visualización",,4.54545455,8,363.63636364,,,,9,,,,,,2025-06-11,2025-06-11
"publico advantage","Video explicando servicio corto","campaña ventas HotBoat",2025-06-11,"Bío Bío Region",160,168,1.05,CLP,151,"7 días tras clic o 1 día tras visualización",3,4.76190476,18.875,898.80952381,,,,57,,,,,,2025-06-11,2025-06-11
"publico advantage","Video explicando servicio corto","campaña ventas HotBoat",2025-06-11,"Coquimbo Region",60,66,1.1,CLP,90,"7 días tras clic o 1 día tras visualización",,4.54545455,30,1363.63636364,,,,25,,,,,,2025-06-11,2025-06-11
"publico advantage","Video explicando servicio corto","campaña ventas HotBoat",2025-06-11,"Araucanía Region",162,172,1.0617284,CLP,120,"7 días tras clic o 1 día tras visualización",2,2.3255814,30,697.6744186,,,,56,,,,,,2025-06-11,2025-06-11
"publico advantage","Video explicando servicio corto","campaña ventas HotBoat",2025-06-11,"Los Lagos Region",181,217,1.19889503,CLP,171,"7 días tras clic o 1 día tras visualización",3,4.14746544,19,788.01843318,,,,73,,,,,,2025-06-11,2025-06-11
"publico advantage","Video explicando servicio corto","campaña ventas HotBoat",2025-06-11,"Maule Region",118,133,1.12711864,CLP,132,"7 días tras clic o 1 día tras visualización",4,5.26315789,18.85714286,992.48120301,,,,42,,,,,,2025-06-11,2025-06-11
"publico advantage","Video explicando servicio corto","campaña ventas HotBoat",2025-06-11,"Santiago Metropolitan Region",620,670,1.08064516,CLP,774,"7 días tras clic o 1 día tras visualización",17,4.92537313,23.45454545,1155.2238806,,,,222,,,,,,2025-06-11,2025-06-11
"publico advantage","Video explicando servicio corto","campaña ventas HotBoat",2025-06-11,"Tarapacá Region",27,29,1.07407407,CLP,23,"7 días tras clic o 1 día tras visualización",1,3.44827586,23,793.10344828,,,,11,,,,,,2025-06-11,2025-06-11
"publico advantage","Video explicando servicio corto","campaña ventas HotBoat",2025-06-11,"Magallanes y la Antártica Chilena Region",33,35,1.06060606,CLP,22,"7 días tras clic o 1 día tras visualización",2,8.57142857,7.33333333,628.57142857,,,,13,,,,,,2025-06-11,2025-06-11
"publico advantage","Video parejas amor","campaña ventas HotBoat",2025-06-10,"Atacama Region",1,1,1,CLP,1,"7 días tras clic o 1 día tras visualización",,0,0,1000,,,,,,,,,,2025-06-10,2025-06-10
"publico advantage","Video parejas dcto","campaña ventas HotBoat",2025-06-10,"Tarapacá Region",2,2,1,CLP,2,"7 días tras clic o 1 día tras visualización",,0,0,1000,,,,,,,,,,2025-06-10,2025-06-10
"publico advantage","Video parejas amor","campaña ventas HotBoat",2025-06-10,"Los Ríos Region",2,2,1,CLP,2,"7 días tras clic o 1 día tras visualización",,0,0,1000,,,,1,,,,,,2025-06-10,2025-06-10
"publico advantage","Video parejas amor","campaña ventas HotBoat",2025-06-10,"Valparaíso Region",2,2,1,CLP,3,"7 días tras clic o 1 día tras visualización",,0,0,1500,,,,,,,,,,2025-06-10,2025-06-10
"publico advantage","Video parejas amor","campaña ventas HotBoat",2025-06-10,"Araucanía Region",3,4,1.33333333,CLP,8,"7 días tras clic o 1 día tras visualización",,0,0,2000,,,,2,,,,,,2025-06-10,2025-06-10
"publico advantage","Video parejas amor","campaña ventas HotBoat",2025-06-10,"Los Lagos Region",3,4,1.33333333,CLP,2,"7 días tras clic o 1 día tras visualización",,0,0,500,,,,1,,,,,,2025-06-10,2025-06-10
"publico advantage","Video parejas amor","campaña ventas HotBoat",2025-06-10,"Bío Bío Region",2,2,1,CLP,1,"7 días tras clic o 1 día tras visualización",,0,0,500,,,,1,,,,,,2025-06-10,2025-06-10
"publico advantage","Video parejas amor","campaña ventas HotBoat",2025-06-10,"O'Higgins Region",2,2,1,CLP,2,"7 días tras clic o 1 día tras visualización",,0,0,1000,,,,,,,,,,2025-06-10,2025-06-10
"publico advantage","Video parejas amor","campaña ventas HotBoat",2025-06-10,"Maule Region",2,2,1,CLP,6,"7 días tras clic o 1 día tras visualización",,0,0,3000,,,,1,,,,,,2025-06-10,2025-06-10
"publico advantage","Video parejas amor","campaña ventas HotBoat",2025-06-10,"Santiago Metropolitan Region",12,12,1,CLP,23,"7 días tras clic o 1 día tras visualización",,8.33333333,23,1916.66666667,,,,6,,,,,,2025-06-10,2025-06-10
"publico advantage","Video parejas dcto","campaña ventas HotBoat",2025-06-10,"Maule Region",6,6,1,CLP,13,"7 días tras clic o 1 día tras visualización",,0,0,2166.66666667,,,,2,,,,,,2025-06-10,2025-06-10
"publico advantage","Video parejas dcto","campaña ventas HotBoat",2025-06-10,"Santiago Metropolitan Region",32,33,1.03125,CLP,56,"7 días tras clic o 1 día tras visualización",,0,0,1696.96969697,,,,15,,,,,,2025-06-10,2025-06-10
"publico advantage","Video explicando servicio corto","campaña ventas HotBoat",2025-06-10,"Los Ríos Region",74,77,1.04054054,CLP,46,"7 días tras clic o 1 día tras visualización",3,5.19480519,11.5,597.4025974,,,,20,,,,,,2025-06-10,2025-06-10
"publico advantage","Video parejas dcto","campaña ventas HotBoat",2025-06-10,"Magallanes y la Antártica Chilena Region",5,7,1.4,CLP,4,"7 días tras clic o 1 día tras visualización",,0,0,571.42857143,,,,2,,,,,,2025-06-10,2025-06-10
"publico advantage","Video parejas dcto","campaña ventas HotBoat",2025-06-10,"Los Lagos Region",29,34,1.17241379,CLP,43,"7 días tras clic o 1 día tras visualización",1,2.94117647,43,1264.70588235,,,,11,,,,,,2025-06-10,2025-06-10
"publico advantage","Video parejas dcto","campaña ventas HotBoat",2025-06-10,"O'Higgins Region",6,7,1.16666667,CLP,5,"7 días tras clic o 1 día tras visualización",,0,0,714.28571429,,,,3,,,,,,2025-06-10,2025-06-10
"publico advantage","Video parejas dcto","campaña ventas HotBoat",2025-06-10,"Coquimbo Region",3,3,1,CLP,2,"7 días tras clic o 1 día tras visualización",,0,0,666.66666667,,,,1,,,,,,2025-06-10,2025-06-10
"publico advantage","Video parejas dcto","campaña ventas HotBoat",2025-06-10,"Bío Bío Region",16,16,1,CLP,7,"7 días tras clic o 1 día tras visualización",1,12.5,3.5,437.5,,,,4,,,,,,2025-06-10,2025-06-10
"publico advantage","Video parejas dcto","campaña ventas HotBoat",2025-06-10,"Araucanía Region",20,23,1.15,CLP,22,"7 días tras clic o 1 día tras visualización",,8.69565217,11,956.52173913,,,,9,,,,,,2025-06-10,2025-06-10
"publico advantage","Video parejas dcto","campaña ventas HotBoat",2025-06-10,"Antofagasta Region",5,5,1,CLP,9,"7 días tras clic o 1 día tras visualización",,20,9,1800,,,,3,,,,,,2025-06-10,2025-06-10
"publico advantage","Video parejas dcto","campaña ventas HotBoat",2025-06-10,"Aysén Region",1,1,1,CLP,1,"7 días tras clic o 1 día tras visualización",,0,0,1000,,,,,,,,,,2025-06-10,2025-06-10
"publico advantage","Video parejas dcto","campaña ventas HotBoat",2025-06-10,"Valparaíso Region",8,8,1,CLP,5,"7 días tras clic o 1 día tras visualización",,0,0,625,,,,2,,,,,,2025-06-10,2025-06-10
"publico advantage","Video parejas dcto","campaña ventas HotBoat",2025-06-10,"Arica y Parinacota Region",1,1,1,CLP,1,"7 días tras clic o 1 día tras visualización",,0,0,1000,,,,,,,,,,2025-06-10,2025-06-10
"publico advantage","Video parejas dcto","campaña ventas HotBoat",2025-06-10,"Los Ríos Region",8,9,1.125,CLP,15,"7 días tras clic o 1 día tras visualización",,0,0,1666.66666667,,,,2,,,,,,2025-06-10,2025-06-10
"publico pucon 1","Video parejas amor","campaña ventas HotBoat",2025-06-10,"Araucanía Region",626,706,1.12779553,CLP,1016,"7 días tras clic, 1 día tras visualización o 1 día tras visualización activa",12,3.25779037,44.17391304,1439.09348442,,,,246,,,,,,2025-06-10,2025-06-10
"publico pucon 1","Video explicando servicio corto","campaña ventas HotBoat",2025-06-10,"Araucanía Region",27,28,1.03703704,CLP,31,"7 días tras clic, 1 día tras visualización o 1 día tras visualización activa",,3.57142857,31,1107.14285714,,,,5,,,,,,2025-06-10,2025-06-10
"publico advantage","Video explicando servicio corto","campaña ventas HotBoat",2025-06-10,Unknown,1,1,1,CLP,0,"7 días tras clic o 1 día tras visualización",,0,0,0,,,,,,,,,,2025-06-10,2025-06-10
"publico pucon 1","Video parejas amor","campaña ventas HotBoat",2025-06-10,"Los Ríos Region",14,16,1.14285714,CLP,12,"7 días tras clic, 1 día tras visualización o 1 día tras visualización activa",,0,0,750,,,,4,,,,,,2025-06-10,2025-06-10
"publico advantage","Video explicando servicio corto","campaña ventas HotBoat",2025-06-10,"Arica y Parinacota Region",29,30,1.03448276,CLP,25,"7 días tras clic o 1 día tras visualización",,6.66666667,12.5,833.33333333,,,,12,,,,,,2025-06-10,2025-06-10
"Test Publicos : Temuco","Video parejas amor","campaña ventas HotBoat",2025-06-10,"Los Ríos Region",19,21,1.10526316,CLP,16,"7 días tras clic, 1 día tras visualización o 1 día tras visualización activa",,4.76190476,16,761.9047619,,,,6,,,,,,2025-06-10,2025-06-10
"publico advantage","Video explicando servicio corto","campaña ventas HotBoat",2025-06-10,"Valparaíso Region",229,238,1.03930131,CLP,191,"7 días tras clic o 1 día tras visualización",2,4.20168067,19.1,802.5210084,,,,107,,,,,,2025-06-10,2025-06-10
"publico pucon 1","Video pareja dcto","campaña ventas HotBoat",2025-06-10,"Araucanía Region",845,1008,1.19289941,CLP,1428,"7 días tras clic, 1 día tras visualización o 1 día tras visualización activa",8,2.48015873,57.12,1416.66666667,,,,341,,,,,,2025-06-10,2025-06-10
"publico pucon 1","Video pareja dcto","campaña ventas HotBoat",2025-06-10,"Los Ríos Region",24,38,1.58333333,CLP,34,"7 días tras clic, 1 día tras visualización o 1 día tras visualización activa",,2.63157895,34,894.73684211,,,,10,,,,,,2025-06-10,2025-06-10
"publico concepcion","Video pareja dcto","campaña ventas HotBoat",2025-06-10,"Bío Bío Region",606,674,1.11221122,CLP,1058,"7 días tras clic, 1 día tras visualización o 1 día tras visualización activa",10,2.96735905,52.9,1569.73293769,,,,268,,,,,,2025-06-10,2025-06-10
"publico concepcion","Video parejas amor","campaña ventas HotBoat",2025-06-10,"Bío Bío Region",18,18,1,CLP,16,"7 días tras clic, 1 día tras visualización o 1 día tras visualización activa",1,5.55555556,16,888.88888889,,,,3,,,,,,2025-06-10,2025-06-10
"publico concepcion","Video explicando servicio corto","campaña ventas HotBoat",2025-06-10,"Bío Bío Region",1100,1159,1.05363636,CLP,886,"7 días tras clic, 1 día tras visualización o 1 día tras visualización activa",13,3.45125108,22.15,764.45211389,,,,399,,,,,,2025-06-10,2025-06-10
"publico valdivia","Video pareja dcto","campaña ventas HotBoat",2025-06-10,"Los Ríos Region",8,8,1,CLP,9,"7 días tras clic, 1 día tras visualización o 1 día tras visualización activa",,0,0,1125,,,,4,,,,,,2025-06-10,2025-06-10
"publico valdivia","Video parejas amor","campaña ventas HotBoat",2025-06-10,"Los Ríos Region",4,4,1,CLP,5,"7 días tras clic, 1 día tras visualización o 1 día tras visualización activa",,0,0,1250,,,,3,,,,,,2025-06-10,2025-06-10
"publico valdivia","Video explicando servicio corto","campaña ventas HotBoat",2025-06-10,"Los Ríos Region",1910,2105,1.10209424,CLP,1930,"7 días tras clic, 1 día tras visualización o 1 día tras visualización activa",37,4.41805226,20.75268817,916.86460808,,,,750,,,,,,2025-06-10,2025-06-10
"Test Publicos : Temuco","Video explicando servicio corto","campaña ventas HotBoat",2025-06-10,"Araucanía Region",689,724,1.05079826,CLP,648,"7 días tras clic, 1 día tras visualización o 1 día tras visualización activa",11,3.86740331,23.14285714,895.02762431,,,,212,,,,,,2025-06-10,2025-06-10
"Test Publicos : Temuco","Video explicando servicio corto","campaña ventas HotBoat",2025-06-10,"Los Ríos Region",29,36,1.24137931,CLP,47,"7 días tras clic, 1 día tras visualización o 1 día tras visualización activa",,5.55555556,23.5,1305.55555556,,,,13,,,,,,2025-06-10,2025-06-10
"Test Publicos : Temuco","Video parejas amor","campaña ventas HotBoat",2025-06-10,"Araucanía Region",729,868,1.19067215,CLP,1103,"7 días tras clic, 1 día tras visualización o 1 día tras visualización activa",3,0.80645161,157.57142857,1270.73732719,,,,227,,,,,,2025-06-10,2025-06-10
"publico pucon 1","Video pareja dcto","campaña ventas HotBoat",2025-06-10,Unknown,1,1,1,CLP,0,"7 días tras clic, 1 día tras visualización o 1 día tras visualización activa",,0,0,0,,,,1,,,,,,2025-06-10,2025-06-10
"Test Publicos : Temuco","Video pareja dcto","campaña ventas HotBoat",2025-06-10,"Araucanía Region",4,4,1,CLP,3,"7 días tras clic, 1 día tras visualización o 1 día tras visualización activa",,0,0,750,,,,1,,,,,,2025-06-10,2025-06-10
"publico advantage","Video explicando servicio corto","campaña ventas HotBoat",2025-06-10,"Bío Bío Region",227,247,1.08810573,CLP,187,"7 días tras clic o 1 día tras visualización",5,4.4534413,17,757.08502024,,,,88,,,,,,2025-06-10,2025-06-10
"publico advantage","Video explicando servicio corto","campaña ventas HotBoat",2025-06-10,"Tarapacá Region",33,35,1.06060606,CLP,31,"7 días tras clic o 1 día tras visualización",1,11.42857143,7.75,885.71428571,,,,14,,,,,,2025-06-10,2025-06-10
"publico advantage","Video explicando servicio corto","campaña ventas HotBoat",2025-06-10,"Aysén Region",11,11,1,CLP,2,"7 días tras clic o 1 día tras visualización",,9.09090909,2,181.81818182,,,,3,,,,,,2025-06-10,2025-06-10
"publico advantage","Video explicando servicio corto","campaña ventas HotBoat",2025-06-10,"Antofagasta Region",112,120,1.07142857,CLP,73,"7 días tras clic o 1 día tras visualización",3,4.16666667,14.6,608.33333333,,,,33,,,,,,2025-06-10,2025-06-10
"publico advantage","Video explicando servicio corto","campaña ventas HotBoat",2025-06-10,"Atacama Region",35,37,1.05714286,CLP,18,"7 días tras clic o 1 día tras visualización",1,8.10810811,6,486.48648649,,,,15,,,,,,2025-06-10,2025-06-10
"publico advantage","Video explicando servicio corto","campaña ventas HotBoat",2025-06-10,"Araucanía Region",191,200,1.04712042,CLP,151,"7 días tras clic o 1 día tras visualización",4,6.5,11.61538462,755,,,,59,,,,,,2025-06-10,2025-06-10
"publico advantage","Video explicando servicio corto","campaña ventas HotBoat",2025-06-10,"Coquimbo Region",102,112,1.09803922,CLP,93,"7 días tras clic o 1 día tras visualización",3,5.35714286,15.5,830.35714286,,,,45,,,,,,2025-06-10,2025-06-10
"publico advantage","Video explicando servicio corto","campaña ventas HotBoat",2025-06-10,"O'Higgins Region",116,122,1.05172414,CLP,109,"7 días tras clic o 1 día tras visualización",3,4.09836066,21.8,893.44262295,,,,39,,,,,,2025-06-10,2025-06-10
"publico advantage","Video explicando servicio corto","campaña ventas HotBoat",2025-06-10,"Los Lagos Region",236,258,1.09322034,CLP,129,"7 días tras clic o 1 día tras visualización",4,4.65116279,10.75,500,,,,81,,,,,,2025-06-10,2025-06-10
"publico advantage","Video explicando servicio corto","campaña ventas HotBoat",2025-06-10,"Magallanes y la Antártica Chilena Region",58,61,1.05172414,CLP,32,"7 días tras clic o 1 día tras visualización",1,4.91803279,10.66666667,524.59016393,,,,17,,,,,,2025-06-10,2025-06-10
"publico advantage","Video explicando servicio corto","campaña ventas HotBoat",2025-06-10,"Maule Region",155,183,1.18064516,CLP,138,"7 días tras clic o 1 día tras visualización",4,4.3715847,17.25,754.09836066,,,,53,,,,,,2025-06-10,2025-06-10
"publico advantage","Video explicando servicio corto","campaña ventas HotBoat",2025-06-10,"Santiago Metropolitan Region",709,766,1.08039492,CLP,792,"7 días tras clic o 1 día tras visualización",5,2.61096606,39.6,1033.94255875,,,,259,,,,,,2025-06-10,2025-06-10
"publico advantage","Video explicando servicio corto","campaña ventas HotBoat",2025-06-09,"Arica y Parinacota Region",19,19,1,CLP,43,"7 días tras clic o 1 día tras visualización",,0,0,2263.15789474,,,,5,,,,,,2025-06-09,2025-06-09
"publico advantage","Video parejas amor","campaña ventas HotBoat",2025-06-09,"Antofagasta Region",2,2,1,CLP,2,"7 días tras clic o 1 día tras visualización",,0,0,1000,,,,,,,,,,2025-06-09,2025-06-09
"publico advantage","Video explicando servicio corto","campaña ventas HotBoat",2025-06-09,"Los Ríos Region",28,29,1.03571429,CLP,18,"7 días tras clic o 1 día tras visualización",,6.89655172,9,620.68965517,,,,9,,,,,,2025-06-09,2025-06-09
"publico advantage","Video parejas amor","campaña ventas HotBoat",2025-06-09,"Santiago Metropolitan Region",7,8,1.14285714,CLP,7,"7 días tras clic o 1 día tras visualización",,0,0,875,,,,4,,,,,,2025-06-09,2025-06-09
"publico advantage","Video parejas amor","campaña ventas HotBoat",2025-06-09,"Maule Region",4,4,1,CLP,5,"7 días tras clic o 1 día tras visualización",,0,0,1250,,,,2,,,,,,2025-06-09,2025-06-09
"publico advantage","Video parejas amor","campaña ventas HotBoat",2025-06-09,"Magallanes y la Antártica Chilena Region",1,1,1,CLP,0,"7 días tras clic o 1 día tras visualización",,0,0,0,,,,,,,,,,2025-06-09,2025-06-09
"publico advantage","Video parejas amor","campaña ventas HotBoat",2025-06-09,"Los Lagos Region",11,12,1.09090909,CLP,14,"7 días tras clic o 1 día tras visualización",,0,0,1166.66666667,,,,1,,,,,,2025-06-09,2025-06-09
"publico advantage","Video parejas amor","campaña ventas HotBoat",2025-06-09,"O'Higgins Region",3,3,1,CLP,2,"7 días tras clic o 1 día tras visualización",,0,0,666.66666667,,,,,,,,,,2025-06-09,2025-06-09
"publico advantage","Video parejas amor","campaña ventas HotBoat",2025-06-09,"Coquimbo Region",1,1,1,CLP,2,"7 días tras clic o 1 día tras visualización",,0,0,2000,,,,,,,,,,2025-06-09,2025-06-09
"publico advantage","Video parejas amor","campaña ventas HotBoat",2025-06-09,"Bío Bío Region",4,4,1,CLP,2,"7 días tras clic o 1 día tras visualización",,0,0,500,,,,1,,,,,,2025-06-09,2025-06-09
"publico advantage","Video parejas dcto","campaña ventas HotBoat",2025-06-09,"Valparaíso Region",1,1,1,CLP,11,"7 días tras clic o 1 día tras visualización",,0,0,11000,,,,,,,,,,2025-06-09,2025-06-09
"publico advantage","Video parejas amor","campaña ventas HotBoat",2025-06-09,"Valparaíso Region",4,4,1,CLP,4,"7 días tras clic o 1 día tras visualización",,0,0,1000,,,,2,,,,,,2025-06-09,2025-06-09
"publico advantage","Video parejas amor","campaña ventas HotBoat",2025-06-09,"Los Ríos Region",4,4,1,CLP,12,"7 días tras clic o 1 día tras visualización",,0,0,3000,,,,1,,,,,,2025-06-09,2025-06-09
"publico advantage","Video parejas dcto","campaña ventas HotBoat",2025-06-09,"Santiago Metropolitan Region",2,2,1,CLP,4,"7 días tras clic o 1 día tras visualización",,0,0,2000,,,,,,,,,,2025-06-09,2025-06-09
"publico advantage","Video parejas dcto","campaña ventas HotBoat",2025-06-09,"Los Lagos Region",2,2,1,CLP,1,"7 días tras clic o 1 día tras visualización",2,100,0.5,500,,,,1,,,,,,2025-06-09,2025-06-09
"publico advantage","Video parejas dcto","campaña ventas HotBoat",2025-06-09,"Bío Bío Region",1,1,1,CLP,0,"7 días tras clic o 1 día tras visualización",,0,0,0,,,,,,,,,,2025-06-09,2025-06-09
"publico advantage","Video parejas dcto","campaña ventas HotBoat",2025-06-09,"Araucanía Region",2,2,1,CLP,0,"7 días tras clic o 1 día tras visualización",,0,0,0,,,,1,,,,,,2025-06-09,2025-06-09
"publico pucon 1","Video parejas amor","campaña ventas HotBoat",2025-06-09,"Araucanía Region",648,766,1.18209877,CLP,1462,"7 días tras clic, 1 día tras visualización o 1 día tras visualización activa",12,2.74151436,69.61904762,1908.61618799,,,,266,,,,,,2025-06-09,2025-06-09
"publico pucon 1","Video parejas amor","campaña ventas HotBoat",2025-06-09,"Los Ríos Region",12,12,1,CLP,56,"7 días tras clic, 1 día tras visualización o 1 día tras visualización activa",,0,0,4666.66666667,,,,4,,,,,,2025-06-09,2025-06-09
"publico pucon 1","Video explicando servicio corto","campaña ventas HotBoat",2025-06-09,"Araucanía Region",57,57,1,CLP,36,"7 días tras clic, 1 día tras visualización o 1 día tras visualización activa",1,3.50877193,18,631.57894737,,,,15,,,,,,2025-06-09,2025-06-09
"publico pucon 1","Video explicando servicio corto","campaña ventas HotBoat",2025-06-09,"Los Ríos Region",1,1,1,CLP,0,"7 días tras clic, 1 día tras visualización o 1 día tras visualización activa",,0,0,0,,,,,,,,,,2025-06-09,2025-06-09
"publico advantage","Video explicando servicio corto","campaña ventas HotBoat",2025-06-09,"Aysén Region",6,6,1,CLP,3,"7 días tras clic o 1 día tras visualización",,0,0,500,,,,4,,,,,,2025-06-09,2025-06-09
"publico advantage","Video explicando servicio corto","campaña ventas HotBoat",2025-06-09,"Valparaíso Region",173,185,1.06936416,CLP,170,"7 días tras clic o 1 día tras visualización",3,7.02702703,13.07692308,918.91891892,,,,64,,,,,,2025-06-09,2025-06-09
"publico advantage","Video parejas amor","campaña ventas HotBoat",2025-06-09,"Araucanía Region",12,12,1,CLP,11,"7 días tras clic o 1 día tras visualización",,0,0,916.66666667,,,,4,,,,,,2025-06-09,2025-06-09
"publico advantage","Video explicando servicio corto","campaña ventas HotBoat",2025-06-09,"Antofagasta Region",87,90,1.03448276,CLP,82,"7 días tras clic o 1 día tras visualización",,6.66666667,13.66666667,911.11111111,,,,27,,,,,,2025-06-09,2025-06-09
"Test Publicos : Temuco","Video parejas amor","campaña ventas HotBoat",2025-06-09,"Los Ríos Region",2,2,1,CLP,39,"7 días tras clic, 1 día tras visualización o 1 día tras visualización activa",,0,0,19500,,,,1,,,,,,2025-06-09,2025-06-09
"publico pucon 1","Video pareja dcto","campaña ventas HotBoat",2025-06-09,"Araucanía Region",649,717,1.10477658,CLP,1234,"7 días tras clic, 1 día tras visualización o 1 día tras visualización activa",8,2.23152022,77.125,1721.05997211,,,,276,,,,,,2025-06-09,2025-06-09
"publico pucon 1","Video pareja dcto","campaña ventas HotBoat",2025-06-09,"Los Ríos Region",17,18,1.05882353,CLP,13,"7 días tras clic, 1 día tras visualización o 1 día tras visualización activa",,0,0,722.22222222,,,,6,,,,,,2025-06-09,2025-06-09
"publico concepcion","Video pareja dcto","campaña ventas HotBoat",2025-06-09,"Bío Bío Region",689,745,1.08127721,CLP,1109,"7 días tras clic, 1 día tras visualización o 1 día tras visualización activa",15,4.4295302,33.60606061,1488.59060403,,,,342,,,,,,2025-06-09,2025-06-09
"publico concepcion","Video parejas amor","campaña ventas HotBoat",2025-06-09,"Bío Bío Region",66,68,1.03030303,CLP,121,"7 días tras clic, 1 día tras visualización o 1 día tras visualización activa",1,1.47058824,121,1779.41176471,,,,24,,,,,,2025-06-09,2025-06-09
"publico concepcion","Video explicando servicio corto","campaña ventas HotBoat",2025-06-09,"Bío Bío Region",737,763,1.03527815,CLP,538,"7 días tras clic, 1 día tras visualización o 1 día tras visualización activa",14,4.71821756,14.94444444,705.11140236,,,,298,,,,,,2025-06-09,2025-06-09
"publico valdivia","Video parejas amor","campaña ventas HotBoat",2025-06-09,"Los Ríos Region",216,225,1.04166667,CLP,326,"7 días tras clic, 1 día tras visualización o 1 día tras visualización activa",1,1.33333333,108.66666667,1448.88888889,,,,91,,,,,,2025-06-09,2025-06-09
"publico valdivia","Video explicando servicio corto","campaña ventas HotBoat",2025-06-09,"Los Ríos Region",1090,1136,1.04220183,CLP,921,"7 días tras clic, 1 día tras visualización o 1 día tras visualización activa",25,5.1056338,15.87931034,810.73943662,,,,419,,,,,,2025-06-09,2025-06-09
"Test Publicos : Temuco","Video explicando servicio corto","campaña ventas HotBoat",2025-06-09,"Araucanía Region",1148,1250,1.08885017,CLP,1445,"7 días tras clic, 1 día tras visualización o 1 día tras visualización activa",20,3.76,30.74468085,1156,,,,378,,,,,,2025-06-09,2025-06-09
"Test Publicos : Temuco","Video explicando servicio corto","campaña ventas HotBoat",2025-06-09,"Los Ríos Region",48,51,1.0625,CLP,38,"7 días tras clic, 1 día tras visualización o 1 día tras visualización activa",3,9.80392157,7.6,745.09803922,,,,19,,,,,,2025-06-09,2025-06-09
"Test Publicos : Temuco","Video parejas amor","campaña ventas HotBoat",2025-06-09,"Araucanía Region",79,98,1.24050633,CLP,330,"7 días tras clic, 1 día tras visualización o 1 día tras visualización activa",6,6.12244898,55,3367.34693878,,,,37,,,,,,2025-06-09,2025-06-09
"publico valdivia","Video pareja dcto","campaña ventas HotBoat",2025-06-09,"Los Ríos Region",4,4,1,CLP,4,"7 días tras clic, 1 día tras visualización o 1 día tras visualización activa",,0,0,1000,,,,2,,,,,,2025-06-09,2025-06-09
"publico advantage","Video explicando servicio corto","campaña ventas HotBoat",2025-06-09,"Araucanía Region",114,121,1.06140351,CLP,84,"7 días tras clic o 1 día tras visualización",5,10.74380165,6.46153846,694.21487603,,,,50,,,,,,2025-06-09,2025-06-09
"publico advantage","Video explicando servicio corto","campaña ventas HotBoat",2025-06-09,"Los Lagos Region",145,150,1.03448276,CLP,113,"7 días tras clic o 1 día tras visualización",2,5.33333333,14.125,753.33333333,,,,51,,,,,,2025-06-09,2025-06-09
"Test Publicos : Temuco","Video pareja dcto","campaña ventas HotBoat",2025-06-09,"Araucanía Region",6,6,1,CLP,6,"7 días tras clic, 1 día tras visualización o 1 día tras visualización activa",,0,0,1000,,,,4,,,,,,2025-06-09,2025-06-09
"publico advantage","Video explicando servicio corto","campaña ventas HotBoat",2025-06-09,"Atacama Region",24,25,1.04166667,CLP,21,"7 días tras clic o 1 día tras visualización",,4,21,840,,,,12,,,,,,2025-06-09,2025-06-09
"publico advantage","Video explicando servicio corto","campaña ventas HotBoat",2025-06-09,"Bío Bío Region",127,132,1.03937008,CLP,116,"7 días tras clic o 1 día tras visualización",5,7.57575758,11.6,878.78787879,,,,56,,,,,,2025-06-09,2025-06-09
"publico advantage","Video explicando servicio corto","campaña ventas HotBoat",2025-06-09,"Coquimbo Region",58,64,1.10344828,CLP,64,"7 días tras clic o 1 día tras visualización",1,9.375,10.66666667,1000,,,,21,,,,,,2025-06-09,2025-06-09
"publico advantage","Video explicando servicio corto","campaña ventas HotBoat",2025-06-09,"O'Higgins Region",79,83,1.05063291,CLP,71,"7 días tras clic o 1 día tras visualización",,7.22891566,11.83333333,855.42168675,,,,30,,,,,,2025-06-09,2025-06-09
"publico advantage","Video explicando servicio corto","campaña ventas HotBoat",2025-06-09,"Magallanes y la Antártica Chilena Region",19,19,1,CLP,16,"7 días tras clic o 1 día tras visualización",2,15.78947368,5.33333333,842.10526316,,,,4,,,,,,2025-06-09,2025-06-09
"publico advantage","Video explicando servicio corto","campaña ventas HotBoat",2025-06-09,"Maule Region",106,112,1.05660377,CLP,111,"7 días tras clic o 1 día tras visualización",,3.57142857,27.75,991.07142857,,,,44,,,,,,2025-06-09,2025-06-09
"publico advantage","Video explicando servicio corto","campaña ventas HotBoat",2025-06-09,"Santiago Metropolitan Region",560,594,1.06071429,CLP,602,"7 días tras clic o 1 día tras visualización",13,4.71380471,21.5,1013.46801347,,,,207,,,,,,2025-06-09,2025-06-09
"publico advantage","Video explicando servicio corto","campaña ventas HotBoat",2025-06-09,"Tarapacá Region",17,19,1.11764706,CLP,14,"7 días tras clic o 1 día tras visualización",,5.26315789,14,736.84210526,,,,8,,,,,,2025-06-09,2025-06-09
"publico advantage","Video explicando servicio corto","campaña ventas HotBoat",2025-06-08,"Araucanía Region",185,190,1.02702703,CLP,145,"7 días tras clic o 1 día tras visualización",5,6.31578947,12.08333333,763.15789474,,,,64,,,,,,2025-06-08,2025-06-08
"publico advantage","Video explicando servicio corto","campaña ventas HotBoat",2025-06-08,"Los Ríos Region",80,87,1.0875,CLP,53,"7 días tras clic o 1 día tras visualización",1,3.44827586,17.66666667,609.1954023,,,,31,,,,,,2025-06-08,2025-06-08
"publico advantage","Video explicando servicio corto","campaña ventas HotBoat",2025-06-08,"Antofagasta Region",134,140,1.04477612,CLP,101,"7 días tras clic o 1 día tras visualización",1,4.28571429,16.83333333,721.42857143,,,,50,,,,,,2025-06-08,2025-06-08
"publico advantage","Video explicando servicio corto","campaña ventas HotBoat",2025-06-08,"Aysén Region",9,9,1,CLP,3,"7 días tras clic o 1 día tras visualización",,0,0,333.33333333,,,,1,,,,,,2025-06-08,2025-06-08
"publico advantage","Video explicando servicio corto","campaña ventas HotBoat",2025-06-08,"Valparaíso Region",264,272,1.03030303,CLP,180,"7 días tras clic o 1 día tras visualización",11,5.14705882,12.85714286,661.76470588,,,,87,,,,,,2025-06-08,2025-06-08
"publico advantage","Video explicando servicio corto","campaña ventas HotBoat",2025-06-08,"Arica y Parinacota Region",20,21,1.05,CLP,9,"7 días tras clic o 1 día tras visualización",,0,0,428.57142857,,,,10,,,,,,2025-06-08,2025-06-08
"publico pucon 1","Video explicando servicio corto","campaña ventas HotBoat",2025-06-08,"Los Ríos Region",34,35,1.02941176,CLP,24,"7 días tras clic, 1 día tras visualización o 1 día tras visualización activa",1,2.85714286,24,685.71428571,,,,13,,,,,,2025-06-08,2025-06-08
"publico advantage","Video parejas amor","campaña ventas HotBoat",2025-06-08,"Santiago Metropolitan Region",1,1,1,CLP,4,"7 días tras clic o 1 día tras visualización",,100,4,4000,,,,1,,,,,,2025-06-08,2025-06-08
"publico advantage","Video parejas amor","campaña ventas HotBoat",2025-06-08,"Valparaíso Region",1,1,1,CLP,0,"7 días tras clic o 1 día tras visualización",,0,0,0,,,,,,,,,,2025-06-08,2025-06-08
"publico advantage","Video parejas dcto","campaña ventas HotBoat",2025-06-08,"Los Lagos Region",2,2,1,CLP,1,"7 días tras clic o 1 día tras visualización",,0,0,500,,,,1,,,,,,2025-06-08,2025-06-08
"publico advantage","Video parejas dcto","campaña ventas HotBoat",2025-06-08,"Coquimbo Region",1,1,1,CLP,0,"7 días tras clic o 1 día tras visualización",,0,0,0,,,,1,,,,,,2025-06-08,2025-06-08
"publico pucon 1","Video parejas amor","campaña ventas HotBoat",2025-06-08,"Araucanía Region",746,815,1.0924933,CLP,1200,"7 días tras clic, 1 día tras visualización o 1 día tras visualización activa",4,1.71779141,85.71428571,1472.39263804,,,,318,,,,,,2025-06-08,2025-06-08
"publico pucon 1","Video explicando servicio corto","campaña ventas HotBoat",2025-06-08,"Araucanía Region",1103,1185,1.0743427,CLP,1049,"7 días tras clic, 1 día tras visualización o 1 día tras visualización activa",15,2.86919831,30.85294118,885.23206751,,,,302,,,,,,2025-06-08,2025-06-08
"publico advantage","Video explicando servicio corto","campaña ventas HotBoat",2025-06-08,"Atacama Region",29,31,1.06896552,CLP,21,"7 días tras clic o 1 día tras visualización",,3.22580645,21,677.41935484,,,,14,,,,,,2025-06-08,2025-06-08
"publico pucon 1","Video parejas amor","campaña ventas HotBoat",2025-06-08,"Los Ríos Region",7,7,1,CLP,8,"7 días tras clic, 1 día tras visualización o 1 día tras visualización activa",,0,0,1142.85714286,,,,4,,,,,,2025-06-08,2025-06-08
"publico advantage","Video explicando servicio corto","campaña ventas HotBoat",2025-06-08,"Coquimbo Region",80,87,1.0875,CLP,63,"7 días tras clic o 1 día tras visualización",1,3.44827586,21,724.13793103,,,,30,,,,,,2025-06-08,2025-06-08
"publico advantage","Video explicando servicio corto","campaña ventas HotBoat",2025-06-08,"Bío Bío Region",235,248,1.05531915,CLP,206,"7 días tras clic o 1 día tras visualización",7,5.64516129,14.71428571,830.64516129,,,,92,,,,,,2025-06-08,2025-06-08
"Test Publicos : Temuco","Video pareja dcto","campaña ventas HotBoat",2025-06-08,"Araucanía Region",379,417,1.10026385,CLP,906,"7 días tras clic, 1 día tras visualización o 1 día tras visualización activa",7,2.87769784,75.5,2172.6618705,,,,158,,,,,,2025-06-08,2025-06-08
"publico advantage","Video explicando servicio corto","campaña ventas HotBoat",2025-06-08,"O'Higgins Region",150,158,1.05333333,CLP,118,"7 días tras clic o 1 día tras visualización",,3.79746835,19.66666667,746.83544304,,,,65,,,,,,2025-06-08,2025-06-08
"publico concepcion","Video parejas amor","campaña ventas HotBoat",2025-06-08,"Bío Bío Region",4,4,1,CLP,2,"7 días tras clic, 1 día tras visualización o 1 día tras visualización activa",,0,0,500,,,,2,,,,,,2025-06-08,2025-06-08
"publico valdivia","Video explicando servicio corto","campaña ventas HotBoat",2025-06-08,"Los Ríos Region",2569,2739,1.06617361,CLP,2143,"7 días tras clic, 1 día tras visualización o 1 día tras visualización activa",52,4.19861263,18.63478261,782.40233662,,,,976,,,,,,2025-06-08,2025-06-08
"Test Publicos : Temuco","Video explicando servicio corto","campaña ventas HotBoat",2025-06-08,"Araucanía Region",1385,1477,1.06642599,CLP,1187,"7 días tras clic, 1 día tras visualización o 1 día tras visualización activa",11,2.23425863,35.96969697,803.65605958,,,,419,,,,,,2025-06-08,2025-06-08
"Test Publicos : Temuco","Video explicando servicio corto","campaña ventas HotBoat",2025-06-08,"Los Ríos Region",32,34,1.0625,CLP,21,"7 días tras clic, 1 día tras visualización o 1 día tras visualización activa",1,8.82352941,7,617.64705882,,,,13,,,,,,2025-06-08,2025-06-08
"publico concepcion","Video explicando servicio corto","campaña ventas HotBoat",2025-06-08,"Bío Bío Region",2698,2872,1.06449222,CLP,2156,"7 días tras clic, 1 día tras visualización o 1 día tras visualización activa",61,5.08356546,14.76712329,750.69637883,,,,1069,,,,,,2025-06-08,2025-06-08
"Test Publicos : Temuco","Video pareja dcto","campaña ventas HotBoat",2025-06-08,"Los Ríos Region",4,4,1,CLP,3,"7 días tras clic, 1 día tras visualización o 1 día tras visualización activa",,0,0,750,,,,1,,,,,,2025-06-08,2025-06-08
"publico advantage","Video explicando servicio corto","campaña ventas HotBoat",2025-06-08,"Tarapacá Region",26,26,1,CLP,14,"7 días tras clic o 1 día tras visualización",,0,0,538.46153846,,,,11,,,,,,2025-06-08,2025-06-08
"publico advantage","Video explicando servicio corto","campaña ventas HotBoat",2025-06-08,"Santiago Metropolitan Region",782,831,1.06265985,CLP,851,"7 días tras clic o 1 día tras visualización",19,7.70156438,13.296875,1024.06738869,,,,300,,,,,,2025-06-08,2025-06-08
"publico advantage","Video explicando servicio corto","campaña ventas HotBoat",2025-06-08,"Maule Region",178,187,1.0505618,CLP,128,"7 días tras clic o 1 día tras visualización",7,7.48663102,9.14285714,684.49197861,,,,82,,,,,,2025-06-08,2025-06-08
"publico advantage","Video explicando servicio corto","campaña ventas HotBoat",2025-06-08,"Magallanes y la Antártica Chilena Region",21,22,1.04761905,CLP,17,"7 días tras clic o 1 día tras visualización",,9.09090909,8.5,772.72727273,,,,4,,,,,,2025-06-08,2025-06-08
"publico advantage","Video explicando servicio corto","campaña ventas HotBoat",2025-06-08,"Los Lagos Region",277,288,1.03971119,CLP,211,"7 días tras clic o 1 día tras visualización",6,6.25,11.72222222,732.63888889,,,,104,,,,,,2025-06-08,2025-06-08
"publico advantage","Video parejas dcto","campaña ventas HotBoat",2025-06-07,"Santiago Metropolitan Region",10,10,1,CLP,10,"7 días tras clic o 1 día tras visualización",1,20,5,1000,,,,3,,,,,,2025-06-07,2025-06-07
"publico advantage","Video parejas amor","campaña ventas HotBoat",2025-06-07,"Los Lagos Region",5,5,1,CLP,2,"7 días tras clic o 1 día tras visualización",,0,0,400,,,,3,,,,,,2025-06-07,2025-06-07
"publico advantage","Video parejas amor","campaña ventas HotBoat",2025-06-07,"O'Higgins Region",2,2,1,CLP,3,"7 días tras clic o 1 día tras visualización",,0,0,1500,,,,,,,,,,2025-06-07,2025-06-07
"publico advantage","Video parejas amor","campaña ventas HotBoat",2025-06-07,"Coquimbo Region",1,1,1,CLP,1,"7 días tras clic o 1 día tras visualización",,0,0,1000,,,,,,,,,,2025-06-07,2025-06-07
"publico advantage","Video parejas amor","campaña ventas HotBoat",2025-06-07,"Bío Bío Region",4,4,1,CLP,6,"7 días tras clic o 1 día tras visualización",,0,0,1500,,,,1,,,,,,2025-06-07,2025-06-07
"publico advantage","Video parejas amor","campaña ventas HotBoat",2025-06-07,"Araucanía Region",6,7,1.16666667,CLP,2,"7 días tras clic o 1 día tras visualización",,0,0,285.71428571,,,,3,,,,,,2025-06-07,2025-06-07
"publico advantage","Video parejas amor","campaña ventas HotBoat",2025-06-07,"Antofagasta Region",3,3,1,CLP,0,"7 días tras clic o 1 día tras visualización",,0,0,0,,,,1,,,,,,2025-06-07,2025-06-07
"publico advantage","Video parejas amor","campaña ventas HotBoat",2025-06-07,"Valparaíso Region",1,1,1,CLP,2,"7 días tras clic o 1 día tras visualización",,0,0,2000,,,,1,,,,,,2025-06-07,2025-06-07
"publico pucon 1","Video explicando servicio corto","campaña ventas HotBoat",2025-06-07,"Los Ríos Region",60,64,1.06666667,CLP,32,"7 días tras clic, 1 día tras visualización o 1 día tras visualización activa",,0,0,500,,,,26,,,,,,2025-06-07,2025-06-07
"publico advantage","Video parejas amor","campaña ventas HotBoat",2025-06-07,"Los Ríos Region",2,2,1,CLP,2,"7 días tras clic o 1 día tras visualización",,0,0,1000,,,,,,,,,,2025-06-07,2025-06-07
"publico advantage","Video parejas dcto","campaña ventas HotBoat",2025-06-07,"Valparaíso Region",5,5,1,CLP,1,"7 días tras clic o 1 día tras visualización",,0,0,200,,,,3,,,,,,2025-06-07,2025-06-07
"publico advantage","Video parejas dcto","campaña ventas HotBoat",2025-06-07,"Maule Region",1,1,1,CLP,0,"7 días tras clic o 1 día tras visualización",,0,0,0,,,,,,,,,,2025-06-07,2025-06-07
"publico advantage","Video parejas dcto","campaña ventas HotBoat",2025-06-07,"Los Lagos Region",4,4,1,CLP,3,"7 días tras clic o 1 día tras visualización",1,75,1,750,,,,2,,,,,,2025-06-07,2025-06-07
"publico advantage","Video parejas dcto","campaña ventas HotBoat",2025-06-07,"Coquimbo Region",2,2,1,CLP,0,"7 días tras clic o 1 día tras visualización",,50,0,0,,,,1,,,,,,2025-06-07,2025-06-07
"publico advantage","Video parejas dcto","campaña ventas HotBoat",2025-06-07,"Bío Bío Region",5,5,1,CLP,0,"7 días tras clic o 1 día tras visualización",,0,0,0,,,,1,,,,,,2025-06-07,2025-06-07
"publico advantage","Video parejas dcto","campaña ventas HotBoat",2025-06-07,"Atacama Region",2,2,1,CLP,1,"7 días tras clic o 1 día tras visualización",,0,0,500,,,,2,,,,,,2025-06-07,2025-06-07
"publico advantage","Video parejas dcto","campaña ventas HotBoat",2025-06-07,"Araucanía Region",8,8,1,CLP,4,"7 días tras clic o 1 día tras visualización",,0,0,500,,,,4,,,,,,2025-06-07,2025-06-07
"publico advantage","Video parejas dcto","campaña ventas HotBoat",2025-06-07,"Antofagasta Region",1,1,1,CLP,1,"7 días tras clic o 1 día tras visualización",,0,0,1000,,,,,,,,,,2025-06-07,2025-06-07
"publico advantage","Video parejas dcto","campaña ventas HotBoat",2025-06-07,"Los Ríos Region",6,6,1,CLP,2,"7 días tras clic o 1 día tras visualización",,0,0,333.33333333,,,,2,,,,,,2025-06-07,2025-06-07
"publico pucon 1","Video parejas amor","campaña ventas HotBoat",2025-06-07,"Araucanía Region",2,4,2,CLP,14,"7 días tras clic, 1 día tras visualización o 1 día tras visualización activa",,0,0,3500,,,,1,,,,,,2025-06-07,2025-06-07
"publico pucon 1","Video explicando servicio corto","campaña ventas HotBoat",2025-06-07,"Araucanía Region",1997,2218,1.110666,CLP,2165,"7 días tras clic, 1 día tras visualización o 1 día tras visualización activa",37,3.83228133,25.47058824,976.10459874,,,,655,,,,,,2025-06-07,2025-06-07
"publico advantage","Video explicando servicio corto","campaña ventas HotBoat",2025-06-07,"Los Ríos Region",101,107,1.05940594,CLP,49,"7 días tras clic o 1 día tras visualización",4,9.34579439,4.9,457.94392523,,,,35,,,,,,2025-06-07,2025-06-07
"publico advantage","Video parejas amor","campaña ventas HotBoat",2025-06-07,"Santiago Metropolitan Region",12,13,1.08333333,CLP,10,"7 días tras clic o 1 día tras visualización",,7.69230769,10,769.23076923,,,,3,,,,,,2025-06-07,2025-06-07
"publico advantage","Video explicando servicio corto","campaña ventas HotBoat",2025-06-07,"Magallanes y la Antártica Chilena Region",30,32,1.06666667,CLP,21,"7 días tras clic o 1 día tras visualización",,0,0,656.25,,,,9,,,,,,2025-06-07,2025-06-07
"publico advantage","Video explicando servicio corto","campaña ventas HotBoat",2025-06-07,"Arica y Parinacota Region",25,28,1.12,CLP,14,"7 días tras clic o 1 día tras visualización",1,10.71428571,4.66666667,500,,,,11,,,,,,2025-06-07,2025-06-07
"Test Publicos : Temuco","Video pareja dcto","campaña ventas HotBoat",2025-06-07,"Los Ríos Region",25,26,1.04,CLP,20,"7 días tras clic, 1 día tras visualización o 1 día tras visualización activa",,0,0,769.23076923,,,,11,,,,,,2025-06-07,2025-06-07
"publico advantage","Video explicando servicio corto","campaña ventas HotBoat",2025-06-07,"Valparaíso Region",234,252,1.07692308,CLP,216,"7 días tras clic o 1 día tras visualización",7,6.74603175,12.70588235,857.14285714,,,,91,,,,,,2025-06-07,2025-06-07
"publico pucon 1","Video pareja dcto","campaña ventas HotBoat",2025-06-07,"Araucanía Region",1,1,1,CLP,0,"7 días tras clic, 1 día tras visualización o 1 día tras visualización activa",,0,0,0,,,,,,,,,,2025-06-07,2025-06-07
"publico concepcion","Video parejas amor","campaña ventas HotBoat",2025-06-07,"Bío Bío Region",420,442,1.05238095,CLP,636,"7 días tras clic, 1 día tras visualización o 1 día tras visualización activa",6,3.39366516,42.4,1438.91402715,,,,170,,,,,,2025-06-07,2025-06-07
"publico concepcion","Video explicando servicio corto","campaña ventas HotBoat",2025-06-07,"Bío Bío Region",1685,1770,1.0504451,CLP,1486,"7 días tras clic, 1 día tras visualización o 1 día tras visualización activa",33,4.68926554,17.90361446,839.5480226,,,,622,,,,,,2025-06-07,2025-06-07
"publico valdivia","Video pareja dcto","campaña ventas HotBoat",2025-06-07,"Los Ríos Region",94,100,1.06382979,CLP,160,"7 días tras clic, 1 día tras visualización o 1 día tras visualización activa",,2,80,1600,,,,35,,,,,,2025-06-07,2025-06-07
"Test Publicos : Temuco","Video explicando servicio corto","campaña ventas HotBoat",2025-06-07,"Araucanía Region",107,127,1.18691589,CLP,169,"7 días tras clic, 1 día tras visualización o 1 día tras visualización activa",,0.78740157,169,1330.70866142,,,,29,,,,,,2025-06-07,2025-06-07
"Test Publicos : Temuco","Video explicando servicio corto","campaña ventas HotBoat",2025-06-07,"Los Ríos Region",1,1,1,CLP,1,"7 días tras clic, 1 día tras visualización o 1 día tras visualización activa",,0,0,1000,,,,,,,,,,2025-06-07,2025-06-07
"Test Publicos : Temuco","Video parejas amor","campaña ventas HotBoat",2025-06-07,"Araucanía Region",16,16,1,CLP,21,"7 días tras clic, 1 día tras visualización o 1 día tras visualización activa",,0,0,1312.5,,,,9,,,,,,2025-06-07,2025-06-07
"Test Publicos : Temuco","Video pareja dcto","campaña ventas HotBoat",2025-06-07,"Araucanía Region",982,1149,1.1700611,CLP,1660,"7 días tras clic, 1 día tras visualización o 1 día tras visualización activa",19,3.04612707,47.42857143,1444.73455178,,,,389,,,,,,2025-06-07,2025-06-07
"publico valdivia","Video explicando servicio corto","campaña ventas HotBoat",2025-06-07,"Los Ríos Region",2008,2116,1.05378486,CLP,1985,"7 días tras clic, 1 día tras visualización o 1 día tras visualización activa",36,3.87523629,24.20731707,938.09073724,,,,759,,,,,,2025-06-07,2025-06-07
"publico advantage","Video explicando servicio corto","campaña ventas HotBoat",2025-06-07,"Tarapacá Region",28,30,1.07142857,CLP,16,"7 días tras clic o 1 día tras visualización",,0,0,533.33333333,,,,10,,,,,,2025-06-07,2025-06-07
"publico advantage","Video explicando servicio corto","campaña ventas HotBoat",2025-06-07,"Bío Bío Region",271,283,1.04428044,CLP,241,"7 días tras clic o 1 día tras visualización",11,6.00706714,14.17647059,851.59010601,,,,99,,,,,,2025-06-07,2025-06-07
"publico advantage","Video explicando servicio corto","campaña ventas HotBoat",2025-06-07,"Aysén Region",6,6,1,CLP,2,"7 días tras clic o 1 día tras visualización",,0,0,333.33333333,,,,1,,,,,,2025-06-07,2025-06-07
"publico advantage","Video explicando servicio corto","campaña ventas HotBoat",2025-06-07,"Santiago Metropolitan Region",604,640,1.05960265,CLP,789,"7 días tras clic o 1 día tras visualización",17,6.40625,19.24390244,1232.8125,,,,232,,,,,,2025-06-07,2025-06-07
"publico advantage","Video explicando servicio corto","campaña ventas HotBoat",2025-06-07,"Antofagasta Region",130,141,1.08461538,CLP,119,"7 días tras clic o 1 día tras visualización",2,2.83687943,29.75,843.97163121,,,,39,,,,,,2025-06-07,2025-06-07
"publico advantage","Video explicando servicio corto","campaña ventas HotBoat",2025-06-07,"Araucanía Region",173,186,1.07514451,CLP,122,"7 días tras clic o 1 día tras visualización",6,5.91397849,11.09090909,655.91397849,,,,62,,,,,,2025-06-07,2025-06-07
"publico advantage","Video explicando servicio corto","campaña ventas HotBoat",2025-06-07,"Atacama Region",30,31,1.03333333,CLP,28,"7 días tras clic o 1 día tras visualización",1,3.22580645,28,903.22580645,,,,10,,,,,,2025-06-07,2025-06-07
"publico advantage","Video explicando servicio corto","campaña ventas HotBoat",2025-06-07,"Coquimbo Region",64,67,1.046875,CLP,85,"7 días tras clic o 1 día tras visualización",,4.47761194,28.33333333,1268.65671642,,,,23,,,,,,2025-06-07,2025-06-07
"publico advantage","Video explicando servicio corto","campaña ventas HotBoat",2025-06-07,"O'Higgins Region",107,113,1.05607477,CLP,76,"7 días tras clic o 1 día tras visualización",4,7.07964602,9.5,672.56637168,,,,41,,,,,,2025-06-07,2025-06-07
"publico advantage","Video explicando servicio corto","campaña ventas HotBoat",2025-06-07,"Los Lagos Region",227,248,1.09251101,CLP,145,"7 días tras clic o 1 día tras visualización",4,4.83870968,12.08333333,584.67741935,,,,89,,,,,,2025-06-07,2025-06-07
"publico advantage","Video explicando servicio corto","campaña ventas HotBoat",2025-06-07,"Maule Region",148,164,1.10810811,CLP,124,"7 días tras clic o 1 día tras visualización",4,4.87804878,15.5,756.09756098,,,,56,,,,,,2025-06-07,2025-06-07
"publico advantage","Video parejas dcto","campaña ventas HotBoat",2025-06-06,"Tarapacá Region",4,4,1,CLP,5,"7 días tras clic o 1 día tras visualización",,0,0,1250,,,,3,,,,,,2025-06-06,2025-06-06
"publico advantage","Video parejas amor","campaña ventas HotBoat",2025-06-06,"Antofagasta Region",11,14,1.27272727,CLP,18,"7 días tras clic o 1 día tras visualización",,7.14285714,18,1285.71428571,,,,4,,,,,,2025-06-06,2025-06-06
"publico advantage","Video parejas amor","campaña ventas HotBoat",2025-06-06,"Los Ríos Region",19,23,1.21052632,CLP,16,"7 días tras clic o 1 día tras visualización",,0,0,695.65217391,,,,8,,,,,,2025-06-06,2025-06-06
"publico advantage","Video parejas amor","campaña ventas HotBoat",2025-06-06,"Arica y Parinacota Region",1,1,1,CLP,1,"7 días tras clic o 1 día tras visualización",,0,0,1000,,,,1,,,,,,2025-06-06,2025-06-06
"publico advantage","Video parejas amor","campaña ventas HotBoat",2025-06-06,"Valparaíso Region",14,14,1,CLP,23,"7 días tras clic o 1 día tras visualización",,0,0,1642.85714286,,,,4,,,,,,2025-06-06,2025-06-06
"publico advantage","Video parejas amor","campaña ventas HotBoat",2025-06-06,"Aysén Region",3,3,1,CLP,3,"7 días tras clic o 1 día tras visualización",,0,0,1000,,,,2,,,,,,2025-06-06,2025-06-06
"publico advantage","Video parejas amor","campaña ventas HotBoat",2025-06-06,"O'Higgins Region",9,11,1.22222222,CLP,13,"7 días tras clic o 1 día tras visualización",,0,0,1181.81818182,,,,3,,,,,,2025-06-06,2025-06-06
"publico advantage","Video parejas amor","campaña ventas HotBoat",2025-06-06,"Araucanía Region",42,48,1.14285714,CLP,37,"7 días tras clic o 1 día tras visualización",3,16.66666667,4.625,770.83333333,,,,21,,,,,,2025-06-06,2025-06-06
"publico advantage","Video parejas amor","campaña ventas HotBoat",2025-06-06,"Atacama Region",2,2,1,CLP,0,"7 días tras clic o 1 día tras visualización",,0,0,0,,,,,,,,,,2025-06-06,2025-06-06
"publico advantage","Video parejas amor","campaña ventas HotBoat",2025-06-06,"Bío Bío Region",28,32,1.14285714,CLP,34,"7 días tras clic o 1 día tras visualización",,0,0,1062.5,,,,10,,,,,,2025-06-06,2025-06-06
"publico advantage","Video parejas amor","campaña ventas HotBoat",2025-06-06,"Coquimbo Region",5,5,1,CLP,4,"7 días tras clic o 1 día tras visualización",,0,0,800,,,,2,,,,,,2025-06-06,2025-06-06
"publico advantage","Video parejas amor","campaña ventas HotBoat",2025-06-06,"Los Lagos Region",29,32,1.10344828,CLP,16,"7 días tras clic o 1 día tras visualización",,3.125,16,500,,,,10,,,,,,2025-06-06,2025-06-06
"publico advantage","Video parejas dcto","campaña ventas HotBoat",2025-06-06,"Maule Region",42,42,1,CLP,23,"7 días tras clic o 1 día tras visualización",,2.38095238,23,547.61904762,,,,17,,,,,,2025-06-06,2025-06-06
"publico advantage","Video parejas dcto","campaña ventas HotBoat",2025-06-06,"Santiago Metropolitan Region",121,126,1.04132231,CLP,202,"7 días tras clic o 1 día tras visualización",,1.58730159,101,1603.17460317,,,,53,,,,,,2025-06-06,2025-06-06
"publico advantage","Video parejas dcto","campaña ventas HotBoat",2025-06-06,"Los Ríos Region",37,37,1,CLP,19,"7 días tras clic o 1 día tras visualización",,2.7027027,19,513.51351351,,,,14,,,,,,2025-06-06,2025-06-06
"publico advantage","Video parejas dcto","campaña ventas HotBoat",2025-06-06,"Magallanes y la Antártica Chilena Region",7,7,1,CLP,3,"7 días tras clic o 1 día tras visualización",,0,0,428.57142857,,,,1,,,,,,2025-06-06,2025-06-06
"publico advantage","Video parejas dcto","campaña ventas HotBoat",2025-06-06,"Los Lagos Region",78,81,1.03846154,CLP,34,"7 días tras clic o 1 día tras visualización",,2.4691358,17,419.75308642,,,,27,,,,,,2025-06-06,2025-06-06
"publico advantage","Video parejas dcto","campaña ventas HotBoat",2025-06-06,"O'Higgins Region",19,19,1,CLP,13,"7 días tras clic o 1 día tras visualización",,0,0,684.21052632,,,,3,,,,,,2025-06-06,2025-06-06
"publico advantage","Video parejas dcto","campaña ventas HotBoat",2025-06-06,"Coquimbo Region",21,21,1,CLP,13,"7 días tras clic o 1 día tras visualización",1,9.52380952,6.5,619.04761905,,,,11,,,,,,2025-06-06,2025-06-06
"publico advantage","Video parejas dcto","campaña ventas HotBoat",2025-06-06,"Bío Bío Region",79,83,1.05063291,CLP,57,"7 días tras clic o 1 día tras visualización",1,4.81927711,14.25,686.74698795,,,,38,,,,,,2025-06-06,2025-06-06
"publico advantage","Video parejas dcto","campaña ventas HotBoat",2025-06-06,"Atacama Region",9,9,1,CLP,4,"7 días tras clic o 1 día tras visualización",,0,0,444.44444444,,,,2,,,,,,2025-06-06,2025-06-06
"publico advantage","Video parejas dcto","campaña ventas HotBoat",2025-06-06,"Araucanía Region",71,81,1.14084507,CLP,46,"7 días tras clic o 1 día tras visualización",2,3.7037037,15.33333333,567.90123457,,,,26,,,,,,2025-06-06,2025-06-06
"publico advantage","Video parejas dcto","campaña ventas HotBoat",2025-06-06,"Antofagasta Region",31,31,1,CLP,31,"7 días tras clic o 1 día tras visualización",2,9.67741935,10.33333333,1000,,,,13,,,,,,2025-06-06,2025-06-06
"publico advantage","Video parejas dcto","campaña ventas HotBoat",2025-06-06,"Aysén Region",3,3,1,CLP,0,"7 días tras clic o 1 día tras visualización",,0,0,0,,,,2,,,,,,2025-06-06,2025-06-06
"publico advantage","Video parejas dcto","campaña ventas HotBoat",2025-06-06,"Valparaíso Region",35,38,1.08571429,CLP,52,"7 días tras clic o 1 día tras visualización",,2.63157895,52,1368.42105263,,,,14,,,,,,2025-06-06,2025-06-06
"publico advantage","Video parejas dcto","campaña ventas HotBoat",2025-06-06,"Arica y Parinacota Region",6,6,1,CLP,2,"7 días tras clic o 1 día tras visualización",,0,0,333.33333333,,,,2,,,,,,2025-06-06,2025-06-06
"publico pucon 1","Video parejas amor","campaña ventas HotBoat",2025-06-06,"Araucanía Region",57,62,1.0877193,CLP,99,"7 días tras clic, 1 día tras visualización o 1 día tras visualización activa",,0,0,1596.77419355,,,,19,,,,,,2025-06-06,2025-06-06
"publico pucon 1","Video explicando servicio corto","campaña ventas HotBoat",2025-06-06,"Araucanía Region",1442,1575,1.09223301,CLP,1616,"7 días tras clic, 1 día tras visualización o 1 día tras visualización activa",23,2.53968254,40.4,1026.03174603,,,,397,,,,,,2025-06-06,2025-06-06
"publico pucon 1","Video explicando servicio corto","campaña ventas HotBoat",2025-06-06,"Los Ríos Region",25,25,1,CLP,18,"7 días tras clic, 1 día tras visualización o 1 día tras visualización activa",1,4,18,720,,,,10,,,,,,2025-06-06,2025-06-06
"publico advantage","Video parejas amor","campaña ventas HotBoat",2025-06-06,"Magallanes y la Antártica Chilena Region",1,1,1,CLP,0,"7 días tras clic o 1 día tras visualización",,0,0,0,,,,,,,,,,2025-06-06,2025-06-06
"publico advantage","Video parejas amor","campaña ventas HotBoat",2025-06-06,"Maule Region",18,22,1.22222222,CLP,22,"7 días tras clic o 1 día tras visualización",1,9.09090909,11,1000,,,,13,,,,,,2025-06-06,2025-06-06
"publico advantage","Video parejas amor","campaña ventas HotBoat",2025-06-06,"Santiago Metropolitan Region",48,50,1.04166667,CLP,99,"7 días tras clic o 1 día tras visualización",,2,99,1980,,,,25,,,,,,2025-06-06,2025-06-06
"Test Publicos : Temuco","Video pareja dcto","campaña ventas HotBoat",2025-06-06,"Los Ríos Region",14,14,1,CLP,22,"7 días tras clic, 1 día tras visualización o 1 día tras visualización activa",,0,0,1571.42857143,,,,6,,,,,,2025-06-06,2025-06-06
"publico pucon 1","Video pareja dcto","campaña ventas HotBoat",2025-06-06,"Araucanía Region",401,429,1.06982544,CLP,769,"7 días tras clic, 1 día tras visualización o 1 día tras visualización activa",3,2.33100233,76.9,1792.54079254,,,,161,,,,,,2025-06-06,2025-06-06
"publico pucon 1","Video pareja dcto","campaña ventas HotBoat",2025-06-06,"Los Ríos Region",7,7,1,CLP,13,"7 días tras clic, 1 día tras visualización o 1 día tras visualización activa",,0,0,1857.14285714,,,,2,,,,,,2025-06-06,2025-06-06
"publico advantage","Video parejas amor","campaña ventas HotBoat",2025-06-06,"Tarapacá Region",4,4,1,CLP,1,"7 días tras clic o 1 día tras visualización",1,25,1,250,,,,2,,,,,,2025-06-06,2025-06-06
"publico concepcion","Video parejas amor","campaña ventas HotBoat",2025-06-06,"Bío Bío Region",426,463,1.08685446,CLP,819,"7 días tras clic, 1 día tras visualización o 1 día tras visualización activa",7,4.96760259,35.60869565,1768.89848812,,,,142,,,,,,2025-06-06,2025-06-06
"publico concepcion","Video explicando servicio corto","campaña ventas HotBoat",2025-06-06,"Bío Bío Region",616,654,1.06168831,CLP,797,"7 días tras clic, 1 día tras visualización o 1 día tras visualización activa",11,3.21100917,37.95238095,1218.65443425,,,,235,,,,,,2025-06-06,2025-06-06
"publico valdivia","Video pareja dcto","campaña ventas HotBoat",2025-06-06,"Los Ríos Region",87,89,1.02298851,CLP,138,"7 días tras clic, 1 día tras visualización o 1 día tras visualización activa",,4.49438202,34.5,1550.56179775,,,,42,,,,,,2025-06-06,2025-06-06
"publico valdivia","Video parejas amor","campaña ventas HotBoat",2025-06-06,"Los Ríos Region",478,512,1.07112971,CLP,636,"7 días tras clic, 1 día tras visualización o 1 día tras visualización activa",6,2.734375,45.42857143,1242.1875,,,,174,,,,,,2025-06-06,2025-06-06
"publico valdivia","Video explicando servicio corto","campaña ventas HotBoat",2025-06-06,"Los Ríos Region",682,716,1.04985337,CLP,896,"7 días tras clic, 1 día tras visualización o 1 día tras visualización activa",10,3.2122905,38.95652174,1251.39664804,,,,280,,,,,,2025-06-06,2025-06-06
"Test Publicos : Temuco","Video explicando servicio corto","campaña ventas HotBoat",2025-06-06,"Araucanía Region",151,183,1.21192053,CLP,245,"7 días tras clic, 1 día tras visualización o 1 día tras visualización activa",2,2.73224044,49,1338.79781421,,,,53,,,,,,2025-06-06,2025-06-06
"Test Publicos : Temuco","Video explicando servicio corto","campaña ventas HotBoat",2025-06-06,"Los Ríos Region",4,6,1.5,CLP,2,"7 días tras clic, 1 día tras visualización o 1 día tras visualización activa",,0,0,333.33333333,,,,2,,,,,,2025-06-06,2025-06-06
"Test Publicos : Temuco","Video parejas amor","campaña ventas HotBoat",2025-06-06,"Araucanía Region",306,333,1.08823529,CLP,481,"7 días tras clic, 1 día tras visualización o 1 día tras visualización activa",5,3.003003,48.1,1444.44444444,,,,83,,,,,,2025-06-06,2025-06-06
"Test Publicos : Temuco","Video parejas amor","campaña ventas HotBoat",2025-06-06,"Los Ríos Region",8,8,1,CLP,7,"7 días tras clic, 1 día tras visualización o 1 día tras visualización activa",,0,0,875,,,,1,,,,,,2025-06-06,2025-06-06
"Test Publicos : Temuco","Video pareja dcto","campaña ventas HotBoat",2025-06-06,"Araucanía Region",624,721,1.15544872,CLP,1165,"7 días tras clic, 1 día tras visualización o 1 día tras visualización activa",9,2.91262136,55.47619048,1615.81137309,,,,269,,,,,,2025-06-06,2025-06-06
"publico concepcion","Video pareja dcto","campaña ventas HotBoat",2025-06-06,"Bío Bío Region",56,59,1.05357143,CLP,78,"7 días tras clic, 1 día tras visualización o 1 día tras visualización activa",,0,0,1322.03389831,,,,23,,,,,,2025-06-06,2025-06-06
"publico advantage","Video explicando servicio corto","campaña ventas HotBoat",2025-06-06,"Tarapacá Region",4,5,1.25,CLP,6,"7 días tras clic o 1 día tras visualización",,0,0,1200,,,,2,,,,,,2025-06-06,2025-06-06
"publico advantage","Video explicando servicio corto","campaña ventas HotBoat",2025-06-06,"Araucanía Region",45,48,1.06666667,CLP,48,"7 días tras clic o 1 día tras visualización",1,8.33333333,12,1000,,,,20,,,,,,2025-06-06,2025-06-06
"publico advantage","Video explicando servicio corto","campaña ventas HotBoat",2025-06-06,"Santiago Metropolitan Region",201,216,1.07462687,CLP,345,"7 días tras clic o 1 día tras visualización",3,4.16666667,38.33333333,1597.22222222,,,,67,,,,,,2025-06-06,2025-06-06
"publico advantage","Video explicando servicio corto","campaña ventas HotBoat",2025-06-06,"Los Ríos Region",20,20,1,CLP,19,"7 días tras clic o 1 día tras visualización",1,5,19,950,,,,5,,,,,,2025-06-06,2025-06-06
"publico advantage","Video explicando servicio corto","campaña ventas HotBoat",2025-06-06,"Valparaíso Region",59,61,1.03389831,CLP,88,"7 días tras clic o 1 día tras visualización",,1.63934426,88,1442.62295082,,,,21,,,,,,2025-06-06,2025-06-06
"publico advantage","Video explicando servicio corto","campaña ventas HotBoat",2025-06-06,"Aysén Region",1,1,1,CLP,0,"7 días tras clic o 1 día tras visualización",,0,0,0,,,,,,,,,,2025-06-06,2025-06-06
"publico advantage","Video explicando servicio corto","campaña ventas HotBoat",2025-06-06,"Antofagasta Region",23,23,1,CLP,60,"7 días tras clic o 1 día tras visualización",,4.34782609,60,2608.69565217,,,,9,,,,,,2025-06-06,2025-06-06
"publico advantage","Video explicando servicio corto","campaña ventas HotBoat",2025-06-06,"Arica y Parinacota Region",5,6,1.2,CLP,5,"7 días tras clic o 1 día tras visualización",,0,0,833.33333333,,,,3,,,,,,2025-06-06,2025-06-06
"publico advantage","Video explicando servicio corto","campaña ventas HotBoat",2025-06-06,"Atacama Region",13,14,1.07692308,CLP,19,"7 días tras clic o 1 día tras visualización",2,21.42857143,6.33333333,1357.14285714,,,,7,,,,,,2025-06-06,2025-06-06
"publico advantage","Video explicando servicio corto","campaña ventas HotBoat",2025-06-06,"Maule Region",44,46,1.04545455,CLP,56,"7 días tras clic o 1 día tras visualización",,2.17391304,56,1217.39130435,,,,14,,,,,,2025-06-06,2025-06-06
"publico advantage","Video explicando servicio corto","campaña ventas HotBoat",2025-06-06,"Coquimbo Region",12,12,1,CLP,11,"7 días tras clic o 1 día tras visualización",,0,0,916.66666667,,,,,,,,,,2025-06-06,2025-06-06
"publico advantage","Video explicando servicio corto","campaña ventas HotBoat",2025-06-06,"O'Higgins Region",22,22,1,CLP,20,"7 días tras clic o 1 día tras visualización",,0,0,909.09090909,,,,7,,,,,,2025-06-06,2025-06-06
"publico advantage","Video explicando servicio corto","campaña ventas HotBoat",2025-06-06,"Los Lagos Region",33,34,1.03030303,CLP,52,"7 días tras clic o 1 día tras visualización",,0,0,1529.41176471,,,,10,,,,,,2025-06-06,2025-06-06
"publico advantage","Video explicando servicio corto","campaña ventas HotBoat",2025-06-06,"Magallanes y la Antártica Chilena Region",6,6,1,CLP,5,"7 días tras clic o 1 día tras visualización",,0,0,833.33333333,,,,1,,,,,,2025-06-06,2025-06-06
"publico advantage","Video explicando servicio corto","campaña ventas HotBoat",2025-06-06,"Bío Bío Region",53,56,1.05660377,CLP,90,"7 días tras clic o 1 día tras visualización",1,7.14285714,22.5,1607.14285714,,,,23,,,,,,2025-06-06,2025-06-06
"publico advantage","Video parejas amor","campaña ventas HotBoat",2025-06-05,"Los Ríos Region",1,1,1,CLP,1,"7 días tras clic o 1 día tras visualización",,0,0,1000,,,,1,,,,,,2025-06-05,2025-06-05
"publico advantage","Video parejas amor","campaña ventas HotBoat",2025-06-05,"Valparaíso Region",2,2,1,CLP,1,"7 días tras clic o 1 día tras visualización",,50,1,500,,,,1,,,,,,2025-06-05,2025-06-05
"publico advantage","Video parejas amor","campaña ventas HotBoat",2025-06-05,"Araucanía Region",4,4,1,CLP,2,"7 días tras clic o 1 día tras visualización",,0,0,500,,,,2,,,,,,2025-06-05,2025-06-05
"publico advantage","Video parejas amor","campaña ventas HotBoat",2025-06-05,"Bío Bío Region",2,3,1.5,CLP,5,"7 días tras clic o 1 día tras visualización",,0,0,1666.66666667,,,,1,,,,,,2025-06-05,2025-06-05
"publico advantage","Video parejas amor","campaña ventas HotBoat",2025-06-05,"Los Lagos Region",2,2,1,CLP,2,"7 días tras clic o 1 día tras visualización",,0,0,1000,,,,2,,,,,,2025-06-05,2025-06-05
"publico advantage","Video parejas amor","campaña ventas HotBoat",2025-06-05,"Coquimbo Region",2,2,1,CLP,1,"7 días tras clic o 1 día tras visualización",,0,0,500,,,,,,,,,,2025-06-05,2025-06-05
"publico advantage","Video parejas amor","campaña ventas HotBoat",2025-06-05,"O'Higgins Region",1,1,1,CLP,1,"7 días tras clic o 1 día tras visualización",,0,0,1000,,,,1,,,,,,2025-06-05,2025-06-05
"publico advantage","Video parejas amor","campaña ventas HotBoat",2025-06-05,"Maule Region",2,2,1,CLP,2,"7 días tras clic o 1 día tras visualización",,0,0,1000,,,,,,,,,,2025-06-05,2025-06-05
"publico advantage","Video parejas amor","campaña ventas HotBoat",2025-06-05,"Santiago Metropolitan Region",8,9,1.125,CLP,25,"7 días tras clic o 1 día tras visualización",1,22.22222222,12.5,2777.77777778,,,,3,,,,,,2025-06-05,2025-06-05
"publico advantage","Video parejas dcto","campaña ventas HotBoat",2025-06-05,"Maule Region",7,7,1,CLP,11,"7 días tras clic o 1 día tras visualización",,0,0,1571.42857143,,,,3,,,,,,2025-06-05,2025-06-05
"publico advantage","Video parejas dcto","campaña ventas HotBoat",2025-06-05,"Santiago Metropolitan Region",17,17,1,CLP,55,"7 días tras clic o 1 día tras visualización",1,5.88235294,55,3235.29411765,,,,8,,,,,,2025-06-05,2025-06-05
"publico advantage","Video parejas dcto","campaña ventas HotBoat",2025-06-05,"Aysén Region",2,2,1,CLP,2,"7 días tras clic o 1 día tras visualización",,0,0,1000,,,,1,,,,,,2025-06-05,2025-06-05
"publico advantage","Video parejas dcto","campaña ventas HotBoat",2025-06-05,"Los Lagos Region",10,10,1,CLP,8,"7 días tras clic o 1 día tras visualización",,0,0,800,,,,4,,,,,,2025-06-05,2025-06-05
"publico advantage","Video parejas dcto","campaña ventas HotBoat",2025-06-05,"O'Higgins Region",4,4,1,CLP,10,"7 días tras clic o 1 día tras visualización",,0,0,2500,,,,,,,,,,2025-06-05,2025-06-05
"publico advantage","Video parejas dcto","campaña ventas HotBoat",2025-06-05,"Coquimbo Region",3,3,1,CLP,9,"7 días tras clic o 1 día tras visualización",1,66.66666667,4.5,3000,,,,3,,,,,,2025-06-05,2025-06-05
"publico advantage","Video parejas dcto","campaña ventas HotBoat",2025-06-05,"Bío Bío Region",10,10,1,CLP,30,"7 días tras clic o 1 día tras visualización",,0,0,3000,,,,4,,,,,,2025-06-05,2025-06-05
"publico advantage","Video parejas dcto","campaña ventas HotBoat",2025-06-05,"Atacama Region",2,2,1,CLP,1,"7 días tras clic o 1 día tras visualización",,0,0,500,,,,1,,,,,,2025-06-05,2025-06-05
"publico advantage","Video parejas dcto","campaña ventas HotBoat",2025-06-05,"Araucanía Region",7,7,1,CLP,5,"7 días tras clic o 1 día tras visualización",,0,0,714.28571429,,,,2,,,,,,2025-06-05,2025-06-05
"publico advantage","Video parejas dcto","campaña ventas HotBoat",2025-06-05,"Antofagasta Region",1,1,1,CLP,1,"7 días tras clic o 1 día tras visualización",,0,0,1000,,,,,,,,,,2025-06-05,2025-06-05
"publico advantage","Video parejas dcto","campaña ventas HotBoat",2025-06-05,"Valparaíso Region",9,9,1,CLP,13,"7 días tras clic o 1 día tras visualización",,22.22222222,6.5,1444.44444444,,,,7,,,,,,2025-06-05,2025-06-05
"publico advantage","Video parejas dcto","campaña ventas HotBoat",2025-06-05,"Los Ríos Region",12,12,1,CLP,13,"7 días tras clic o 1 día tras visualización",,0,0,1083.33333333,,,,4,,,,,,2025-06-05,2025-06-05
"publico pucon 1","Video parejas amor","campaña ventas HotBoat",2025-06-05,"Araucanía Region",532,589,1.10714286,CLP,916,"7 días tras clic, 1 día tras visualización o 1 día tras visualización activa",8,3.56536503,43.61904762,1555.17826825,,,,197,,,,,,2025-06-05,2025-06-05
"publico pucon 1","Video parejas amor","campaña ventas HotBoat",2025-06-05,"Los Ríos Region",7,7,1,CLP,11,"7 días tras clic, 1 día tras visualización o 1 día tras visualización activa",,0,0,1571.42857143,,,,4,,,,,,2025-06-05,2025-06-05
"publico advantage","Video explicando servicio corto","campaña ventas HotBoat",2025-06-05,"Arica y Parinacota Region",2,2,1,CLP,4,"7 días tras clic o 1 día tras visualización",,0,0,2000,,,,,,,,,,2025-06-05,2025-06-05
"publico advantage","Video explicando servicio corto","campaña ventas HotBoat",2025-06-05,"Los Ríos Region",17,18,1.05882353,CLP,29,"7 días tras clic o 1 día tras visualización",,0,0,1611.11111111,,,,7,,,,,,2025-06-05,2025-06-05
"publico pucon 1","Video explicando servicio corto","campaña ventas HotBoat",2025-06-05,"Araucanía Region",111,119,1.07207207,CLP,200,"7 días tras clic, 1 día tras visualización o 1 día tras visualización activa",2,3.36134454,50,1680.67226891,,,,30,,,,,,2025-06-05,2025-06-05
"publico advantage","Video explicando servicio corto","campaña ventas HotBoat",2025-06-05,"Valparaíso Region",45,46,1.02222222,CLP,58,"7 días tras clic o 1 día tras visualización",2,10.86956522,11.6,1260.86956522,,,,16,,,,,,2025-06-05,2025-06-05
"Test Publicos : Temuco","Video pareja dcto","campaña ventas HotBoat",2025-06-05,"Araucanía Region",41,41,1,CLP,73,"7 días tras clic, 1 día tras visualización o 1 día tras visualización activa",2,2.43902439,73,1780.48780488,,,,14,,,,,,2025-06-05,2025-06-05
"publico concepcion","Video pareja dcto","campaña ventas HotBoat",2025-06-05,"Bío Bío Region",430,443,1.03023256,CLP,689,"7 días tras clic, 1 día tras visualización o 1 día tras visualización activa",4,3.16027088,49.21428571,1555.30474041,,,,193,,,,,,2025-06-05,2025-06-05
"publico concepcion","Video parejas amor","campaña ventas HotBoat",2025-06-05,"Bío Bío Region",18,18,1,CLP,39,"7 días tras clic, 1 día tras visualización o 1 día tras visualización activa",,0,0,2166.66666667,,,,7,,,,,,2025-06-05,2025-06-05
"publico concepcion","Video explicando servicio corto","campaña ventas HotBoat",2025-06-05,"Bío Bío Region",73,75,1.02739726,CLP,120,"7 días tras clic, 1 día tras visualización o 1 día tras visualización activa",1,1.33333333,120,1600,,,,24,,,,,,2025-06-05,2025-06-05
"publico valdivia","Video pareja dcto","campaña ventas HotBoat",2025-06-05,"Los Ríos Region",455,473,1.03956044,CLP,690,"7 días tras clic, 1 día tras visualización o 1 día tras visualización activa",5,2.53699789,57.5,1458.77378436,,,,174,,,,,,2025-06-05,2025-06-05
"publico valdivia","Video parejas amor","campaña ventas HotBoat",2025-06-05,"Los Ríos Region",1,1,1,CLP,3,"7 días tras clic, 1 día tras visualización o 1 día tras visualización activa",,0,0,3000,,,,1,,,,,,2025-06-05,2025-06-05
"publico valdivia","Video explicando servicio corto","campaña ventas HotBoat",2025-06-05,"Los Ríos Region",100,102,1.02,CLP,134,"7 días tras clic, 1 día tras visualización o 1 día tras visualización activa",3,4.90196078,26.8,1313.7254902,,,,39,,,,,,2025-06-05,2025-06-05
"Test Publicos : Temuco","Video explicando servicio corto","campaña ventas HotBoat",2025-06-05,"Araucanía Region",130,133,1.02307692,CLP,198,"7 días tras clic, 1 día tras visualización o 1 día tras visualización activa",1,1.5037594,99,1488.72180451,,,,31,,,,,,2025-06-05,2025-06-05
"Test Publicos : Temuco","Video explicando servicio corto","campaña ventas HotBoat",2025-06-05,"Los Ríos Region",2,2,1,CLP,1,"7 días tras clic, 1 día tras visualización o 1 día tras visualización activa",,0,0,500,,,,1,,,,,,2025-06-05,2025-06-05
"Test Publicos : Temuco","Video parejas amor","campaña ventas HotBoat",2025-06-05,"Araucanía Region",323,369,1.14241486,CLP,591,"7 días tras clic, 1 día tras visualización o 1 día tras visualización activa",4,1.89701897,84.42857143,1601.62601626,,,,138,,,,,,2025-06-05,2025-06-05
"Test Publicos : Temuco","Video parejas amor","campaña ventas HotBoat",2025-06-05,"Los Ríos Region",3,3,1,CLP,2,"7 días tras clic, 1 día tras visualización o 1 día tras visualización activa",,0,0,666.66666667,,,,2,,,,,,2025-06-05,2025-06-05
"Test Publicos : Temuco","Video pareja dcto","campaña ventas HotBoat",2025-06-05,"Los Ríos Region",1,1,1,CLP,0,"7 días tras clic, 1 día tras visualización o 1 día tras visualización activa",,0,0,0,,,,1,,,,,,2025-06-05,2025-06-05
"publico advantage","Video explicando servicio corto","campaña ventas HotBoat",2025-06-05,"Aysén Region",2,2,1,CLP,1,"7 días tras clic o 1 día tras visualización",,0,0,500,,,,1,,,,,,2025-06-05,2025-06-05
"publico advantage","Video explicando servicio corto","campaña ventas HotBoat",2025-06-05,"Tarapacá Region",4,4,1,CLP,4,"7 días tras clic o 1 día tras visualización",1,25,4,1000,,,,2,,,,,,2025-06-05,2025-06-05
"publico advantage","Video explicando servicio corto","campaña ventas HotBoat",2025-06-05,"Santiago Metropolitan Region",144,151,1.04861111,CLP,283,"7 días tras clic o 1 día tras visualización",1,3.31125828,56.6,1874.17218543,,,,49,,,,,,2025-06-05,2025-06-05
"publico advantage","Video explicando servicio corto","campaña ventas HotBoat",2025-06-05,"Maule Region",33,37,1.12121212,CLP,52,"7 días tras clic o 1 día tras visualización",1,8.10810811,17.33333333,1405.40540541,,,,15,,,,,,2025-06-05,2025-06-05
"publico advantage","Video explicando servicio corto","campaña ventas HotBoat",2025-06-05,"Magallanes y la Antártica Chilena Region",3,4,1.33333333,CLP,7,"7 días tras clic o 1 día tras visualización",,25,7,1750,,,,2,,,,,,2025-06-05,2025-06-05
"publico advantage","Video explicando servicio corto","campaña ventas HotBoat",2025-06-05,"Los Lagos Region",38,39,1.02631579,CLP,53,"7 días tras clic o 1 día tras visualización",2,5.12820513,26.5,1358.97435897,,,,18,,,,,,2025-06-05,2025-06-05
"publico advantage","Video explicando servicio corto","campaña ventas HotBoat",2025-06-05,"O'Higgins Region",20,21,1.05,CLP,96,"7 días tras clic o 1 día tras visualización",3,19.04761905,24,4571.42857143,,,,4,,,,,,2025-06-05,2025-06-05
"publico advantage","Video explicando servicio corto","campaña ventas HotBoat",2025-06-05,"Coquimbo Region",13,15,1.15384615,CLP,19,"7 días tras clic o 1 día tras visualización",2,13.33333333,9.5,1266.66666667,,,,8,,,,,,2025-06-05,2025-06-05
"publico advantage","Video explicando servicio corto","campaña ventas HotBoat",2025-06-05,"Bío Bío Region",67,69,1.02985075,CLP,107,"7 días tras clic o 1 día tras visualización",2,4.34782609,35.66666667,1550.72463768,,,,18,,,,,,2025-06-05,2025-06-05
"publico advantage","Video explicando servicio corto","campaña ventas HotBoat",2025-06-05,"Atacama Region",2,2,1,CLP,2,"7 días tras clic o 1 día tras visualización",,0,0,1000,,,,2,,,,,,2025-06-05,2025-06-05
"publico advantage","Video explicando servicio corto","campaña ventas HotBoat",2025-06-05,"Araucanía Region",36,38,1.05555556,CLP,49,"7 días tras clic o 1 día tras visualización",,0,0,1289.47368421,,,,7,,,,,,2025-06-05,2025-06-05
"publico advantage","Video explicando servicio corto","campaña ventas HotBoat",2025-06-05,"Antofagasta Region",17,19,1.11764706,CLP,42,"7 días tras clic o 1 día tras visualización",2,10.52631579,21,2210.52631579,,,,5,,,,,,2025-06-05,2025-06-05
"publico pucon 1","Video explicando servicio corto","campaña ventas HotBoat",2025-06-05,"Los Ríos Region",4,4,1,CLP,1,"7 días tras clic, 1 día tras visualización o 1 día tras visualización activa",,0,0,250,,,,2,,,,,,2025-06-05,2025-06-05
