"Nombre del anuncio",Día,Alcance,Impresiones,Frecuencia,Compras,Divisa,"Importe gastado (CLP)","Configuración de atribución","Clics en el enlace","CTR (todos)","CPC (todos)","CPM (costo por mil impresiones)","Artículos agregados al carrito","Costo por artículo agregado al carrito","Reproducciones de video de 3 segundos","Reproducciones de video hasta el 25%","Reproducciones de video hasta el 50%","Reproducciones de video hasta el 75%","Reproducciones de video hasta el 95%","Reproducciones de video hasta el 100%","Costo por compra","Inicio del informe","Fin del informe"
"Video flo",2025-08-07,120,126,1.05,,CLP,154,"7 días tras clic, 1 día tras visualización o 1 día tras visualización activa",3,3.96825397,30.8,1222.22222222,,,21,13,10,8,5,5,,2025-08-07,2025-08-07
"Video Lluvia Reseña",2025-08-07,89,114,1.28089888,,CLP,296,"7 días tras clic, 1 día tras visualización o 1 día tras visualización activa",3,4.38596491,59.2,2596.49122807,,,24,3,3,2,2,2,,2025-08-07,2025-08-07
"Video explicando servicio corto",2025-08-07,348,354,1.01724138,,CLP,362,"7 días tras clic, 1 día tras visualización o 1 día tras visualización activa",6,4.23728814,24.13333333,1022.59887006,,,110,84,60,42,23,22,,2025-08-07,2025-08-07
"Video explicando servicio corto",2025-08-07,179,189,1.05586592,,CLP,177,"7 días tras clic, 1 día tras visualización o 1 día tras visualización activa",,1.05820106,88.5,936.50793651,,,52,29,16,11,8,7,,2025-08-07,2025-08-07
"Video parejas amor",2025-08-07,87,101,1.16091954,,CLP,227,"7 días tras clic, 1 día tras visualización o 1 día tras visualización activa",2,5.94059406,37.83333333,2247.52475248,,,35,3,1,1,1,1,,2025-08-07,2025-08-07
"Video Lluvia",2025-08-07,15,24,1.6,,CLP,34,"7 días tras clic, 1 día tras visualización o 1 día tras visualización activa",1,4.16666667,34,1416.66666667,,,3,1,,,,,,2025-08-07,2025-08-07
"Video Lluvia",2025-08-07,238,265,1.11344538,,CLP,433,"7 días tras clic, 1 día tras visualización o 1 día tras visualización activa",3,3.39622642,48.11111111,1633.96226415,,,75,12,7,7,4,4,,2025-08-07,2025-08-07
"Video explicando servicio corto",2025-08-07,50,53,1.06,,CLP,68,"7 días tras clic o 1 día tras visualización",,3.77358491,34,1283.01886792,,,15,8,7,4,2,2,,2025-08-07,2025-08-07
"Video Lluvia",2025-08-07,27,30,1.11111111,,CLP,82,"7 días tras clic o 1 día tras visualización",,3.33333333,82,2733.33333333,,,5,2,1,1,1,,,2025-08-07,2025-08-07
"Video Lluvia",2025-08-07,116,138,1.18965517,,CLP,216,"7 días tras clic, 1 día tras visualización o 1 día tras visualización activa",1,1.44927536,108,1565.2173913,,,19,4,3,3,2,1,,2025-08-07,2025-08-07
"Video Viral TikTok",2025-08-07,264,297,1.125,,CLP,398,"7 días tras clic, 1 día tras visualización o 1 día tras visualización activa",3,3.03030303,44.22222222,1340.06734007,,,68,15,8,7,3,2,,2025-08-07,2025-08-07
"Video parejas amor",2025-08-07,7,7,1,,CLP,11,"7 días tras clic o 1 día tras visualización",,0,0,1571.42857143,,,2,1,,,,,,2025-08-07,2025-08-07
"Video Martin gallardo",2025-08-07,281,297,1.0569395,,CLP,381,"7 días tras clic, 1 día tras visualización o 1 día tras visualización activa",6,3.36700337,38.1,1282.82828283,,,63,40,33,28,22,19,,2025-08-07,2025-08-07
"Video Lluvia",2025-08-07,86,99,1.15116279,,CLP,245,"7 días tras clic, 1 día tras visualización o 1 día tras visualización activa",,2.02020202,122.5,2474.74747475,,,17,1,1,1,1,1,,2025-08-07,2025-08-07
"Video Explicando servicio corto",2025-08-07,270,275,1.01851852,,CLP,297,"7 días tras clic, 1 día tras visualización o 1 día tras visualización activa",2,2.90909091,37.125,1080,,,80,40,19,14,10,6,,2025-08-07,2025-08-07
"Video Lluvia",2025-08-06,11,11,1,,CLP,17,"7 días tras clic o 1 día tras visualización",,9.09090909,17,1545.45454545,,,3,,,,,,,2025-08-06,2025-08-06
"Video explicando servicio corto",2025-08-06,1347,1533,1.13808463,,CLP,1366,"7 días tras clic, 1 día tras visualización o 1 día tras visualización activa",22,3.91389432,22.76666667,891.06327462,,,443,306,219,136,86,72,,2025-08-06,2025-08-06
"Video Explicando servicio corto",2025-08-06,854,972,1.1381733,,CLP,1096,"7 días tras clic, 1 día tras visualización o 1 día tras visualización activa",23,3.90946502,28.84210526,1127.57201646,,,243,102,67,48,21,14,,2025-08-06,2025-08-06
"Video parejas amor",2025-08-06,390,429,1.1,,CLP,697,"7 días tras clic, 1 día tras visualización o 1 día tras visualización activa",5,2.33100233,69.7,1624.70862471,,,142,12,3,1,1,1,,2025-08-06,2025-08-06
"Video explicando servicio corto",2025-08-06,639,712,1.114241,,CLP,830,"7 días tras clic o 1 día tras visualización",11,4.91573034,23.71428571,1165.73033708,,,184,133,90,55,27,25,,2025-08-06,2025-08-06
"Video Lluvia",2025-08-06,744,864,1.16129032,,CLP,1311,"7 días tras clic, 1 día tras visualización o 1 día tras visualización activa",9,2.5462963,59.59090909,1517.36111111,,,184,23,10,4,2,1,,2025-08-06,2025-08-06
"Video Martin gallardo",2025-08-06,1019,1192,1.16977429,,CLP,1468,"7 días tras clic, 1 día tras visualización o 1 día tras visualización activa",20,3.77516779,32.62222222,1231.54362416,,,286,167,142,114,96,73,,2025-08-06,2025-08-06
"Video parejas amor",2025-08-06,22,22,1,,CLP,33,"7 días tras clic o 1 día tras visualización",,0,0,1500,,,9,1,,,,,,2025-08-06,2025-08-06
"Video Viral TikTok",2025-08-06,903,1095,1.21262458,,CLP,1469,"7 días tras clic, 1 día tras visualización o 1 día tras visualización activa",14,2.19178082,61.20833333,1341.55251142,3,489.66666667,277,45,27,20,16,9,,2025-08-06,2025-08-06
"Video parejas amor",2025-08-06,133,146,1.09774436,,CLP,220,"7 días tras clic, 1 día tras visualización o 1 día tras visualización activa",,2.05479452,73.33333333,1506.84931507,,,60,3,1,,,,,2025-08-06,2025-08-06
"Video flo",2025-08-06,665,769,1.15639098,,CLP,1013,"7 días tras clic, 1 día tras visualización o 1 día tras visualización activa",20,5.5916775,23.55813953,1317.29518856,,,176,110,82,67,59,56,,2025-08-06,2025-08-06
"Video explicando servicio corto",2025-08-06,4,4,1,,CLP,3,"7 días tras clic, 1 día tras visualización o 1 día tras visualización activa",,0,0,750,,,1,,,,,,,2025-08-06,2025-08-06
"Video Lluvia",2025-08-06,411,554,1.34793187,,CLP,1027,"7 días tras clic, 1 día tras visualización o 1 día tras visualización activa",6,1.98555957,93.36363636,1853.79061372,,,75,14,5,5,5,5,,2025-08-06,2025-08-06
"Video Lluvia Reseña",2025-08-06,317,487,1.5362776,,CLP,1161,"7 días tras clic, 1 día tras visualización o 1 día tras visualización activa",9,2.05338809,116.1,2383.9835729,,,97,11,7,2,1,1,,2025-08-06,2025-08-06
"Video Lluvia",2025-08-06,329,433,1.31610942,,CLP,899,"7 días tras clic, 1 día tras visualización o 1 día tras visualización activa",2,1.61662818,128.42857143,2076.21247113,,,61,10,8,3,3,3,,2025-08-06,2025-08-06
"Video parejas amor",2025-08-06,492,545,1.10772358,,CLP,824,"7 días tras clic, 1 día tras visualización o 1 día tras visualización activa",4,1.83486239,82.4,1511.9266055,,,172,12,5,3,3,1,,2025-08-06,2025-08-06
"Video explicando servicio corto",2025-08-06,1414,1486,1.05091938,,CLP,1485,"7 días tras clic, 1 día tras visualización o 1 día tras visualización activa",23,3.76850606,26.51785714,999.32705249,2,742.5,455,308,216,138,65,58,,2025-08-06,2025-08-06
"Video flo",2025-08-05,608,749,1.23190789,,CLP,976,"7 días tras clic, 1 día tras visualización o 1 día tras visualización activa",25,5.74098798,22.69767442,1303.07076101,,,194,130,98,69,56,54,,2025-08-05,2025-08-05
"Video explicando servicio corto",2025-08-05,1777,1982,1.11536297,,CLP,2115,"7 días tras clic, 1 día tras visualización o 1 día tras visualización activa",36,4.28859738,24.88235294,1067.10393542,,,638,460,336,214,93,78,,2025-08-05,2025-08-05
"Video Lluvia",2025-08-05,397,523,1.31738035,,CLP,1023,"7 días tras clic, 1 día tras visualización o 1 día tras visualización activa",10,2.48565966,78.69230769,1956.02294455,,,83,15,6,5,2,2,,2025-08-05,2025-08-05
"Video explicando servicio corto",2025-08-05,2,2,1,,CLP,2,"7 días tras clic, 1 día tras visualización o 1 día tras visualización activa",,0,0,1000,,,,,,,,,,2025-08-05,2025-08-05
"Video parejas amor",2025-08-05,1102,1329,1.20598911,,CLP,2025,"7 días tras clic, 1 día tras visualización o 1 día tras visualización activa",13,2.33258089,65.32258065,1523.7020316,,,452,41,15,12,9,6,,2025-08-05,2025-08-05
"Video Lluvia",2025-08-05,448,617,1.37723214,,CLP,1014,"7 días tras clic, 1 día tras visualización o 1 día tras visualización activa",8,2.43111831,67.6,1643.43598055,,,104,13,6,3,2,2,,2025-08-05,2025-08-05
"Video explicando servicio corto",2025-08-05,515,579,1.12427184,,CLP,805,"7 días tras clic o 1 día tras visualización",12,5.00863558,27.75862069,1390.32815199,,,178,124,83,58,30,27,,2025-08-05,2025-08-05
"Video Viral TikTok",2025-08-05,1100,1342,1.22,,CLP,1489,"7 días tras clic, 1 día tras visualización o 1 día tras visualización activa",11,1.71385991,64.73913043,1109.53800298,,,325,56,22,14,8,7,,2025-08-05,2025-08-05
"Video Martin gallardo",2025-08-05,990,1128,1.13939394,,CLP,1486,"7 días tras clic, 1 día tras visualización o 1 día tras visualización activa",17,3.0141844,43.70588235,1317.37588652,,,307,169,138,107,90,73,,2025-08-05,2025-08-05
"Video Explicando servicio corto",2025-08-05,817,875,1.07099143,,CLP,1002,"7 días tras clic, 1 día tras visualización o 1 día tras visualización activa",21,3.54285714,32.32258065,1145.14285714,3,334,248,106,72,49,28,20,,2025-08-05,2025-08-05
"Video parejas amor",2025-08-05,120,135,1.125,,CLP,249,"7 días tras clic o 1 día tras visualización",1,7.40740741,24.9,1844.44444444,,,56,4,1,,,,,2025-08-05,2025-08-05
"Video Lluvia",2025-08-05,6,6,1,,CLP,13,"7 días tras clic o 1 día tras visualización",,0,0,2166.66666667,,,1,,,,,,,2025-08-05,2025-08-05
"Video Lluvia Reseña",2025-08-05,398,605,1.5201005,,CLP,961,"7 días tras clic, 1 día tras visualización o 1 día tras visualización activa",11,2.14876033,73.92307692,1588.42975207,,,127,19,5,2,2,2,,2025-08-05,2025-08-05
"Video explicando servicio corto",2025-08-05,4,4,1,,CLP,3,"7 días tras clic, 1 día tras visualización o 1 día tras visualización activa",,0,0,750,,,,,,,,,,2025-08-05,2025-08-05
"Video Lluvia",2025-08-05,151,181,1.1986755,,CLP,370,"7 días tras clic, 1 día tras visualización o 1 día tras visualización activa",1,4.97237569,41.11111111,2044.19889503,,,28,6,,,,,,2025-08-05,2025-08-05
"Video parejas amor",2025-08-05,1112,1289,1.15917266,,CLP,1989,"7 días tras clic, 1 día tras visualización o 1 día tras visualización activa",14,3.10318076,49.725,1543.05663305,,,457,40,11,7,3,3,,2025-08-05,2025-08-05
"Video explicando servicio corto",2025-08-04,338,357,1.05621302,,CLP,379,"7 días tras clic o 1 día tras visualización",5,3.92156863,27.07142857,1061.62464986,,,108,83,56,34,17,15,,2025-08-04,2025-08-04
"Video parejas amor",2025-08-04,1256,1487,1.1839172,,CLP,1996,"7 días tras clic, 1 día tras visualización o 1 día tras visualización activa",10,2.48823134,53.94594595,1342.29993275,,,543,45,15,8,6,3,,2025-08-04,2025-08-04
"Video Lluvia",2025-08-04,484,603,1.24586777,,CLP,1173,"7 días tras clic, 1 día tras visualización o 1 día tras visualización activa",5,1.49253731,130.33333333,1945.27363184,,,106,21,10,8,5,5,,2025-08-04,2025-08-04
"Video Lluvia",2025-08-04,30,34,1.13333333,,CLP,22,"7 días tras clic o 1 día tras visualización",,0,0,647.05882353,,,3,,,,,,,2025-08-04,2025-08-04
"Video Lluvia",2025-08-04,840,1016,1.20952381,,CLP,1728,"7 días tras clic, 1 día tras visualización o 1 día tras visualización activa",11,3.1496063,54,1700.78740157,,,230,27,6,4,4,3,,2025-08-04,2025-08-04
"Video explicando servicio corto",2025-08-04,186,191,1.02688172,,CLP,171,"7 días tras clic, 1 día tras visualización o 1 día tras visualización activa",3,3.14136126,28.5,895.28795812,,,58,44,32,20,8,7,,2025-08-04,2025-08-04
"Video flo",2025-08-04,600,689,1.14833333,,CLP,1185,"7 días tras clic, 1 día tras visualización o 1 día tras visualización activa",19,5.3701016,32.02702703,1719.8838897,,,180,117,95,75,65,64,,2025-08-04,2025-08-04
"Video parejas amor",2025-08-04,711,846,1.18987342,,CLP,1244,"7 días tras clic, 1 día tras visualización o 1 día tras visualización activa",7,2.36406619,62.2,1470.44917258,,,319,38,15,11,9,7,,2025-08-04,2025-08-04
"Video explicando servicio corto",2025-08-04,575,595,1.03478261,,CLP,586,"7 días tras clic, 1 día tras visualización o 1 día tras visualización activa",8,4.70588235,20.92857143,984.87394958,,,166,127,92,65,30,24,,2025-08-04,2025-08-04
"Video parejas amor",2025-08-04,262,313,1.19465649,,CLP,581,"7 días tras clic o 1 día tras visualización",2,3.19488818,58.1,1856.23003195,,,124,11,2,2,2,2,,2025-08-04,2025-08-04
"Video Explicando servicio corto",2025-08-04,1011,1144,1.13155292,,CLP,998,"7 días tras clic, 1 día tras visualización o 1 día tras visualización activa",29,3.58391608,24.34146341,872.37762238,,,302,144,98,58,31,21,,2025-08-04,2025-08-04
"Video Lluvia Reseña",2025-08-04,503,728,1.4473161,,CLP,1179,"7 días tras clic, 1 día tras visualización o 1 día tras visualización activa",7,1.78571429,90.69230769,1619.50549451,,,122,16,8,5,4,4,,2025-08-04,2025-08-04
"Video Martin gallardo",2025-08-04,1333,1507,1.13053263,,CLP,1657,"7 días tras clic, 1 día tras visualización o 1 día tras visualización activa",25,3.38420703,32.49019608,1099.535501,,,383,231,196,153,125,104,,2025-08-04,2025-08-04
"Video Viral TikTok",2025-08-04,1203,1374,1.14214464,,CLP,1571,"7 días tras clic, 1 día tras visualización o 1 día tras visualización activa",15,2.25618632,50.67741935,1143.37700146,,,336,53,23,15,13,6,,2025-08-04,2025-08-04
"Video Lluvia",2025-08-04,412,523,1.26941748,,CLP,1045,"7 días tras clic, 1 día tras visualización o 1 día tras visualización activa",3,1.14722753,174.16666667,1998.08795411,,,85,15,3,2,1,1,,2025-08-04,2025-08-04
"Video flo",2025-08-03,792,981,1.23863636,,CLP,1219,"7 días tras clic, 1 día tras visualización o 1 día tras visualización activa",26,4.17940877,29.73170732,1242.60958206,,,204,122,79,57,45,43,,2025-08-03,2025-08-03
"Video Lluvia",2025-08-03,713,902,1.26507714,,CLP,1537,"7 días tras clic, 1 día tras visualización o 1 día tras visualización activa",10,3.76940133,45.20588235,1703.99113082,,,205,37,13,8,5,4,,2025-08-03,2025-08-03
"Video parejas amor",2025-08-03,36,41,1.13888889,,CLP,75,"7 días tras clic, 1 día tras visualización o 1 día tras visualización activa",,4.87804878,37.5,1829.26829268,,,20,3,,,,,,2025-08-03,2025-08-03
"Video parejas amor",2025-08-03,132,138,1.04545455,,CLP,169,"7 días tras clic, 1 día tras visualización o 1 día tras visualización activa",1,2.89855072,42.25,1224.63768116,,,58,9,,,,,,2025-08-03,2025-08-03
"Video parejas amor",2025-08-03,54,57,1.05555556,,CLP,64,"7 días tras clic, 1 día tras visualización o 1 día tras visualización activa",,1.75438596,64,1122.80701754,,,16,1,1,,,,,2025-08-03,2025-08-03
"Video explicando servicio corto",2025-08-03,368,378,1.02717391,,CLP,297,"7 días tras clic, 1 día tras visualización o 1 día tras visualización activa",6,2.64550265,29.7,785.71428571,,,122,94,67,41,18,17,,2025-08-03,2025-08-03
"Video Lluvia",2025-08-03,961,1100,1.144641,,CLP,1874,"7 días tras clic, 1 día tras visualización o 1 día tras visualización activa",17,3.81818182,44.61904762,1703.63636364,,,242,37,13,10,7,7,,2025-08-03,2025-08-03
"Video explicando servicio corto",2025-08-03,522,533,1.0210728,,CLP,396,"7 días tras clic, 1 día tras visualización o 1 día tras visualización activa",8,3.56472795,20.84210526,742.96435272,,,155,104,78,57,28,26,,2025-08-03,2025-08-03
"Video Lluvia",2025-08-03,71,79,1.11267606,,CLP,179,"7 días tras clic, 1 día tras visualización o 1 día tras visualización activa",1,5.06329114,44.75,2265.82278481,,,17,2,2,1,1,,,2025-08-03,2025-08-03
"Video Explicando servicio corto",2025-08-03,1058,1201,1.13516068,,CLP,1160,"7 días tras clic, 1 día tras visualización o 1 día tras visualización activa",26,3.83014155,25.2173913,965.86178185,,,327,142,98,74,35,18,,2025-08-03,2025-08-03
"Video explicando servicio corto",2025-08-03,2063,2379,1.15317499,,CLP,2288,"7 días tras clic, 1 día tras visualización o 1 día tras visualización activa",39,3.53089533,27.23809524,961.74863388,,,743,516,348,236,113,105,,2025-08-03,2025-08-03
"Video Lluvia",2025-08-03,556,685,1.23201439,,CLP,1166,"7 días tras clic, 1 día tras visualización o 1 día tras visualización activa",5,2.48175182,68.58823529,1702.18978102,,,112,18,8,6,5,5,,2025-08-03,2025-08-03
"Video parejas amor",2025-08-03,67,70,1.04477612,,CLP,91,"7 días tras clic o 1 día tras visualización",,1.42857143,91,1300,,,33,3,1,1,,,,2025-08-03,2025-08-03
"Video Lluvia Reseña",2025-08-03,455,705,1.54945055,,CLP,1100,"7 días tras clic, 1 día tras visualización o 1 día tras visualización activa",9,1.9858156,78.57142857,1560.28368794,,,112,17,7,3,2,2,,2025-08-03,2025-08-03
"Video Martin gallardo",2025-08-03,1185,1300,1.09704641,,CLP,1610,"7 días tras clic, 1 día tras visualización o 1 día tras visualización activa",22,3.07692308,40.25,1238.46153846,,,331,166,143,112,92,82,,2025-08-03,2025-08-03
"Video Lluvia",2025-08-03,165,191,1.15757576,,CLP,334,"7 días tras clic o 1 día tras visualización",2,2.61780105,66.8,1748.69109948,,,52,10,4,2,2,2,,2025-08-03,2025-08-03
"Video Viral TikTok",2025-08-03,1382,1579,1.14254703,,CLP,1579,"7 días tras clic, 1 día tras visualización o 1 día tras visualización activa",22,2.78657378,35.88636364,1000,,,415,70,27,15,7,4,,2025-08-03,2025-08-03
"Video Lluvia",2025-08-03,481,624,1.2972973,,CLP,1161,"7 días tras clic, 1 día tras visualización o 1 día tras visualización activa",10,2.56410256,72.5625,1860.57692308,,,113,18,5,1,,,,2025-08-03,2025-08-03
"Video explicando servicio corto",2025-08-03,628,670,1.06687898,,CLP,744,"7 días tras clic o 1 día tras visualización",9,4.32835821,25.65517241,1110.44776119,,,197,134,93,58,29,25,,2025-08-03,2025-08-03
"Video Lluvia Reseña",2025-08-02,507,764,1.50690335,,CLP,1450,"7 días tras clic, 1 día tras visualización o 1 día tras visualización activa",14,2.09424084,90.625,1897.90575916,,,117,21,12,9,6,4,,2025-08-02,2025-08-02
"Video parejas amor",2025-08-02,1567,1870,1.19336311,,CLP,3431,"7 días tras clic, 1 día tras visualización o 1 día tras visualización activa",20,2.99465241,61.26785714,1834.75935829,,,770,66,15,11,8,6,,2025-08-02,2025-08-02
"Video Martin gallardo",2025-08-02,1358,1524,1.12223859,,CLP,2196,"7 días tras clic, 1 día tras visualización o 1 día tras visualización activa",25,2.75590551,52.28571429,1440.94488189,,,372,205,174,131,100,86,,2025-08-02,2025-08-02
"Video explicando servicio corto",2025-08-02,3178,3606,1.1346759,,CLP,3434,"7 días tras clic, 1 día tras visualización o 1 día tras visualización activa",45,3.05047144,31.21818182,952.30171936,,,1065,711,513,315,167,151,,2025-08-02,2025-08-02
"Video Viral TikTok",2025-08-02,1420,1662,1.17042254,,CLP,2058,"7 días tras clic, 1 día tras visualización o 1 día tras visualización activa",29,3.12876053,39.57692308,1238.26714801,,,412,80,35,25,16,7,,2025-08-02,2025-08-02
"Video parejas amor",2025-08-02,6,6,1,,CLP,8,"7 días tras clic o 1 día tras visualización",,0,0,1333.33333333,,,2,,,,,,,2025-08-02,2025-08-02
"Video flo",2025-08-02,749,926,1.23631509,,CLP,1442,"7 días tras clic, 1 día tras visualización o 1 día tras visualización activa",26,5.07559395,30.68085106,1557.23542117,,,196,129,94,73,69,68,,2025-08-02,2025-08-02
"Video Lluvia",2025-08-02,517,679,1.31334623,,CLP,1299,"7 días tras clic, 1 día tras visualización o 1 día tras visualización activa",9,2.50368189,76.41176471,1913.10751105,,,98,22,8,5,3,3,,2025-08-02,2025-08-02
"Video Lluvia",2025-08-02,414,526,1.2705314,,CLP,1299,"7 días tras clic, 1 día tras visualización o 1 día tras visualización activa",4,2.28136882,108.25,2469.58174905,,,93,15,8,5,4,3,,2025-08-02,2025-08-02
"Video parejas amor",2025-08-02,1737,2135,1.22913069,,CLP,3435,"7 días tras clic, 1 día tras visualización o 1 día tras visualización activa",34,2.85714286,56.31147541,1608.89929742,3,1145,787,82,24,14,11,10,,2025-08-02,2025-08-02
"Video Lluvia",2025-08-02,2,2,1,,CLP,3,"7 días tras clic o 1 día tras visualización",1,150,1,1500,,,2,1,,,,,,2025-08-02,2025-08-02
"Video Explicando servicio corto",2025-08-02,1119,1224,1.09383378,,CLP,1455,"7 días tras clic, 1 día tras visualización o 1 día tras visualización activa",22,3.43137255,34.64285714,1188.7254902,,,377,154,91,66,33,19,,2025-08-02,2025-08-02
"Video explicando servicio corto",2025-08-02,1014,1148,1.1321499,,CLP,1283,"7 días tras clic o 1 día tras visualización",18,4.44250871,25.15686275,1117.59581882,,,325,221,151,105,53,48,,2025-08-02,2025-08-02
"Video explicando servicio corto",2025-08-02,1,1,1,,CLP,1,"7 días tras clic, 1 día tras visualización o 1 día tras visualización activa",,0,0,1000,,,1,1,1,,,,,2025-08-02,2025-08-02
"Video Viral TikTok",2025-08-01,1746,2193,1.25601375,,CLP,2433,"7 días tras clic, 1 día tras visualización o 1 día tras visualización activa",25,2.50797994,44.23636364,1109.43912449,,,563,93,45,27,15,10,,2025-08-01,2025-08-01
"Video Lluvia",2025-08-01,661,864,1.30711044,,CLP,1735,"7 días tras clic, 1 día tras visualización o 1 día tras visualización activa",9,2.19907407,91.31578947,2008.10185185,,,137,16,6,5,4,4,,2025-08-01,2025-08-01
"Video explicando servicio corto",2025-08-01,3350,3781,1.12865672,,CLP,3435,"7 días tras clic, 1 día tras visualización o 1 día tras visualización activa",64,3.78206824,24.02097902,908.48981751,,,1184,811,585,365,187,171,,2025-08-01,2025-08-01
"Video explicando servicio corto",2025-08-01,1102,1251,1.13520871,,CLP,1472,"7 días tras clic o 1 día tras visualización",20,4.39648281,26.76363636,1176.65867306,,,362,244,163,107,51,47,,2025-08-01,2025-08-01
"Video Lluvia",2025-08-01,754,1001,1.32758621,,CLP,1688,"7 días tras clic, 1 día tras visualización o 1 día tras visualización activa",8,1.6983017,99.29411765,1686.31368631,,,130,20,10,5,4,3,,2025-08-01,2025-08-01
"Video parejas amor",2025-08-01,7,8,1.14285714,,CLP,23,"7 días tras clic o 1 día tras visualización",,0,0,2875,,,,,,,,,,2025-08-01,2025-08-01
"Video Lluvia Reseña",2025-08-01,517,727,1.40618956,,CLP,1701,"7 días tras clic, 1 día tras visualización o 1 día tras visualización activa",10,2.20082531,106.3125,2339.75240715,,,138,33,15,13,10,9,,2025-08-01,2025-08-01
"Video Lluvia",2025-08-01,4,6,1.5,,CLP,20,"7 días tras clic o 1 día tras visualización",,0,0,3333.33333333,,,2,,,,,,,2025-08-01,2025-08-01
"Video parejas amor",2025-08-01,1487,1917,1.28917283,,CLP,3431,"7 días tras clic, 1 día tras visualización o 1 día tras visualización activa",12,2.19092332,81.69047619,1789.77569118,,,728,68,13,10,9,6,,2025-08-01,2025-08-01
"Video parejas amor",2025-08-01,1630,2038,1.25030675,,CLP,3437,"7 días tras clic, 1 día tras visualización o 1 día tras visualización activa",27,2.84592738,59.25862069,1686.45731109,3,1145.66666667,738,88,34,19,16,13,,2025-08-01,2025-08-01
"Video flo",2025-08-01,736,915,1.24320652,,CLP,1575,"7 días tras clic, 1 día tras visualización o 1 día tras visualización activa",28,4.48087432,38.41463415,1721.31147541,,,208,128,93,75,63,59,,2025-08-01,2025-08-01
"Video Explicando servicio corto",2025-08-01,1392,1540,1.10632184,,CLP,1653,"7 días tras clic, 1 día tras visualización o 1 día tras visualización activa",22,2.33766234,45.91666667,1073.37662338,,,490,197,114,81,40,28,,2025-08-01,2025-08-01
"Video Martin gallardo",2025-08-01,1487,1640,1.10289173,,CLP,2455,"7 días tras clic, 1 día tras visualización o 1 día tras visualización activa",19,2.25609756,66.35135135,1496.95121951,,,404,219,174,140,121,103,,2025-08-01,2025-08-01
"Video explicando servicio corto",2025-07-31,786,931,1.18447837,,CLP,1574,"7 días tras clic o 1 día tras visualización",14,3.32975295,50.77419355,1690.65520945,,,243,164,119,80,35,33,,2025-07-31,2025-07-31
"Video parejas amor",2025-07-31,1279,1574,1.23064894,,CLP,2963,"7 días tras clic, 1 día tras visualización o 1 día tras visualización activa",23,2.98602287,63.04255319,1882.46505718,,,499,48,22,18,15,10,,2025-07-31,2025-07-31
"Video Lluvia",2025-07-31,8,13,1.625,,CLP,46,"7 días tras clic o 1 día tras visualización",,0,0,3538.46153846,,,3,,,,,,,2025-07-31,2025-07-31
"Video explicando servicio corto",2025-07-31,1704,2062,1.2100939,,CLP,2720,"7 días tras clic, 1 día tras visualización o 1 día tras visualización activa",21,2.27934045,57.87234043,1319.10766246,3,906.66666667,529,389,281,179,91,84,,2025-07-31,2025-07-31
"Video Lluvia",2025-07-31,18,18,1,,CLP,31,"7 días tras clic, 1 día tras visualización o 1 día tras visualización activa",,0,0,1722.22222222,,,5,,,,,,,2025-07-31,2025-07-31
"Video flo",2025-07-31,568,669,1.1778169,,CLP,1483,"7 días tras clic, 1 día tras visualización o 1 día tras visualización activa",24,5.68011958,39.02631579,2216.74140508,,,158,111,83,58,49,47,,2025-07-31,2025-07-31
"Video Explicando servicio corto",2025-07-31,928,1052,1.13362069,,CLP,1520,"7 días tras clic, 1 día tras visualización o 1 día tras visualización activa",16,2.75665399,52.4137931,1444.86692015,,,299,115,72,52,23,16,,2025-07-31,2025-07-31
"Video Lluvia Reseña",2025-07-31,539,703,1.30426716,,CLP,1432,"7 días tras clic, 1 día tras visualización o 1 día tras visualización activa",12,2.41820768,84.23529412,2036.98435277,,,109,20,10,5,5,4,,2025-07-31,2025-07-31
"Video Martin gallardo",2025-07-31,1294,1510,1.16692427,,CLP,2277,"7 días tras clic, 1 día tras visualización o 1 día tras visualización activa",14,1.98675497,75.9,1507.94701987,,,414,221,176,132,91,75,,2025-07-31,2025-07-31
"Video Viral TikTok",2025-07-31,1569,1852,1.18036966,,CLP,2274,"7 días tras clic, 1 día tras visualización o 1 día tras visualización activa",25,2.86177106,42.90566038,1227.86177106,2,1137,455,87,33,26,17,14,,2025-07-31,2025-07-31
"Video Lluvia",2025-07-31,734,960,1.30790191,,CLP,1544,"7 días tras clic, 1 día tras visualización o 1 día tras visualización activa",12,2.5,64.33333333,1608.33333333,,,133,26,9,5,6,3,,2025-07-31,2025-07-31
"Video Lluvia",2025-07-31,538,704,1.30855019,,CLP,1486,"7 días tras clic, 1 día tras visualización o 1 día tras visualización activa",5,0.85227273,247.66666667,2110.79545455,,,105,16,7,4,3,3,,2025-07-31,2025-07-31
"Video parejas amor",2025-07-31,196,219,1.11734694,,CLP,394,"7 días tras clic, 1 día tras visualización o 1 día tras visualización activa",1,1.36986301,131.33333333,1799.08675799,,,74,8,4,3,3,2,,2025-07-31,2025-07-31
"Video parejas amor",2025-07-31,7,7,1,,CLP,4,"7 días tras clic o 1 día tras visualización",,0,0,571.42857143,,,1,,,,,,,2025-07-31,2025-07-31
"Video Lluvia",2025-07-31,737,905,1.22795115,,CLP,1562,"7 días tras clic, 1 día tras visualización o 1 día tras visualización activa",9,2.76243094,62.48,1725.96685083,,,175,37,19,11,10,6,,2025-07-31,2025-07-31
"Video explicando servicio corto",2025-07-31,1693,1844,1.08919079,,CLP,1886,"7 días tras clic, 1 día tras visualización o 1 día tras visualización activa",33,3.52494577,29.01538462,1022.77657267,,,536,353,261,164,80,70,,2025-07-31,2025-07-31
"Video Lluvia",2025-07-31,160,177,1.10625,,CLP,384,"7 días tras clic, 1 día tras visualización o 1 día tras visualización activa",5,3.95480226,54.85714286,2169.49152542,,,44,7,3,2,2,2,,2025-07-31,2025-07-31
"Video Lluvia",2025-07-30,366,407,1.11202186,,CLP,598,"7 días tras clic, 1 día tras visualización o 1 día tras visualización activa",6,3.93120393,37.375,1469.28746929,,,96,15,9,7,4,4,,2025-07-30,2025-07-30
"Video explicando servicio corto",2025-07-30,1305,1502,1.15095785,,CLP,1431,"7 días tras clic, 1 día tras visualización o 1 día tras visualización activa",27,3.72836218,25.55357143,952.72969374,,,484,337,247,157,78,67,,2025-07-30,2025-07-30
"Video explicando servicio corto",2025-07-30,1595,1740,1.09090909,,CLP,1599,"7 días tras clic, 1 día tras visualización o 1 día tras visualización activa",26,2.64367816,34.76086957,918.96551724,,,548,385,274,180,81,72,,2025-07-30,2025-07-30
"Video flo",2025-07-30,457,598,1.30853392,,CLP,1513,"7 días tras clic, 1 día tras visualización o 1 día tras visualización activa",24,5.68561873,44.5,2530.10033445,,,158,103,81,65,57,56,,2025-07-30,2025-07-30
"Video Explicando servicio corto",2025-07-30,567,681,1.2010582,,CLP,1415,"7 días tras clic, 1 día tras visualización o 1 día tras visualización activa",7,1.90895742,108.84615385,2077.8267254,,,171,45,30,19,13,12,,2025-07-30,2025-07-30
"Video parejas amor",2025-07-30,186,213,1.14516129,,CLP,420,"7 días tras clic, 1 día tras visualización o 1 día tras visualización activa",1,0.46948357,420,1971.83098592,,,74,7,,,,,,2025-07-30,2025-07-30
"Video Lluvia Reseña",2025-07-30,568,696,1.22535211,,CLP,1467,"7 días tras clic, 1 día tras visualización o 1 día tras visualización activa",11,2.5862069,81.5,2107.75862069,,,132,18,10,8,4,3,,2025-07-30,2025-07-30
"Video Martin gallardo",2025-07-30,766,1011,1.31984334,,CLP,2146,"7 días tras clic, 1 día tras visualización o 1 día tras visualización activa",18,3.56083086,59.61111111,2122.65084075,,,279,142,112,86,63,54,,2025-07-30,2025-07-30
"Video explicando servicio corto",2025-07-30,832,957,1.15024038,,CLP,1244,"7 días tras clic o 1 día tras visualización",10,2.71682341,47.84615385,1299.89550679,,,282,166,110,75,37,31,,2025-07-30,2025-07-30
"Video Lluvia",2025-07-30,42,44,1.04761905,,CLP,42,"7 días tras clic o 1 día tras visualización",2,9.09090909,10.5,954.54545455,,,12,3,1,,,,,2025-07-30,2025-07-30
"Video Lluvia",2025-07-30,1,1,1,,CLP,0,"7 días tras clic, 1 día tras visualización o 1 día tras visualización activa",,0,0,0,,,,,,,,,,2025-07-30,2025-07-30
"Video Viral TikTok",2025-07-30,1438,1732,1.20445063,,CLP,2251,"7 días tras clic, 1 día tras visualización o 1 día tras visualización activa",24,2.82909931,45.93877551,1299.65357968,,,543,96,41,31,26,15,,2025-07-30,2025-07-30
"Video Lluvia",2025-07-30,778,975,1.25321337,,CLP,1493,"7 días tras clic, 1 día tras visualización o 1 día tras visualización activa",13,3.8974359,39.28947368,1531.28205128,,,190,39,16,13,9,8,,2025-07-30,2025-07-30
"Video Lluvia",2025-07-30,967,1107,1.14477766,,CLP,1433,"7 días tras clic, 1 día tras visualización o 1 día tras visualización activa",12,2.52935863,51.17857143,1294.48961156,,,245,35,14,10,7,5,,2025-07-30,2025-07-30
"Video parejas amor",2025-07-30,139,160,1.15107914,,CLP,283,"7 días tras clic o 1 día tras visualización",,2.5,70.75,1768.75,,,72,8,3,1,1,,,2025-07-30,2025-07-30
"Video parejas amor",2025-07-30,987,1238,1.25430598,,CLP,1895,"7 días tras clic, 1 día tras visualización o 1 día tras visualización activa",18,2.50403877,61.12903226,1530.69466882,,,397,40,14,10,7,4,,2025-07-30,2025-07-30
"Video Lluvia",2025-07-30,620,815,1.31451613,,CLP,1517,"7 días tras clic, 1 día tras visualización o 1 día tras visualización activa",11,2.33128834,79.84210526,1861.34969325,,,165,34,14,10,6,5,,2025-07-30,2025-07-30
"Video explicando servicio corto",2025-07-30,1556,1889,1.21401028,,CLP,2211,"7 días tras clic, 1 día tras visualización o 1 día tras visualización activa",33,3.388036,34.546875,1170.46056114,,,523,369,250,163,91,82,,2025-07-30,2025-07-30
"Video Viral TikTok",2025-07-12,0,0,0,,CLP,0,"7 días tras clic, 1 día tras visualización o 1 día tras visualización activa",,0,0,0,6,0,,,,,,,,2025-07-12,2025-07-12
"Video parejas dcto",2025-07-11,54,58,1.07407407,,CLP,118,"7 días tras clic o 1 día tras visualización",,1.72413793,118,2034.48275862,,,22,5,1,,,,,2025-07-11,2025-07-11
"Video Viral TikTok",2025-07-11,992,1098,1.10685484,,CLP,1458,"7 días tras clic, 1 día tras visualización o 1 día tras visualización activa",10,3.00546448,44.18181818,1327.86885246,,,298,53,20,12,6,1,,2025-07-11,2025-07-11
"Video Lluvia",2025-07-11,10,11,1.1,,CLP,15,"7 días tras clic, 1 día tras visualización o 1 día tras visualización activa",,0,0,1363.63636364,,,2,,,,,,,2025-07-11,2025-07-11
"Video Lluvia",2025-07-11,43,48,1.11627907,,CLP,52,"7 días tras clic, 1 día tras visualización o 1 día tras visualización activa",,2.08333333,52,1083.33333333,,,11,,,,,,,2025-07-11,2025-07-11
"Video explicando servicio corto",2025-07-11,328,336,1.02439024,,CLP,365,"7 días tras clic o 1 día tras visualización",7,5.35714286,20.27777778,1086.30952381,,,101,77,58,32,14,14,,2025-07-11,2025-07-11
"Video parejas amor",2025-07-11,1,1,1,,CLP,2,"7 días tras clic, 1 día tras visualización o 1 día tras visualización activa",,0,0,2000,,,1,,,,,,,2025-07-11,2025-07-11
"Video parejas amor",2025-07-11,6,6,1,,CLP,3,"7 días tras clic o 1 día tras visualización",,0,0,500,,,2,1,1,,,,,2025-07-11,2025-07-11
"Video explicando servicio corto",2025-07-11,929,1028,1.1065662,,CLP,1651,"7 días tras clic, 1 día tras visualización o 1 día tras visualización activa",15,3.40466926,47.17142857,1606.0311284,,,269,197,152,99,50,45,,2025-07-11,2025-07-11
"Video Lluvia",2025-07-11,31,35,1.12903226,,CLP,49,"7 días tras clic o 1 día tras visualización",1,5.71428571,24.5,1400,,,5,,,,,,,2025-07-11,2025-07-11
"Video Lluvia",2025-07-11,620,741,1.19516129,,CLP,1452,"7 días tras clic, 1 día tras visualización o 1 día tras visualización activa",4,1.6194332,121,1959.51417004,,,122,14,7,4,2,2,,2025-07-11,2025-07-11
"Video pareja dcto",2025-07-11,1,2,2,,CLP,4,"7 días tras clic, 1 día tras visualización o 1 día tras visualización activa",,0,0,2000,,,,,,,,,,2025-07-11,2025-07-11
"Video pareja dcto",2025-07-11,292,328,1.12328767,,CLP,493,"7 días tras clic, 1 día tras visualización o 1 día tras visualización activa",1,2.13414634,70.42857143,1503.04878049,,,119,7,,,,,,2025-07-11,2025-07-11
"Video explicando servicio corto",2025-07-11,199,205,1.03015075,,CLP,161,"7 días tras clic, 1 día tras visualización o 1 día tras visualización activa",3,2.43902439,32.2,785.36585366,,,57,39,32,16,6,6,,2025-07-11,2025-07-11
"Video explicando servicio corto",2025-07-11,518,531,1.02509653,,CLP,515,"7 días tras clic, 1 día tras visualización o 1 día tras visualización activa",11,5.08474576,19.07407407,969.86817326,,,181,127,93,56,30,29,,2025-07-11,2025-07-11
"Video pareja dcto",2025-07-11,203,217,1.06896552,,CLP,352,"7 días tras clic, 1 día tras visualización o 1 día tras visualización activa",1,2.30414747,70.4,1622.11981567,,,80,9,1,1,1,1,,2025-07-11,2025-07-11
"Video parejas amor",2025-07-10,1,1,1,,CLP,1,"7 días tras clic, 1 día tras visualización o 1 día tras visualización activa",,0,0,1000,,,,,,,,,,2025-07-10,2025-07-10
"Video Viral TikTok",2025-07-10,2696,3220,1.19436202,,CLP,4148,"7 días tras clic, 1 día tras visualización o 1 día tras visualización activa",42,2.95031056,43.66315789,1288.19875776,,,813,136,68,51,32,20,,2025-07-10,2025-07-10
"Video Lluvia",2025-07-10,1,1,1,,CLP,1,"7 días tras clic, 1 día tras visualización o 1 día tras visualización activa",,0,0,1000,,,,,,,,,,2025-07-10,2025-07-10
"Video parejas amor",2025-07-10,555,646,1.16396396,,CLP,878,"7 días tras clic, 1 día tras visualización o 1 día tras visualización activa",8,3.40557276,39.90909091,1359.13312693,,,231,21,6,2,1,1,,2025-07-10,2025-07-10
"Video pareja dcto",2025-07-10,306,354,1.15686275,,CLP,526,"7 días tras clic, 1 día tras visualización o 1 día tras visualización activa",4,3.67231638,40.46153846,1485.87570621,,,102,19,7,4,3,3,,2025-07-10,2025-07-10
"Video Lluvia",2025-07-10,24,24,1,,CLP,28,"7 días tras clic o 1 día tras visualización",,4.16666667,28,1166.66666667,,,4,1,1,,,,,2025-07-10,2025-07-10
"Video Lluvia",2025-07-10,1655,2108,1.27371601,,CLP,4112,"7 días tras clic, 1 día tras visualización o 1 día tras visualización activa",21,2.13472486,91.37777778,1950.66413662,,,356,50,31,22,19,14,,2025-07-10,2025-07-10
"Video explicando servicio corto",2025-07-10,1145,1198,1.04628821,,CLP,1514,"7 días tras clic o 1 día tras visualización",25,5.17529215,24.41935484,1263.77295492,,,376,249,183,120,59,51,,2025-07-10,2025-07-10
"Video explicando servicio corto",2025-07-10,1796,1966,1.09465479,1,CLP,1853,"7 días tras clic, 1 día tras visualización o 1 día tras visualización activa",19,2.95015259,31.94827586,942.52288911,,,606,447,310,206,107,96,1853,2025-07-10,2025-07-10
"Video parejas dcto",2025-07-10,93,101,1.08602151,,CLP,136,"7 días tras clic o 1 día tras visualización",,4.95049505,27.2,1346.53465347,,,37,3,2,2,2,,,2025-07-10,2025-07-10
"Video explicando servicio corto",2025-07-10,1487,1591,1.06993948,,CLP,1441,"7 días tras clic, 1 día tras visualización o 1 día tras visualización activa",35,4.77686989,18.96052632,905.71967316,,,491,347,261,163,89,82,,2025-07-10,2025-07-10
"Video pareja dcto",2025-07-10,13,14,1.07692308,,CLP,22,"7 días tras clic, 1 día tras visualización o 1 día tras visualización activa",,0,0,1571.42857143,,,4,,,,,,,2025-07-10,2025-07-10
"Video explicando servicio corto",2025-07-10,2598,3082,1.18629715,,CLP,4640,"7 días tras clic, 1 día tras visualización o 1 día tras visualización activa",39,2.9201817,51.55555556,1505.51589877,,,807,602,450,298,173,154,,2025-07-10,2025-07-10
"Video parejas amor",2025-07-10,24,26,1.08333333,,CLP,37,"7 días tras clic, 1 día tras visualización o 1 día tras visualización activa",,0,0,1423.07692308,,,11,1,1,,,,,2025-07-10,2025-07-10
"Video parejas amor",2025-07-10,235,271,1.15319149,,CLP,513,"7 días tras clic o 1 día tras visualización",2,2.58302583,73.28571429,1892.98892989,,,107,9,3,3,3,1,,2025-07-10,2025-07-10
"Video explicando servicio corto",2025-07-10,1501,1639,1.09193871,,CLP,1386,"7 días tras clic, 1 día tras visualización o 1 día tras visualización activa",24,3.29469189,25.66666667,845.63758389,,,471,329,239,157,74,64,,2025-07-10,2025-07-10
"Video explicando servicio corto",2025-07-09,1225,1364,1.11346939,,CLP,1804,"7 días tras clic o 1 día tras visualización",23,4.3255132,30.57627119,1322.58064516,,,427,311,234,156,85,76,,2025-07-09,2025-07-09
"Video parejas amor",2025-07-09,312,326,1.04487179,,CLP,511,"7 días tras clic, 1 día tras visualización o 1 día tras visualización activa",6,4.29447853,36.5,1567.48466258,,,138,15,7,4,4,2,,2025-07-09,2025-07-09
"Video explicando servicio corto",2025-07-09,2434,2815,1.15653246,,CLP,4229,"7 días tras clic, 1 día tras visualización o 1 día tras visualización activa",43,2.87744227,52.20987654,1502.30905861,,,802,614,429,288,168,156,,2025-07-09,2025-07-09
"Video parejas dcto",2025-07-09,50,50,1,,CLP,87,"7 días tras clic o 1 día tras visualización",,0,0,1740,,,18,2,1,,,,,2025-07-09,2025-07-09
"Video explicando servicio corto",2025-07-09,1307,1369,1.04743688,,CLP,1260,"7 días tras clic, 1 día tras visualización o 1 día tras visualización activa",28,3.65230095,25.2,920.3798393,,,432,299,221,144,60,55,,2025-07-09,2025-07-09
"Video parejas amor",2025-07-09,13,15,1.15384615,,CLP,28,"7 días tras clic o 1 día tras visualización",,0,0,1866.66666667,,,10,2,1,1,,,,2025-07-09,2025-07-09
"Video Lluvia",2025-07-09,1372,1824,1.32944606,1,CLP,4352,"7 días tras clic, 1 día tras visualización o 1 día tras visualización activa",20,2.19298246,108.8,2385.96491228,,,323,45,18,15,10,7,4352,2025-07-09,2025-07-09
"Video Lluvia",2025-07-09,2,2,1,,CLP,7,"7 días tras clic, 1 día tras visualización o 1 día tras visualización activa",,50,7,3500,,,1,,,,,,,2025-07-09,2025-07-09
"Video parejas amor",2025-07-09,446,511,1.14573991,,CLP,903,"7 días tras clic, 1 día tras visualización o 1 día tras visualización activa",4,1.56555773,112.875,1767.12328767,,,184,16,5,1,1,,,2025-07-09,2025-07-09
"Video pareja dcto",2025-07-09,4,4,1,,CLP,7,"7 días tras clic, 1 día tras visualización o 1 día tras visualización activa",,0,0,1750,,,,,,,,,,2025-07-09,2025-07-09
"Video explicando servicio corto",2025-07-09,1003,1079,1.07577268,,CLP,1108,"7 días tras clic, 1 día tras visualización o 1 día tras visualización activa",20,4.91195551,20.90566038,1026.87673772,,,359,280,213,143,80,78,,2025-07-09,2025-07-09
"Video parejas amor",2025-07-09,42,43,1.02380952,,CLP,106,"7 días tras clic, 1 día tras visualización o 1 día tras visualización activa",,0,0,2465.11627907,,,11,1,,,,,,2025-07-09,2025-07-09
"Video explicando servicio corto",2025-07-09,1885,2034,1.07904509,,CLP,1820,"7 días tras clic, 1 día tras visualización o 1 día tras visualización activa",28,3.04818092,29.35483871,894.7885939,,,642,458,334,212,100,90,,2025-07-09,2025-07-09
"Video Lluvia",2025-07-09,14,14,1,,CLP,23,"7 días tras clic o 1 día tras visualización",,7.14285714,23,1642.85714286,,,2,,,,,,,2025-07-09,2025-07-09
"Video Viral TikTok",2025-07-09,2556,3012,1.17840376,4,CLP,3880,"7 días tras clic, 1 día tras visualización o 1 día tras visualización activa",29,2.49003984,51.73333333,1288.18061089,4,970,816,144,75,50,33,24,970,2025-07-09,2025-07-09
"Video pareja dcto",2025-07-09,4,4,1,,CLP,5,"7 días tras clic, 1 día tras visualización o 1 día tras visualización activa",,0,0,1250,,,3,,,,,,,2025-07-09,2025-07-09
"Video pareja dcto",2025-07-09,20,20,1,2,CLP,35,"7 días tras clic, 1 día tras visualización o 1 día tras visualización activa",,0,0,1750,,,5,1,,,,,17.5,2025-07-09,2025-07-09
"Video parejas amor",2025-07-09,1,1,1,,CLP,1,"7 días tras clic, 1 día tras visualización o 1 día tras visualización activa",,0,0,1000,,,1,,,,,,,2025-07-09,2025-07-09
"Video Lluvia",2025-07-08,1450,1871,1.29034483,,CLP,4061,"7 días tras clic, 1 día tras visualización o 1 día tras visualización activa",17,2.19134153,99.04878049,2170.4970604,,,326,56,25,16,13,11,,2025-07-08,2025-07-08
"Video pareja dcto",2025-07-08,338,374,1.10650888,,CLP,744,"7 días tras clic, 1 día tras visualización o 1 día tras visualización activa",2,1.06951872,186,1989.30481283,1,744,88,7,2,2,1,1,,2025-07-08,2025-07-08
"Video parejas amor",2025-07-08,17,17,1,,CLP,19,"7 días tras clic o 1 día tras visualización",,0,0,1117.64705882,,,8,1,,,,,,2025-07-08,2025-07-08
"Video explicando servicio corto",2025-07-08,2132,2258,1.05909944,,CLP,1937,"7 días tras clic, 1 día tras visualización o 1 día tras visualización activa",28,3.32152347,25.82666667,857.83879539,,,692,489,371,212,115,96,,2025-07-08,2025-07-08
"Video Lluvia",2025-07-08,19,20,1.05263158,,CLP,33,"7 días tras clic, 1 día tras visualización o 1 día tras visualización activa",,0,0,1650,,,3,,,,,,,2025-07-08,2025-07-08
"Video Lluvia",2025-07-08,56,60,1.07142857,,CLP,92,"7 días tras clic o 1 día tras visualización",1,5,30.66666667,1533.33333333,,,19,3,,,,,,2025-07-08,2025-07-08
"Video parejas dcto",2025-07-08,35,36,1.02857143,,CLP,69,"7 días tras clic o 1 día tras visualización",,0,0,1916.66666667,,,12,,,,,,,2025-07-08,2025-07-08
"Video explicando servicio corto",2025-07-08,1531,1587,1.0365774,,CLP,1809,"7 días tras clic o 1 día tras visualización",23,3.46565848,32.89090909,1139.88657845,,,454,319,224,135,76,66,,2025-07-08,2025-07-08
"Video Lluvia",2025-07-08,122,129,1.05737705,,CLP,169,"7 días tras clic, 1 día tras visualización o 1 día tras visualización activa",,1.5503876,84.5,1310.07751938,,,24,4,4,2,,,,2025-07-08,2025-07-08
"Video explicando servicio corto",2025-07-08,3583,4184,1.16773653,,CLP,4872,"7 días tras clic, 1 día tras visualización o 1 día tras visualización activa",55,3.39388145,34.30985915,1164.43594646,,,1091,836,611,381,204,188,,2025-07-08,2025-07-08
"Video Lluvia",2025-07-08,215,245,1.13953488,,CLP,333,"7 días tras clic, 1 día tras visualización o 1 día tras visualización activa",4,4.08163265,33.3,1359.18367347,,,71,17,8,3,3,,,2025-07-08,2025-07-08
"Video Lluvia",2025-07-08,72,75,1.04166667,,CLP,106,"7 días tras clic, 1 día tras visualización o 1 día tras visualización activa",2,6.66666667,21.2,1413.33333333,,,21,5,3,2,1,1,,2025-07-08,2025-07-08
"Video explicando servicio corto",2025-07-08,1912,2110,1.10355649,,CLP,1775,"7 días tras clic, 1 día tras visualización o 1 día tras visualización activa",29,3.88625592,21.64634146,841.23222749,,,673,489,365,234,130,111,,2025-07-08,2025-07-08
"Video Viral TikTok",2025-07-08,2867,3314,1.1559121,1,CLP,4164,"7 días tras clic, 1 día tras visualización o 1 día tras visualización activa",36,3.1985516,39.28301887,1256.48762824,2,2082,924,169,75,53,34,21,4164,2025-07-08,2025-07-08
"Video explicando servicio corto",2025-07-08,2457,2725,1.10907611,,CLP,2024,"7 días tras clic, 1 día tras visualización o 1 día tras visualización activa",49,3.59633028,20.65306122,742.75229358,,,836,594,429,278,145,129,,2025-07-08,2025-07-08
"Video parejas amor",2025-07-07,137,148,1.08029197,,CLP,292,"7 días tras clic, 1 día tras visualización o 1 día tras visualización activa",1,2.02702703,97.33333333,1972.97297297,,,42,4,2,1,1,,,2025-07-07,2025-07-07
"Video explicando servicio corto",2025-07-07,1946,2124,1.09146968,,CLP,1512,"7 días tras clic, 1 día tras visualización o 1 día tras visualización activa",42,4.80225989,14.82352941,711.86440678,,,709,526,387,240,128,111,,2025-07-07,2025-07-07
"Video Lluvia",2025-07-07,16,16,1,,CLP,12,"7 días tras clic, 1 día tras visualización o 1 día tras visualización activa",,6.25,12,750,,,8,1,1,1,1,1,,2025-07-07,2025-07-07
"Video Lluvia",2025-07-07,33,33,1,,CLP,76,"7 días tras clic o 1 día tras visualización",3,21.21212121,10.85714286,2303.03030303,,,11,2,2,2,1,,,2025-07-07,2025-07-07
"Video Lluvia",2025-07-07,58,60,1.03448276,,CLP,67,"7 días tras clic, 1 día tras visualización o 1 día tras visualización activa",,0,0,1116.66666667,,,17,6,3,3,1,1,,2025-07-07,2025-07-07
"Video explicando servicio corto",2025-07-07,1907,2059,1.07970635,,CLP,1664,"7 días tras clic, 1 día tras visualización o 1 día tras visualización activa",31,3.108305,26,808.15930063,,,705,479,352,235,112,98,,2025-07-07,2025-07-07
"Video explicando servicio corto",2025-07-07,1335,1450,1.08614232,,CLP,1318,"7 días tras clic o 1 día tras visualización",22,4.4137931,20.59375,908.96551724,,,452,308,235,161,81,73,,2025-07-07,2025-07-07
"Video Viral TikTok",2025-07-07,3589,3965,1.10476456,,CLP,4072,"7 días tras clic, 1 día tras visualización o 1 día tras visualización activa",38,2.82471627,36.35714286,1026.98612863,,,1101,197,82,46,35,22,,2025-07-07,2025-07-07
"Video pareja dcto",2025-07-07,142,149,1.04929577,,CLP,232,"7 días tras clic, 1 día tras visualización o 1 día tras visualización activa",1,2.01342282,77.33333333,1557.04697987,,,53,5,2,2,,,,2025-07-07,2025-07-07
"Video explicando servicio corto",2025-07-07,3555,3912,1.10042194,,CLP,3916,"7 días tras clic, 1 día tras visualización o 1 día tras visualización activa",61,3.24642127,30.83464567,1001.02249489,,,1135,854,626,393,239,214,,2025-07-07,2025-07-07
"Video pareja dcto",2025-07-07,146,151,1.03424658,,CLP,178,"7 días tras clic, 1 día tras visualización o 1 día tras visualización activa",2,2.64900662,44.5,1178.80794702,,,52,7,2,2,2,2,,2025-07-07,2025-07-07
"Video parejas amor",2025-07-07,284,317,1.11619718,,CLP,580,"7 días tras clic, 1 día tras visualización o 1 día tras visualización activa",2,3.15457413,58,1829.65299685,,,124,16,8,6,4,3,,2025-07-07,2025-07-07
"Video Lluvia",2025-07-07,56,62,1.10714286,,CLP,65,"7 días tras clic, 1 día tras visualización o 1 día tras visualización activa",,3.22580645,32.5,1048.38709677,,,12,2,1,,,,,2025-07-07,2025-07-07
"Video parejas amor",2025-07-07,147,149,1.01360544,,CLP,203,"7 días tras clic, 1 día tras visualización o 1 día tras visualización activa",,2.01342282,67.66666667,1362.41610738,,,68,7,2,1,1,,,2025-07-07,2025-07-07
"Video explicando servicio corto",2025-07-07,1297,1375,1.06013878,,CLP,1074,"7 días tras clic, 1 día tras visualización o 1 día tras visualización activa",24,4.14545455,18.84210526,781.09090909,,,451,326,229,145,65,59,,2025-07-07,2025-07-07
"Video parejas amor",2025-07-07,165,168,1.01818182,,CLP,212,"7 días tras clic, 1 día tras visualización o 1 día tras visualización activa",,2.97619048,42.4,1261.9047619,,,75,12,3,1,1,,,2025-07-07,2025-07-07
"Video Lluvia",2025-07-07,1917,2322,1.21126761,,CLP,4025,"7 días tras clic, 1 día tras visualización o 1 día tras visualización activa",17,1.9379845,89.44444444,1733.41946598,2,2012.5,436,63,28,19,14,9,,2025-07-07,2025-07-07
"Video Lluvia",2025-07-07,39,40,1.02564103,,CLP,32,"7 días tras clic, 1 día tras visualización o 1 día tras visualización activa",,0,0,800,,,12,,,,,,,2025-07-07,2025-07-07
"Video parejas dcto",2025-07-07,285,314,1.10175439,,CLP,535,"7 días tras clic o 1 día tras visualización",4,4.45859873,38.21428571,1703.82165605,,,137,11,3,3,2,,,2025-07-07,2025-07-07
"Video parejas amor",2025-07-07,78,79,1.01282051,,CLP,108,"7 días tras clic o 1 día tras visualización",2,5.06329114,27,1367.08860759,,,36,4,1,,,,,2025-07-07,2025-07-07
"Video pareja dcto",2025-07-07,211,237,1.12322275,,CLP,296,"7 días tras clic, 1 día tras visualización o 1 día tras visualización activa",1,2.9535865,42.28571429,1248.94514768,,,92,10,3,2,2,,,2025-07-07,2025-07-07
"Video pareja dcto",2025-07-07,979,1118,1.14198161,,CLP,1736,"7 días tras clic, 1 día tras visualización o 1 día tras visualización activa",6,1.34168157,115.73333333,1552.77280859,,,290,31,9,8,5,4,,2025-07-07,2025-07-07
"Video explicando servicio corto",2025-07-06,1245,1356,1.08915663,,CLP,1187,"7 días tras clic o 1 día tras visualización",19,3.61356932,24.2244898,875.36873156,,,440,305,225,142,74,63,,2025-07-06,2025-07-06
"Video pareja dcto",2025-07-06,1292,1569,1.21439628,,CLP,2137,"7 días tras clic, 1 día tras visualización o 1 día tras visualización activa",12,2.35818993,57.75675676,1362.01402167,,,549,62,20,14,13,10,,2025-07-06,2025-07-06
"Video parejas amor",2025-07-06,1177,1372,1.16567545,,CLP,2109,"7 días tras clic, 1 día tras visualización o 1 día tras visualización activa",12,2.98833819,51.43902439,1537.17201166,,,492,53,11,3,2,1,,2025-07-06,2025-07-06
"Video parejas amor",2025-07-06,1236,1396,1.12944984,,CLP,2111,"7 días tras clic, 1 día tras visualización o 1 día tras visualización activa",8,3.72492837,40.59615385,1512.17765043,,,576,43,15,11,9,4,,2025-07-06,2025-07-06
"Video Lluvia",2025-07-06,1890,2336,1.23597884,,CLP,4079,"7 días tras clic, 1 día tras visualización o 1 día tras visualización activa",34,2.65410959,65.79032258,1746.14726027,,,474,82,27,22,14,11,,2025-07-06,2025-07-06
"Video Viral TikTok",2025-07-06,3461,3993,1.1537128,,CLP,4038,"7 días tras clic, 1 día tras visualización o 1 día tras visualización activa",71,3.50613574,28.84285714,1011.26972201,,,1113,191,91,53,36,25,,2025-07-06,2025-07-06
"Video parejas amor",2025-07-06,1892,2459,1.29968288,,CLP,5090,"7 días tras clic, 1 día tras visualización o 1 día tras visualización activa",22,1.74867832,118.37209302,2069.94713298,,,702,70,21,9,5,4,,2025-07-06,2025-07-06
"Video parejas dcto",2025-07-06,62,66,1.06451613,,CLP,125,"7 días tras clic o 1 día tras visualización",1,7.57575758,25,1893.93939394,,,32,5,2,2,1,1,,2025-07-06,2025-07-06
"Video parejas amor",2025-07-06,324,387,1.19444444,,CLP,604,"7 días tras clic o 1 día tras visualización",5,4.65116279,33.55555556,1560.72351421,,,142,17,4,2,2,,,2025-07-06,2025-07-06
"Video Lluvia",2025-07-06,52,55,1.05769231,,CLP,78,"7 días tras clic o 1 día tras visualización",,3.63636364,39,1418.18181818,,,15,4,2,1,,,,2025-07-06,2025-07-06
"Video parejas dcto",2025-07-05,47,48,1.0212766,,CLP,60,"7 días tras clic o 1 día tras visualización",,2.08333333,60,1250,,,19,,,,,,,2025-07-05,2025-07-05
"Video Lluvia",2025-07-05,33,36,1.09090909,,CLP,84,"7 días tras clic o 1 día tras visualización",1,11.11111111,21,2333.33333333,,,9,4,2,,,,,2025-07-05,2025-07-05
"Video parejas amor",2025-07-05,1693,2352,1.38924985,,CLP,4630,"7 días tras clic, 1 día tras visualización o 1 día tras visualización activa",22,1.74319728,112.92682927,1968.53741497,,,621,55,21,14,11,10,,2025-07-05,2025-07-05
"Video parejas amor",2025-07-05,1227,1402,1.14262429,,CLP,1776,"7 días tras clic, 1 día tras visualización o 1 día tras visualización activa",9,2.56776034,49.33333333,1266.7617689,,,544,45,17,9,9,7,,2025-07-05,2025-07-05
"Video pareja dcto",2025-07-05,1155,1331,1.15238095,,CLP,1819,"7 días tras clic, 1 día tras visualización o 1 día tras visualización activa",12,2.40420736,56.84375,1366.64162284,,,441,35,12,7,4,3,,2025-07-05,2025-07-05
"Video Viral TikTok",2025-07-05,3032,3558,1.17348285,,CLP,3622,"7 días tras clic, 1 día tras visualización o 1 día tras visualización activa",59,4.18774592,24.30872483,1017.9876335,,,1040,195,84,44,29,19,,2025-07-05,2025-07-05
"Video explicando servicio corto",2025-07-05,1088,1160,1.06617647,,CLP,1016,"7 días tras clic o 1 día tras visualización",26,4.13793103,21.16666667,875.86206897,,,390,259,184,125,65,53,,2025-07-05,2025-07-05
"Video Lluvia",2025-07-05,1691,2122,1.25487877,,CLP,3762,"7 días tras clic, 1 día tras visualización o 1 día tras visualización activa",19,2.16776626,81.7826087,1772.85579642,,,415,64,23,15,8,7,,2025-07-05,2025-07-05
"Video parejas amor",2025-07-05,1071,1201,1.12138189,,CLP,1828,"7 días tras clic, 1 día tras visualización o 1 día tras visualización activa",11,3.41382182,44.58536585,1522.06494588,,,446,47,15,6,6,6,,2025-07-05,2025-07-05
"Video parejas amor",2025-07-05,360,423,1.175,,CLP,630,"7 días tras clic o 1 día tras visualización",,3.07328605,48.46153846,1489.36170213,,,165,20,4,2,2,1,,2025-07-05,2025-07-05
"Video explicando servicio corto",2025-07-04,1243,1335,1.07401448,,CLP,1058,"7 días tras clic, 1 día tras visualización o 1 día tras visualización activa",27,4.41947566,17.93220339,792.5093633,,,481,328,234,161,79,69,,2025-07-04,2025-07-04
"Video explicando servicio corto",2025-07-04,1038,1134,1.09248555,,CLP,1321,"7 días tras clic, 1 día tras visualización o 1 día tras visualización activa",20,4.76190476,24.46296296,1164.90299824,,,352,260,184,134,68,59,,2025-07-04,2025-07-04
"Video Viral TikTok",2025-07-04,2559,3010,1.17624072,,CLP,3550,"7 días tras clic, 1 día tras visualización o 1 día tras visualización activa",43,3.62126246,32.56880734,1179.40199336,,,850,139,71,45,34,20,,2025-07-04,2025-07-04
"Video parejas amor",2025-07-04,224,260,1.16071429,,CLP,415,"7 días tras clic o 1 día tras visualización",3,3.84615385,41.5,1596.15384615,,,85,16,3,2,2,2,,2025-07-04,2025-07-04
"Video parejas amor",2025-07-04,1063,1211,1.1392286,,CLP,1699,"7 días tras clic, 1 día tras visualización o 1 día tras visualización activa",13,2.97274979,47.19444444,1402.97274979,,,435,45,14,6,5,3,,2025-07-04,2025-07-04
"Video explicando servicio corto",2025-07-04,1,1,1,,CLP,0,"7 días tras clic, 1 día tras visualización o 1 día tras visualización activa",,0,0,0,,,,,,,,,,2025-07-04,2025-07-04
"Video parejas amor",2025-07-04,889,1167,1.31271091,,CLP,2435,"7 días tras clic, 1 día tras visualización o 1 día tras visualización activa",13,1.88517566,110.68181818,2086.54670094,,,298,30,11,7,6,6,,2025-07-04,2025-07-04
"Video pareja dcto",2025-07-04,226,254,1.12389381,,CLP,316,"7 días tras clic, 1 día tras visualización o 1 día tras visualización activa",1,1.96850394,63.2,1244.09448819,,,74,9,2,1,1,,,2025-07-04,2025-07-04
"Video explicando servicio corto",2025-07-04,1034,1085,1.04932302,,CLP,1242,"7 días tras clic o 1 día tras visualización",26,4.60829493,24.84,1144.70046083,2,621,365,246,165,114,55,47,,2025-07-04,2025-07-04
"Video pareja dcto",2025-07-04,72,74,1.02777778,,CLP,98,"7 días tras clic, 1 día tras visualización o 1 día tras visualización activa",,2.7027027,49,1324.32432432,,,30,,,,,,,2025-07-04,2025-07-04
"Video parejas dcto",2025-07-04,58,61,1.05172414,,CLP,101,"7 días tras clic o 1 día tras visualización",1,9.83606557,16.83333333,1655.73770492,,,34,3,1,1,1,,,2025-07-04,2025-07-04
"Video parejas amor",2025-07-04,1157,1309,1.13137424,,CLP,1816,"7 días tras clic, 1 día tras visualización o 1 día tras visualización activa",10,2.5210084,55.03030303,1387.31856379,,,441,40,13,8,7,5,,2025-07-04,2025-07-04
"Video pareja dcto",2025-07-04,1,1,1,,CLP,2,"7 días tras clic, 1 día tras visualización o 1 día tras visualización activa",,0,0,2000,,,1,,,,,,,2025-07-04,2025-07-04
"Video pareja dcto",2025-07-04,55,60,1.09090909,,CLP,57,"7 días tras clic, 1 día tras visualización o 1 día tras visualización activa",,1.66666667,57,950,,,20,1,,,,,,2025-07-04,2025-07-04
"Video explicando servicio corto",2025-07-04,2,2,1,,CLP,0,"7 días tras clic, 1 día tras visualización o 1 día tras visualización activa",,0,0,0,,,1,1,1,,,,,2025-07-04,2025-07-04
"Video Lluvia",2025-07-04,1309,1701,1.29946524,,CLP,3184,"7 días tras clic, 1 día tras visualización o 1 día tras visualización activa",20,2.4691358,75.80952381,1871.84009406,,,325,50,20,14,9,8,,2025-07-04,2025-07-04
"Video Lluvia",2025-07-04,28,29,1.03571429,,CLP,41,"7 días tras clic o 1 día tras visualización",1,6.89655172,20.5,1413.79310345,,,8,1,1,,,,,2025-07-04,2025-07-04
"Video parejas amor",2025-07-04,1,1,1,,CLP,6,"7 días tras clic, 1 día tras visualización o 1 día tras visualización activa",,0,0,6000,,,1,,,,,,,2025-07-04,2025-07-04
"Video parejas amor",2025-07-03,3,4,1.33333333,,CLP,1,"7 días tras clic o 1 día tras visualización",,25,1,250,,,,,,,,,,2025-07-03,2025-07-03
"Video pareja dcto",2025-07-03,1850,2446,1.32216216,,CLP,4805,"7 días tras clic, 1 día tras visualización o 1 día tras visualización activa",25,2.24856909,87.36363636,1964.43172527,,,723,77,19,8,5,5,,2025-07-03,2025-07-03
"Video Lluvia",2025-07-03,14,16,1.14285714,,CLP,28,"7 días tras clic o 1 día tras visualización",,0,0,1750,,,4,1,,,,,,2025-07-03,2025-07-03
"Video explicando servicio corto",2025-07-03,209,239,1.14354067,,CLP,353,"7 días tras clic, 1 día tras visualización o 1 día tras visualización activa",7,4.18410042,35.3,1476.9874477,,,69,54,41,29,18,16,,2025-07-03,2025-07-03
"Video explicando servicio corto",2025-07-03,176,182,1.03409091,,CLP,134,"7 días tras clic, 1 día tras visualización o 1 día tras visualización activa",4,6.04395604,12.18181818,736.26373626,,,65,47,30,22,10,8,,2025-07-03,2025-07-03
"Video explicando servicio corto",2025-07-03,2231,2480,1.11160914,,CLP,1973,"7 días tras clic, 1 día tras visualización o 1 día tras visualización activa",48,4.43548387,17.93636364,795.56451613,,,804,564,388,238,135,113,,2025-07-03,2025-07-03
"Video Viral TikTok",2025-07-03,2954,3480,1.17806364,1,CLP,4064,"7 días tras clic, 1 día tras visualización o 1 día tras visualización activa",50,2.90229885,40.23762376,1167.81609195,4,1016,989,167,81,51,31,19,4064,2025-07-03,2025-07-03
"Video explicando servicio corto",2025-07-03,2178,2379,1.0922865,1,CLP,2077,"7 días tras clic, 1 día tras visualización o 1 día tras visualización activa",46,4.07734342,21.41237113,873.05590584,2,1038.5,762,539,378,257,125,112,2077,2025-07-03,2025-07-03
"Video explicando servicio corto",2025-07-03,2003,2187,1.09186221,,CLP,2198,"7 días tras clic o 1 día tras visualización",44,5.25834476,19.11304348,1005.02972108,1,2198,716,483,342,243,129,111,,2025-07-03,2025-07-03
"Video parejas amor",2025-07-03,983,1103,1.12207528,,CLP,2159,"7 días tras clic, 1 día tras visualización o 1 día tras visualización activa",17,3.08250227,63.5,1957.38893926,,,383,43,12,5,5,4,,2025-07-03,2025-07-03
"Video Lluvia",2025-07-03,1882,2338,1.24229543,,CLP,4350,"7 días tras clic, 1 día tras visualización o 1 día tras visualización activa",26,2.60906758,71.31147541,1860.56458512,,,493,86,42,25,16,10,,2025-07-03,2025-07-03
"Video parejas dcto",2025-07-03,12,12,1,,CLP,22,"7 días tras clic o 1 día tras visualización",,0,0,1833.33333333,,,7,,,,,,,2025-07-03,2025-07-03
"Video Lluvia",2025-07-03,26,28,1.07692308,,CLP,43,"7 días tras clic, 1 día tras visualización o 1 día tras visualización activa",,0,0,1535.71428571,,,7,2,1,,,,,2025-07-03,2025-07-03
"Video parejas amor",2025-07-02,2,2,1,,CLP,10,"7 días tras clic o 1 día tras visualización",,0,0,5000,,,2,,,,,,,2025-07-02,2025-07-02
"Video Lluvia",2025-07-02,1565,2064,1.31884984,,CLP,3641,"7 días tras clic, 1 día tras visualización o 1 día tras visualización activa",25,3.05232558,57.79365079,1764.0503876,,,438,78,34,22,20,12,,2025-07-02,2025-07-02
"Video explicando servicio corto",2025-07-02,863,961,1.11355736,,CLP,1155,"7 días tras clic, 1 día tras visualización o 1 día tras visualización activa",24,4.78668054,25.10869565,1201.87304891,,,295,232,162,110,61,57,,2025-07-02,2025-07-02
"Video parejas dcto",2025-07-02,6,8,1.33333333,,CLP,6,"7 días tras clic o 1 día tras visualización",,0,0,750,,,3,,,,,,,2025-07-02,2025-07-02
"Video Lluvia",2025-07-02,23,26,1.13043478,,CLP,25,"7 días tras clic, 1 día tras visualización o 1 día tras visualización activa",1,3.84615385,25,961.53846154,,,4,,,,,,,2025-07-02,2025-07-02
"Video Viral TikTok",2025-07-02,2723,3366,1.23613661,,CLP,3732,"7 días tras clic, 1 día tras visualización o 1 día tras visualización activa",58,4.09982175,27.04347826,1108.73440285,,,942,176,70,44,34,19,,2025-07-02,2025-07-02
"Video explicando servicio corto",2025-07-02,1915,2174,1.13524804,,CLP,2172,"7 días tras clic o 1 día tras visualización",46,4.32382705,23.10638298,999.0800368,,,623,442,323,222,113,106,,2025-07-02,2025-07-02
"Video Lluvia",2025-07-02,15,15,1,,CLP,17,"7 días tras clic o 1 día tras visualización",1,13.33333333,8.5,1133.33333333,,,2,1,1,,,,,2025-07-02,2025-07-02
"Video explicando servicio corto",2025-07-02,2398,2687,1.1205171,,CLP,2150,"7 días tras clic, 1 día tras visualización o 1 día tras visualización activa",33,2.8284332,28.28947368,800.14886491,,,809,544,385,244,132,119,,2025-07-02,2025-07-02
"Video pareja dcto",2025-07-02,1410,1838,1.3035461,1,CLP,3060,"7 días tras clic, 1 día tras visualización o 1 día tras visualización activa",25,3.10119695,53.68421053,1664.8531012,2,1530,536,75,28,21,16,13,3060,2025-07-02,2025-07-02
"Video explicando servicio corto",2025-07-02,2363,2599,1.09987304,,CLP,2076,"7 días tras clic, 1 día tras visualización o 1 día tras visualización activa",50,4.11696806,19.40186916,798.76875721,,,793,571,392,242,129,117,,2025-07-02,2025-07-02
"Video parejas amor",2025-07-02,658,802,1.21884498,,CLP,1676,"7 días tras clic, 1 día tras visualización o 1 día tras visualización activa",10,2.24438903,93.11111111,2089.7755611,,,252,25,8,3,2,2,,2025-07-02,2025-07-02
"Video parejas amor",2025-07-01,2,2,1,,CLP,3,"7 días tras clic o 1 día tras visualización",,0,0,1500,,,1,,,,,,,2025-07-01,2025-07-01
"Video Lluvia",2025-07-01,13,16,1.23076923,,CLP,51,"7 días tras clic, 1 día tras visualización o 1 día tras visualización activa",,0,0,3187.5,,,2,1,,,,,,2025-07-01,2025-07-01
"Video pareja dcto",2025-07-01,977,1128,1.15455476,,CLP,2604,"7 días tras clic, 1 día tras visualización o 1 día tras visualización activa",19,3.0141844,76.58823529,2308.5106383,,,379,50,21,14,13,10,,2025-07-01,2025-07-01
"Video parejas dcto",2025-07-01,6,6,1,,CLP,10,"7 días tras clic o 1 día tras visualización",,0,0,1666.66666667,,,4,1,,,,,,2025-07-01,2025-07-01
"Video explicando servicio corto",2025-07-01,1903,2153,1.13137152,,CLP,2151,"7 días tras clic o 1 día tras visualización",31,4.22666047,23.63736264,999.07106363,,,687,500,348,222,110,93,,2025-07-01,2025-07-01
"Video parejas amor",2025-07-01,512,572,1.1171875,,CLP,2247,"7 días tras clic, 1 día tras visualización o 1 día tras visualización activa",21,4.8951049,80.25,3928.32167832,,,205,35,8,6,4,3,,2025-07-01,2025-07-01
"Video Viral TikTok",2025-07-01,3133,3628,1.15799553,,CLP,3970,"7 días tras clic, 1 día tras visualización o 1 día tras visualización activa",70,4.41014333,24.8125,1094.26681367,,,1144,209,106,70,38,21,,2025-07-01,2025-07-01
"Video Lluvia",2025-07-01,1713,2202,1.2854641,,CLP,4088,"7 días tras clic, 1 día tras visualización o 1 día tras visualización activa",28,2.36148955,78.61538462,1856.49409628,,,434,71,34,27,18,18,,2025-07-01,2025-07-01
"Video explicando servicio corto",2025-07-01,1965,2468,1.25597964,,CLP,3521,"7 días tras clic, 1 día tras visualización o 1 día tras visualización activa",67,6.11831442,23.31788079,1426.66126418,,,812,654,478,343,193,177,,2025-07-01,2025-07-01
"Video explicando servicio corto",2025-07-01,2270,2473,1.08942731,2,CLP,2107,"7 días tras clic, 1 día tras visualización o 1 día tras visualización activa",36,2.91144359,29.26388889,852.00161747,2,1053.5,749,525,386,225,106,95,1053.5,2025-07-01,2025-07-01
"Video explicando servicio corto",2025-07-01,2175,2427,1.11586207,,CLP,2133,"7 días tras clic, 1 día tras visualización o 1 día tras visualización activa",39,3.29625052,26.6625,878.86279357,,,765,547,385,269,135,122,,2025-07-01,2025-07-01
"Video Lluvia",2025-07-01,26,28,1.07692308,,CLP,28,"7 días tras clic o 1 día tras visualización",1,3.57142857,28,1000,,,6,,,,,,,2025-07-01,2025-07-01
"Video parejas dcto",2025-06-30,7,7,1,,CLP,8,"7 días tras clic o 1 día tras visualización",,14.28571429,8,1142.85714286,,,5,,,,,,,2025-06-30,2025-06-30
"Video explicando servicio corto",2025-06-30,2138,2331,1.09027128,,CLP,2005,"7 días tras clic, 1 día tras visualización o 1 día tras visualización activa",42,3.9039039,22.03296703,860.14586015,,,821,601,436,288,142,129,,2025-06-30,2025-06-30
"Video explicando servicio corto",2025-06-30,2133,2275,1.0665729,,CLP,2084,"7 días tras clic, 1 día tras visualización o 1 día tras visualización activa",37,4.30769231,21.26530612,916.04395604,,,790,573,418,266,130,122,,2025-06-30,2025-06-30
"Video Viral TikTok",2025-06-30,4197,4734,1.12794853,,CLP,4635,"7 días tras clic, 1 día tras visualización o 1 día tras visualización activa",54,3.18969159,30.69536424,979.08745247,1,4635,1454,230,93,60,40,34,,2025-06-30,2025-06-30
"Video Lluvia",2025-06-30,21,22,1.04761905,,CLP,63,"7 días tras clic o 1 día tras visualización",,4.54545455,63,2863.63636364,,,7,2,1,1,,,,2025-06-30,2025-06-30
"Video explicando servicio corto",2025-06-30,1508,1671,1.10809019,,CLP,1918,"7 días tras clic o 1 día tras visualización",48,6.46319569,17.75925926,1147.81567923,,,559,428,308,192,105,88,,2025-06-30,2025-06-30
"Video parejas amor",2025-06-30,1097,1236,1.12670921,,CLP,2276,"7 días tras clic, 1 día tras visualización o 1 día tras visualización activa",21,3.15533981,58.35897436,1841.42394822,,,436,43,14,8,7,6,,2025-06-30,2025-06-30
"Video pareja dcto",2025-06-30,1752,2277,1.29965753,,CLP,5447,"7 días tras clic, 1 día tras visualización o 1 día tras visualización activa",20,2.10803689,113.47916667,2392.18269653,,,696,88,21,12,12,11,,2025-06-30,2025-06-30
"Video explicando servicio corto",2025-06-30,122,139,1.13934426,,CLP,225,"7 días tras clic, 1 día tras visualización o 1 día tras visualización activa",2,2.87769784,56.25,1618.70503597,,,48,36,22,14,11,10,,2025-06-30,2025-06-30
"Video Lluvia",2025-06-30,1601,2099,1.31105559,,CLP,4875,"7 días tras clic, 1 día tras visualización o 1 día tras visualización activa",36,3.43020486,67.70833333,2322.53454026,1,4875,461,86,46,33,20,15,,2025-06-30,2025-06-30
"Video parejas amor",2025-06-30,4,4,1,,CLP,3,"7 días tras clic o 1 día tras visualización",,0,0,750,,,1,,,,,,,2025-06-30,2025-06-30
"Video Lluvia",2025-06-30,37,39,1.05405405,,CLP,33,"7 días tras clic, 1 día tras visualización o 1 día tras visualización activa",1,2.56410256,33,846.15384615,,,7,,,,,,,2025-06-30,2025-06-30
"Video explicando servicio corto",2025-06-29,2072,2349,1.13368726,,CLP,2060,"7 días tras clic, 1 día tras visualización o 1 día tras visualización activa",34,4.04427416,21.68421053,876.96892295,,,842,600,437,277,138,125,,2025-06-29,2025-06-29
"Video explicando servicio corto",2025-06-29,1540,1690,1.0974026,1,CLP,1747,"7 días tras clic o 1 día tras visualización",37,5.85798817,17.64646465,1033.72781065,,,612,451,317,209,119,110,1747,2025-06-29,2025-06-29
"Video Lluvia",2025-06-29,1782,2363,1.32603816,,CLP,4079,"7 días tras clic, 1 día tras visualización o 1 día tras visualización activa",29,3.34320779,51.63291139,1726.19551418,,,543,104,45,24,17,13,,2025-06-29,2025-06-29
"Video pareja dcto",2025-06-29,1795,2445,1.36211699,,CLP,4971,"7 días tras clic, 1 día tras visualización o 1 día tras visualización activa",26,2.00408998,101.44897959,2033.12883436,,,727,83,23,13,8,7,,2025-06-29,2025-06-29
"Video parejas dcto",2025-06-29,4,6,1.5,,CLP,5,"7 días tras clic o 1 día tras visualización",,0,0,833.33333333,,,,,,,,,,2025-06-29,2025-06-29
"Video Viral TikTok",2025-06-29,3642,4204,1.15431082,,CLP,4409,"7 días tras clic, 1 día tras visualización o 1 día tras visualización activa",71,3.9961941,26.24404762,1048.76308278,,,1379,252,108,62,38,22,,2025-06-29,2025-06-29
"Video Lluvia",2025-06-29,37,40,1.08108108,,CLP,53,"7 días tras clic, 1 día tras visualización o 1 día tras visualización activa",,0,0,1325,,,5,,,,,,,2025-06-29,2025-06-29
"Video explicando servicio corto",2025-06-29,2077,2346,1.12951372,,CLP,2035,"7 días tras clic, 1 día tras visualización o 1 día tras visualización activa",39,4.21994885,20.55555556,867.43393009,,,828,595,431,285,153,132,,2025-06-29,2025-06-29
"Video Lluvia",2025-06-29,10,12,1.2,,CLP,11,"7 días tras clic o 1 día tras visualización",,0,0,916.66666667,,,5,1,,,,,,2025-06-29,2025-06-29
"Video explicando servicio corto",2025-06-29,248,308,1.24193548,,CLP,437,"7 días tras clic, 1 día tras visualización o 1 día tras visualización activa",6,2.92207792,48.55555556,1418.83116883,,,94,82,61,42,25,24,,2025-06-29,2025-06-29
"Video parejas amor",2025-06-29,1026,1203,1.17251462,,CLP,2095,"7 días tras clic, 1 día tras visualización o 1 día tras visualización activa",13,1.99501247,87.29166667,1741.47963425,,,382,39,10,5,3,3,,2025-06-29,2025-06-29
"Video explicando servicio corto",2025-06-28,132,160,1.21212121,,CLP,193,"7 días tras clic, 1 día tras visualización o 1 día tras visualización activa",4,2.5,48.25,1206.25,,,49,42,30,23,14,13,,2025-06-28,2025-06-28
"Video Viral TikTok",2025-06-28,2161,2527,1.16936603,,CLP,3468,"7 días tras clic, 1 día tras visualización o 1 día tras visualización activa",41,3.64068065,37.69565217,1372.37831421,,,775,148,68,34,27,16,,2025-06-28,2025-06-28
"Video explicando servicio corto",2025-06-28,1100,1215,1.10454545,,CLP,1439,"7 días tras clic o 1 día tras visualización",22,4.36213992,27.1509434,1184.36213992,,,414,288,197,128,69,64,,2025-06-28,2025-06-28
"Video parejas amor",2025-06-28,3,3,1,,CLP,3,"7 días tras clic o 1 día tras visualización",,0,0,1000,,,1,,,,,,,2025-06-28,2025-06-28
"Video pareja dcto",2025-06-28,1101,1524,1.38419619,,CLP,3843,"7 días tras clic, 1 día tras visualización o 1 día tras visualización activa",19,2.75590551,91.5,2521.65354331,,,490,49,17,8,6,5,,2025-06-28,2025-06-28
"Video explicando servicio corto",2025-06-28,1432,1557,1.0872905,,CLP,1592,"7 días tras clic, 1 día tras visualización o 1 día tras visualización activa",21,3.46820809,29.48148148,1022.47912653,,,555,388,278,166,78,71,,2025-06-28,2025-06-28
"Video Lluvia",2025-06-28,29,31,1.06896552,,CLP,37,"7 días tras clic, 1 día tras visualización o 1 día tras visualización activa",1,3.22580645,37,1193.5483871,,,7,,,,,,,2025-06-28,2025-06-28
"Video Lluvia",2025-06-28,1158,1485,1.28238342,,CLP,3063,"7 días tras clic, 1 día tras visualización o 1 día tras visualización activa",20,3.2996633,62.51020408,2062.62626263,,,341,65,32,24,18,12,,2025-06-28,2025-06-28
"Video parejas amor",2025-06-28,905,1031,1.13922652,,CLP,1696,"7 días tras clic, 1 día tras visualización o 1 día tras visualización activa",13,2.71580989,60.57142857,1645.00484966,,,380,24,8,4,2,2,,2025-06-28,2025-06-28
"Video Lluvia",2025-06-28,14,16,1.14285714,,CLP,30,"7 días tras clic o 1 día tras visualización",,0,0,1875,,,4,3,2,1,,,,2025-06-28,2025-06-28
"Video explicando servicio corto",2025-06-28,1430,1532,1.07132867,,CLP,1503,"7 días tras clic, 1 día tras visualización o 1 día tras visualización activa",41,5.54830287,17.68235294,981.07049608,,,559,397,283,196,119,100,,2025-06-28,2025-06-28
"Video parejas dcto",2025-06-28,3,3,1,,CLP,2,"7 días tras clic o 1 día tras visualización",,0,0,666.66666667,,,2,,,,,,,2025-06-28,2025-06-28
"Video parejas amor",2025-06-27,34,34,1,,CLP,47,"7 días tras clic, 1 día tras visualización o 1 día tras visualización activa",,2.94117647,47,1382.35294118,,,12,1,,,,,,2025-06-27,2025-06-27
"Video parejas amor",2025-06-27,48,49,1.02083333,,CLP,84,"7 días tras clic, 1 día tras visualización o 1 día tras visualización activa",1,8.16326531,21,1714.28571429,,,19,2,2,1,1,1,,2025-06-27,2025-06-27
"Video Lluvia",2025-06-27,374,427,1.14171123,,CLP,805,"7 días tras clic, 1 día tras visualización o 1 día tras visualización activa",4,2.81030445,67.08333333,1885.24590164,,,137,22,9,3,1,,,2025-06-27,2025-06-27
"Video explicando servicio corto",2025-06-27,1426,1498,1.05049088,,CLP,1333,"7 días tras clic, 1 día tras visualización o 1 día tras visualización activa",24,4.33911883,20.50769231,889.85313752,,,567,402,281,188,104,95,,2025-06-27,2025-06-27
"Video Lluvia",2025-06-27,686,819,1.19387755,,CLP,1308,"7 días tras clic, 1 día tras visualización o 1 día tras visualización activa",14,4.51770452,35.35135135,1597.06959707,,,222,36,20,12,9,9,,2025-06-27,2025-06-27
"Video explicando servicio corto",2025-06-27,1203,1392,1.15710723,,CLP,2198,"7 días tras clic, 1 día tras visualización o 1 día tras visualización activa",32,4.81321839,32.80597015,1579.02298851,,,474,377,262,179,105,90,,2025-06-27,2025-06-27
"Video Lluvia",2025-06-27,288,333,1.15625,,CLP,640,"7 días tras clic o 1 día tras visualización",3,4.5045045,42.66666667,1921.92192192,,,95,14,8,5,2,2,,2025-06-27,2025-06-27
"Video Lluvia",2025-06-27,635,685,1.07874016,,CLP,942,"7 días tras clic, 1 día tras visualización o 1 día tras visualización activa",10,2.91970803,47.1,1375.18248175,,,178,20,7,3,3,1,,2025-06-27,2025-06-27
"Video explicando servicio corto",2025-06-27,956,1028,1.07531381,,CLP,955,"7 días tras clic, 1 día tras visualización o 1 día tras visualización activa",17,3.69649805,25.13157895,928.98832685,,,385,280,192,128,70,63,,2025-06-27,2025-06-27
"Video pareja dcto",2025-06-27,1,1,1,,CLP,0,"7 días tras clic, 1 día tras visualización o 1 día tras visualización activa",,0,0,0,,,,,,,,,,2025-06-27,2025-06-27
"Video parejas dcto",2025-06-27,11,11,1,,CLP,20,"7 días tras clic o 1 día tras visualización",,0,0,1818.18181818,,,3,,,,,,,2025-06-27,2025-06-27
"Video Lluvia",2025-06-27,1267,1692,1.33543804,,CLP,3677,"7 días tras clic, 1 día tras visualización o 1 día tras visualización activa",30,3.95981087,54.88059701,2173.1678487,,,382,75,35,21,17,12,,2025-06-27,2025-06-27
"Video Viral TikTok",2025-06-27,1725,2060,1.1942029,,CLP,3647,"7 días tras clic, 1 día tras visualización o 1 día tras visualización activa",38,3.93203883,45.02469136,1770.38834951,2,1823.5,621,128,52,31,21,11,,2025-06-27,2025-06-27
"Video explicando servicio corto",2025-06-27,977,1073,1.09825998,,CLP,1688,"7 días tras clic o 1 día tras visualización",19,5.03261883,31.25925926,1573.15936626,2,844,377,260,187,116,72,66,,2025-06-27,2025-06-27
"Video parejas amor",2025-06-27,522,593,1.13601533,,CLP,1154,"7 días tras clic, 1 día tras visualización o 1 día tras visualización activa",6,2.52951096,76.93333333,1946.03709949,,,213,25,11,9,7,6,,2025-06-27,2025-06-27
"Video pareja dcto",2025-06-27,33,34,1.03030303,,CLP,40,"7 días tras clic, 1 día tras visualización o 1 día tras visualización activa",,5.88235294,20,1176.47058824,,,16,1,,,,,,2025-06-27,2025-06-27
"Video pareja dcto",2025-06-27,577,751,1.30155979,,CLP,1987,"7 días tras clic, 1 día tras visualización o 1 día tras visualización activa",9,2.52996005,104.57894737,2645.80559254,,,233,28,6,4,4,4,,2025-06-27,2025-06-27
"Video parejas amor",2025-06-27,31,35,1.12903226,,CLP,93,"7 días tras clic o 1 día tras visualización",,2.85714286,93,2657.14285714,,,12,2,,,,,,2025-06-27,2025-06-27
"Video Lluvia",2025-06-26,1696,2250,1.32665094,,CLP,4161,"7 días tras clic, 1 día tras visualización o 1 día tras visualización activa",39,3.91111111,47.28409091,1849.33333333,,,493,84,38,25,19,14,,2025-06-26,2025-06-26
"Video parejas amor",2025-06-26,957,1184,1.23719958,,CLP,1905,"7 días tras clic, 1 día tras visualización o 1 día tras visualización activa",11,2.53378378,63.5,1608.9527027,,,442,46,9,6,6,4,,2025-06-26,2025-06-26
"Video Viral TikTok",2025-06-26,1518,2137,1.40777339,,CLP,4506,"7 días tras clic, 1 día tras visualización o 1 día tras visualización activa",33,3.50959289,60.08,2108.56340664,,,575,146,74,47,27,21,,2025-06-26,2025-06-26
"Video explicando servicio corto",2025-06-26,2590,3183,1.22895753,,CLP,4431,"7 días tras clic, 1 día tras visualización o 1 día tras visualización activa",94,5.87496073,23.69518717,1392.08294062,,,1087,848,634,435,249,227,,2025-06-26,2025-06-26
"Video Lluvia",2025-06-26,104,108,1.03846154,,CLP,184,"7 días tras clic o 1 día tras visualización",1,2.77777778,61.33333333,1703.7037037,,,24,2,1,1,1,1,,2025-06-26,2025-06-26
"Video Lluvia",2025-06-26,18,21,1.16666667,,CLP,103,"7 días tras clic, 1 día tras visualización o 1 día tras visualización activa",2,19.04761905,25.75,4904.76190476,,,7,1,,,,,,2025-06-26,2025-06-26
"Video explicando servicio corto",2025-06-26,63,67,1.06349206,,CLP,51,"7 días tras clic, 1 día tras visualización o 1 día tras visualización activa",,0,0,761.19402985,,,25,16,12,10,2,2,,2025-06-26,2025-06-26
"Video Lluvia",2025-06-26,12,13,1.08333333,,CLP,61,"7 días tras clic, 1 día tras visualización o 1 día tras visualización activa",1,15.38461538,30.5,4692.30769231,,,4,,,,,,,2025-06-26,2025-06-26
"Video parejas amor",2025-06-26,280,342,1.22142857,,CLP,626,"7 días tras clic o 1 día tras visualización",5,3.80116959,48.15384615,1830.40935673,,,123,12,6,3,2,1,,2025-06-26,2025-06-26
"Video pareja dcto",2025-06-26,1150,1401,1.21826087,,CLP,1979,"7 días tras clic, 1 día tras visualización o 1 día tras visualización activa",11,2.78372591,50.74358974,1412.56245539,,,483,55,15,14,11,9,,2025-06-26,2025-06-26
"Video parejas dcto",2025-06-26,37,39,1.05405405,,CLP,49,"7 días tras clic o 1 día tras visualización",,5.12820513,24.5,1256.41025641,,,17,1,,,,,,2025-06-26,2025-06-26
"Video parejas amor",2025-06-26,960,1166,1.21458333,,CLP,1869,"7 días tras clic, 1 día tras visualización o 1 día tras visualización activa",12,3.00171527,53.4,1602.91595197,,,412,43,10,4,2,2,,2025-06-26,2025-06-26
"Video explicando servicio corto",2025-06-26,1240,1366,1.1016129,,CLP,1137,"7 días tras clic o 1 día tras visualización",34,6.36896047,13.06896552,832.35724744,,,503,330,230,153,86,74,,2025-06-26,2025-06-26
"Video pareja dcto",2025-06-25,30,33,1.1,,CLP,50,"7 días tras clic, 1 día tras visualización o 1 día tras visualización activa",2,6.06060606,25,1515.15151515,,,13,1,,,,,,2025-06-25,2025-06-25
"Video pareja dcto",2025-06-25,693,823,1.18759019,,CLP,1402,"7 días tras clic, 1 día tras visualización o 1 día tras visualización activa",8,2.67314702,63.72727273,1703.5236938,,,289,32,14,11,11,8,,2025-06-25,2025-06-25
"Video Lluvia",2025-06-25,52,55,1.05769231,,CLP,86,"7 días tras clic o 1 día tras visualización",3,10.90909091,14.33333333,1563.63636364,,,6,3,2,2,2,2,,2025-06-25,2025-06-25
"Video pareja dcto",2025-06-25,3,4,1.33333333,,CLP,9,"7 días tras clic, 1 día tras visualización o 1 día tras visualización activa",,0,0,2250,,,3,,,,,,,2025-06-25,2025-06-25
"Video parejas dcto",2025-06-25,331,409,1.23564955,,CLP,865,"7 días tras clic o 1 día tras visualización",2,4.15647922,50.88235294,2114.91442543,,,150,17,6,2,2,2,,2025-06-25,2025-06-25
"Video parejas amor",2025-06-25,488,547,1.12090164,,CLP,787,"7 días tras clic, 1 día tras visualización o 1 día tras visualización activa",5,2.19378428,65.58333333,1438.75685558,,,216,17,7,6,3,3,,2025-06-25,2025-06-25
"Video explicando servicio corto",2025-06-25,762,835,1.09580052,,CLP,797,"7 días tras clic o 1 día tras visualización",21,5.86826347,16.26530612,954.49101796,,,310,210,144,96,49,43,,2025-06-25,2025-06-25
"Video explicando servicio corto",2025-06-25,3178,4066,1.27942102,,CLP,5861,"7 días tras clic, 1 día tras visualización o 1 día tras visualización activa",91,4.99262174,28.87192118,1441.46581407,,,1307,1020,764,533,304,273,,2025-06-25,2025-06-25
"Video parejas amor",2025-06-25,55,63,1.14545455,,CLP,154,"7 días tras clic o 1 día tras visualización",,0,0,2444.44444444,,,21,,,,,,,2025-06-25,2025-06-25
"Video Lluvia",2025-06-25,2167,2980,1.37517305,,CLP,5104,"7 días tras clic, 1 día tras visualización o 1 día tras visualización activa",35,3.12080537,54.88172043,1712.75167785,,,574,98,50,38,34,23,,2025-06-25,2025-06-25
"Video pareja dcto",2025-06-25,691,823,1.1910275,,CLP,1206,"7 días tras clic, 1 día tras visualización o 1 día tras visualización activa",1,1.57958688,92.76923077,1465.37059538,,,259,26,7,2,1,1,,2025-06-25,2025-06-25
"Video explicando servicio corto",2025-06-25,1737,1894,1.09038572,,CLP,1429,"7 días tras clic, 1 día tras visualización o 1 día tras visualización activa",31,4.48785639,16.81176471,754.48785639,,,675,468,338,225,123,101,,2025-06-25,2025-06-25
"Video parejas amor",2025-06-25,391,431,1.10230179,,CLP,559,"7 días tras clic, 1 día tras visualización o 1 día tras visualización activa",4,2.55220418,50.81818182,1296.9837587,,,140,12,4,4,4,3,,2025-06-25,2025-06-25
"Video Lluvia",2025-06-25,5,5,1,,CLP,6,"7 días tras clic, 1 día tras visualización o 1 día tras visualización activa",,0,0,1200,,,,,,,,,,2025-06-25,2025-06-25
"Video parejas amor",2025-06-25,27,30,1.11111111,,CLP,140,"7 días tras clic, 1 día tras visualización o 1 día tras visualización activa",,0,0,4666.66666667,,,11,1,,,,,,2025-06-25,2025-06-25
"Video Lluvia",2025-06-24,3827,5110,1.33524954,,CLP,8545,"7 días tras clic, 1 día tras visualización o 1 día tras visualización activa",56,2.91585127,57.34899329,1672.21135029,,,1140,175,81,62,38,27,,2025-06-24,2025-06-24
"Video parejas amor",2025-06-24,4,4,1,,CLP,3,"7 días tras clic o 1 día tras visualización",,0,0,750,,,3,,,,,,,2025-06-24,2025-06-24
"Video explicando servicio corto",2025-06-24,795,850,1.06918239,,CLP,822,"7 días tras clic, 1 día tras visualización o 1 día tras visualización activa",12,4.94117647,19.57142857,967.05882353,,,311,221,154,102,59,54,,2025-06-24,2025-06-24
"Video parejas dcto",2025-06-24,188,214,1.13829787,,CLP,295,"7 días tras clic o 1 día tras visualización",1,3.27102804,42.14285714,1378.5046729,,,89,13,3,1,1,,,2025-06-24,2025-06-24
"Video parejas amor",2025-06-24,343,411,1.19825073,,CLP,778,"7 días tras clic, 1 día tras visualización o 1 día tras visualización activa",3,2.43309002,77.8,1892.94403893,,,149,19,6,4,4,1,,2025-06-24,2025-06-24
"Video explicando servicio corto",2025-06-24,764,819,1.07198953,,CLP,719,"7 días tras clic, 1 día tras visualización o 1 día tras visualización activa",15,5.49450549,15.97777778,877.8998779,,,279,204,152,100,57,53,,2025-06-24,2025-06-24
"Video pareja dcto",2025-06-24,656,750,1.14329268,,CLP,1155,"7 días tras clic, 1 día tras visualización o 1 día tras visualización activa",6,2.66666667,57.75,1540,,,298,24,6,3,2,2,,2025-06-24,2025-06-24
"Video explicando servicio corto",2025-06-24,2917,3476,1.19163524,,CLP,3928,"7 días tras clic, 1 día tras visualización o 1 día tras visualización activa",91,5.98388953,18.88461538,1130.03452244,2,1964,1239,972,689,495,272,242,,2025-06-24,2025-06-24
"Video pareja dcto",2025-06-24,1384,1707,1.2333815,,CLP,2531,"7 días tras clic, 1 día tras visualización o 1 día tras visualización activa",23,2.69478617,55.02173913,1482.7182191,,,589,72,27,18,16,14,,2025-06-24,2025-06-24
"Video explicando servicio corto",2025-06-24,2139,2331,1.08976157,,CLP,1713,"7 días tras clic, 1 día tras visualización o 1 día tras visualización activa",36,5.01930502,14.64102564,734.87773488,,,865,623,450,309,162,153,,2025-06-24,2025-06-24
"Video Lluvia",2025-06-24,55,57,1.03636364,,CLP,97,"7 días tras clic o 1 día tras visualización",,0,0,1701.75438596,,,19,3,1,,,,,2025-06-24,2025-06-24
"Video pareja dcto",2025-06-24,593,714,1.20404722,,CLP,918,"7 días tras clic, 1 día tras visualización o 1 día tras visualización activa",4,1.68067227,76.5,1285.71428571,,,274,33,7,4,3,2,,2025-06-24,2025-06-24
"Video explicando servicio corto",2025-06-24,1398,1478,1.05722461,,CLP,1428,"7 días tras clic o 1 día tras visualización",17,5.27740189,18.30769231,966.17050068,,,509,352,231,158,88,73,,2025-06-24,2025-06-24
"Video Lluvia",2025-06-23,699,790,1.13018598,,CLP,870,"7 días tras clic, 1 día tras visualización o 1 día tras visualización activa",12,3.79746835,29,1101.26582278,,,191,34,18,7,5,4,,2025-06-23,2025-06-23
"Video explicando servicio corto",2025-06-23,1063,1134,1.0667921,,CLP,1182,"7 días tras clic o 1 día tras visualización",14,5.99647266,17.38235294,1042.32804233,,,420,303,214,139,74,65,,2025-06-23,2025-06-23
"Video parejas amor",2025-06-23,1,1,1,,CLP,4,"7 días tras clic, 1 día tras visualización o 1 día tras visualización activa",,0,0,4000,,,1,,,,,,,2025-06-23,2025-06-23
"Video parejas amor",2025-06-23,1,1,1,,CLP,1,"7 días tras clic, 1 día tras visualización o 1 día tras visualización activa",,0,0,1000,,,1,,,,,,,2025-06-23,2025-06-23
"Video Lluvia",2025-06-23,1053,1150,1.09211776,,CLP,1547,"7 días tras clic, 1 día tras visualización o 1 día tras visualización activa",12,2.86956522,46.87878788,1345.2173913,,,283,47,17,12,6,4,,2025-06-23,2025-06-23
"Video explicando servicio corto",2025-06-23,43,45,1.04651163,,CLP,39,"7 días tras clic, 1 día tras visualización o 1 día tras visualización activa",3,8.88888889,9.75,866.66666667,,,22,12,10,8,5,4,,2025-06-23,2025-06-23
"Video Lluvia",2025-06-23,1630,1899,1.16503067,,CLP,2614,"7 días tras clic, 1 día tras visualización o 1 día tras visualización activa",13,1.73775671,79.21212121,1376.51395471,,,414,64,26,18,14,12,,2025-06-23,2025-06-23
"Video Lluvia",2025-06-23,1282,1452,1.1326053,,CLP,1664,"7 días tras clic, 1 día tras visualización o 1 día tras visualización activa",16,3.16804408,36.17391304,1146.00550964,,,341,50,21,14,9,6,,2025-06-23,2025-06-23
"Video explicando servicio corto",2025-06-23,1243,1387,1.11584875,,CLP,1160,"7 días tras clic, 1 día tras visualización o 1 día tras visualización activa",21,3.60490267,23.2,836.33741889,,,481,356,242,136,76,66,,2025-06-23,2025-06-23
"Video parejas amor",2025-06-23,4,4,1,,CLP,6,"7 días tras clic o 1 día tras visualización",,0,0,1500,,,,,,,,,,2025-06-23,2025-06-23
"Video Lluvia",2025-06-23,1398,1708,1.22174535,,CLP,2215,"7 días tras clic, 1 día tras visualización o 1 día tras visualización activa",18,2.5175644,51.51162791,1296.83840749,2,1107.5,363,64,32,18,15,9,,2025-06-23,2025-06-23
"Video pareja dcto",2025-06-23,1,1,1,,CLP,0,"7 días tras clic, 1 día tras visualización o 1 día tras visualización activa",,0,0,0,,,1,,,,,,,2025-06-23,2025-06-23
"Video pareja dcto",2025-06-23,6,6,1,,CLP,19,"7 días tras clic, 1 día tras visualización o 1 día tras visualización activa",,0,0,3166.66666667,,,,,,,,,,2025-06-23,2025-06-23
"Video Lluvia",2025-06-23,508,542,1.06692913,,CLP,658,"7 días tras clic, 1 día tras visualización o 1 día tras visualización activa",3,3.50553506,34.63157895,1214.02214022,,,129,11,5,3,2,2,,2025-06-23,2025-06-23
"Video parejas amor",2025-06-23,548,604,1.10218978,,CLP,1024,"7 días tras clic, 1 día tras visualización o 1 día tras visualización activa",12,3.47682119,48.76190476,1695.36423841,,,230,16,6,3,2,2,,2025-06-23,2025-06-23
"Video Lluvia",2025-06-23,397,444,1.11838791,,CLP,645,"7 días tras clic, 1 día tras visualización o 1 día tras visualización activa",6,3.6036036,40.3125,1452.7027027,,,110,15,7,6,4,2,,2025-06-23,2025-06-23
"Video Lluvia",2025-06-23,657,738,1.12328767,,CLP,869,"7 días tras clic o 1 día tras visualización",7,3.25203252,36.20833333,1177.50677507,,,187,26,8,7,4,2,,2025-06-23,2025-06-23
"Video parejas dcto",2025-06-23,18,19,1.05555556,,CLP,27,"7 días tras clic o 1 día tras visualización",,5.26315789,27,1421.05263158,,,9,1,,,,,,2025-06-23,2025-06-23
"Video explicando servicio corto",2025-06-23,109,113,1.03669725,,CLP,167,"7 días tras clic, 1 día tras visualización o 1 día tras visualización activa",3,5.30973451,27.83333333,1477.87610619,,,41,31,17,8,7,6,,2025-06-23,2025-06-23
"Video pareja dcto",2025-06-23,983,1181,1.20142421,,CLP,1933,"7 días tras clic, 1 día tras visualización o 1 día tras visualización activa",14,2.37087214,69.03571429,1636.7485182,,,410,52,24,13,13,9,,2025-06-23,2025-06-23
"Video explicando servicio corto",2025-06-23,1516,1612,1.06332454,,CLP,1419,"7 días tras clic, 1 día tras visualización o 1 día tras visualización activa",20,3.72208437,23.65,880.27295285,,,535,361,253,147,74,67,,2025-06-23,2025-06-23
"Video pareja dcto",2025-06-22,17,18,1.05882353,,CLP,73,"7 días tras clic, 1 día tras visualización o 1 día tras visualización activa",,5.55555556,73,4055.55555556,,,6,,,,,,,2025-06-22,2025-06-22
"Video explicando servicio corto",2025-06-22,1714,1816,1.05950992,,CLP,1468,"7 días tras clic, 1 día tras visualización o 1 día tras visualización activa",35,5.56167401,14.53465347,808.37004405,,,719,530,409,286,155,135,,2025-06-22,2025-06-22
"Video parejas amor",2025-06-22,241,262,1.08713693,,CLP,664,"7 días tras clic, 1 día tras visualización o 1 día tras visualización activa",3,3.81679389,66.4,2534.35114504,,,114,10,3,2,2,1,,2025-06-22,2025-06-22
"Video Lluvia",2025-06-22,107,129,1.20560748,,CLP,266,"7 días tras clic, 1 día tras visualización o 1 día tras visualización activa",1,5.42635659,38,2062.01550388,,,29,5,,,,,,2025-06-22,2025-06-22
"Video parejas amor",2025-06-22,145,190,1.31034483,,CLP,602,"7 días tras clic, 1 día tras visualización o 1 día tras visualización activa",4,2.10526316,150.5,3168.42105263,,,61,9,5,3,2,2,,2025-06-22,2025-06-22
"Video Lluvia",2025-06-22,133,149,1.12030075,,CLP,217,"7 días tras clic, 1 día tras visualización o 1 día tras visualización activa",2,6.04026846,24.11111111,1456.37583893,,,35,3,,,,,,2025-06-22,2025-06-22
"Video Lluvia",2025-06-22,951,1053,1.10725552,,CLP,1264,"7 días tras clic, 1 día tras visualización o 1 día tras visualización activa",18,4.27350427,28.08888889,1200.37986705,,,272,49,26,18,12,9,,2025-06-22,2025-06-22
"Video parejas amor",2025-06-22,22,23,1.04545455,,CLP,412,"7 días tras clic, 1 día tras visualización o 1 día tras visualización activa",1,8.69565217,206,17913.04347826,,,11,1,1,1,1,,,2025-06-22,2025-06-22
"Video explicando servicio corto",2025-06-22,823,953,1.15795869,,CLP,1287,"7 días tras clic, 1 día tras visualización o 1 día tras visualización activa",26,5.77124869,23.4,1350.47219307,,,345,291,198,147,82,74,,2025-06-22,2025-06-22
"Video Lluvia",2025-06-22,423,483,1.14184397,,CLP,566,"7 días tras clic o 1 día tras visualización",12,7.86749482,14.89473684,1171.8426501,,,130,27,13,11,6,4,,2025-06-22,2025-06-22
"Video Lluvia",2025-06-22,111,120,1.08108108,,CLP,198,"7 días tras clic, 1 día tras visualización o 1 día tras visualización activa",2,5.83333333,28.28571429,1650,,,41,7,3,2,1,1,,2025-06-22,2025-06-22
"Video Lluvia",2025-06-22,1923,2179,1.13312533,,CLP,2464,"7 días tras clic, 1 día tras visualización o 1 día tras visualización activa",28,4.03854979,28,1130.79394218,,,565,100,41,30,21,14,,2025-06-22,2025-06-22
"Video explicando servicio corto",2025-06-22,1307,1422,1.08798776,,CLP,1392,"7 días tras clic, 1 día tras visualización o 1 día tras visualización activa",18,3.93811533,24.85714286,978.90295359,,,534,387,285,193,93,84,,2025-06-22,2025-06-22
"Video pareja dcto",2025-06-22,184,211,1.14673913,,CLP,300,"7 días tras clic, 1 día tras visualización o 1 día tras visualización activa",6,3.79146919,37.5,1421.80094787,,,78,12,2,2,2,2,,2025-06-22,2025-06-22
"Video Lluvia",2025-06-22,1554,1906,1.22651223,,CLP,2348,"7 días tras clic, 1 día tras visualización o 1 día tras visualización activa",30,3.6201469,34.02898551,1231.89926548,,,450,80,36,28,16,13,,2025-06-22,2025-06-22
"Video parejas amor",2025-06-22,86,97,1.12790698,,CLP,204,"7 días tras clic o 1 día tras visualización",1,2.06185567,102,2103.09278351,,,38,4,3,,,,,2025-06-22,2025-06-22
"Video parejas amor",2025-06-22,870,979,1.12528736,,CLP,1235,"7 días tras clic, 1 día tras visualización o 1 día tras visualización activa",10,2.6557712,47.5,1261.49131767,,,368,47,15,7,5,4,,2025-06-22,2025-06-22
"Video pareja dcto",2025-06-22,41,45,1.09756098,,CLP,96,"7 días tras clic, 1 día tras visualización o 1 día tras visualización activa",3,6.66666667,32,2133.33333333,,,16,1,1,1,1,1,,2025-06-22,2025-06-22
"Video Lluvia",2025-06-22,1537,1824,1.18672739,,CLP,2160,"7 días tras clic, 1 día tras visualización o 1 día tras visualización activa",22,3.72807018,31.76470588,1184.21052632,,,503,91,49,29,23,18,,2025-06-22,2025-06-22
"Video explicando servicio corto",2025-06-22,1076,1159,1.07713755,,CLP,1255,"7 días tras clic o 1 día tras visualización",26,6.47109577,16.73333333,1082.83002588,,,471,336,263,175,97,80,,2025-06-22,2025-06-22
"Video parejas dcto",2025-06-22,150,171,1.14,,CLP,253,"7 días tras clic o 1 día tras visualización",2,4.67836257,31.625,1479.53216374,,,77,9,1,,,,,2025-06-22,2025-06-22
"Video Lluvia",2025-06-21,96,112,1.16666667,,CLP,101,"7 días tras clic o 1 día tras visualización",1,6.25,14.42857143,901.78571429,,,24,11,6,6,3,3,,2025-06-21,2025-06-21
"Video Lluvia",2025-06-21,6,6,1,,CLP,15,"7 días tras clic, 1 día tras visualización o 1 día tras visualización activa",,0,0,2500,,,2,,,,,,,2025-06-21,2025-06-21
"Video pareja dcto",2025-06-21,23,26,1.13043478,,CLP,37,"7 días tras clic, 1 día tras visualización o 1 día tras visualización activa",,0,0,1423.07692308,,,10,1,,,,,,2025-06-21,2025-06-21
"Video explicando servicio corto",2025-06-21,1112,1208,1.08633094,,CLP,831,"7 días tras clic, 1 día tras visualización o 1 día tras visualización activa",25,4.8013245,14.32758621,687.91390728,,,456,325,237,159,84,73,,2025-06-21,2025-06-21
"Video parejas amor",2025-06-21,139,163,1.17266187,,CLP,307,"7 días tras clic o 1 día tras visualización",1,1.8404908,102.33333333,1883.43558282,,,70,10,3,2,2,2,,2025-06-21,2025-06-21
"Video explicando servicio corto",2025-06-21,436,564,1.29357798,,CLP,756,"7 días tras clic, 1 día tras visualización o 1 día tras visualización activa",19,7.26950355,18.43902439,1340.42553191,,,223,178,134,99,63,59,,2025-06-21,2025-06-21
"Video pareja dcto",2025-06-21,223,251,1.12556054,,CLP,289,"7 días tras clic, 1 día tras visualización o 1 día tras visualización activa",4,2.78884462,41.28571429,1151.39442231,,,109,15,5,4,3,3,,2025-06-21,2025-06-21
"Video parejas amor",2025-06-21,147,201,1.36734694,,CLP,496,"7 días tras clic, 1 día tras visualización o 1 día tras visualización activa",2,1.49253731,165.33333333,2467.66169154,,,62,2,,,,,,2025-06-21,2025-06-21
"Video parejas dcto",2025-06-21,163,196,1.20245399,,CLP,371,"7 días tras clic o 1 día tras visualización",3,4.08163265,46.375,1892.85714286,,,82,10,1,1,1,1,,2025-06-21,2025-06-21
"Video pareja dcto",2025-06-21,9,9,1,,CLP,10,"7 días tras clic, 1 día tras visualización o 1 día tras visualización activa",,0,0,1111.11111111,,,6,,,,,,,2025-06-21,2025-06-21
"Video explicando servicio corto",2025-06-21,1152,1223,1.06163194,,CLP,1182,"7 días tras clic, 1 día tras visualización o 1 día tras visualización activa",28,5.64186427,17.13043478,966.47587899,,,472,333,236,171,92,83,,2025-06-21,2025-06-21
"Video explicando servicio corto",2025-06-21,878,957,1.08997722,,CLP,1208,"7 días tras clic o 1 día tras visualización",19,5.2246604,24.16,1262.27795193,,,351,242,188,129,72,63,,2025-06-21,2025-06-21
"Video parejas amor",2025-06-21,939,1155,1.23003195,,CLP,1549,"7 días tras clic, 1 día tras visualización o 1 día tras visualización activa",9,2.85714286,46.93939394,1341.12554113,,,438,62,19,11,6,5,,2025-06-21,2025-06-21
"Video Lluvia",2025-06-21,14,15,1.07142857,,CLP,14,"7 días tras clic, 1 día tras visualización o 1 día tras visualización activa",,0,0,933.33333333,,,2,,,,,,,2025-06-21,2025-06-21
"Video parejas amor",2025-06-21,299,365,1.22073579,,CLP,481,"7 días tras clic, 1 día tras visualización o 1 día tras visualización activa",6,3.56164384,37,1317.80821918,,,144,12,6,1,1,1,,2025-06-21,2025-06-21
"Video Lluvia",2025-06-21,612,710,1.16013072,,CLP,882,"7 días tras clic, 1 día tras visualización o 1 día tras visualización activa",9,3.66197183,33.92307692,1242.25352113,,,210,26,14,10,9,4,,2025-06-21,2025-06-21
"Video Lluvia",2025-06-21,9,9,1,,CLP,15,"7 días tras clic, 1 día tras visualización o 1 día tras visualización activa",1,11.11111111,15,1666.66666667,,,2,1,1,1,1,1,,2025-06-21,2025-06-21
"Video parejas amor",2025-06-21,4,4,1,,CLP,7,"7 días tras clic, 1 día tras visualización o 1 día tras visualización activa",,25,7,1750,,,2,,,,,,,2025-06-21,2025-06-21
"Video Lluvia",2025-06-21,1247,1448,1.16118685,,CLP,1502,"7 días tras clic, 1 día tras visualización o 1 día tras visualización activa",21,3.72928177,27.81481481,1037.29281768,,,367,61,26,17,11,7,,2025-06-21,2025-06-21
"Video Lluvia",2025-06-21,366,430,1.17486339,,CLP,422,"7 días tras clic, 1 día tras visualización o 1 día tras visualización activa",8,3.95348837,24.82352941,981.39534884,,,81,18,11,9,5,5,,2025-06-21,2025-06-21
"Video pareja dcto",2025-06-20,18,21,1.16666667,,CLP,44,"7 días tras clic, 1 día tras visualización o 1 día tras visualización activa",,4.76190476,44,2095.23809524,,,11,2,,,,,,2025-06-20,2025-06-20
"Video Lluvia",2025-06-20,92,109,1.18478261,,CLP,185,"7 días tras clic o 1 día tras visualización",2,6.42201835,26.42857143,1697.24770642,,,24,5,3,2,2,2,,2025-06-20,2025-06-20
"Video pareja dcto",2025-06-20,417,530,1.27098321,,CLP,866,"7 días tras clic, 1 día tras visualización o 1 día tras visualización activa",5,2.45283019,66.61538462,1633.96226415,,,205,31,9,5,5,4,,2025-06-20,2025-06-20
"Video parejas amor",2025-06-20,95,114,1.2,,CLP,219,"7 días tras clic, 1 día tras visualización o 1 día tras visualización activa",5,7.89473684,24.33333333,1921.05263158,,,44,9,4,1,1,1,,2025-06-20,2025-06-20
"Video parejas dcto",2025-06-20,78,88,1.12820513,,CLP,135,"7 días tras clic o 1 día tras visualización",1,7.95454545,19.28571429,1534.09090909,,,34,5,1,1,1,,,2025-06-20,2025-06-20
"Video parejas amor",2025-06-20,27,30,1.11111111,,CLP,91,"7 días tras clic o 1 día tras visualización",1,6.66666667,45.5,3033.33333333,,,11,1,,,,,,2025-06-20,2025-06-20
"Video explicando servicio corto",2025-06-20,695,750,1.07913669,,CLP,1103,"7 días tras clic o 1 día tras visualización",11,4.53333333,32.44117647,1470.66666667,,,257,204,163,100,58,49,,2025-06-20,2025-06-20
"Video parejas amor",2025-06-20,55,73,1.32727273,,CLP,215,"7 días tras clic, 1 día tras visualización o 1 día tras visualización activa",,1.36986301,215,2945.20547945,2,107.5,17,2,2,2,2,,,2025-06-20,2025-06-20
"Video explicando servicio corto",2025-06-20,717,817,1.13947001,,CLP,1212,"7 días tras clic, 1 día tras visualización o 1 día tras visualización activa",21,5.75275398,25.78723404,1483.47613219,,,338,275,201,135,78,67,,2025-06-20,2025-06-20
"Video parejas amor",2025-06-20,517,622,1.20309478,,CLP,1597,"7 días tras clic, 1 día tras visualización o 1 día tras visualización activa",13,4.18006431,61.42307692,2567.52411576,,,237,28,8,6,3,2,,2025-06-20,2025-06-20
"Video explicando servicio corto",2025-06-20,1632,1712,1.04901961,,CLP,1463,"7 días tras clic, 1 día tras visualización o 1 día tras visualización activa",37,3.79672897,22.50769231,854.55607477,,,629,477,328,196,98,87,,2025-06-20,2025-06-20
"Video Lluvia",2025-06-20,1565,1771,1.13162939,,CLP,2239,"7 días tras clic, 1 día tras visualización o 1 día tras visualización activa",22,3.27498588,38.60344828,1264.25748165,,,483,89,38,23,18,16,,2025-06-20,2025-06-20
"Video pareja dcto",2025-06-20,39,40,1.02564103,,CLP,207,"7 días tras clic, 1 día tras visualización o 1 día tras visualización activa",,0,0,5175,,,14,3,,,,,,2025-06-20,2025-06-20
"Video Lluvia",2025-06-20,1718,2016,1.17345751,,CLP,2250,"7 días tras clic, 1 día tras visualización o 1 día tras visualización activa",28,3.91865079,28.48101266,1116.07142857,,,532,90,43,30,22,13,,2025-06-20,2025-06-20
"Video Lluvia",2025-06-20,11,11,1,,CLP,49,"7 días tras clic, 1 día tras visualización o 1 día tras visualización activa",,0,0,4454.54545455,,,3,1,,,,,,2025-06-20,2025-06-20
"Video explicando servicio corto",2025-06-20,928,995,1.07219828,,CLP,1221,"7 días tras clic, 1 día tras visualización o 1 día tras visualización activa",25,5.12562814,23.94117647,1227.13567839,,,387,311,234,150,78,74,,2025-06-20,2025-06-20
"Video Lluvia",2025-06-20,30,31,1.03333333,,CLP,190,"7 días tras clic, 1 día tras visualización o 1 día tras visualización activa",1,3.22580645,190,6129.03225806,,,11,3,,,,,,2025-06-20,2025-06-20
"Video Lluvia",2025-06-20,2213,2810,1.26976954,,CLP,3243,"7 días tras clic, 1 día tras visualización o 1 día tras visualización activa",43,3.77224199,30.59433962,1154.09252669,,,624,119,67,51,33,26,,2025-06-20,2025-06-20
"Video Lluvia",2025-06-20,64,71,1.109375,,CLP,118,"7 días tras clic, 1 día tras visualización o 1 día tras visualización activa",,0,0,1661.97183099,,,14,3,1,1,1,,,2025-06-20,2025-06-20
"Video pareja dcto",2025-06-20,115,132,1.14782609,,CLP,265,"7 días tras clic, 1 día tras visualización o 1 día tras visualización activa",2,4.54545455,44.16666667,2007.57575758,,,62,4,2,2,2,2,,2025-06-20,2025-06-20
"Video parejas amor",2025-06-19,12,17,1.41666667,,CLP,42,"7 días tras clic o 1 día tras visualización",1,11.76470588,21,2470.58823529,,,8,1,1,1,1,1,,2025-06-19,2025-06-19
"Video Lluvia",2025-06-19,539,573,1.06307978,,CLP,857,"7 días tras clic, 1 día tras visualización o 1 día tras visualización activa",8,2.96684119,50.41176471,1495.63699825,,,149,32,17,10,8,3,,2025-06-19,2025-06-19
"Video explicando servicio corto",2025-06-19,1107,1201,1.08491418,,CLP,1827,"7 días tras clic o 1 día tras visualización",24,6.32805995,24.03947368,1521.23230641,,,429,297,210,123,61,55,,2025-06-19,2025-06-19
"Video parejas amor",2025-06-19,33,40,1.21212121,,CLP,56,"7 días tras clic, 1 día tras visualización o 1 día tras visualización activa",,0,0,1400,,,6,1,,,,,,2025-06-19,2025-06-19
"Video Lluvia",2025-06-19,87,114,1.31034483,,CLP,265,"7 días tras clic o 1 día tras visualización",3,5.26315789,44.16666667,2324.56140351,,,26,5,1,1,1,1,,2025-06-19,2025-06-19
"Video pareja dcto",2025-06-19,521,591,1.13435701,,CLP,1199,"7 días tras clic, 1 día tras visualización o 1 día tras visualización activa",8,2.87648054,70.52941176,2028.76480541,,,168,20,8,3,3,3,,2025-06-19,2025-06-19
"Video parejas amor",2025-06-19,1,1,1,,CLP,0,"7 días tras clic, 1 día tras visualización o 1 día tras visualización activa",,0,0,0,,,,,,,,,,2025-06-19,2025-06-19
"Video Lluvia",2025-06-19,109,122,1.11926606,,CLP,176,"7 días tras clic, 1 día tras visualización o 1 día tras visualización activa",1,2.45901639,58.66666667,1442.62295082,,,25,3,2,1,1,1,,2025-06-19,2025-06-19
"Video Lluvia",2025-06-19,627,669,1.06698565,,CLP,769,"7 días tras clic, 1 día tras visualización o 1 día tras visualización activa",6,1.79372197,64.08333333,1149.47683109,,,144,20,9,6,4,4,,2025-06-19,2025-06-19
"Video Lluvia",2025-06-19,604,615,1.01821192,,CLP,705,"7 días tras clic, 1 día tras visualización o 1 día tras visualización activa",10,2.43902439,47,1146.34146341,,,158,34,17,12,7,6,,2025-06-19,2025-06-19
"Video pareja dcto",2025-06-19,8,8,1,,CLP,12,"7 días tras clic, 1 día tras visualización o 1 día tras visualización activa",,0,0,1500,,,4,,,,,,,2025-06-19,2025-06-19
"Video Lluvia",2025-06-19,13,17,1.30769231,,CLP,22,"7 días tras clic, 1 día tras visualización o 1 día tras visualización activa",,0,0,1294.11764706,,,5,1,,,,,,2025-06-19,2025-06-19
"Video Lluvia",2025-06-19,31,32,1.03225806,,CLP,44,"7 días tras clic, 1 día tras visualización o 1 día tras visualización activa",,0,0,1375,,,6,3,,,,,,2025-06-19,2025-06-19
"Video Lluvia",2025-06-19,21,21,1,,CLP,19,"7 días tras clic, 1 día tras visualización o 1 día tras visualización activa",,0,0,904.76190476,,,6,,,,,,,2025-06-19,2025-06-19
"Video explicando servicio corto",2025-06-19,1240,1386,1.11774194,,CLP,1308,"7 días tras clic, 1 día tras visualización o 1 día tras visualización activa",26,3.82395382,24.67924528,943.72294372,,,445,325,223,141,67,60,,2025-06-19,2025-06-19
"Video parejas amor",2025-06-19,8,8,1,,CLP,23,"7 días tras clic, 1 día tras visualización o 1 día tras visualización activa",,0,0,2875,,,5,1,,,,,,2025-06-19,2025-06-19
"Video explicando servicio corto",2025-06-19,522,588,1.12643678,,CLP,956,"7 días tras clic, 1 día tras visualización o 1 día tras visualización activa",15,6.12244898,26.55555556,1625.85034014,,,198,161,108,67,44,38,,2025-06-19,2025-06-19
"Video explicando servicio corto",2025-06-19,1305,1408,1.0789272,,CLP,1644,"7 días tras clic, 1 día tras visualización o 1 día tras visualización activa",19,3.62215909,32.23529412,1167.61363636,2,822,496,360,278,168,81,73,,2025-06-19,2025-06-19
"Video explicando servicio corto",2025-06-19,2310,2531,1.095671,,CLP,2735,"7 días tras clic, 1 día tras visualización o 1 día tras visualización activa",50,4.62267878,23.37606838,1080.60055314,,,855,648,469,301,152,134,,2025-06-19,2025-06-19
"Video pareja dcto",2025-06-19,98,118,1.20408163,,CLP,261,"7 días tras clic, 1 día tras visualización o 1 día tras visualización activa",2,2.54237288,87,2211.86440678,,,41,3,1,,,,,2025-06-19,2025-06-19
"Video parejas dcto",2025-06-19,45,46,1.02222222,,CLP,74,"7 días tras clic o 1 día tras visualización",1,6.52173913,24.66666667,1608.69565217,,,16,1,,,,,,2025-06-19,2025-06-19
"Video pareja dcto",2025-06-19,226,244,1.07964602,,CLP,319,"7 días tras clic, 1 día tras visualización o 1 día tras visualización activa",2,2.04918033,63.8,1307.37704918,,,101,14,4,2,2,2,,2025-06-19,2025-06-19
"Video explicando servicio corto",2025-06-18,1485,1672,1.12592593,,CLP,1979,"7 días tras clic, 1 día tras visualización o 1 día tras visualización activa",27,4.36602871,27.10958904,1183.61244019,,,577,468,344,190,87,80,,2025-06-18,2025-06-18
"Video pareja dcto",2025-06-18,1,1,1,,CLP,1,"7 días tras clic, 1 día tras visualización o 1 día tras visualización activa",,0,0,1000,,,,,,,,,,2025-06-18,2025-06-18
"Video pareja dcto",2025-06-18,921,1152,1.25081433,,CLP,1881,"7 días tras clic, 1 día tras visualización o 1 día tras visualización activa",16,2.69097222,60.67741935,1632.8125,,,323,44,18,14,12,9,,2025-06-18,2025-06-18
"Video parejas dcto",2025-06-18,11,11,1,,CLP,61,"7 días tras clic o 1 día tras visualización",,9.09090909,61,5545.45454545,,,6,1,1,1,,,,2025-06-18,2025-06-18
"Video explicando servicio corto",2025-06-18,1071,1188,1.1092437,,CLP,1759,"7 días tras clic o 1 día tras visualización",20,4.54545455,32.57407407,1480.63973064,,,372,266,187,117,61,56,,2025-06-18,2025-06-18
"Video explicando servicio corto",2025-06-18,1659,1836,1.10669078,,CLP,1942,"7 días tras clic, 1 día tras visualización o 1 día tras visualización activa",35,4.19389978,25.22077922,1057.73420479,,,567,456,354,204,95,86,,2025-06-18,2025-06-18
"Video explicando servicio corto",2025-06-18,1434,1682,1.17294282,,CLP,1971,"7 días tras clic, 1 día tras visualización o 1 día tras visualización activa",34,4.8156956,24.33333333,1171.81926278,,,499,441,314,193,109,100,,2025-06-18,2025-06-18
"Video parejas amor",2025-06-18,1,1,1,,CLP,2,"7 días tras clic o 1 día tras visualización",,0,0,2000,,,,,,,,,,2025-06-18,2025-06-18
"Video explicando servicio corto",2025-06-18,49,54,1.10204082,,CLP,44,"7 días tras clic, 1 día tras visualización o 1 día tras visualización activa",,1.85185185,44,814.81481481,,,9,8,6,3,2,2,,2025-06-18,2025-06-18
"Video explicando servicio corto",2025-06-17,2110,2200,1.04265403,,CLP,2006,"7 días tras clic, 1 día tras visualización o 1 día tras visualización activa",39,4.09090909,22.28888889,911.81818182,,,764,596,454,296,137,117,,2025-06-17,2025-06-17
"Video pareja dcto",2025-06-17,2,3,1.5,,CLP,5,"7 días tras clic, 1 día tras visualización o 1 día tras visualización activa",,0,0,1666.66666667,,,1,,,,,,,2025-06-17,2025-06-17
"Video explicando servicio corto",2025-06-17,1661,1985,1.19506321,,CLP,2151,"7 días tras clic, 1 día tras visualización o 1 día tras visualización activa",30,3.8790932,27.93506494,1083.62720403,2,1075.5,600,479,362,232,124,113,,2025-06-17,2025-06-17
"Video pareja dcto",2025-06-17,1031,1283,1.24442289,,CLP,2078,"7 días tras clic, 1 día tras visualización o 1 día tras visualización activa",13,1.55884645,103.9,1619.64146532,,,366,43,14,8,4,3,,2025-06-17,2025-06-17
"Video parejas dcto",2025-06-17,15,19,1.26666667,,CLP,23,"7 días tras clic o 1 día tras visualización",,0,0,1210.52631579,,,6,,,,,,,2025-06-17,2025-06-17
"Video explicando servicio corto",2025-06-17,1446,1619,1.11964039,,CLP,2063,"7 días tras clic o 1 día tras visualización",36,6.42371834,19.83653846,1274.2433601,,,574,432,319,209,111,102,,2025-06-17,2025-06-17
"Video explicando servicio corto",2025-06-17,2074,2305,1.11137898,,CLP,2079,"7 días tras clic, 1 día tras visualización o 1 día tras visualización activa",33,4.38177874,20.58415842,901.95227766,,,791,631,480,284,133,117,,2025-06-17,2025-06-17
"Video explicando servicio corto",2025-06-17,42,50,1.19047619,,CLP,54,"7 días tras clic, 1 día tras visualización o 1 día tras visualización activa",,0,0,1080,,,16,14,9,7,4,4,,2025-06-17,2025-06-17
"Video parejas amor",2025-06-17,1,2,2,,CLP,4,"7 días tras clic o 1 día tras visualización",,0,0,2000,,,,,,,,,,2025-06-17,2025-06-17
"Video explicando servicio corto",2025-06-16,2074,2216,1.06846673,,CLP,2174,"7 días tras clic, 1 día tras visualización o 1 día tras visualización activa",37,4.73826715,20.7047619,981.04693141,,,762,570,438,285,135,118,,2025-06-16,2025-06-16
"Video pareja dcto",2025-06-16,3,4,1.33333333,,CLP,11,"7 días tras clic, 1 día tras visualización o 1 día tras visualización activa",,0,0,2750,,,1,,,,,,,2025-06-16,2025-06-16
"Video parejas amor",2025-06-16,3,6,2,,CLP,2,"7 días tras clic o 1 día tras visualización",,0,0,333.33333333,,,4,1,,,,,,2025-06-16,2025-06-16
"Video explicando servicio corto",2025-06-16,2118,2325,1.09773371,,CLP,2160,"7 días tras clic, 1 día tras visualización o 1 día tras visualización activa",35,4.51612903,20.57142857,929.03225806,,,676,565,416,288,160,145,,2025-06-16,2025-06-16
"Video explicando servicio corto",2025-06-16,1711,1870,1.09292811,,CLP,2112,"7 días tras clic o 1 día tras visualización",31,6.36363636,17.74789916,1129.41176471,,,637,455,333,215,114,102,,2025-06-16,2025-06-16
"Video pareja dcto",2025-06-16,1403,1665,1.18674269,,CLP,2121,"7 días tras clic, 1 día tras visualización o 1 día tras visualización activa",15,2.16216216,58.91666667,1273.87387387,,,524,72,28,17,17,15,,2025-06-16,2025-06-16
"Video explicando servicio corto",2025-06-16,51,55,1.07843137,,CLP,60,"7 días tras clic, 1 día tras visualización o 1 día tras visualización activa",1,1.81818182,60,1090.90909091,,,13,9,8,7,3,3,,2025-06-16,2025-06-16
"Video parejas dcto",2025-06-16,7,8,1.14285714,,CLP,24,"7 días tras clic o 1 día tras visualización",,0,0,3000,,,3,1,,,,,,2025-06-16,2025-06-16
"Video explicando servicio corto",2025-06-16,2207,2426,1.09922972,,CLP,2053,"7 días tras clic, 1 día tras visualización o 1 día tras visualización activa",53,5.23495466,16.16535433,846.2489695,,,826,646,480,319,152,134,,2025-06-16,2025-06-16
"Video explicando servicio corto",2025-06-15,2273,2439,1.07303124,,CLP,2280,"7 días tras clic, 1 día tras visualización o 1 día tras visualización activa",74,6.31406314,14.80519481,934.80934809,,,908,703,546,361,193,167,,2025-06-15,2025-06-15
"Video pareja dcto",2025-06-15,1282,1527,1.19110764,,CLP,2221,"7 días tras clic, 1 día tras visualización o 1 día tras visualización activa",18,2.5540275,56.94871795,1454.4859201,,,452,46,11,8,6,5,,2025-06-15,2025-06-15
"Video explicando servicio corto",2025-06-15,1875,2132,1.13706667,,CLP,2168,"7 días tras clic, 1 día tras visualización o 1 día tras visualización activa",40,4.36210131,23.31182796,1016.88555347,,,600,493,369,241,135,119,,2025-06-15,2025-06-15
"Video parejas dcto",2025-06-15,8,8,1,,CLP,9,"7 días tras clic o 1 día tras visualización",,0,0,1125,,,4,1,,,,,,2025-06-15,2025-06-15
"Video parejas amor",2025-06-15,1,1,1,,CLP,2,"7 días tras clic o 1 día tras visualización",,0,0,2000,,,,,,,,,,2025-06-15,2025-06-15
"Video explicando servicio corto",2025-06-15,1675,1829,1.0919403,,CLP,2215,"7 días tras clic o 1 día tras visualización",60,7.87315473,15.38194444,1211.0442865,,,622,465,340,247,138,123,,2025-06-15,2025-06-15
"Video explicando servicio corto",2025-06-15,2178,2326,1.06795225,,CLP,2251,"7 días tras clic, 1 día tras visualización o 1 día tras visualización activa",38,4.98710232,19.40517241,967.75580396,,,806,614,464,302,162,145,,2025-06-15,2025-06-15
"Video pareja dcto",2025-06-15,1,1,1,,CLP,0,"7 días tras clic, 1 día tras visualización o 1 día tras visualización activa",,0,0,0,,,,,,,,,,2025-06-15,2025-06-15
"Video explicando servicio corto",2025-06-15,61,62,1.01639344,,CLP,54,"7 días tras clic, 1 día tras visualización o 1 día tras visualización activa",1,3.22580645,27,870.96774194,,,17,11,8,4,2,2,,2025-06-15,2025-06-15
"Video pareja dcto",2025-06-14,658,741,1.12613982,,CLP,1366,"7 días tras clic, 1 día tras visualización o 1 día tras visualización activa",7,1.88933873,97.57142857,1843.45479082,,,259,33,11,7,5,3,,2025-06-14,2025-06-14
"Video parejas dcto",2025-06-14,12,12,1,,CLP,41,"7 días tras clic o 1 día tras visualización",,0,0,3416.66666667,,,4,,,,,,,2025-06-14,2025-06-14
"Video pareja dcto",2025-06-14,1,2,2,,CLP,8,"7 días tras clic, 1 día tras visualización o 1 día tras visualización activa",,0,0,4000,,,,,,,,,,2025-06-14,2025-06-14
"Video explicando servicio corto",2025-06-14,835,928,1.11137725,,CLP,1203,"7 días tras clic, 1 día tras visualización o 1 día tras visualización activa",20,5.7112069,22.69811321,1296.3362069,,,355,279,200,145,64,61,,2025-06-14,2025-06-14
"Video explicando servicio corto",2025-06-14,850,942,1.10823529,,CLP,1600,"7 días tras clic o 1 día tras visualización",28,5.83864119,29.09090909,1698.51380042,,,282,207,146,96,56,50,,2025-06-14,2025-06-14
"Video parejas amor",2025-06-14,2,3,1.5,,CLP,1,"7 días tras clic o 1 día tras visualización",,0,0,333.33333333,,,,,,,,,,2025-06-14,2025-06-14
"Video explicando servicio corto",2025-06-14,1016,1092,1.07480315,,CLP,1568,"7 días tras clic, 1 día tras visualización o 1 día tras visualización activa",21,4.94505495,29.03703704,1435.8974359,,,386,289,223,124,60,52,,2025-06-14,2025-06-14
"Video explicando servicio corto",2025-06-14,820,926,1.12926829,,CLP,1346,"7 días tras clic, 1 día tras visualización o 1 día tras visualización activa",20,4.64362851,31.30232558,1453.5637149,,,304,237,186,138,69,61,,2025-06-14,2025-06-14
"Video explicando servicio corto",2025-06-14,28,29,1.03571429,,CLP,39,"7 días tras clic, 1 día tras visualización o 1 día tras visualización activa",,0,0,1344.82758621,,,8,4,2,1,,,,2025-06-14,2025-06-14
"Video explicando servicio corto",2025-06-13,929,934,1.00538213,,CLP,1140,"7 días tras clic o 1 día tras visualización",15,5.1391863,23.75,1220.55674518,,,329,223,166,105,49,44,,2025-06-13,2025-06-13
"Video explicando servicio corto",2025-06-13,1207,1314,1.08864954,,CLP,1512,"7 días tras clic, 1 día tras visualización o 1 día tras visualización activa",27,3.95738204,29.07692308,1150.68493151,,,397,321,235,152,90,78,,2025-06-13,2025-06-13
"Video explicando servicio corto",2025-06-13,13,13,1,,CLP,21,"7 días tras clic, 1 día tras visualización o 1 día tras visualización activa",,0,0,1615.38461538,,,3,2,2,1,1,1,,2025-06-13,2025-06-13
"Video pareja dcto",2025-06-13,817,1000,1.22399021,,CLP,1635,"7 días tras clic, 1 día tras visualización o 1 día tras visualización activa",16,3.2,51.09375,1635,,,372,56,14,9,7,6,,2025-06-13,2025-06-13
"Video parejas amor",2025-06-13,1,1,1,,CLP,3,"7 días tras clic o 1 día tras visualización",,0,0,3000,,,,,,,,,,2025-06-13,2025-06-13
"Video explicando servicio corto",2025-06-13,1518,1565,1.03096179,,CLP,1444,"7 días tras clic, 1 día tras visualización o 1 día tras visualización activa",30,3.76996805,24.47457627,922.68370607,,,544,386,283,167,88,81,,2025-06-13,2025-06-13
"Video explicando servicio corto",2025-06-13,1159,1242,1.07161346,,CLP,1412,"7 días tras clic, 1 día tras visualización o 1 día tras visualización activa",21,3.9452496,28.81632653,1136.87600644,,,457,349,251,167,80,73,,2025-06-13,2025-06-13
"Video parejas dcto",2025-06-13,15,15,1,,CLP,27,"7 días tras clic o 1 día tras visualización",1,20,9,1800,,,6,3,1,1,,,,2025-06-13,2025-06-13
"Video explicando servicio corto",2025-06-12,3948,4242,1.07446809,,CLP,3235,"7 días tras clic, 1 día tras visualización o 1 día tras visualización activa",79,4.29042904,17.77472527,762.61197548,,,1505,1087,809,522,274,240,,2025-06-12,2025-06-12
"Video pareja dcto",2025-06-12,33,34,1.03030303,,CLP,42,"7 días tras clic, 1 día tras visualización o 1 día tras visualización activa",1,2.94117647,42,1235.29411765,,,14,1,,,,,,2025-06-12,2025-06-12
"Video pareja dcto",2025-06-12,2,2,1,,CLP,6,"7 días tras clic, 1 día tras visualización o 1 día tras visualización activa",,0,0,3000,,,1,,,,,,,2025-06-12,2025-06-12
"Video parejas amor",2025-06-12,70,82,1.17142857,,CLP,138,"7 días tras clic o 1 día tras visualización",,0,0,1682.92682927,,,22,2,,,,,,2025-06-12,2025-06-12
"Video explicando servicio corto",2025-06-12,3014,3353,1.11247512,,CLP,2496,"7 días tras clic, 1 día tras visualización o 1 día tras visualización activa",53,3.6683567,20.29268293,744.40799284,,,945,723,518,339,197,183,,2025-06-12,2025-06-12
"Video parejas amor",2025-06-12,108,114,1.05555556,,CLP,208,"7 días tras clic, 1 día tras visualización o 1 día tras visualización activa",,4.38596491,41.6,1824.56140351,,,51,5,1,,,,,2025-06-12,2025-06-12
"Video explicando servicio corto",2025-06-12,2819,2943,1.04398723,,CLP,2498,"7 días tras clic o 1 día tras visualización",71,5.94631329,14.27428571,848.79374788,,,1042,740,555,385,202,175,,2025-06-12,2025-06-12
"Video explicando servicio corto",2025-06-12,3212,3397,1.05759651,,CLP,2453,"7 días tras clic, 1 día tras visualización o 1 día tras visualización activa",57,3.6797174,19.624,722.10774213,2,1226.5,1168,862,623,415,187,171,,2025-06-12,2025-06-12
"Video pareja dcto",2025-06-12,12,13,1.08333333,,CLP,23,"7 días tras clic, 1 día tras visualización o 1 día tras visualización activa",,7.69230769,23,1769.23076923,,,4,1,,,,,,2025-06-12,2025-06-12
"Video parejas dcto",2025-06-12,44,48,1.09090909,,CLP,83,"7 días tras clic o 1 día tras visualización",,0,0,1729.16666667,,,21,2,,,,,,2025-06-12,2025-06-12
"Video parejas amor",2025-06-12,295,343,1.16271186,,CLP,778,"7 días tras clic, 1 día tras visualización o 1 día tras visualización activa",8,3.20699708,70.72727273,2268.22157434,,,128,13,9,7,6,6,,2025-06-12,2025-06-12
"Video pareja dcto",2025-06-12,1420,1660,1.16901408,,CLP,2145,"7 días tras clic, 1 día tras visualización o 1 día tras visualización activa",21,2.59036145,49.88372093,1292.1686747,,,514,81,28,23,18,12,,2025-06-12,2025-06-12
"Video parejas amor",2025-06-12,226,242,1.07079646,,CLP,372,"7 días tras clic, 1 día tras visualización o 1 día tras visualización activa",1,1.23966942,124,1537.19008264,,,73,9,4,3,2,2,,2025-06-12,2025-06-12
"Video explicando servicio corto",2025-06-12,3,3,1,,CLP,2,"7 días tras clic, 1 día tras visualización o 1 día tras visualización activa",,0,0,666.66666667,,,2,2,1,,,,,2025-06-12,2025-06-12
"Video parejas amor",2025-06-12,148,160,1.08108108,,CLP,230,"7 días tras clic, 1 día tras visualización o 1 día tras visualización activa",7,6.25,23,1437.5,,,46,6,4,4,2,1,,2025-06-12,2025-06-12
"Video pareja dcto",2025-06-11,12,12,1,,CLP,16,"7 días tras clic, 1 día tras visualización o 1 día tras visualización activa",1,16.66666667,8,1333.33333333,,,3,1,1,,,,,2025-06-11,2025-06-11
"Video explicando servicio corto",2025-06-11,1814,1978,1.09040794,,CLP,1872,"7 días tras clic o 1 día tras visualización",39,4.55005056,20.8,946.41051567,,,660,484,358,218,102,92,,2025-06-11,2025-06-11
"Video pareja dcto",2025-06-11,535,688,1.28598131,,CLP,1160,"7 días tras clic, 1 día tras visualización o 1 día tras visualización activa",3,0.87209302,193.33333333,1686.04651163,,,180,20,10,5,2,1,,2025-06-11,2025-06-11
"Video parejas amor",2025-06-11,116,123,1.06034483,,CLP,173,"7 días tras clic, 1 día tras visualización o 1 día tras visualización activa",1,1.62601626,86.5,1406.50406504,,,44,3,1,1,1,1,,2025-06-11,2025-06-11
"Video parejas amor",2025-06-11,172,185,1.0755814,,CLP,519,"7 días tras clic, 1 día tras visualización o 1 día tras visualización activa",8,5.40540541,51.9,2805.40540541,,,61,8,2,2,2,2,,2025-06-11,2025-06-11
"Video explicando servicio corto",2025-06-11,2674,2847,1.06469708,,CLP,2278,"7 días tras clic, 1 día tras visualización o 1 día tras visualización activa",47,3.96909027,20.15929204,800.14049877,,,1025,754,582,371,172,155,,2025-06-11,2025-06-11
"Video parejas amor",2025-06-11,135,149,1.1037037,,CLP,444,"7 días tras clic o 1 día tras visualización",5,4.02684564,74,2979.86577181,,,34,3,1,1,,,,2025-06-11,2025-06-11
"Video parejas amor",2025-06-11,341,352,1.03225806,,CLP,455,"7 días tras clic, 1 día tras visualización o 1 día tras visualización activa",1,1.70454545,75.83333333,1292.61363636,,,132,14,8,3,3,2,,2025-06-11,2025-06-11
"Video explicando servicio corto",2025-06-11,672,697,1.03720238,,CLP,691,"7 días tras clic, 1 día tras visualización o 1 día tras visualización activa",16,3.01291248,32.9047619,991.39167862,,,183,131,84,56,32,31,,2025-06-11,2025-06-11
"Video explicando servicio corto",2025-06-11,1664,1924,1.15625,,CLP,2001,"7 días tras clic, 1 día tras visualización o 1 día tras visualización activa",29,3.27442827,31.76190476,1040.02079002,,,520,407,291,182,105,92,,2025-06-11,2025-06-11
"Video explicando servicio corto",2025-06-11,2130,2203,1.0342723,,CLP,1657,"7 días tras clic, 1 día tras visualización o 1 día tras visualización activa",40,5.31093963,14.16239316,752.1561507,,,883,641,474,303,149,137,,2025-06-11,2025-06-11
"Video parejas amor",2025-06-11,64,65,1.015625,,CLP,61,"7 días tras clic, 1 día tras visualización o 1 día tras visualización activa",1,3.07692308,30.5,938.46153846,,,26,3,3,2,2,2,,2025-06-11,2025-06-11
"Video parejas dcto",2025-06-11,17,19,1.11764706,,CLP,50,"7 días tras clic o 1 día tras visualización",,0,0,2631.57894737,,,8,1,,,,,,2025-06-11,2025-06-11
"Video pareja dcto",2025-06-11,256,277,1.08203125,,CLP,453,"7 días tras clic, 1 día tras visualización o 1 día tras visualización activa",3,3.6101083,45.3,1635.37906137,,,125,15,1,1,1,1,,2025-06-11,2025-06-11
"Video pareja dcto",2025-06-11,29,29,1,,CLP,63,"7 días tras clic, 1 día tras visualización o 1 día tras visualización activa",,3.44827586,63,2172.4137931,,,11,2,1,,,,,2025-06-11,2025-06-11
"Video parejas amor",2025-06-10,747,889,1.19009371,,CLP,1119,"7 días tras clic, 1 día tras visualización o 1 día tras visualización activa",3,0.89988751,139.875,1258.71766029,,,233,28,9,8,7,6,,2025-06-10,2025-06-10
"Video parejas amor",2025-06-10,635,722,1.13700787,,CLP,1028,"7 días tras clic, 1 día tras visualización o 1 día tras visualización activa",12,3.18559557,44.69565217,1423.82271468,,,250,33,14,10,9,6,,2025-06-10,2025-06-10
"Video pareja dcto",2025-06-10,8,8,1,,CLP,9,"7 días tras clic, 1 día tras visualización o 1 día tras visualización activa",,0,0,1125,,,4,1,,,,,,2025-06-10,2025-06-10
"Video explicando servicio corto",2025-06-10,1100,1159,1.05363636,,CLP,886,"7 días tras clic, 1 día tras visualización o 1 día tras visualización activa",13,3.45125108,22.15,764.45211389,,,399,288,217,142,67,60,,2025-06-10,2025-06-10
"Video explicando servicio corto",2025-06-10,700,760,1.08571429,,CLP,695,"7 días tras clic, 1 día tras visualización o 1 día tras visualización activa",11,3.94736842,23.16666667,914.47368421,,,225,165,109,67,40,35,,2025-06-10,2025-06-10
"Video parejas amor",2025-06-10,29,31,1.06896552,,CLP,48,"7 días tras clic o 1 día tras visualización",,3.22580645,48,1548.38709677,,,12,,,,,,,2025-06-10,2025-06-10
"Video pareja dcto",2025-06-10,890,1047,1.17640449,,CLP,1462,"7 días tras clic, 1 día tras visualización o 1 día tras visualización activa",8,2.48328558,56.23076923,1396.37058262,,,352,43,17,11,5,3,,2025-06-10,2025-06-10
"Video pareja dcto",2025-06-10,605,674,1.11404959,,CLP,1058,"7 días tras clic, 1 día tras visualización o 1 día tras visualización activa",10,2.96735905,52.9,1569.73293769,,,268,25,7,3,3,1,,2025-06-10,2025-06-10
"Video pareja dcto",2025-06-10,4,4,1,,CLP,3,"7 días tras clic, 1 día tras visualización o 1 día tras visualización activa",,0,0,750,,,1,,,,,,,2025-06-10,2025-06-10
"Video parejas amor",2025-06-10,18,18,1,,CLP,16,"7 días tras clic, 1 día tras visualización o 1 día tras visualización activa",1,5.55555556,16,888.88888889,,,3,,,,,,,2025-06-10,2025-06-10
"Video explicando servicio corto",2025-06-10,2319,2498,1.07718844,,CLP,2017,"7 días tras clic o 1 día tras visualización",39,4.28342674,18.85046729,807.44595677,,,845,586,446,285,133,114,,2025-06-10,2025-06-10
"Video explicando servicio corto",2025-06-10,1915,2105,1.09921671,,CLP,1930,"7 días tras clic, 1 día tras visualización o 1 día tras visualización activa",37,4.41805226,20.75268817,916.86460808,,,750,536,412,277,122,112,,2025-06-10,2025-06-10
"Video explicando servicio corto",2025-06-10,27,28,1.03703704,,CLP,31,"7 días tras clic, 1 día tras visualización o 1 día tras visualización activa",,3.57142857,31,1107.14285714,,,5,4,3,,,,,2025-06-10,2025-06-10
"Video parejas amor",2025-06-10,4,4,1,,CLP,5,"7 días tras clic, 1 día tras visualización o 1 día tras visualización activa",,0,0,1250,,,3,,,,,,,2025-06-10,2025-06-10
"Video parejas dcto",2025-06-10,142,155,1.0915493,,CLP,185,"7 días tras clic o 1 día tras visualización",2,3.87096774,30.83333333,1193.5483871,,,54,9,3,2,2,2,,2025-06-10,2025-06-10
"Video pareja dcto",2025-06-09,656,735,1.12042683,,CLP,1247,"7 días tras clic, 1 día tras visualización o 1 día tras visualización activa",8,2.17687075,77.9375,1696.59863946,,,282,33,10,6,4,4,,2025-06-09,2025-06-09
"Video explicando servicio corto",2025-06-09,1575,1648,1.04634921,,CLP,1528,"7 días tras clic o 1 día tras visualización",31,6.12864078,15.12871287,927.18446602,,,592,432,307,215,114,101,,2025-06-09,2025-06-09
"Video pareja dcto",2025-06-09,4,4,1,,CLP,4,"7 días tras clic, 1 día tras visualización o 1 día tras visualización activa",,0,0,1000,,,2,,,,,,,2025-06-09,2025-06-09
"Video explicando servicio corto",2025-06-09,58,58,1,,CLP,36,"7 días tras clic, 1 día tras visualización o 1 día tras visualización activa",1,3.44827586,18,620.68965517,,,15,14,7,6,3,3,,2025-06-09,2025-06-09
"Video pareja dcto",2025-06-09,703,745,1.05974395,,CLP,1109,"7 días tras clic, 1 día tras visualización o 1 día tras visualización activa",15,4.4295302,33.60606061,1488.59060403,,,342,43,12,5,4,3,,2025-06-09,2025-06-09
"Video pareja dcto",2025-06-09,6,6,1,,CLP,6,"7 días tras clic, 1 día tras visualización o 1 día tras visualización activa",,0,0,1000,,,4,1,,,,,,2025-06-09,2025-06-09
"Video explicando servicio corto",2025-06-09,1103,1136,1.0299184,,CLP,921,"7 días tras clic, 1 día tras visualización o 1 día tras visualización activa",25,5.1056338,15.87931034,810.73943662,,,419,294,228,148,72,61,,2025-06-09,2025-06-09
"Video parejas amor",2025-06-09,81,100,1.2345679,,CLP,369,"7 días tras clic, 1 día tras visualización o 1 día tras visualización activa",6,6,61.5,3690,,,38,5,,,,,,2025-06-09,2025-06-09
"Video explicando servicio corto",2025-06-09,727,763,1.04951857,,CLP,538,"7 días tras clic, 1 día tras visualización o 1 día tras visualización activa",14,4.71821756,14.94444444,705.11140236,,,298,216,168,112,53,48,,2025-06-09,2025-06-09
"Video parejas amor",2025-06-09,53,55,1.03773585,,CLP,61,"7 días tras clic o 1 día tras visualización",,0,0,1109.09090909,,,15,3,,,,,,2025-06-09,2025-06-09
"Video parejas amor",2025-06-09,658,778,1.18237082,,CLP,1518,"7 días tras clic, 1 día tras visualización o 1 día tras visualización activa",12,2.69922879,72.28571429,1951.15681234,,,270,35,10,6,3,1,,2025-06-09,2025-06-09
"Video parejas dcto",2025-06-09,8,8,1,,CLP,16,"7 días tras clic o 1 día tras visualización",2,25,8,2000,,,2,,,,,,,2025-06-09,2025-06-09
"Video explicando servicio corto",2025-06-09,1185,1301,1.0978903,,CLP,1483,"7 días tras clic, 1 día tras visualización o 1 día tras visualización activa",23,3.99692544,28.51923077,1139.89239047,,,397,303,229,152,72,66,,2025-06-09,2025-06-09
"Video parejas amor",2025-06-09,216,225,1.04166667,,CLP,326,"7 días tras clic, 1 día tras visualización o 1 día tras visualización activa",1,1.33333333,108.66666667,1448.88888889,,,91,8,1,,,,,2025-06-09,2025-06-09
"Video parejas amor",2025-06-09,66,68,1.03030303,,CLP,121,"7 días tras clic, 1 día tras visualización o 1 día tras visualización activa",1,1.47058824,121,1779.41176471,,,24,3,2,2,1,1,,2025-06-09,2025-06-09
"Video explicando servicio corto",2025-06-08,1138,1220,1.07205624,,CLP,1073,"7 días tras clic, 1 día tras visualización o 1 día tras visualización activa",16,2.86885246,30.65714286,879.50819672,,,315,229,165,120,54,46,,2025-06-08,2025-06-08
"Video explicando servicio corto",2025-06-08,2497,2597,1.04004806,,CLP,2120,"7 días tras clic o 1 día tras visualización",58,6.04543704,13.50318471,816.32653061,,,945,701,511,357,167,141,,2025-06-08,2025-06-08
"Video parejas amor",2025-06-08,720,822,1.14166667,,CLP,1208,"7 días tras clic, 1 día tras visualización o 1 día tras visualización activa",4,1.70316302,86.28571429,1469.5863747,,,322,33,10,5,2,2,,2025-06-08,2025-06-08
"Video parejas dcto",2025-06-08,3,3,1,,CLP,1,"7 días tras clic o 1 día tras visualización",,0,0,333.33333333,,,2,,,,,,,2025-06-08,2025-06-08
"Video explicando servicio corto",2025-06-08,1412,1511,1.07011331,,CLP,1208,"7 días tras clic, 1 día tras visualización o 1 día tras visualización activa",12,2.38252813,33.55555556,799.47054931,,,432,309,217,141,77,69,,2025-06-08,2025-06-08
"Video parejas amor",2025-06-08,4,4,1,,CLP,2,"7 días tras clic, 1 día tras visualización o 1 día tras visualización activa",,0,0,500,,,2,,,,,,,2025-06-08,2025-06-08
"Video explicando servicio corto",2025-06-08,2741,2872,1.04779278,,CLP,2156,"7 días tras clic, 1 día tras visualización o 1 día tras visualización activa",61,5.08356546,14.76712329,750.69637883,,,1069,826,627,428,191,168,,2025-06-08,2025-06-08
"Video pareja dcto",2025-06-08,387,421,1.0878553,,CLP,909,"7 días tras clic, 1 día tras visualización o 1 día tras visualización activa",7,2.85035629,75.75,2159.14489311,,,159,18,4,2,2,,,2025-06-08,2025-06-08
"Video explicando servicio corto",2025-06-08,2491,2739,1.09955841,,CLP,2143,"7 días tras clic, 1 día tras visualización o 1 día tras visualización activa",52,4.19861263,18.63478261,782.40233662,,,976,734,572,391,190,173,,2025-06-08,2025-06-08
"Video parejas amor",2025-06-08,2,2,1,,CLP,4,"7 días tras clic o 1 día tras visualización",,50,4,2000,,,1,,,,,,,2025-06-08,2025-06-08
"Video parejas amor",2025-06-07,418,442,1.05741627,,CLP,636,"7 días tras clic, 1 día tras visualización o 1 día tras visualización activa",6,3.39366516,42.4,1438.91402715,,,170,25,5,4,3,,,2025-06-07,2025-06-07
"Video pareja dcto",2025-06-07,1,1,1,,CLP,0,"7 días tras clic, 1 día tras visualización o 1 día tras visualización activa",,0,0,0,,,,,,,,,,2025-06-07,2025-06-07
"Video explicando servicio corto",2025-06-07,2164,2328,1.07578558,,CLP,2047,"7 días tras clic o 1 día tras visualización",61,5.79896907,15.16296296,879.29553265,,,808,593,443,295,163,148,,2025-06-07,2025-06-07
"Video explicando servicio corto",2025-06-07,2057,2282,1.1093826,,CLP,2197,"7 días tras clic, 1 día tras visualización o 1 día tras visualización activa",37,3.7248028,25.84705882,962.75197195,,,681,523,384,257,140,124,,2025-06-07,2025-06-07
"Video parejas amor",2025-06-07,16,16,1,,CLP,21,"7 días tras clic, 1 día tras visualización o 1 día tras visualización activa",,0,0,1312.5,,,9,1,,,,,,2025-06-07,2025-06-07
"Video parejas amor",2025-06-07,2,4,2,,CLP,14,"7 días tras clic, 1 día tras visualización o 1 día tras visualización activa",,0,0,3500,,,1,,,,,,,2025-06-07,2025-06-07
"Video pareja dcto",2025-06-07,94,100,1.06382979,,CLP,160,"7 días tras clic, 1 día tras visualización o 1 día tras visualización activa",,2,80,1600,,,35,4,1,1,1,1,,2025-06-07,2025-06-07
"Video parejas amor",2025-06-07,36,38,1.05555556,,CLP,28,"7 días tras clic o 1 día tras visualización",,2.63157895,28,736.84210526,,,12,1,,,,,,2025-06-07,2025-06-07
"Video parejas dcto",2025-06-07,44,44,1,,CLP,22,"7 días tras clic o 1 día tras visualización",2,13.63636364,3.66666667,500,,,18,4,,,,,,2025-06-07,2025-06-07
"Video pareja dcto",2025-06-07,1011,1175,1.16221563,,CLP,1680,"7 días tras clic, 1 día tras visualización o 1 día tras visualización activa",19,2.9787234,48,1429.78723404,,,400,52,18,13,9,8,,2025-06-07,2025-06-07
"Video explicando servicio corto",2025-06-07,108,128,1.18518519,,CLP,170,"7 días tras clic, 1 día tras visualización o 1 día tras visualización activa",,0.78125,170,1328.125,,,29,24,18,13,4,4,,2025-06-07,2025-06-07
"Video explicando servicio corto",2025-06-07,2030,2116,1.04236453,,CLP,1985,"7 días tras clic, 1 día tras visualización o 1 día tras visualización activa",36,3.87523629,24.20731707,938.09073724,,,759,559,428,289,134,113,,2025-06-07,2025-06-07
"Video explicando servicio corto",2025-06-07,1705,1770,1.03812317,,CLP,1486,"7 días tras clic, 1 día tras visualización o 1 día tras visualización activa",33,4.68926554,17.90361446,839.5480226,,,622,462,359,247,113,107,,2025-06-07,2025-06-07
"Video pareja dcto",2025-06-06,87,89,1.02298851,,CLP,138,"7 días tras clic, 1 día tras visualización o 1 día tras visualización activa",,4.49438202,34.5,1550.56179775,,,42,4,,,,,,2025-06-06,2025-06-06
"Video parejas amor",2025-06-06,234,262,1.11965812,,CLP,287,"7 días tras clic o 1 día tras visualización",5,5.34351145,20.5,1095.41984733,,,105,12,2,2,2,1,,2025-06-06,2025-06-06
"Video explicando servicio corto",2025-06-06,1454,1600,1.10041265,,CLP,1634,"7 días tras clic, 1 día tras visualización o 1 día tras visualización activa",24,2.5625,39.85365854,1021.25,,,407,305,217,145,87,79,,2025-06-06,2025-06-06
"Video pareja dcto",2025-06-06,56,59,1.05357143,,CLP,78,"7 días tras clic, 1 día tras visualización o 1 día tras visualización activa",,0,0,1322.03389831,,,23,2,1,1,1,1,,2025-06-06,2025-06-06
"Video explicando servicio corto",2025-06-06,681,716,1.05139501,,CLP,896,"7 días tras clic, 1 día tras visualización o 1 día tras visualización activa",10,3.2122905,38.95652174,1251.39664804,,,280,206,150,102,46,39,,2025-06-06,2025-06-06
"Video explicando servicio corto",2025-06-06,540,570,1.05555556,,CLP,824,"7 días tras clic o 1 día tras visualización",8,4.21052632,34.33333333,1445.61403509,,,189,141,111,76,39,39,,2025-06-06,2025-06-06
"Video parejas amor",2025-06-06,478,512,1.07112971,,CLP,636,"7 días tras clic, 1 día tras visualización o 1 día tras visualización activa",6,2.734375,45.42857143,1242.1875,,,174,19,2,2,2,1,,2025-06-06,2025-06-06
"Video explicando servicio corto",2025-06-06,155,189,1.21935484,,CLP,247,"7 días tras clic, 1 día tras visualización o 1 día tras visualización activa",2,2.64550265,49.4,1306.87830688,,,55,33,28,20,11,9,,2025-06-06,2025-06-06
"Video parejas amor",2025-06-06,412,463,1.12378641,,CLP,819,"7 días tras clic, 1 día tras visualización o 1 día tras visualización activa",7,4.96760259,35.60869565,1768.89848812,,,142,19,4,3,3,3,,2025-06-06,2025-06-06
"Video parejas dcto",2025-06-06,540,588,1.08888889,,CLP,504,"7 días tras clic o 1 día tras visualización",6,3.23129252,26.52631579,857.14285714,,,226,24,7,5,4,3,,2025-06-06,2025-06-06
"Video parejas amor",2025-06-06,57,62,1.0877193,,CLP,99,"7 días tras clic, 1 día tras visualización o 1 día tras visualización activa",,0,0,1596.77419355,,,19,2,,,,,,2025-06-06,2025-06-06
"Video explicando servicio corto",2025-06-06,579,654,1.12953368,,CLP,797,"7 días tras clic, 1 día tras visualización o 1 día tras visualización activa",11,3.21100917,37.95238095,1218.65443425,,,235,176,132,79,44,42,,2025-06-06,2025-06-06
"Video parejas amor",2025-06-06,321,341,1.0623053,,CLP,488,"7 días tras clic, 1 día tras visualización o 1 día tras visualización activa",5,2.93255132,48.8,1431.08504399,,,84,11,6,3,3,3,,2025-06-06,2025-06-06
"Video pareja dcto",2025-06-06,639,735,1.15023474,,CLP,1187,"7 días tras clic, 1 día tras visualización o 1 día tras visualización activa",9,2.85714286,56.52380952,1614.96598639,,,275,36,11,8,8,8,,2025-06-06,2025-06-06
"Video pareja dcto",2025-06-06,403,436,1.08188586,,CLP,782,"7 días tras clic, 1 día tras visualización o 1 día tras visualización activa",3,2.29357798,78.2,1793.57798165,,,163,22,10,9,7,6,,2025-06-06,2025-06-06
"Video parejas amor",2025-06-05,18,18,1,,CLP,39,"7 días tras clic, 1 día tras visualización o 1 día tras visualización activa",,0,0,2166.66666667,,,7,,,,,,,2025-06-05,2025-06-05
"Video explicando servicio corto",2025-06-05,73,75,1.02739726,,CLP,120,"7 días tras clic, 1 día tras visualización o 1 día tras visualización activa",1,1.33333333,120,1600,,,24,17,13,10,4,3,,2025-06-05,2025-06-05
"Video pareja dcto",2025-06-05,453,473,1.04415011,,CLP,690,"7 días tras clic, 1 día tras visualización o 1 día tras visualización activa",5,2.53699789,57.5,1458.77378436,,,174,17,8,7,3,2,,2025-06-05,2025-06-05
"Video parejas amor",2025-06-05,1,1,1,,CLP,3,"7 días tras clic, 1 día tras visualización o 1 día tras visualización activa",,0,0,3000,,,1,,,,,,,2025-06-05,2025-06-05
"Video explicando servicio corto",2025-06-05,433,467,1.07852194,,CLP,806,"7 días tras clic o 1 día tras visualización",16,5.99571734,28.78571429,1725.91006424,,,154,114,88,59,27,22,,2025-06-05,2025-06-05
"Video explicando servicio corto",2025-06-05,100,102,1.02,,CLP,134,"7 días tras clic, 1 día tras visualización o 1 día tras visualización activa",3,4.90196078,26.8,1313.7254902,,,39,28,20,16,8,8,,2025-06-05,2025-06-05
"Video pareja dcto",2025-06-05,436,443,1.01605505,,CLP,689,"7 días tras clic, 1 día tras visualización o 1 día tras visualización activa",4,3.16027088,49.21428571,1555.30474041,,,193,25,7,5,5,2,,2025-06-05,2025-06-05
"Video parejas dcto",2025-06-05,84,84,1,,CLP,158,"7 días tras clic o 1 día tras visualización",2,5.95238095,31.6,1880.95238095,,,37,3,1,,,,,2025-06-05,2025-06-05
"Video explicando servicio corto",2025-06-05,132,135,1.02272727,,CLP,199,"7 días tras clic, 1 día tras visualización o 1 día tras visualización activa",1,1.48148148,99.5,1474.07407407,,,32,23,18,11,7,7,,2025-06-05,2025-06-05
"Video parejas amor",2025-06-05,24,26,1.08333333,,CLP,40,"7 días tras clic o 1 día tras visualización",1,11.53846154,13.33333333,1538.46153846,,,11,3,1,1,1,,,2025-06-05,2025-06-05
"Video parejas amor",2025-06-05,557,596,1.07001795,,CLP,927,"7 días tras clic, 1 día tras visualización o 1 día tras visualización activa",8,3.52348993,44.14285714,1555.36912752,,,201,25,7,5,5,4,,2025-06-05,2025-06-05
"Video parejas amor",2025-06-05,328,372,1.13414634,,CLP,593,"7 días tras clic, 1 día tras visualización o 1 día tras visualización activa",4,1.88172043,84.71428571,1594.08602151,,,140,24,9,4,4,3,,2025-06-05,2025-06-05
"Video pareja dcto",2025-06-05,42,42,1,,CLP,73,"7 días tras clic, 1 día tras visualización o 1 día tras visualización activa",2,2.38095238,73,1738.0952381,,,15,1,,,,,,2025-06-05,2025-06-05
"Video explicando servicio corto",2025-06-05,115,123,1.06956522,,CLP,201,"7 días tras clic, 1 día tras visualización o 1 día tras visualización activa",2,3.25203252,50.25,1634.14634146,,,32,29,20,13,4,3,,2025-06-05,2025-06-05
