fecha,email,id_reserva,descripcion,monto
2025-08-02 12:00:00,sim@hotboat.cl,1000000.0,leña,1500.0
2025-08-02 12:00:00,sim@hotboat.cl,1000000.0,agua,700.0
2025-08-02 12:00:00,sim@hotboat.cl,1000000.0,luz,520.0
2025-08-02 12:00:00,sim@hotboat.cl,1000000.0,gas,10000.0
2025-08-03 12:00:00,sim@hotboat.cl,1000001.0,leña,1500.0
2025-08-03 12:00:00,sim@hotboat.cl,1000001.0,agua,700.0
2025-08-03 12:00:00,sim@hotboat.cl,1000001.0,luz,520.0
2025-08-03 12:00:00,sim@hotboat.cl,1000001.0,gas,10000.0
2025-08-04 12:00:00,sim@hotboat.cl,1000002.0,leña,1500.0
2025-08-04 12:00:00,sim@hotboat.cl,1000002.0,agua,700.0
2025-08-04 12:00:00,sim@hotboat.cl,1000002.0,luz,520.0
2025-08-04 12:00:00,sim@hotboat.cl,1000002.0,gas,10000.0
2025-08-05 12:00:00,sim@hotboat.cl,1000003.0,leña,1500.0
2025-08-05 12:00:00,sim@hotboat.cl,1000003.0,agua,700.0
2025-08-05 12:00:00,sim@hotboat.cl,1000003.0,luz,520.0
2025-08-05 12:00:00,sim@hotboat.cl,1000003.0,gas,10000.0
2025-08-09 12:00:00,sim@hotboat.cl,1000004.0,leña,1500.0
2025-08-09 12:00:00,sim@hotboat.cl,1000004.0,agua,700.0
2025-08-09 12:00:00,sim@hotboat.cl,1000004.0,luz,520.0
2025-08-09 12:00:00,sim@hotboat.cl,1000004.0,gas,10000.0
2025-08-10 12:00:00,sim@hotboat.cl,1000005.0,leña,1500.0
2025-08-10 12:00:00,sim@hotboat.cl,1000005.0,agua,700.0
2025-08-10 12:00:00,sim@hotboat.cl,1000005.0,luz,520.0
2025-08-10 12:00:00,sim@hotboat.cl,1000005.0,gas,10000.0
2025-08-12 12:00:00,sim@hotboat.cl,1000006.0,leña,1500.0
2025-08-12 12:00:00,sim@hotboat.cl,1000006.0,agua,700.0
2025-08-12 12:00:00,sim@hotboat.cl,1000006.0,luz,520.0
2025-08-12 12:00:00,sim@hotboat.cl,1000006.0,gas,10000.0
2025-08-19 12:00:00,sim@hotboat.cl,1000007.0,leña,1500.0
2025-08-19 12:00:00,sim@hotboat.cl,1000007.0,agua,700.0
2025-08-19 12:00:00,sim@hotboat.cl,1000007.0,luz,520.0
2025-08-19 12:00:00,sim@hotboat.cl,1000007.0,gas,10000.0
2025-08-23 12:00:00,sim@hotboat.cl,1000008.0,leña,1500.0
2025-08-23 12:00:00,sim@hotboat.cl,1000008.0,agua,700.0
2025-08-23 12:00:00,sim@hotboat.cl,1000008.0,luz,520.0
2025-08-23 12:00:00,sim@hotboat.cl,1000008.0,gas,10000.0
2025-08-27 12:00:00,sim@hotboat.cl,1000009.0,leña,1500.0
2025-08-27 12:00:00,sim@hotboat.cl,1000009.0,agua,700.0
2025-08-27 12:00:00,sim@hotboat.cl,1000009.0,luz,520.0
2025-08-27 12:00:00,sim@hotboat.cl,1000009.0,gas,10000.0
2025-08-27 12:10:00,sim@hotboat.cl,1000010.0,leña,1500.0
2025-08-27 12:10:00,sim@hotboat.cl,1000010.0,agua,700.0
2025-08-27 12:10:00,sim@hotboat.cl,1000010.0,luz,520.0
2025-08-27 12:10:00,sim@hotboat.cl,1000010.0,gas,10000.0
2025-08-30 12:00:00,sim@hotboat.cl,1000011.0,leña,1500.0
2025-08-30 12:00:00,sim@hotboat.cl,1000011.0,agua,700.0
2025-08-30 12:00:00,sim@hotboat.cl,1000011.0,luz,520.0
2025-08-30 12:00:00,sim@hotboat.cl,1000011.0,gas,10000.0
2025-08-31 12:00:00,sim@hotboat.cl,1000012.0,leña,1500.0
2025-08-31 12:00:00,sim@hotboat.cl,1000012.0,agua,700.0
2025-08-31 12:00:00,sim@hotboat.cl,1000012.0,luz,520.0
2025-08-31 12:00:00,sim@hotboat.cl,1000012.0,gas,10000.0
2025-08-31 12:10:00,sim@hotboat.cl,1000013.0,leña,1500.0
2025-08-31 12:10:00,sim@hotboat.cl,1000013.0,agua,700.0
2025-08-31 12:10:00,sim@hotboat.cl,1000013.0,luz,520.0
2025-08-31 12:10:00,sim@hotboat.cl,1000013.0,gas,10000.0
2025-08-31 12:20:00,sim@hotboat.cl,1000014.0,leña,1500.0
2025-08-31 12:20:00,sim@hotboat.cl,1000014.0,agua,700.0
2025-08-31 12:20:00,sim@hotboat.cl,1000014.0,luz,520.0
2025-08-31 12:20:00,sim@hotboat.cl,1000014.0,gas,10000.0
2025-08-02 20:00:00,sim@hotboat.cl,,pago extra ayudante (diario),30000.0
2025-08-03 20:00:00,sim@hotboat.cl,,pago extra ayudante (diario),30000.0
2025-08-04 20:00:00,sim@hotboat.cl,,pago extra ayudante (diario),30000.0
2025-08-05 20:00:00,sim@hotboat.cl,,pago extra ayudante (diario),30000.0
2025-08-09 20:00:00,sim@hotboat.cl,,pago extra ayudante (diario),30000.0
2025-08-10 20:00:00,sim@hotboat.cl,,pago extra ayudante (diario),30000.0
2025-08-12 20:00:00,sim@hotboat.cl,,pago extra ayudante (diario),30000.0
2025-08-19 20:00:00,sim@hotboat.cl,,pago extra ayudante (diario),30000.0
2025-08-23 20:00:00,sim@hotboat.cl,,pago extra ayudante (diario),30000.0
2025-08-27 20:00:00,sim@hotboat.cl,,pago extra ayudante (diario),60000.0
2025-08-30 20:00:00,sim@hotboat.cl,,pago extra ayudante (diario),30000.0
2025-08-31 20:00:00,sim@hotboat.cl,,pago extra ayudante (diario),90000.0
2025-09-02 12:00:00,sim@hotboat.cl,1000015.0,leña,1500.0
2025-09-02 12:00:00,sim@hotboat.cl,1000015.0,agua,700.0
2025-09-02 12:00:00,sim@hotboat.cl,1000015.0,luz,520.0
2025-09-02 12:00:00,sim@hotboat.cl,1000015.0,gas,10000.0
2025-09-03 12:00:00,sim@hotboat.cl,1000016.0,leña,1500.0
2025-09-03 12:00:00,sim@hotboat.cl,1000016.0,agua,700.0
2025-09-03 12:00:00,sim@hotboat.cl,1000016.0,luz,520.0
2025-09-03 12:00:00,sim@hotboat.cl,1000016.0,gas,10000.0
2025-09-06 12:00:00,sim@hotboat.cl,1000017.0,leña,1500.0
2025-09-06 12:00:00,sim@hotboat.cl,1000017.0,agua,700.0
2025-09-06 12:00:00,sim@hotboat.cl,1000017.0,luz,520.0
2025-09-06 12:00:00,sim@hotboat.cl,1000017.0,gas,10000.0
2025-09-06 12:10:00,sim@hotboat.cl,1000018.0,leña,1500.0
2025-09-06 12:10:00,sim@hotboat.cl,1000018.0,agua,700.0
2025-09-06 12:10:00,sim@hotboat.cl,1000018.0,luz,520.0
2025-09-06 12:10:00,sim@hotboat.cl,1000018.0,gas,10000.0
2025-09-06 12:20:00,sim@hotboat.cl,1000019.0,leña,1500.0
2025-09-06 12:20:00,sim@hotboat.cl,1000019.0,agua,700.0
2025-09-06 12:20:00,sim@hotboat.cl,1000019.0,luz,520.0
2025-09-06 12:20:00,sim@hotboat.cl,1000019.0,gas,10000.0
2025-09-07 12:00:00,sim@hotboat.cl,1000020.0,leña,1500.0
2025-09-07 12:00:00,sim@hotboat.cl,1000020.0,agua,700.0
2025-09-07 12:00:00,sim@hotboat.cl,1000020.0,luz,520.0
2025-09-07 12:00:00,sim@hotboat.cl,1000020.0,gas,10000.0
2025-09-07 12:10:00,sim@hotboat.cl,1000021.0,leña,1500.0
2025-09-07 12:10:00,sim@hotboat.cl,1000021.0,agua,700.0
2025-09-07 12:10:00,sim@hotboat.cl,1000021.0,luz,520.0
2025-09-07 12:10:00,sim@hotboat.cl,1000021.0,gas,10000.0
2025-09-10 12:00:00,sim@hotboat.cl,1000022.0,leña,1500.0
2025-09-10 12:00:00,sim@hotboat.cl,1000022.0,agua,700.0
2025-09-10 12:00:00,sim@hotboat.cl,1000022.0,luz,520.0
2025-09-10 12:00:00,sim@hotboat.cl,1000022.0,gas,10000.0
2025-09-13 12:00:00,sim@hotboat.cl,1000023.0,leña,1500.0
2025-09-13 12:00:00,sim@hotboat.cl,1000023.0,agua,700.0
2025-09-13 12:00:00,sim@hotboat.cl,1000023.0,luz,520.0
2025-09-13 12:00:00,sim@hotboat.cl,1000023.0,gas,10000.0
2025-09-14 12:00:00,sim@hotboat.cl,1000024.0,leña,1500.0
2025-09-14 12:00:00,sim@hotboat.cl,1000024.0,agua,700.0
2025-09-14 12:00:00,sim@hotboat.cl,1000024.0,luz,520.0
2025-09-14 12:00:00,sim@hotboat.cl,1000024.0,gas,10000.0
2025-09-17 12:00:00,sim@hotboat.cl,1000025.0,leña,1500.0
2025-09-17 12:00:00,sim@hotboat.cl,1000025.0,agua,700.0
2025-09-17 12:00:00,sim@hotboat.cl,1000025.0,luz,520.0
2025-09-17 12:00:00,sim@hotboat.cl,1000025.0,gas,10000.0
2025-09-21 12:00:00,sim@hotboat.cl,1000026.0,leña,1500.0
2025-09-21 12:00:00,sim@hotboat.cl,1000026.0,agua,700.0
2025-09-21 12:00:00,sim@hotboat.cl,1000026.0,luz,520.0
2025-09-21 12:00:00,sim@hotboat.cl,1000026.0,gas,10000.0
2025-09-25 12:00:00,sim@hotboat.cl,1000027.0,leña,1500.0
2025-09-25 12:00:00,sim@hotboat.cl,1000027.0,agua,700.0
2025-09-25 12:00:00,sim@hotboat.cl,1000027.0,luz,520.0
2025-09-25 12:00:00,sim@hotboat.cl,1000027.0,gas,10000.0
2025-09-25 12:10:00,sim@hotboat.cl,1000028.0,leña,1500.0
2025-09-25 12:10:00,sim@hotboat.cl,1000028.0,agua,700.0
2025-09-25 12:10:00,sim@hotboat.cl,1000028.0,luz,520.0
2025-09-25 12:10:00,sim@hotboat.cl,1000028.0,gas,10000.0
2025-09-27 12:00:00,sim@hotboat.cl,1000029.0,leña,1500.0
2025-09-27 12:00:00,sim@hotboat.cl,1000029.0,agua,700.0
2025-09-27 12:00:00,sim@hotboat.cl,1000029.0,luz,520.0
2025-09-27 12:00:00,sim@hotboat.cl,1000029.0,gas,10000.0
2025-09-02 20:00:00,sim@hotboat.cl,,pago extra ayudante (diario),30000.0
2025-09-03 20:00:00,sim@hotboat.cl,,pago extra ayudante (diario),30000.0
2025-09-06 20:00:00,sim@hotboat.cl,,pago extra ayudante (diario),90000.0
2025-09-07 20:00:00,sim@hotboat.cl,,pago extra ayudante (diario),60000.0
2025-09-10 20:00:00,sim@hotboat.cl,,pago extra ayudante (diario),30000.0
2025-09-13 20:00:00,sim@hotboat.cl,,pago extra ayudante (diario),30000.0
2025-09-14 20:00:00,sim@hotboat.cl,,pago extra ayudante (diario),30000.0
2025-09-17 20:00:00,sim@hotboat.cl,,pago extra ayudante (diario),30000.0
2025-09-21 20:00:00,sim@hotboat.cl,,pago extra ayudante (diario),30000.0
2025-09-25 20:00:00,sim@hotboat.cl,,pago extra ayudante (diario),60000.0
2025-09-27 20:00:00,sim@hotboat.cl,,pago extra ayudante (diario),30000.0
2025-10-02 12:00:00,sim@hotboat.cl,1000030.0,leña,1500.0
2025-10-02 12:00:00,sim@hotboat.cl,1000030.0,agua,700.0
2025-10-02 12:00:00,sim@hotboat.cl,1000030.0,luz,520.0
2025-10-02 12:00:00,sim@hotboat.cl,1000030.0,gas,10000.0
2025-10-03 12:00:00,sim@hotboat.cl,1000031.0,leña,1500.0
2025-10-03 12:00:00,sim@hotboat.cl,1000031.0,agua,700.0
2025-10-03 12:00:00,sim@hotboat.cl,1000031.0,luz,520.0
2025-10-03 12:00:00,sim@hotboat.cl,1000031.0,gas,10000.0
2025-10-04 12:00:00,sim@hotboat.cl,1000032.0,leña,1500.0
2025-10-04 12:00:00,sim@hotboat.cl,1000032.0,agua,700.0
2025-10-04 12:00:00,sim@hotboat.cl,1000032.0,luz,520.0
2025-10-04 12:00:00,sim@hotboat.cl,1000032.0,gas,10000.0
2025-10-04 12:10:00,sim@hotboat.cl,1000033.0,leña,1500.0
2025-10-04 12:10:00,sim@hotboat.cl,1000033.0,agua,700.0
2025-10-04 12:10:00,sim@hotboat.cl,1000033.0,luz,520.0
2025-10-04 12:10:00,sim@hotboat.cl,1000033.0,gas,10000.0
2025-10-04 12:20:00,sim@hotboat.cl,1000034.0,leña,1500.0
2025-10-04 12:20:00,sim@hotboat.cl,1000034.0,agua,700.0
2025-10-04 12:20:00,sim@hotboat.cl,1000034.0,luz,520.0
2025-10-04 12:20:00,sim@hotboat.cl,1000034.0,gas,10000.0
2025-10-05 12:00:00,sim@hotboat.cl,1000035.0,leña,1500.0
2025-10-05 12:00:00,sim@hotboat.cl,1000035.0,agua,700.0
2025-10-05 12:00:00,sim@hotboat.cl,1000035.0,luz,520.0
2025-10-05 12:00:00,sim@hotboat.cl,1000035.0,gas,10000.0
2025-10-05 12:10:00,sim@hotboat.cl,1000036.0,leña,1500.0
2025-10-05 12:10:00,sim@hotboat.cl,1000036.0,agua,700.0
2025-10-05 12:10:00,sim@hotboat.cl,1000036.0,luz,520.0
2025-10-05 12:10:00,sim@hotboat.cl,1000036.0,gas,10000.0
2025-10-10 12:00:00,sim@hotboat.cl,1000037.0,leña,1500.0
2025-10-10 12:00:00,sim@hotboat.cl,1000037.0,agua,700.0
2025-10-10 12:00:00,sim@hotboat.cl,1000037.0,luz,520.0
2025-10-10 12:00:00,sim@hotboat.cl,1000037.0,gas,10000.0
2025-10-11 12:00:00,sim@hotboat.cl,1000038.0,leña,1500.0
2025-10-11 12:00:00,sim@hotboat.cl,1000038.0,agua,700.0
2025-10-11 12:00:00,sim@hotboat.cl,1000038.0,luz,520.0
2025-10-11 12:00:00,sim@hotboat.cl,1000038.0,gas,10000.0
2025-10-12 12:00:00,sim@hotboat.cl,1000039.0,leña,1500.0
2025-10-12 12:00:00,sim@hotboat.cl,1000039.0,agua,700.0
2025-10-12 12:00:00,sim@hotboat.cl,1000039.0,luz,520.0
2025-10-12 12:00:00,sim@hotboat.cl,1000039.0,gas,10000.0
2025-10-17 12:00:00,sim@hotboat.cl,1000040.0,leña,1500.0
2025-10-17 12:00:00,sim@hotboat.cl,1000040.0,agua,700.0
2025-10-17 12:00:00,sim@hotboat.cl,1000040.0,luz,520.0
2025-10-17 12:00:00,sim@hotboat.cl,1000040.0,gas,10000.0
2025-10-19 12:00:00,sim@hotboat.cl,1000041.0,leña,1500.0
2025-10-19 12:00:00,sim@hotboat.cl,1000041.0,agua,700.0
2025-10-19 12:00:00,sim@hotboat.cl,1000041.0,luz,520.0
2025-10-19 12:00:00,sim@hotboat.cl,1000041.0,gas,10000.0
2025-10-25 12:00:00,sim@hotboat.cl,1000042.0,leña,1500.0
2025-10-25 12:00:00,sim@hotboat.cl,1000042.0,agua,700.0
2025-10-25 12:00:00,sim@hotboat.cl,1000042.0,luz,520.0
2025-10-25 12:00:00,sim@hotboat.cl,1000042.0,gas,10000.0
2025-10-27 12:00:00,sim@hotboat.cl,1000043.0,leña,1500.0
2025-10-27 12:00:00,sim@hotboat.cl,1000043.0,agua,700.0
2025-10-27 12:00:00,sim@hotboat.cl,1000043.0,luz,520.0
2025-10-27 12:00:00,sim@hotboat.cl,1000043.0,gas,10000.0
2025-10-27 12:10:00,sim@hotboat.cl,1000044.0,leña,1500.0
2025-10-27 12:10:00,sim@hotboat.cl,1000044.0,agua,700.0
2025-10-27 12:10:00,sim@hotboat.cl,1000044.0,luz,520.0
2025-10-27 12:10:00,sim@hotboat.cl,1000044.0,gas,10000.0
2025-10-29 12:00:00,sim@hotboat.cl,1000045.0,leña,1500.0
2025-10-29 12:00:00,sim@hotboat.cl,1000045.0,agua,700.0
2025-10-29 12:00:00,sim@hotboat.cl,1000045.0,luz,520.0
2025-10-29 12:00:00,sim@hotboat.cl,1000045.0,gas,10000.0
2025-10-02 20:00:00,sim@hotboat.cl,,pago extra ayudante (diario),30000.0
2025-10-03 20:00:00,sim@hotboat.cl,,pago extra ayudante (diario),30000.0
2025-10-04 20:00:00,sim@hotboat.cl,,pago extra ayudante (diario),90000.0
2025-10-05 20:00:00,sim@hotboat.cl,,pago extra ayudante (diario),60000.0
2025-10-10 20:00:00,sim@hotboat.cl,,pago extra ayudante (diario),30000.0
2025-10-11 20:00:00,sim@hotboat.cl,,pago extra ayudante (diario),30000.0
2025-10-12 20:00:00,sim@hotboat.cl,,pago extra ayudante (diario),30000.0
2025-10-17 20:00:00,sim@hotboat.cl,,pago extra ayudante (diario),30000.0
2025-10-19 20:00:00,sim@hotboat.cl,,pago extra ayudante (diario),30000.0
2025-10-25 20:00:00,sim@hotboat.cl,,pago extra ayudante (diario),30000.0
2025-10-27 20:00:00,sim@hotboat.cl,,pago extra ayudante (diario),60000.0
2025-10-29 20:00:00,sim@hotboat.cl,,pago extra ayudante (diario),30000.0
2025-11-01 12:00:00,sim@hotboat.cl,1000046.0,leña,1500.0
2025-11-01 12:00:00,sim@hotboat.cl,1000046.0,agua,700.0
2025-11-01 12:00:00,sim@hotboat.cl,1000046.0,luz,520.0
2025-11-01 12:00:00,sim@hotboat.cl,1000046.0,gas,10000.0
2025-11-01 12:10:00,sim@hotboat.cl,1000047.0,leña,1500.0
2025-11-01 12:10:00,sim@hotboat.cl,1000047.0,agua,700.0
2025-11-01 12:10:00,sim@hotboat.cl,1000047.0,luz,520.0
2025-11-01 12:10:00,sim@hotboat.cl,1000047.0,gas,10000.0
2025-11-01 12:20:00,sim@hotboat.cl,1000048.0,leña,1500.0
2025-11-01 12:20:00,sim@hotboat.cl,1000048.0,agua,700.0
2025-11-01 12:20:00,sim@hotboat.cl,1000048.0,luz,520.0
2025-11-01 12:20:00,sim@hotboat.cl,1000048.0,gas,10000.0
2025-11-02 12:00:00,sim@hotboat.cl,1000049.0,leña,1500.0
2025-11-02 12:00:00,sim@hotboat.cl,1000049.0,agua,700.0
2025-11-02 12:00:00,sim@hotboat.cl,1000049.0,luz,520.0
2025-11-02 12:00:00,sim@hotboat.cl,1000049.0,gas,10000.0
2025-11-02 12:10:00,sim@hotboat.cl,1000050.0,leña,1500.0
2025-11-02 12:10:00,sim@hotboat.cl,1000050.0,agua,700.0
2025-11-02 12:10:00,sim@hotboat.cl,1000050.0,luz,520.0
2025-11-02 12:10:00,sim@hotboat.cl,1000050.0,gas,10000.0
2025-11-04 12:00:00,sim@hotboat.cl,1000051.0,leña,1500.0
2025-11-04 12:00:00,sim@hotboat.cl,1000051.0,agua,700.0
2025-11-04 12:00:00,sim@hotboat.cl,1000051.0,luz,520.0
2025-11-04 12:00:00,sim@hotboat.cl,1000051.0,gas,10000.0
2025-11-05 12:00:00,sim@hotboat.cl,1000052.0,leña,1500.0
2025-11-05 12:00:00,sim@hotboat.cl,1000052.0,agua,700.0
2025-11-05 12:00:00,sim@hotboat.cl,1000052.0,luz,520.0
2025-11-05 12:00:00,sim@hotboat.cl,1000052.0,gas,10000.0
2025-11-07 12:00:00,sim@hotboat.cl,1000053.0,leña,1500.0
2025-11-07 12:00:00,sim@hotboat.cl,1000053.0,agua,700.0
2025-11-07 12:00:00,sim@hotboat.cl,1000053.0,luz,520.0
2025-11-07 12:00:00,sim@hotboat.cl,1000053.0,gas,10000.0
2025-11-08 12:00:00,sim@hotboat.cl,1000054.0,leña,1500.0
2025-11-08 12:00:00,sim@hotboat.cl,1000054.0,agua,700.0
2025-11-08 12:00:00,sim@hotboat.cl,1000054.0,luz,520.0
2025-11-08 12:00:00,sim@hotboat.cl,1000054.0,gas,10000.0
2025-11-09 12:00:00,sim@hotboat.cl,1000055.0,leña,1500.0
2025-11-09 12:00:00,sim@hotboat.cl,1000055.0,agua,700.0
2025-11-09 12:00:00,sim@hotboat.cl,1000055.0,luz,520.0
2025-11-09 12:00:00,sim@hotboat.cl,1000055.0,gas,10000.0
2025-11-12 12:00:00,sim@hotboat.cl,1000056.0,leña,1500.0
2025-11-12 12:00:00,sim@hotboat.cl,1000056.0,agua,700.0
2025-11-12 12:00:00,sim@hotboat.cl,1000056.0,luz,520.0
2025-11-12 12:00:00,sim@hotboat.cl,1000056.0,gas,10000.0
2025-11-19 12:00:00,sim@hotboat.cl,1000057.0,leña,1500.0
2025-11-19 12:00:00,sim@hotboat.cl,1000057.0,agua,700.0
2025-11-19 12:00:00,sim@hotboat.cl,1000057.0,luz,520.0
2025-11-19 12:00:00,sim@hotboat.cl,1000057.0,gas,10000.0
2025-11-22 12:00:00,sim@hotboat.cl,1000058.0,leña,1500.0
2025-11-22 12:00:00,sim@hotboat.cl,1000058.0,agua,700.0
2025-11-22 12:00:00,sim@hotboat.cl,1000058.0,luz,520.0
2025-11-22 12:00:00,sim@hotboat.cl,1000058.0,gas,10000.0
2025-11-25 12:00:00,sim@hotboat.cl,1000059.0,leña,1500.0
2025-11-25 12:00:00,sim@hotboat.cl,1000059.0,agua,700.0
2025-11-25 12:00:00,sim@hotboat.cl,1000059.0,luz,520.0
2025-11-25 12:00:00,sim@hotboat.cl,1000059.0,gas,10000.0
2025-11-26 12:00:00,sim@hotboat.cl,1000060.0,leña,1500.0
2025-11-26 12:00:00,sim@hotboat.cl,1000060.0,agua,700.0
2025-11-26 12:00:00,sim@hotboat.cl,1000060.0,luz,520.0
2025-11-26 12:00:00,sim@hotboat.cl,1000060.0,gas,10000.0
2025-11-27 12:00:00,sim@hotboat.cl,1000061.0,leña,1500.0
2025-11-27 12:00:00,sim@hotboat.cl,1000061.0,agua,700.0
2025-11-27 12:00:00,sim@hotboat.cl,1000061.0,luz,520.0
2025-11-27 12:00:00,sim@hotboat.cl,1000061.0,gas,10000.0
2025-11-27 12:10:00,sim@hotboat.cl,1000062.0,leña,1500.0
2025-11-27 12:10:00,sim@hotboat.cl,1000062.0,agua,700.0
2025-11-27 12:10:00,sim@hotboat.cl,1000062.0,luz,520.0
2025-11-27 12:10:00,sim@hotboat.cl,1000062.0,gas,10000.0
2025-11-27 12:20:00,sim@hotboat.cl,1000063.0,leña,1500.0
2025-11-27 12:20:00,sim@hotboat.cl,1000063.0,agua,700.0
2025-11-27 12:20:00,sim@hotboat.cl,1000063.0,luz,520.0
2025-11-27 12:20:00,sim@hotboat.cl,1000063.0,gas,10000.0
2025-11-29 12:00:00,sim@hotboat.cl,1000064.0,leña,1500.0
2025-11-29 12:00:00,sim@hotboat.cl,1000064.0,agua,700.0
2025-11-29 12:00:00,sim@hotboat.cl,1000064.0,luz,520.0
2025-11-29 12:00:00,sim@hotboat.cl,1000064.0,gas,10000.0
2025-11-29 12:10:00,sim@hotboat.cl,1000065.0,leña,1500.0
2025-11-29 12:10:00,sim@hotboat.cl,1000065.0,agua,700.0
2025-11-29 12:10:00,sim@hotboat.cl,1000065.0,luz,520.0
2025-11-29 12:10:00,sim@hotboat.cl,1000065.0,gas,10000.0
2025-11-30 12:00:00,sim@hotboat.cl,1000066.0,leña,1500.0
2025-11-30 12:00:00,sim@hotboat.cl,1000066.0,agua,700.0
2025-11-30 12:00:00,sim@hotboat.cl,1000066.0,luz,520.0
2025-11-30 12:00:00,sim@hotboat.cl,1000066.0,gas,10000.0
2025-11-30 12:10:00,sim@hotboat.cl,1000067.0,leña,1500.0
2025-11-30 12:10:00,sim@hotboat.cl,1000067.0,agua,700.0
2025-11-30 12:10:00,sim@hotboat.cl,1000067.0,luz,520.0
2025-11-30 12:10:00,sim@hotboat.cl,1000067.0,gas,10000.0
2025-11-30 12:20:00,sim@hotboat.cl,1000068.0,leña,1500.0
2025-11-30 12:20:00,sim@hotboat.cl,1000068.0,agua,700.0
2025-11-30 12:20:00,sim@hotboat.cl,1000068.0,luz,520.0
2025-11-30 12:20:00,sim@hotboat.cl,1000068.0,gas,10000.0
2025-11-01 20:00:00,sim@hotboat.cl,,pago extra ayudante (diario),90000.0
2025-11-02 20:00:00,sim@hotboat.cl,,pago extra ayudante (diario),60000.0
2025-11-04 20:00:00,sim@hotboat.cl,,pago extra ayudante (diario),30000.0
2025-11-05 20:00:00,sim@hotboat.cl,,pago extra ayudante (diario),30000.0
2025-11-07 20:00:00,sim@hotboat.cl,,pago extra ayudante (diario),30000.0
2025-11-08 20:00:00,sim@hotboat.cl,,pago extra ayudante (diario),30000.0
2025-11-09 20:00:00,sim@hotboat.cl,,pago extra ayudante (diario),30000.0
2025-11-12 20:00:00,sim@hotboat.cl,,pago extra ayudante (diario),30000.0
2025-11-19 20:00:00,sim@hotboat.cl,,pago extra ayudante (diario),30000.0
2025-11-22 20:00:00,sim@hotboat.cl,,pago extra ayudante (diario),30000.0
2025-11-25 20:00:00,sim@hotboat.cl,,pago extra ayudante (diario),30000.0
2025-11-26 20:00:00,sim@hotboat.cl,,pago extra ayudante (diario),30000.0
2025-11-27 20:00:00,sim@hotboat.cl,,pago extra ayudante (diario),90000.0
2025-11-29 20:00:00,sim@hotboat.cl,,pago extra ayudante (diario),60000.0
2025-11-30 20:00:00,sim@hotboat.cl,,pago extra ayudante (diario),90000.0
2025-12-02 12:00:00,sim@hotboat.cl,1000069.0,leña,1500.0
2025-12-02 12:00:00,sim@hotboat.cl,1000069.0,agua,700.0
2025-12-02 12:00:00,sim@hotboat.cl,1000069.0,luz,520.0
2025-12-02 12:00:00,sim@hotboat.cl,1000069.0,gas,10000.0
2025-12-03 12:00:00,sim@hotboat.cl,1000070.0,leña,1500.0
2025-12-03 12:00:00,sim@hotboat.cl,1000070.0,agua,700.0
2025-12-03 12:00:00,sim@hotboat.cl,1000070.0,luz,520.0
2025-12-03 12:00:00,sim@hotboat.cl,1000070.0,gas,10000.0
2025-12-05 12:00:00,sim@hotboat.cl,1000071.0,leña,1500.0
2025-12-05 12:00:00,sim@hotboat.cl,1000071.0,agua,700.0
2025-12-05 12:00:00,sim@hotboat.cl,1000071.0,luz,520.0
2025-12-05 12:00:00,sim@hotboat.cl,1000071.0,gas,10000.0
2025-12-06 12:00:00,sim@hotboat.cl,1000072.0,leña,1500.0
2025-12-06 12:00:00,sim@hotboat.cl,1000072.0,agua,700.0
2025-12-06 12:00:00,sim@hotboat.cl,1000072.0,luz,520.0
2025-12-06 12:00:00,sim@hotboat.cl,1000072.0,gas,10000.0
2025-12-06 12:10:00,sim@hotboat.cl,1000073.0,leña,1500.0
2025-12-06 12:10:00,sim@hotboat.cl,1000073.0,agua,700.0
2025-12-06 12:10:00,sim@hotboat.cl,1000073.0,luz,520.0
2025-12-06 12:10:00,sim@hotboat.cl,1000073.0,gas,10000.0
2025-12-06 12:20:00,sim@hotboat.cl,1000074.0,leña,1500.0
2025-12-06 12:20:00,sim@hotboat.cl,1000074.0,agua,700.0
2025-12-06 12:20:00,sim@hotboat.cl,1000074.0,luz,520.0
2025-12-06 12:20:00,sim@hotboat.cl,1000074.0,gas,10000.0
2025-12-06 12:30:00,sim@hotboat.cl,1000075.0,leña,1500.0
2025-12-06 12:30:00,sim@hotboat.cl,1000075.0,agua,700.0
2025-12-06 12:30:00,sim@hotboat.cl,1000075.0,luz,520.0
2025-12-06 12:30:00,sim@hotboat.cl,1000075.0,gas,10000.0
2025-12-06 12:40:00,sim@hotboat.cl,1000076.0,leña,1500.0
2025-12-06 12:40:00,sim@hotboat.cl,1000076.0,agua,700.0
2025-12-06 12:40:00,sim@hotboat.cl,1000076.0,luz,520.0
2025-12-06 12:40:00,sim@hotboat.cl,1000076.0,gas,10000.0
2025-12-07 12:00:00,sim@hotboat.cl,1000077.0,leña,1500.0
2025-12-07 12:00:00,sim@hotboat.cl,1000077.0,agua,700.0
2025-12-07 12:00:00,sim@hotboat.cl,1000077.0,luz,520.0
2025-12-07 12:00:00,sim@hotboat.cl,1000077.0,gas,10000.0
2025-12-07 12:10:00,sim@hotboat.cl,1000078.0,leña,1500.0
2025-12-07 12:10:00,sim@hotboat.cl,1000078.0,agua,700.0
2025-12-07 12:10:00,sim@hotboat.cl,1000078.0,luz,520.0
2025-12-07 12:10:00,sim@hotboat.cl,1000078.0,gas,10000.0
2025-12-10 12:00:00,sim@hotboat.cl,1000079.0,leña,1500.0
2025-12-10 12:00:00,sim@hotboat.cl,1000079.0,agua,700.0
2025-12-10 12:00:00,sim@hotboat.cl,1000079.0,luz,520.0
2025-12-10 12:00:00,sim@hotboat.cl,1000079.0,gas,10000.0
2025-12-13 12:00:00,sim@hotboat.cl,1000080.0,leña,1500.0
2025-12-13 12:00:00,sim@hotboat.cl,1000080.0,agua,700.0
2025-12-13 12:00:00,sim@hotboat.cl,1000080.0,luz,520.0
2025-12-13 12:00:00,sim@hotboat.cl,1000080.0,gas,10000.0
2025-12-13 12:10:00,sim@hotboat.cl,1000081.0,leña,1500.0
2025-12-13 12:10:00,sim@hotboat.cl,1000081.0,agua,700.0
2025-12-13 12:10:00,sim@hotboat.cl,1000081.0,luz,520.0
2025-12-13 12:10:00,sim@hotboat.cl,1000081.0,gas,10000.0
2025-12-14 12:00:00,sim@hotboat.cl,1000082.0,leña,1500.0
2025-12-14 12:00:00,sim@hotboat.cl,1000082.0,agua,700.0
2025-12-14 12:00:00,sim@hotboat.cl,1000082.0,luz,520.0
2025-12-14 12:00:00,sim@hotboat.cl,1000082.0,gas,10000.0
2025-12-17 12:00:00,sim@hotboat.cl,1000083.0,leña,1500.0
2025-12-17 12:00:00,sim@hotboat.cl,1000083.0,agua,700.0
2025-12-17 12:00:00,sim@hotboat.cl,1000083.0,luz,520.0
2025-12-17 12:00:00,sim@hotboat.cl,1000083.0,gas,10000.0
2025-12-20 12:00:00,sim@hotboat.cl,1000084.0,leña,1500.0
2025-12-20 12:00:00,sim@hotboat.cl,1000084.0,agua,700.0
2025-12-20 12:00:00,sim@hotboat.cl,1000084.0,luz,520.0
2025-12-20 12:00:00,sim@hotboat.cl,1000084.0,gas,10000.0
2025-12-21 12:00:00,sim@hotboat.cl,1000085.0,leña,1500.0
2025-12-21 12:00:00,sim@hotboat.cl,1000085.0,agua,700.0
2025-12-21 12:00:00,sim@hotboat.cl,1000085.0,luz,520.0
2025-12-21 12:00:00,sim@hotboat.cl,1000085.0,gas,10000.0
2025-12-23 12:00:00,sim@hotboat.cl,1000086.0,leña,1500.0
2025-12-23 12:00:00,sim@hotboat.cl,1000086.0,agua,700.0
2025-12-23 12:00:00,sim@hotboat.cl,1000086.0,luz,520.0
2025-12-23 12:00:00,sim@hotboat.cl,1000086.0,gas,10000.0
2025-12-25 12:00:00,sim@hotboat.cl,1000087.0,leña,1500.0
2025-12-25 12:00:00,sim@hotboat.cl,1000087.0,agua,700.0
2025-12-25 12:00:00,sim@hotboat.cl,1000087.0,luz,520.0
2025-12-25 12:00:00,sim@hotboat.cl,1000087.0,gas,10000.0
2025-12-25 12:10:00,sim@hotboat.cl,1000088.0,leña,1500.0
2025-12-25 12:10:00,sim@hotboat.cl,1000088.0,agua,700.0
2025-12-25 12:10:00,sim@hotboat.cl,1000088.0,luz,520.0
2025-12-25 12:10:00,sim@hotboat.cl,1000088.0,gas,10000.0
2025-12-27 12:00:00,sim@hotboat.cl,1000089.0,leña,1500.0
2025-12-27 12:00:00,sim@hotboat.cl,1000089.0,agua,700.0
2025-12-27 12:00:00,sim@hotboat.cl,1000089.0,luz,520.0
2025-12-27 12:00:00,sim@hotboat.cl,1000089.0,gas,10000.0
2025-12-29 12:00:00,sim@hotboat.cl,1000090.0,leña,1500.0
2025-12-29 12:00:00,sim@hotboat.cl,1000090.0,agua,700.0
2025-12-29 12:00:00,sim@hotboat.cl,1000090.0,luz,520.0
2025-12-29 12:00:00,sim@hotboat.cl,1000090.0,gas,10000.0
2025-12-02 20:00:00,sim@hotboat.cl,,pago extra ayudante (diario),30000.0
2025-12-03 20:00:00,sim@hotboat.cl,,pago extra ayudante (diario),30000.0
2025-12-05 20:00:00,sim@hotboat.cl,,pago extra ayudante (diario),30000.0
2025-12-06 20:00:00,sim@hotboat.cl,,pago extra ayudante (diario),150000.0
2025-12-07 20:00:00,sim@hotboat.cl,,pago extra ayudante (diario),60000.0
2025-12-10 20:00:00,sim@hotboat.cl,,pago extra ayudante (diario),30000.0
2025-12-13 20:00:00,sim@hotboat.cl,,pago extra ayudante (diario),60000.0
2025-12-14 20:00:00,sim@hotboat.cl,,pago extra ayudante (diario),30000.0
2025-12-17 20:00:00,sim@hotboat.cl,,pago extra ayudante (diario),30000.0
2025-12-20 20:00:00,sim@hotboat.cl,,pago extra ayudante (diario),30000.0
2025-12-21 20:00:00,sim@hotboat.cl,,pago extra ayudante (diario),30000.0
2025-12-23 20:00:00,sim@hotboat.cl,,pago extra ayudante (diario),30000.0
2025-12-25 20:00:00,sim@hotboat.cl,,pago extra ayudante (diario),60000.0
2025-12-27 20:00:00,sim@hotboat.cl,,pago extra ayudante (diario),30000.0
2025-12-29 20:00:00,sim@hotboat.cl,,pago extra ayudante (diario),30000.0
2026-01-01 12:00:00,sim@hotboat.cl,1000091.0,leña,1500.0
2026-01-01 12:00:00,sim@hotboat.cl,1000091.0,agua,700.0
2026-01-01 12:00:00,sim@hotboat.cl,1000091.0,luz,520.0
2026-01-01 12:00:00,sim@hotboat.cl,1000091.0,gas,10000.0
2026-01-01 12:10:00,sim@hotboat.cl,1000092.0,leña,1500.0
2026-01-01 12:10:00,sim@hotboat.cl,1000092.0,agua,700.0
2026-01-01 12:10:00,sim@hotboat.cl,1000092.0,luz,520.0
2026-01-01 12:10:00,sim@hotboat.cl,1000092.0,gas,10000.0
2026-01-02 12:00:00,sim@hotboat.cl,1000093.0,leña,1500.0
2026-01-02 12:00:00,sim@hotboat.cl,1000093.0,agua,700.0
2026-01-02 12:00:00,sim@hotboat.cl,1000093.0,luz,520.0
2026-01-02 12:00:00,sim@hotboat.cl,1000093.0,gas,10000.0
2026-01-02 12:10:00,sim@hotboat.cl,1000094.0,leña,1500.0
2026-01-02 12:10:00,sim@hotboat.cl,1000094.0,agua,700.0
2026-01-02 12:10:00,sim@hotboat.cl,1000094.0,luz,520.0
2026-01-02 12:10:00,sim@hotboat.cl,1000094.0,gas,10000.0
2026-01-02 12:20:00,sim@hotboat.cl,1000095.0,leña,1500.0
2026-01-02 12:20:00,sim@hotboat.cl,1000095.0,agua,700.0
2026-01-02 12:20:00,sim@hotboat.cl,1000095.0,luz,520.0
2026-01-02 12:20:00,sim@hotboat.cl,1000095.0,gas,10000.0
2026-01-03 12:00:00,sim@hotboat.cl,1000096.0,leña,1500.0
2026-01-03 12:00:00,sim@hotboat.cl,1000096.0,agua,700.0
2026-01-03 12:00:00,sim@hotboat.cl,1000096.0,luz,520.0
2026-01-03 12:00:00,sim@hotboat.cl,1000096.0,gas,10000.0
2026-01-03 12:10:00,sim@hotboat.cl,1000097.0,leña,1500.0
2026-01-03 12:10:00,sim@hotboat.cl,1000097.0,agua,700.0
2026-01-03 12:10:00,sim@hotboat.cl,1000097.0,luz,520.0
2026-01-03 12:10:00,sim@hotboat.cl,1000097.0,gas,10000.0
2026-01-03 12:20:00,sim@hotboat.cl,1000098.0,leña,1500.0
2026-01-03 12:20:00,sim@hotboat.cl,1000098.0,agua,700.0
2026-01-03 12:20:00,sim@hotboat.cl,1000098.0,luz,520.0
2026-01-03 12:20:00,sim@hotboat.cl,1000098.0,gas,10000.0
2026-01-03 12:30:00,sim@hotboat.cl,1000099.0,leña,1500.0
2026-01-03 12:30:00,sim@hotboat.cl,1000099.0,agua,700.0
2026-01-03 12:30:00,sim@hotboat.cl,1000099.0,luz,520.0
2026-01-03 12:30:00,sim@hotboat.cl,1000099.0,gas,10000.0
2026-01-03 12:40:00,sim@hotboat.cl,1000100.0,leña,1500.0
2026-01-03 12:40:00,sim@hotboat.cl,1000100.0,agua,700.0
2026-01-03 12:40:00,sim@hotboat.cl,1000100.0,luz,520.0
2026-01-03 12:40:00,sim@hotboat.cl,1000100.0,gas,10000.0
2026-01-03 12:50:00,sim@hotboat.cl,1000101.0,leña,1500.0
2026-01-03 12:50:00,sim@hotboat.cl,1000101.0,agua,700.0
2026-01-03 12:50:00,sim@hotboat.cl,1000101.0,luz,520.0
2026-01-03 12:50:00,sim@hotboat.cl,1000101.0,gas,10000.0
2026-01-04 12:00:00,sim@hotboat.cl,1000102.0,leña,1500.0
2026-01-04 12:00:00,sim@hotboat.cl,1000102.0,agua,700.0
2026-01-04 12:00:00,sim@hotboat.cl,1000102.0,luz,520.0
2026-01-04 12:00:00,sim@hotboat.cl,1000102.0,gas,10000.0
2026-01-04 12:00:00,sim@hotboat.cl,1000103.0,leña,1500.0
2026-01-04 12:00:00,sim@hotboat.cl,1000103.0,agua,700.0
2026-01-04 12:00:00,sim@hotboat.cl,1000103.0,luz,520.0
2026-01-04 12:00:00,sim@hotboat.cl,1000103.0,gas,10000.0
2026-01-04 12:10:00,sim@hotboat.cl,1000104.0,leña,1500.0
2026-01-04 12:10:00,sim@hotboat.cl,1000104.0,agua,700.0
2026-01-04 12:10:00,sim@hotboat.cl,1000104.0,luz,520.0
2026-01-04 12:10:00,sim@hotboat.cl,1000104.0,gas,10000.0
2026-01-04 12:10:00,sim@hotboat.cl,1000105.0,leña,1500.0
2026-01-04 12:10:00,sim@hotboat.cl,1000105.0,agua,700.0
2026-01-04 12:10:00,sim@hotboat.cl,1000105.0,luz,520.0
2026-01-04 12:10:00,sim@hotboat.cl,1000105.0,gas,10000.0
2026-01-04 12:20:00,sim@hotboat.cl,1000106.0,leña,1500.0
2026-01-04 12:20:00,sim@hotboat.cl,1000106.0,agua,700.0
2026-01-04 12:20:00,sim@hotboat.cl,1000106.0,luz,520.0
2026-01-04 12:20:00,sim@hotboat.cl,1000106.0,gas,10000.0
2026-01-04 12:20:00,sim@hotboat.cl,1000107.0,leña,1500.0
2026-01-04 12:20:00,sim@hotboat.cl,1000107.0,agua,700.0
2026-01-04 12:20:00,sim@hotboat.cl,1000107.0,luz,520.0
2026-01-04 12:20:00,sim@hotboat.cl,1000107.0,gas,10000.0
2026-01-04 12:30:00,sim@hotboat.cl,1000108.0,leña,1500.0
2026-01-04 12:30:00,sim@hotboat.cl,1000108.0,agua,700.0
2026-01-04 12:30:00,sim@hotboat.cl,1000108.0,luz,520.0
2026-01-04 12:30:00,sim@hotboat.cl,1000108.0,gas,10000.0
2026-01-04 12:30:00,sim@hotboat.cl,1000109.0,leña,1500.0
2026-01-04 12:30:00,sim@hotboat.cl,1000109.0,agua,700.0
2026-01-04 12:30:00,sim@hotboat.cl,1000109.0,luz,520.0
2026-01-04 12:30:00,sim@hotboat.cl,1000109.0,gas,10000.0
2026-01-04 12:40:00,sim@hotboat.cl,1000110.0,leña,1500.0
2026-01-04 12:40:00,sim@hotboat.cl,1000110.0,agua,700.0
2026-01-04 12:40:00,sim@hotboat.cl,1000110.0,luz,520.0
2026-01-04 12:40:00,sim@hotboat.cl,1000110.0,gas,10000.0
2026-01-04 12:40:00,sim@hotboat.cl,1000111.0,leña,1500.0
2026-01-04 12:40:00,sim@hotboat.cl,1000111.0,agua,700.0
2026-01-04 12:40:00,sim@hotboat.cl,1000111.0,luz,520.0
2026-01-04 12:40:00,sim@hotboat.cl,1000111.0,gas,10000.0
2026-01-04 12:50:00,sim@hotboat.cl,1000112.0,leña,1500.0
2026-01-04 12:50:00,sim@hotboat.cl,1000112.0,agua,700.0
2026-01-04 12:50:00,sim@hotboat.cl,1000112.0,luz,520.0
2026-01-04 12:50:00,sim@hotboat.cl,1000112.0,gas,10000.0
2026-01-04 12:50:00,sim@hotboat.cl,1000113.0,leña,1500.0
2026-01-04 12:50:00,sim@hotboat.cl,1000113.0,agua,700.0
2026-01-04 12:50:00,sim@hotboat.cl,1000113.0,luz,520.0
2026-01-04 12:50:00,sim@hotboat.cl,1000113.0,gas,10000.0
2026-01-05 12:00:00,sim@hotboat.cl,1000114.0,leña,1500.0
2026-01-05 12:00:00,sim@hotboat.cl,1000114.0,agua,700.0
2026-01-05 12:00:00,sim@hotboat.cl,1000114.0,luz,520.0
2026-01-05 12:00:00,sim@hotboat.cl,1000114.0,gas,10000.0
2026-01-05 12:10:00,sim@hotboat.cl,1000115.0,leña,1500.0
2026-01-05 12:10:00,sim@hotboat.cl,1000115.0,agua,700.0
2026-01-05 12:10:00,sim@hotboat.cl,1000115.0,luz,520.0
2026-01-05 12:10:00,sim@hotboat.cl,1000115.0,gas,10000.0
2026-01-05 12:20:00,sim@hotboat.cl,1000116.0,leña,1500.0
2026-01-05 12:20:00,sim@hotboat.cl,1000116.0,agua,700.0
2026-01-05 12:20:00,sim@hotboat.cl,1000116.0,luz,520.0
2026-01-05 12:20:00,sim@hotboat.cl,1000116.0,gas,10000.0
2026-01-05 12:30:00,sim@hotboat.cl,1000117.0,leña,1500.0
2026-01-05 12:30:00,sim@hotboat.cl,1000117.0,agua,700.0
2026-01-05 12:30:00,sim@hotboat.cl,1000117.0,luz,520.0
2026-01-05 12:30:00,sim@hotboat.cl,1000117.0,gas,10000.0
2026-01-05 12:40:00,sim@hotboat.cl,1000118.0,leña,1500.0
2026-01-05 12:40:00,sim@hotboat.cl,1000118.0,agua,700.0
2026-01-05 12:40:00,sim@hotboat.cl,1000118.0,luz,520.0
2026-01-05 12:40:00,sim@hotboat.cl,1000118.0,gas,10000.0
2026-01-06 12:00:00,sim@hotboat.cl,1000119.0,leña,1500.0
2026-01-06 12:00:00,sim@hotboat.cl,1000119.0,agua,700.0
2026-01-06 12:00:00,sim@hotboat.cl,1000119.0,luz,520.0
2026-01-06 12:00:00,sim@hotboat.cl,1000119.0,gas,10000.0
2026-01-06 12:10:00,sim@hotboat.cl,1000120.0,leña,1500.0
2026-01-06 12:10:00,sim@hotboat.cl,1000120.0,agua,700.0
2026-01-06 12:10:00,sim@hotboat.cl,1000120.0,luz,520.0
2026-01-06 12:10:00,sim@hotboat.cl,1000120.0,gas,10000.0
2026-01-07 12:00:00,sim@hotboat.cl,1000121.0,leña,1500.0
2026-01-07 12:00:00,sim@hotboat.cl,1000121.0,agua,700.0
2026-01-07 12:00:00,sim@hotboat.cl,1000121.0,luz,520.0
2026-01-07 12:00:00,sim@hotboat.cl,1000121.0,gas,10000.0
2026-01-07 12:10:00,sim@hotboat.cl,1000122.0,leña,1500.0
2026-01-07 12:10:00,sim@hotboat.cl,1000122.0,agua,700.0
2026-01-07 12:10:00,sim@hotboat.cl,1000122.0,luz,520.0
2026-01-07 12:10:00,sim@hotboat.cl,1000122.0,gas,10000.0
2026-01-07 12:20:00,sim@hotboat.cl,1000123.0,leña,1500.0
2026-01-07 12:20:00,sim@hotboat.cl,1000123.0,agua,700.0
2026-01-07 12:20:00,sim@hotboat.cl,1000123.0,luz,520.0
2026-01-07 12:20:00,sim@hotboat.cl,1000123.0,gas,10000.0
2026-01-07 12:30:00,sim@hotboat.cl,1000124.0,leña,1500.0
2026-01-07 12:30:00,sim@hotboat.cl,1000124.0,agua,700.0
2026-01-07 12:30:00,sim@hotboat.cl,1000124.0,luz,520.0
2026-01-07 12:30:00,sim@hotboat.cl,1000124.0,gas,10000.0
2026-01-08 12:00:00,sim@hotboat.cl,1000125.0,leña,1500.0
2026-01-08 12:00:00,sim@hotboat.cl,1000125.0,agua,700.0
2026-01-08 12:00:00,sim@hotboat.cl,1000125.0,luz,520.0
2026-01-08 12:00:00,sim@hotboat.cl,1000125.0,gas,10000.0
2026-01-10 12:00:00,sim@hotboat.cl,1000126.0,leña,1500.0
2026-01-10 12:00:00,sim@hotboat.cl,1000126.0,agua,700.0
2026-01-10 12:00:00,sim@hotboat.cl,1000126.0,luz,520.0
2026-01-10 12:00:00,sim@hotboat.cl,1000126.0,gas,10000.0
2026-01-10 12:00:00,sim@hotboat.cl,1000127.0,leña,1500.0
2026-01-10 12:00:00,sim@hotboat.cl,1000127.0,agua,700.0
2026-01-10 12:00:00,sim@hotboat.cl,1000127.0,luz,520.0
2026-01-10 12:00:00,sim@hotboat.cl,1000127.0,gas,10000.0
2026-01-10 12:10:00,sim@hotboat.cl,1000128.0,leña,1500.0
2026-01-10 12:10:00,sim@hotboat.cl,1000128.0,agua,700.0
2026-01-10 12:10:00,sim@hotboat.cl,1000128.0,luz,520.0
2026-01-10 12:10:00,sim@hotboat.cl,1000128.0,gas,10000.0
2026-01-10 12:10:00,sim@hotboat.cl,1000129.0,leña,1500.0
2026-01-10 12:10:00,sim@hotboat.cl,1000129.0,agua,700.0
2026-01-10 12:10:00,sim@hotboat.cl,1000129.0,luz,520.0
2026-01-10 12:10:00,sim@hotboat.cl,1000129.0,gas,10000.0
2026-01-10 12:20:00,sim@hotboat.cl,1000130.0,leña,1500.0
2026-01-10 12:20:00,sim@hotboat.cl,1000130.0,agua,700.0
2026-01-10 12:20:00,sim@hotboat.cl,1000130.0,luz,520.0
2026-01-10 12:20:00,sim@hotboat.cl,1000130.0,gas,10000.0
2026-01-10 12:20:00,sim@hotboat.cl,1000131.0,leña,1500.0
2026-01-10 12:20:00,sim@hotboat.cl,1000131.0,agua,700.0
2026-01-10 12:20:00,sim@hotboat.cl,1000131.0,luz,520.0
2026-01-10 12:20:00,sim@hotboat.cl,1000131.0,gas,10000.0
2026-01-10 12:30:00,sim@hotboat.cl,1000132.0,leña,1500.0
2026-01-10 12:30:00,sim@hotboat.cl,1000132.0,agua,700.0
2026-01-10 12:30:00,sim@hotboat.cl,1000132.0,luz,520.0
2026-01-10 12:30:00,sim@hotboat.cl,1000132.0,gas,10000.0
2026-01-10 12:40:00,sim@hotboat.cl,1000133.0,leña,1500.0
2026-01-10 12:40:00,sim@hotboat.cl,1000133.0,agua,700.0
2026-01-10 12:40:00,sim@hotboat.cl,1000133.0,luz,520.0
2026-01-10 12:40:00,sim@hotboat.cl,1000133.0,gas,10000.0
2026-01-10 12:50:00,sim@hotboat.cl,1000134.0,leña,1500.0
2026-01-10 12:50:00,sim@hotboat.cl,1000134.0,agua,700.0
2026-01-10 12:50:00,sim@hotboat.cl,1000134.0,luz,520.0
2026-01-10 12:50:00,sim@hotboat.cl,1000134.0,gas,10000.0
2026-01-11 12:00:00,sim@hotboat.cl,1000135.0,leña,1500.0
2026-01-11 12:00:00,sim@hotboat.cl,1000135.0,agua,700.0
2026-01-11 12:00:00,sim@hotboat.cl,1000135.0,luz,520.0
2026-01-11 12:00:00,sim@hotboat.cl,1000135.0,gas,10000.0
2026-01-11 12:10:00,sim@hotboat.cl,1000136.0,leña,1500.0
2026-01-11 12:10:00,sim@hotboat.cl,1000136.0,agua,700.0
2026-01-11 12:10:00,sim@hotboat.cl,1000136.0,luz,520.0
2026-01-11 12:10:00,sim@hotboat.cl,1000136.0,gas,10000.0
2026-01-11 12:20:00,sim@hotboat.cl,1000137.0,leña,1500.0
2026-01-11 12:20:00,sim@hotboat.cl,1000137.0,agua,700.0
2026-01-11 12:20:00,sim@hotboat.cl,1000137.0,luz,520.0
2026-01-11 12:20:00,sim@hotboat.cl,1000137.0,gas,10000.0
2026-01-11 12:30:00,sim@hotboat.cl,1000138.0,leña,1500.0
2026-01-11 12:30:00,sim@hotboat.cl,1000138.0,agua,700.0
2026-01-11 12:30:00,sim@hotboat.cl,1000138.0,luz,520.0
2026-01-11 12:30:00,sim@hotboat.cl,1000138.0,gas,10000.0
2026-01-11 12:40:00,sim@hotboat.cl,1000139.0,leña,1500.0
2026-01-11 12:40:00,sim@hotboat.cl,1000139.0,agua,700.0
2026-01-11 12:40:00,sim@hotboat.cl,1000139.0,luz,520.0
2026-01-11 12:40:00,sim@hotboat.cl,1000139.0,gas,10000.0
2026-01-12 12:00:00,sim@hotboat.cl,1000140.0,leña,1500.0
2026-01-12 12:00:00,sim@hotboat.cl,1000140.0,agua,700.0
2026-01-12 12:00:00,sim@hotboat.cl,1000140.0,luz,520.0
2026-01-12 12:00:00,sim@hotboat.cl,1000140.0,gas,10000.0
2026-01-12 12:10:00,sim@hotboat.cl,1000141.0,leña,1500.0
2026-01-12 12:10:00,sim@hotboat.cl,1000141.0,agua,700.0
2026-01-12 12:10:00,sim@hotboat.cl,1000141.0,luz,520.0
2026-01-12 12:10:00,sim@hotboat.cl,1000141.0,gas,10000.0
2026-01-13 12:00:00,sim@hotboat.cl,1000142.0,leña,1500.0
2026-01-13 12:00:00,sim@hotboat.cl,1000142.0,agua,700.0
2026-01-13 12:00:00,sim@hotboat.cl,1000142.0,luz,520.0
2026-01-13 12:00:00,sim@hotboat.cl,1000142.0,gas,10000.0
2026-01-14 12:00:00,sim@hotboat.cl,1000143.0,leña,1500.0
2026-01-14 12:00:00,sim@hotboat.cl,1000143.0,agua,700.0
2026-01-14 12:00:00,sim@hotboat.cl,1000143.0,luz,520.0
2026-01-14 12:00:00,sim@hotboat.cl,1000143.0,gas,10000.0
2026-01-15 12:00:00,sim@hotboat.cl,1000144.0,leña,1500.0
2026-01-15 12:00:00,sim@hotboat.cl,1000144.0,agua,700.0
2026-01-15 12:00:00,sim@hotboat.cl,1000144.0,luz,520.0
2026-01-15 12:00:00,sim@hotboat.cl,1000144.0,gas,10000.0
2026-01-15 12:10:00,sim@hotboat.cl,1000145.0,leña,1500.0
2026-01-15 12:10:00,sim@hotboat.cl,1000145.0,agua,700.0
2026-01-15 12:10:00,sim@hotboat.cl,1000145.0,luz,520.0
2026-01-15 12:10:00,sim@hotboat.cl,1000145.0,gas,10000.0
2026-01-15 12:20:00,sim@hotboat.cl,1000146.0,leña,1500.0
2026-01-15 12:20:00,sim@hotboat.cl,1000146.0,agua,700.0
2026-01-15 12:20:00,sim@hotboat.cl,1000146.0,luz,520.0
2026-01-15 12:20:00,sim@hotboat.cl,1000146.0,gas,10000.0
2026-01-15 12:30:00,sim@hotboat.cl,1000147.0,leña,1500.0
2026-01-15 12:30:00,sim@hotboat.cl,1000147.0,agua,700.0
2026-01-15 12:30:00,sim@hotboat.cl,1000147.0,luz,520.0
2026-01-15 12:30:00,sim@hotboat.cl,1000147.0,gas,10000.0
2026-01-16 12:00:00,sim@hotboat.cl,1000148.0,leña,1500.0
2026-01-16 12:00:00,sim@hotboat.cl,1000148.0,agua,700.0
2026-01-16 12:00:00,sim@hotboat.cl,1000148.0,luz,520.0
2026-01-16 12:00:00,sim@hotboat.cl,1000148.0,gas,10000.0
2026-01-16 12:10:00,sim@hotboat.cl,1000149.0,leña,1500.0
2026-01-16 12:10:00,sim@hotboat.cl,1000149.0,agua,700.0
2026-01-16 12:10:00,sim@hotboat.cl,1000149.0,luz,520.0
2026-01-16 12:10:00,sim@hotboat.cl,1000149.0,gas,10000.0
2026-01-17 12:00:00,sim@hotboat.cl,1000150.0,leña,1500.0
2026-01-17 12:00:00,sim@hotboat.cl,1000150.0,agua,700.0
2026-01-17 12:00:00,sim@hotboat.cl,1000150.0,luz,520.0
2026-01-17 12:00:00,sim@hotboat.cl,1000150.0,gas,10000.0
2026-01-17 12:10:00,sim@hotboat.cl,1000151.0,leña,1500.0
2026-01-17 12:10:00,sim@hotboat.cl,1000151.0,agua,700.0
2026-01-17 12:10:00,sim@hotboat.cl,1000151.0,luz,520.0
2026-01-17 12:10:00,sim@hotboat.cl,1000151.0,gas,10000.0
2026-01-17 12:20:00,sim@hotboat.cl,1000152.0,leña,1500.0
2026-01-17 12:20:00,sim@hotboat.cl,1000152.0,agua,700.0
2026-01-17 12:20:00,sim@hotboat.cl,1000152.0,luz,520.0
2026-01-17 12:20:00,sim@hotboat.cl,1000152.0,gas,10000.0
2026-01-17 12:30:00,sim@hotboat.cl,1000153.0,leña,1500.0
2026-01-17 12:30:00,sim@hotboat.cl,1000153.0,agua,700.0
2026-01-17 12:30:00,sim@hotboat.cl,1000153.0,luz,520.0
2026-01-17 12:30:00,sim@hotboat.cl,1000153.0,gas,10000.0
2026-01-17 12:40:00,sim@hotboat.cl,1000154.0,leña,1500.0
2026-01-17 12:40:00,sim@hotboat.cl,1000154.0,agua,700.0
2026-01-17 12:40:00,sim@hotboat.cl,1000154.0,luz,520.0
2026-01-17 12:40:00,sim@hotboat.cl,1000154.0,gas,10000.0
2026-01-18 12:00:00,sim@hotboat.cl,1000155.0,leña,1500.0
2026-01-18 12:00:00,sim@hotboat.cl,1000155.0,agua,700.0
2026-01-18 12:00:00,sim@hotboat.cl,1000155.0,luz,520.0
2026-01-18 12:00:00,sim@hotboat.cl,1000155.0,gas,10000.0
2026-01-18 12:00:00,sim@hotboat.cl,1000156.0,leña,1500.0
2026-01-18 12:00:00,sim@hotboat.cl,1000156.0,agua,700.0
2026-01-18 12:00:00,sim@hotboat.cl,1000156.0,luz,520.0
2026-01-18 12:00:00,sim@hotboat.cl,1000156.0,gas,10000.0
2026-01-18 12:10:00,sim@hotboat.cl,1000157.0,leña,1500.0
2026-01-18 12:10:00,sim@hotboat.cl,1000157.0,agua,700.0
2026-01-18 12:10:00,sim@hotboat.cl,1000157.0,luz,520.0
2026-01-18 12:10:00,sim@hotboat.cl,1000157.0,gas,10000.0
2026-01-18 12:10:00,sim@hotboat.cl,1000158.0,leña,1500.0
2026-01-18 12:10:00,sim@hotboat.cl,1000158.0,agua,700.0
2026-01-18 12:10:00,sim@hotboat.cl,1000158.0,luz,520.0
2026-01-18 12:10:00,sim@hotboat.cl,1000158.0,gas,10000.0
2026-01-18 12:20:00,sim@hotboat.cl,1000159.0,leña,1500.0
2026-01-18 12:20:00,sim@hotboat.cl,1000159.0,agua,700.0
2026-01-18 12:20:00,sim@hotboat.cl,1000159.0,luz,520.0
2026-01-18 12:20:00,sim@hotboat.cl,1000159.0,gas,10000.0
2026-01-18 12:20:00,sim@hotboat.cl,1000160.0,leña,1500.0
2026-01-18 12:20:00,sim@hotboat.cl,1000160.0,agua,700.0
2026-01-18 12:20:00,sim@hotboat.cl,1000160.0,luz,520.0
2026-01-18 12:20:00,sim@hotboat.cl,1000160.0,gas,10000.0
2026-01-18 12:30:00,sim@hotboat.cl,1000161.0,leña,1500.0
2026-01-18 12:30:00,sim@hotboat.cl,1000161.0,agua,700.0
2026-01-18 12:30:00,sim@hotboat.cl,1000161.0,luz,520.0
2026-01-18 12:30:00,sim@hotboat.cl,1000161.0,gas,10000.0
2026-01-18 12:30:00,sim@hotboat.cl,1000162.0,leña,1500.0
2026-01-18 12:30:00,sim@hotboat.cl,1000162.0,agua,700.0
2026-01-18 12:30:00,sim@hotboat.cl,1000162.0,luz,520.0
2026-01-18 12:30:00,sim@hotboat.cl,1000162.0,gas,10000.0
2026-01-18 12:40:00,sim@hotboat.cl,1000163.0,leña,1500.0
2026-01-18 12:40:00,sim@hotboat.cl,1000163.0,agua,700.0
2026-01-18 12:40:00,sim@hotboat.cl,1000163.0,luz,520.0
2026-01-18 12:40:00,sim@hotboat.cl,1000163.0,gas,10000.0
2026-01-18 12:40:00,sim@hotboat.cl,1000164.0,leña,1500.0
2026-01-18 12:40:00,sim@hotboat.cl,1000164.0,agua,700.0
2026-01-18 12:40:00,sim@hotboat.cl,1000164.0,luz,520.0
2026-01-18 12:40:00,sim@hotboat.cl,1000164.0,gas,10000.0
2026-01-18 12:50:00,sim@hotboat.cl,1000165.0,leña,1500.0
2026-01-18 12:50:00,sim@hotboat.cl,1000165.0,agua,700.0
2026-01-18 12:50:00,sim@hotboat.cl,1000165.0,luz,520.0
2026-01-18 12:50:00,sim@hotboat.cl,1000165.0,gas,10000.0
2026-01-19 12:00:00,sim@hotboat.cl,1000166.0,leña,1500.0
2026-01-19 12:00:00,sim@hotboat.cl,1000166.0,agua,700.0
2026-01-19 12:00:00,sim@hotboat.cl,1000166.0,luz,520.0
2026-01-19 12:00:00,sim@hotboat.cl,1000166.0,gas,10000.0
2026-01-19 12:10:00,sim@hotboat.cl,1000167.0,leña,1500.0
2026-01-19 12:10:00,sim@hotboat.cl,1000167.0,agua,700.0
2026-01-19 12:10:00,sim@hotboat.cl,1000167.0,luz,520.0
2026-01-19 12:10:00,sim@hotboat.cl,1000167.0,gas,10000.0
2026-01-19 12:20:00,sim@hotboat.cl,1000168.0,leña,1500.0
2026-01-19 12:20:00,sim@hotboat.cl,1000168.0,agua,700.0
2026-01-19 12:20:00,sim@hotboat.cl,1000168.0,luz,520.0
2026-01-19 12:20:00,sim@hotboat.cl,1000168.0,gas,10000.0
2026-01-19 12:30:00,sim@hotboat.cl,1000169.0,leña,1500.0
2026-01-19 12:30:00,sim@hotboat.cl,1000169.0,agua,700.0
2026-01-19 12:30:00,sim@hotboat.cl,1000169.0,luz,520.0
2026-01-19 12:30:00,sim@hotboat.cl,1000169.0,gas,10000.0
2026-01-20 12:00:00,sim@hotboat.cl,1000170.0,leña,1500.0
2026-01-20 12:00:00,sim@hotboat.cl,1000170.0,agua,700.0
2026-01-20 12:00:00,sim@hotboat.cl,1000170.0,luz,520.0
2026-01-20 12:00:00,sim@hotboat.cl,1000170.0,gas,10000.0
2026-01-21 12:00:00,sim@hotboat.cl,1000171.0,leña,1500.0
2026-01-21 12:00:00,sim@hotboat.cl,1000171.0,agua,700.0
2026-01-21 12:00:00,sim@hotboat.cl,1000171.0,luz,520.0
2026-01-21 12:00:00,sim@hotboat.cl,1000171.0,gas,10000.0
2026-01-21 12:10:00,sim@hotboat.cl,1000172.0,leña,1500.0
2026-01-21 12:10:00,sim@hotboat.cl,1000172.0,agua,700.0
2026-01-21 12:10:00,sim@hotboat.cl,1000172.0,luz,520.0
2026-01-21 12:10:00,sim@hotboat.cl,1000172.0,gas,10000.0
2026-01-21 12:20:00,sim@hotboat.cl,1000173.0,leña,1500.0
2026-01-21 12:20:00,sim@hotboat.cl,1000173.0,agua,700.0
2026-01-21 12:20:00,sim@hotboat.cl,1000173.0,luz,520.0
2026-01-21 12:20:00,sim@hotboat.cl,1000173.0,gas,10000.0
2026-01-21 12:30:00,sim@hotboat.cl,1000174.0,leña,1500.0
2026-01-21 12:30:00,sim@hotboat.cl,1000174.0,agua,700.0
2026-01-21 12:30:00,sim@hotboat.cl,1000174.0,luz,520.0
2026-01-21 12:30:00,sim@hotboat.cl,1000174.0,gas,10000.0
2026-01-22 12:00:00,sim@hotboat.cl,1000175.0,leña,1500.0
2026-01-22 12:00:00,sim@hotboat.cl,1000175.0,agua,700.0
2026-01-22 12:00:00,sim@hotboat.cl,1000175.0,luz,520.0
2026-01-22 12:00:00,sim@hotboat.cl,1000175.0,gas,10000.0
2026-01-22 12:10:00,sim@hotboat.cl,1000176.0,leña,1500.0
2026-01-22 12:10:00,sim@hotboat.cl,1000176.0,agua,700.0
2026-01-22 12:10:00,sim@hotboat.cl,1000176.0,luz,520.0
2026-01-22 12:10:00,sim@hotboat.cl,1000176.0,gas,10000.0
2026-01-23 12:00:00,sim@hotboat.cl,1000177.0,leña,1500.0
2026-01-23 12:00:00,sim@hotboat.cl,1000177.0,agua,700.0
2026-01-23 12:00:00,sim@hotboat.cl,1000177.0,luz,520.0
2026-01-23 12:00:00,sim@hotboat.cl,1000177.0,gas,10000.0
2026-01-23 12:10:00,sim@hotboat.cl,1000178.0,leña,1500.0
2026-01-23 12:10:00,sim@hotboat.cl,1000178.0,agua,700.0
2026-01-23 12:10:00,sim@hotboat.cl,1000178.0,luz,520.0
2026-01-23 12:10:00,sim@hotboat.cl,1000178.0,gas,10000.0
2026-01-23 12:20:00,sim@hotboat.cl,1000179.0,leña,1500.0
2026-01-23 12:20:00,sim@hotboat.cl,1000179.0,agua,700.0
2026-01-23 12:20:00,sim@hotboat.cl,1000179.0,luz,520.0
2026-01-23 12:20:00,sim@hotboat.cl,1000179.0,gas,10000.0
2026-01-24 12:00:00,sim@hotboat.cl,1000180.0,leña,1500.0
2026-01-24 12:00:00,sim@hotboat.cl,1000180.0,agua,700.0
2026-01-24 12:00:00,sim@hotboat.cl,1000180.0,luz,520.0
2026-01-24 12:00:00,sim@hotboat.cl,1000180.0,gas,10000.0
2026-01-24 12:10:00,sim@hotboat.cl,1000181.0,leña,1500.0
2026-01-24 12:10:00,sim@hotboat.cl,1000181.0,agua,700.0
2026-01-24 12:10:00,sim@hotboat.cl,1000181.0,luz,520.0
2026-01-24 12:10:00,sim@hotboat.cl,1000181.0,gas,10000.0
2026-01-24 12:20:00,sim@hotboat.cl,1000182.0,leña,1500.0
2026-01-24 12:20:00,sim@hotboat.cl,1000182.0,agua,700.0
2026-01-24 12:20:00,sim@hotboat.cl,1000182.0,luz,520.0
2026-01-24 12:20:00,sim@hotboat.cl,1000182.0,gas,10000.0
2026-01-24 12:30:00,sim@hotboat.cl,1000183.0,leña,1500.0
2026-01-24 12:30:00,sim@hotboat.cl,1000183.0,agua,700.0
2026-01-24 12:30:00,sim@hotboat.cl,1000183.0,luz,520.0
2026-01-24 12:30:00,sim@hotboat.cl,1000183.0,gas,10000.0
2026-01-24 12:40:00,sim@hotboat.cl,1000184.0,leña,1500.0
2026-01-24 12:40:00,sim@hotboat.cl,1000184.0,agua,700.0
2026-01-24 12:40:00,sim@hotboat.cl,1000184.0,luz,520.0
2026-01-24 12:40:00,sim@hotboat.cl,1000184.0,gas,10000.0
2026-01-24 12:50:00,sim@hotboat.cl,1000185.0,leña,1500.0
2026-01-24 12:50:00,sim@hotboat.cl,1000185.0,agua,700.0
2026-01-24 12:50:00,sim@hotboat.cl,1000185.0,luz,520.0
2026-01-24 12:50:00,sim@hotboat.cl,1000185.0,gas,10000.0
2026-01-25 12:00:00,sim@hotboat.cl,1000186.0,leña,1500.0
2026-01-25 12:00:00,sim@hotboat.cl,1000186.0,agua,700.0
2026-01-25 12:00:00,sim@hotboat.cl,1000186.0,luz,520.0
2026-01-25 12:00:00,sim@hotboat.cl,1000186.0,gas,10000.0
2026-01-25 12:10:00,sim@hotboat.cl,1000187.0,leña,1500.0
2026-01-25 12:10:00,sim@hotboat.cl,1000187.0,agua,700.0
2026-01-25 12:10:00,sim@hotboat.cl,1000187.0,luz,520.0
2026-01-25 12:10:00,sim@hotboat.cl,1000187.0,gas,10000.0
2026-01-25 12:20:00,sim@hotboat.cl,1000188.0,leña,1500.0
2026-01-25 12:20:00,sim@hotboat.cl,1000188.0,agua,700.0
2026-01-25 12:20:00,sim@hotboat.cl,1000188.0,luz,520.0
2026-01-25 12:20:00,sim@hotboat.cl,1000188.0,gas,10000.0
2026-01-25 12:30:00,sim@hotboat.cl,1000189.0,leña,1500.0
2026-01-25 12:30:00,sim@hotboat.cl,1000189.0,agua,700.0
2026-01-25 12:30:00,sim@hotboat.cl,1000189.0,luz,520.0
2026-01-25 12:30:00,sim@hotboat.cl,1000189.0,gas,10000.0
2026-01-25 12:40:00,sim@hotboat.cl,1000190.0,leña,1500.0
2026-01-25 12:40:00,sim@hotboat.cl,1000190.0,agua,700.0
2026-01-25 12:40:00,sim@hotboat.cl,1000190.0,luz,520.0
2026-01-25 12:40:00,sim@hotboat.cl,1000190.0,gas,10000.0
2026-01-25 12:50:00,sim@hotboat.cl,1000191.0,leña,1500.0
2026-01-25 12:50:00,sim@hotboat.cl,1000191.0,agua,700.0
2026-01-25 12:50:00,sim@hotboat.cl,1000191.0,luz,520.0
2026-01-25 12:50:00,sim@hotboat.cl,1000191.0,gas,10000.0
2026-01-26 12:00:00,sim@hotboat.cl,1000192.0,leña,1500.0
2026-01-26 12:00:00,sim@hotboat.cl,1000192.0,agua,700.0
2026-01-26 12:00:00,sim@hotboat.cl,1000192.0,luz,520.0
2026-01-26 12:00:00,sim@hotboat.cl,1000192.0,gas,10000.0
2026-01-26 12:10:00,sim@hotboat.cl,1000193.0,leña,1500.0
2026-01-26 12:10:00,sim@hotboat.cl,1000193.0,agua,700.0
2026-01-26 12:10:00,sim@hotboat.cl,1000193.0,luz,520.0
2026-01-26 12:10:00,sim@hotboat.cl,1000193.0,gas,10000.0
2026-01-26 12:20:00,sim@hotboat.cl,1000194.0,leña,1500.0
2026-01-26 12:20:00,sim@hotboat.cl,1000194.0,agua,700.0
2026-01-26 12:20:00,sim@hotboat.cl,1000194.0,luz,520.0
2026-01-26 12:20:00,sim@hotboat.cl,1000194.0,gas,10000.0
2026-01-27 12:00:00,sim@hotboat.cl,1000195.0,leña,1500.0
2026-01-27 12:00:00,sim@hotboat.cl,1000195.0,agua,700.0
2026-01-27 12:00:00,sim@hotboat.cl,1000195.0,luz,520.0
2026-01-27 12:00:00,sim@hotboat.cl,1000195.0,gas,10000.0
2026-01-27 12:10:00,sim@hotboat.cl,1000196.0,leña,1500.0
2026-01-27 12:10:00,sim@hotboat.cl,1000196.0,agua,700.0
2026-01-27 12:10:00,sim@hotboat.cl,1000196.0,luz,520.0
2026-01-27 12:10:00,sim@hotboat.cl,1000196.0,gas,10000.0
2026-01-27 12:20:00,sim@hotboat.cl,1000197.0,leña,1500.0
2026-01-27 12:20:00,sim@hotboat.cl,1000197.0,agua,700.0
2026-01-27 12:20:00,sim@hotboat.cl,1000197.0,luz,520.0
2026-01-27 12:20:00,sim@hotboat.cl,1000197.0,gas,10000.0
2026-01-28 12:00:00,sim@hotboat.cl,1000198.0,leña,1500.0
2026-01-28 12:00:00,sim@hotboat.cl,1000198.0,agua,700.0
2026-01-28 12:00:00,sim@hotboat.cl,1000198.0,luz,520.0
2026-01-28 12:00:00,sim@hotboat.cl,1000198.0,gas,10000.0
2026-01-28 12:10:00,sim@hotboat.cl,1000199.0,leña,1500.0
2026-01-28 12:10:00,sim@hotboat.cl,1000199.0,agua,700.0
2026-01-28 12:10:00,sim@hotboat.cl,1000199.0,luz,520.0
2026-01-28 12:10:00,sim@hotboat.cl,1000199.0,gas,10000.0
2026-01-28 12:20:00,sim@hotboat.cl,1000200.0,leña,1500.0
2026-01-28 12:20:00,sim@hotboat.cl,1000200.0,agua,700.0
2026-01-28 12:20:00,sim@hotboat.cl,1000200.0,luz,520.0
2026-01-28 12:20:00,sim@hotboat.cl,1000200.0,gas,10000.0
2026-01-29 12:00:00,sim@hotboat.cl,1000201.0,leña,1500.0
2026-01-29 12:00:00,sim@hotboat.cl,1000201.0,agua,700.0
2026-01-29 12:00:00,sim@hotboat.cl,1000201.0,luz,520.0
2026-01-29 12:00:00,sim@hotboat.cl,1000201.0,gas,10000.0
2026-01-29 12:10:00,sim@hotboat.cl,1000202.0,leña,1500.0
2026-01-29 12:10:00,sim@hotboat.cl,1000202.0,agua,700.0
2026-01-29 12:10:00,sim@hotboat.cl,1000202.0,luz,520.0
2026-01-29 12:10:00,sim@hotboat.cl,1000202.0,gas,10000.0
2026-01-31 12:00:00,sim@hotboat.cl,1000203.0,leña,1500.0
2026-01-31 12:00:00,sim@hotboat.cl,1000203.0,agua,700.0
2026-01-31 12:00:00,sim@hotboat.cl,1000203.0,luz,520.0
2026-01-31 12:00:00,sim@hotboat.cl,1000203.0,gas,10000.0
2026-01-31 12:00:00,sim@hotboat.cl,1000204.0,leña,1500.0
2026-01-31 12:00:00,sim@hotboat.cl,1000204.0,agua,700.0
2026-01-31 12:00:00,sim@hotboat.cl,1000204.0,luz,520.0
2026-01-31 12:00:00,sim@hotboat.cl,1000204.0,gas,10000.0
2026-01-31 12:10:00,sim@hotboat.cl,1000205.0,leña,1500.0
2026-01-31 12:10:00,sim@hotboat.cl,1000205.0,agua,700.0
2026-01-31 12:10:00,sim@hotboat.cl,1000205.0,luz,520.0
2026-01-31 12:10:00,sim@hotboat.cl,1000205.0,gas,10000.0
2026-01-31 12:10:00,sim@hotboat.cl,1000206.0,leña,1500.0
2026-01-31 12:10:00,sim@hotboat.cl,1000206.0,agua,700.0
2026-01-31 12:10:00,sim@hotboat.cl,1000206.0,luz,520.0
2026-01-31 12:10:00,sim@hotboat.cl,1000206.0,gas,10000.0
2026-01-31 12:20:00,sim@hotboat.cl,1000207.0,leña,1500.0
2026-01-31 12:20:00,sim@hotboat.cl,1000207.0,agua,700.0
2026-01-31 12:20:00,sim@hotboat.cl,1000207.0,luz,520.0
2026-01-31 12:20:00,sim@hotboat.cl,1000207.0,gas,10000.0
2026-01-31 12:20:00,sim@hotboat.cl,1000208.0,leña,1500.0
2026-01-31 12:20:00,sim@hotboat.cl,1000208.0,agua,700.0
2026-01-31 12:20:00,sim@hotboat.cl,1000208.0,luz,520.0
2026-01-31 12:20:00,sim@hotboat.cl,1000208.0,gas,10000.0
2026-01-31 12:30:00,sim@hotboat.cl,1000209.0,leña,1500.0
2026-01-31 12:30:00,sim@hotboat.cl,1000209.0,agua,700.0
2026-01-31 12:30:00,sim@hotboat.cl,1000209.0,luz,520.0
2026-01-31 12:30:00,sim@hotboat.cl,1000209.0,gas,10000.0
2026-01-31 12:40:00,sim@hotboat.cl,1000210.0,leña,1500.0
2026-01-31 12:40:00,sim@hotboat.cl,1000210.0,agua,700.0
2026-01-31 12:40:00,sim@hotboat.cl,1000210.0,luz,520.0
2026-01-31 12:40:00,sim@hotboat.cl,1000210.0,gas,10000.0
2026-01-31 12:50:00,sim@hotboat.cl,1000211.0,leña,1500.0
2026-01-31 12:50:00,sim@hotboat.cl,1000211.0,agua,700.0
2026-01-31 12:50:00,sim@hotboat.cl,1000211.0,luz,520.0
2026-01-31 12:50:00,sim@hotboat.cl,1000211.0,gas,10000.0
2026-01-01 20:00:00,sim@hotboat.cl,,pago extra ayudante (diario),60000.0
2026-01-02 20:00:00,sim@hotboat.cl,,pago extra ayudante (diario),90000.0
2026-01-03 20:00:00,sim@hotboat.cl,,pago extra ayudante (diario),180000.0
2026-01-04 20:00:00,sim@hotboat.cl,,pago extra ayudante (diario),210000.0
2026-01-05 20:00:00,sim@hotboat.cl,,pago extra ayudante (diario),150000.0
2026-01-06 20:00:00,sim@hotboat.cl,,pago extra ayudante (diario),60000.0
2026-01-07 20:00:00,sim@hotboat.cl,,pago extra ayudante (diario),120000.0
2026-01-08 20:00:00,sim@hotboat.cl,,pago extra ayudante (diario),30000.0
2026-01-10 20:00:00,sim@hotboat.cl,,pago extra ayudante (diario),210000.0
2026-01-11 20:00:00,sim@hotboat.cl,,pago extra ayudante (diario),150000.0
2026-01-12 20:00:00,sim@hotboat.cl,,pago extra ayudante (diario),60000.0
2026-01-13 20:00:00,sim@hotboat.cl,,pago extra ayudante (diario),30000.0
2026-01-14 20:00:00,sim@hotboat.cl,,pago extra ayudante (diario),30000.0
2026-01-15 20:00:00,sim@hotboat.cl,,pago extra ayudante (diario),120000.0
2026-01-16 20:00:00,sim@hotboat.cl,,pago extra ayudante (diario),60000.0
2026-01-17 20:00:00,sim@hotboat.cl,,pago extra ayudante (diario),150000.0
2026-01-18 20:00:00,sim@hotboat.cl,,pago extra ayudante (diario),210000.0
2026-01-19 20:00:00,sim@hotboat.cl,,pago extra ayudante (diario),120000.0
2026-01-20 20:00:00,sim@hotboat.cl,,pago extra ayudante (diario),30000.0
2026-01-21 20:00:00,sim@hotboat.cl,,pago extra ayudante (diario),120000.0
2026-01-22 20:00:00,sim@hotboat.cl,,pago extra ayudante (diario),60000.0
2026-01-23 20:00:00,sim@hotboat.cl,,pago extra ayudante (diario),90000.0
2026-01-24 20:00:00,sim@hotboat.cl,,pago extra ayudante (diario),180000.0
2026-01-25 20:00:00,sim@hotboat.cl,,pago extra ayudante (diario),180000.0
2026-01-26 20:00:00,sim@hotboat.cl,,pago extra ayudante (diario),90000.0
2026-01-27 20:00:00,sim@hotboat.cl,,pago extra ayudante (diario),90000.0
2026-01-28 20:00:00,sim@hotboat.cl,,pago extra ayudante (diario),90000.0
2026-01-29 20:00:00,sim@hotboat.cl,,pago extra ayudante (diario),60000.0
2026-01-31 20:00:00,sim@hotboat.cl,,pago extra ayudante (diario),210000.0
2026-02-01 12:00:00,sim@hotboat.cl,1000212.0,leña,1500.0
2026-02-01 12:00:00,sim@hotboat.cl,1000212.0,agua,700.0
2026-02-01 12:00:00,sim@hotboat.cl,1000212.0,luz,520.0
2026-02-01 12:00:00,sim@hotboat.cl,1000212.0,gas,10000.0
2026-02-01 12:00:00,sim@hotboat.cl,1000213.0,leña,1500.0
2026-02-01 12:00:00,sim@hotboat.cl,1000213.0,agua,700.0
2026-02-01 12:00:00,sim@hotboat.cl,1000213.0,luz,520.0
2026-02-01 12:00:00,sim@hotboat.cl,1000213.0,gas,10000.0
2026-02-01 12:10:00,sim@hotboat.cl,1000214.0,leña,1500.0
2026-02-01 12:10:00,sim@hotboat.cl,1000214.0,agua,700.0
2026-02-01 12:10:00,sim@hotboat.cl,1000214.0,luz,520.0
2026-02-01 12:10:00,sim@hotboat.cl,1000214.0,gas,10000.0
2026-02-01 12:10:00,sim@hotboat.cl,1000215.0,leña,1500.0
2026-02-01 12:10:00,sim@hotboat.cl,1000215.0,agua,700.0
2026-02-01 12:10:00,sim@hotboat.cl,1000215.0,luz,520.0
2026-02-01 12:10:00,sim@hotboat.cl,1000215.0,gas,10000.0
2026-02-01 12:20:00,sim@hotboat.cl,1000216.0,leña,1500.0
2026-02-01 12:20:00,sim@hotboat.cl,1000216.0,agua,700.0
2026-02-01 12:20:00,sim@hotboat.cl,1000216.0,luz,520.0
2026-02-01 12:20:00,sim@hotboat.cl,1000216.0,gas,10000.0
2026-02-01 12:30:00,sim@hotboat.cl,1000217.0,leña,1500.0
2026-02-01 12:30:00,sim@hotboat.cl,1000217.0,agua,700.0
2026-02-01 12:30:00,sim@hotboat.cl,1000217.0,luz,520.0
2026-02-01 12:30:00,sim@hotboat.cl,1000217.0,gas,10000.0
2026-02-01 12:40:00,sim@hotboat.cl,1000218.0,leña,1500.0
2026-02-01 12:40:00,sim@hotboat.cl,1000218.0,agua,700.0
2026-02-01 12:40:00,sim@hotboat.cl,1000218.0,luz,520.0
2026-02-01 12:40:00,sim@hotboat.cl,1000218.0,gas,10000.0
2026-02-01 12:50:00,sim@hotboat.cl,1000219.0,leña,1500.0
2026-02-01 12:50:00,sim@hotboat.cl,1000219.0,agua,700.0
2026-02-01 12:50:00,sim@hotboat.cl,1000219.0,luz,520.0
2026-02-01 12:50:00,sim@hotboat.cl,1000219.0,gas,10000.0
2026-02-02 12:00:00,sim@hotboat.cl,1000220.0,leña,1500.0
2026-02-02 12:00:00,sim@hotboat.cl,1000220.0,agua,700.0
2026-02-02 12:00:00,sim@hotboat.cl,1000220.0,luz,520.0
2026-02-02 12:00:00,sim@hotboat.cl,1000220.0,gas,10000.0
2026-02-02 12:10:00,sim@hotboat.cl,1000221.0,leña,1500.0
2026-02-02 12:10:00,sim@hotboat.cl,1000221.0,agua,700.0
2026-02-02 12:10:00,sim@hotboat.cl,1000221.0,luz,520.0
2026-02-02 12:10:00,sim@hotboat.cl,1000221.0,gas,10000.0
2026-02-03 12:00:00,sim@hotboat.cl,1000222.0,leña,1500.0
2026-02-03 12:00:00,sim@hotboat.cl,1000222.0,agua,700.0
2026-02-03 12:00:00,sim@hotboat.cl,1000222.0,luz,520.0
2026-02-03 12:00:00,sim@hotboat.cl,1000222.0,gas,10000.0
2026-02-03 12:10:00,sim@hotboat.cl,1000223.0,leña,1500.0
2026-02-03 12:10:00,sim@hotboat.cl,1000223.0,agua,700.0
2026-02-03 12:10:00,sim@hotboat.cl,1000223.0,luz,520.0
2026-02-03 12:10:00,sim@hotboat.cl,1000223.0,gas,10000.0
2026-02-03 12:20:00,sim@hotboat.cl,1000224.0,leña,1500.0
2026-02-03 12:20:00,sim@hotboat.cl,1000224.0,agua,700.0
2026-02-03 12:20:00,sim@hotboat.cl,1000224.0,luz,520.0
2026-02-03 12:20:00,sim@hotboat.cl,1000224.0,gas,10000.0
2026-02-04 12:00:00,sim@hotboat.cl,1000225.0,leña,1500.0
2026-02-04 12:00:00,sim@hotboat.cl,1000225.0,agua,700.0
2026-02-04 12:00:00,sim@hotboat.cl,1000225.0,luz,520.0
2026-02-04 12:00:00,sim@hotboat.cl,1000225.0,gas,10000.0
2026-02-04 12:10:00,sim@hotboat.cl,1000226.0,leña,1500.0
2026-02-04 12:10:00,sim@hotboat.cl,1000226.0,agua,700.0
2026-02-04 12:10:00,sim@hotboat.cl,1000226.0,luz,520.0
2026-02-04 12:10:00,sim@hotboat.cl,1000226.0,gas,10000.0
2026-02-04 12:20:00,sim@hotboat.cl,1000227.0,leña,1500.0
2026-02-04 12:20:00,sim@hotboat.cl,1000227.0,agua,700.0
2026-02-04 12:20:00,sim@hotboat.cl,1000227.0,luz,520.0
2026-02-04 12:20:00,sim@hotboat.cl,1000227.0,gas,10000.0
2026-02-04 12:30:00,sim@hotboat.cl,1000228.0,leña,1500.0
2026-02-04 12:30:00,sim@hotboat.cl,1000228.0,agua,700.0
2026-02-04 12:30:00,sim@hotboat.cl,1000228.0,luz,520.0
2026-02-04 12:30:00,sim@hotboat.cl,1000228.0,gas,10000.0
2026-02-04 12:40:00,sim@hotboat.cl,1000229.0,leña,1500.0
2026-02-04 12:40:00,sim@hotboat.cl,1000229.0,agua,700.0
2026-02-04 12:40:00,sim@hotboat.cl,1000229.0,luz,520.0
2026-02-04 12:40:00,sim@hotboat.cl,1000229.0,gas,10000.0
2026-02-05 12:00:00,sim@hotboat.cl,1000230.0,leña,1500.0
2026-02-05 12:00:00,sim@hotboat.cl,1000230.0,agua,700.0
2026-02-05 12:00:00,sim@hotboat.cl,1000230.0,luz,520.0
2026-02-05 12:00:00,sim@hotboat.cl,1000230.0,gas,10000.0
2026-02-05 12:10:00,sim@hotboat.cl,1000231.0,leña,1500.0
2026-02-05 12:10:00,sim@hotboat.cl,1000231.0,agua,700.0
2026-02-05 12:10:00,sim@hotboat.cl,1000231.0,luz,520.0
2026-02-05 12:10:00,sim@hotboat.cl,1000231.0,gas,10000.0
2026-02-05 12:20:00,sim@hotboat.cl,1000232.0,leña,1500.0
2026-02-05 12:20:00,sim@hotboat.cl,1000232.0,agua,700.0
2026-02-05 12:20:00,sim@hotboat.cl,1000232.0,luz,520.0
2026-02-05 12:20:00,sim@hotboat.cl,1000232.0,gas,10000.0
2026-02-06 12:00:00,sim@hotboat.cl,1000233.0,leña,1500.0
2026-02-06 12:00:00,sim@hotboat.cl,1000233.0,agua,700.0
2026-02-06 12:00:00,sim@hotboat.cl,1000233.0,luz,520.0
2026-02-06 12:00:00,sim@hotboat.cl,1000233.0,gas,10000.0
2026-02-06 12:10:00,sim@hotboat.cl,1000234.0,leña,1500.0
2026-02-06 12:10:00,sim@hotboat.cl,1000234.0,agua,700.0
2026-02-06 12:10:00,sim@hotboat.cl,1000234.0,luz,520.0
2026-02-06 12:10:00,sim@hotboat.cl,1000234.0,gas,10000.0
2026-02-06 12:20:00,sim@hotboat.cl,1000235.0,leña,1500.0
2026-02-06 12:20:00,sim@hotboat.cl,1000235.0,agua,700.0
2026-02-06 12:20:00,sim@hotboat.cl,1000235.0,luz,520.0
2026-02-06 12:20:00,sim@hotboat.cl,1000235.0,gas,10000.0
2026-02-06 12:30:00,sim@hotboat.cl,1000236.0,leña,1500.0
2026-02-06 12:30:00,sim@hotboat.cl,1000236.0,agua,700.0
2026-02-06 12:30:00,sim@hotboat.cl,1000236.0,luz,520.0
2026-02-06 12:30:00,sim@hotboat.cl,1000236.0,gas,10000.0
2026-02-07 12:00:00,sim@hotboat.cl,1000237.0,leña,1500.0
2026-02-07 12:00:00,sim@hotboat.cl,1000237.0,agua,700.0
2026-02-07 12:00:00,sim@hotboat.cl,1000237.0,luz,520.0
2026-02-07 12:00:00,sim@hotboat.cl,1000237.0,gas,10000.0
2026-02-07 12:00:00,sim@hotboat.cl,1000238.0,leña,1500.0
2026-02-07 12:00:00,sim@hotboat.cl,1000238.0,agua,700.0
2026-02-07 12:00:00,sim@hotboat.cl,1000238.0,luz,520.0
2026-02-07 12:00:00,sim@hotboat.cl,1000238.0,gas,10000.0
2026-02-07 12:00:00,sim@hotboat.cl,1000239.0,leña,1500.0
2026-02-07 12:00:00,sim@hotboat.cl,1000239.0,agua,700.0
2026-02-07 12:00:00,sim@hotboat.cl,1000239.0,luz,520.0
2026-02-07 12:00:00,sim@hotboat.cl,1000239.0,gas,10000.0
2026-02-07 12:10:00,sim@hotboat.cl,1000240.0,leña,1500.0
2026-02-07 12:10:00,sim@hotboat.cl,1000240.0,agua,700.0
2026-02-07 12:10:00,sim@hotboat.cl,1000240.0,luz,520.0
2026-02-07 12:10:00,sim@hotboat.cl,1000240.0,gas,10000.0
2026-02-07 12:10:00,sim@hotboat.cl,1000241.0,leña,1500.0
2026-02-07 12:10:00,sim@hotboat.cl,1000241.0,agua,700.0
2026-02-07 12:10:00,sim@hotboat.cl,1000241.0,luz,520.0
2026-02-07 12:10:00,sim@hotboat.cl,1000241.0,gas,10000.0
2026-02-07 12:10:00,sim@hotboat.cl,1000242.0,leña,1500.0
2026-02-07 12:10:00,sim@hotboat.cl,1000242.0,agua,700.0
2026-02-07 12:10:00,sim@hotboat.cl,1000242.0,luz,520.0
2026-02-07 12:10:00,sim@hotboat.cl,1000242.0,gas,10000.0
2026-02-07 12:20:00,sim@hotboat.cl,1000243.0,leña,1500.0
2026-02-07 12:20:00,sim@hotboat.cl,1000243.0,agua,700.0
2026-02-07 12:20:00,sim@hotboat.cl,1000243.0,luz,520.0
2026-02-07 12:20:00,sim@hotboat.cl,1000243.0,gas,10000.0
2026-02-07 12:20:00,sim@hotboat.cl,1000244.0,leña,1500.0
2026-02-07 12:20:00,sim@hotboat.cl,1000244.0,agua,700.0
2026-02-07 12:20:00,sim@hotboat.cl,1000244.0,luz,520.0
2026-02-07 12:20:00,sim@hotboat.cl,1000244.0,gas,10000.0
2026-02-07 12:30:00,sim@hotboat.cl,1000245.0,leña,1500.0
2026-02-07 12:30:00,sim@hotboat.cl,1000245.0,agua,700.0
2026-02-07 12:30:00,sim@hotboat.cl,1000245.0,luz,520.0
2026-02-07 12:30:00,sim@hotboat.cl,1000245.0,gas,10000.0
2026-02-07 12:30:00,sim@hotboat.cl,1000246.0,leña,1500.0
2026-02-07 12:30:00,sim@hotboat.cl,1000246.0,agua,700.0
2026-02-07 12:30:00,sim@hotboat.cl,1000246.0,luz,520.0
2026-02-07 12:30:00,sim@hotboat.cl,1000246.0,gas,10000.0
2026-02-07 12:40:00,sim@hotboat.cl,1000247.0,leña,1500.0
2026-02-07 12:40:00,sim@hotboat.cl,1000247.0,agua,700.0
2026-02-07 12:40:00,sim@hotboat.cl,1000247.0,luz,520.0
2026-02-07 12:40:00,sim@hotboat.cl,1000247.0,gas,10000.0
2026-02-07 12:40:00,sim@hotboat.cl,1000248.0,leña,1500.0
2026-02-07 12:40:00,sim@hotboat.cl,1000248.0,agua,700.0
2026-02-07 12:40:00,sim@hotboat.cl,1000248.0,luz,520.0
2026-02-07 12:40:00,sim@hotboat.cl,1000248.0,gas,10000.0
2026-02-07 12:50:00,sim@hotboat.cl,1000249.0,leña,1500.0
2026-02-07 12:50:00,sim@hotboat.cl,1000249.0,agua,700.0
2026-02-07 12:50:00,sim@hotboat.cl,1000249.0,luz,520.0
2026-02-07 12:50:00,sim@hotboat.cl,1000249.0,gas,10000.0
2026-02-07 12:50:00,sim@hotboat.cl,1000250.0,leña,1500.0
2026-02-07 12:50:00,sim@hotboat.cl,1000250.0,agua,700.0
2026-02-07 12:50:00,sim@hotboat.cl,1000250.0,luz,520.0
2026-02-07 12:50:00,sim@hotboat.cl,1000250.0,gas,10000.0
2026-02-08 12:00:00,sim@hotboat.cl,1000251.0,leña,1500.0
2026-02-08 12:00:00,sim@hotboat.cl,1000251.0,agua,700.0
2026-02-08 12:00:00,sim@hotboat.cl,1000251.0,luz,520.0
2026-02-08 12:00:00,sim@hotboat.cl,1000251.0,gas,10000.0
2026-02-08 12:00:00,sim@hotboat.cl,1000252.0,leña,1500.0
2026-02-08 12:00:00,sim@hotboat.cl,1000252.0,agua,700.0
2026-02-08 12:00:00,sim@hotboat.cl,1000252.0,luz,520.0
2026-02-08 12:00:00,sim@hotboat.cl,1000252.0,gas,10000.0
2026-02-08 12:10:00,sim@hotboat.cl,1000253.0,leña,1500.0
2026-02-08 12:10:00,sim@hotboat.cl,1000253.0,agua,700.0
2026-02-08 12:10:00,sim@hotboat.cl,1000253.0,luz,520.0
2026-02-08 12:10:00,sim@hotboat.cl,1000253.0,gas,10000.0
2026-02-08 12:10:00,sim@hotboat.cl,1000254.0,leña,1500.0
2026-02-08 12:10:00,sim@hotboat.cl,1000254.0,agua,700.0
2026-02-08 12:10:00,sim@hotboat.cl,1000254.0,luz,520.0
2026-02-08 12:10:00,sim@hotboat.cl,1000254.0,gas,10000.0
2026-02-08 12:20:00,sim@hotboat.cl,1000255.0,leña,1500.0
2026-02-08 12:20:00,sim@hotboat.cl,1000255.0,agua,700.0
2026-02-08 12:20:00,sim@hotboat.cl,1000255.0,luz,520.0
2026-02-08 12:20:00,sim@hotboat.cl,1000255.0,gas,10000.0
2026-02-08 12:20:00,sim@hotboat.cl,1000256.0,leña,1500.0
2026-02-08 12:20:00,sim@hotboat.cl,1000256.0,agua,700.0
2026-02-08 12:20:00,sim@hotboat.cl,1000256.0,luz,520.0
2026-02-08 12:20:00,sim@hotboat.cl,1000256.0,gas,10000.0
2026-02-08 12:30:00,sim@hotboat.cl,1000257.0,leña,1500.0
2026-02-08 12:30:00,sim@hotboat.cl,1000257.0,agua,700.0
2026-02-08 12:30:00,sim@hotboat.cl,1000257.0,luz,520.0
2026-02-08 12:30:00,sim@hotboat.cl,1000257.0,gas,10000.0
2026-02-08 12:30:00,sim@hotboat.cl,1000258.0,leña,1500.0
2026-02-08 12:30:00,sim@hotboat.cl,1000258.0,agua,700.0
2026-02-08 12:30:00,sim@hotboat.cl,1000258.0,luz,520.0
2026-02-08 12:30:00,sim@hotboat.cl,1000258.0,gas,10000.0
2026-02-08 12:40:00,sim@hotboat.cl,1000259.0,leña,1500.0
2026-02-08 12:40:00,sim@hotboat.cl,1000259.0,agua,700.0
2026-02-08 12:40:00,sim@hotboat.cl,1000259.0,luz,520.0
2026-02-08 12:40:00,sim@hotboat.cl,1000259.0,gas,10000.0
2026-02-08 12:40:00,sim@hotboat.cl,1000260.0,leña,1500.0
2026-02-08 12:40:00,sim@hotboat.cl,1000260.0,agua,700.0
2026-02-08 12:40:00,sim@hotboat.cl,1000260.0,luz,520.0
2026-02-08 12:40:00,sim@hotboat.cl,1000260.0,gas,10000.0
2026-02-08 12:50:00,sim@hotboat.cl,1000261.0,leña,1500.0
2026-02-08 12:50:00,sim@hotboat.cl,1000261.0,agua,700.0
2026-02-08 12:50:00,sim@hotboat.cl,1000261.0,luz,520.0
2026-02-08 12:50:00,sim@hotboat.cl,1000261.0,gas,10000.0
2026-02-08 12:50:00,sim@hotboat.cl,1000262.0,leña,1500.0
2026-02-08 12:50:00,sim@hotboat.cl,1000262.0,agua,700.0
2026-02-08 12:50:00,sim@hotboat.cl,1000262.0,luz,520.0
2026-02-08 12:50:00,sim@hotboat.cl,1000262.0,gas,10000.0
2026-02-09 12:00:00,sim@hotboat.cl,1000263.0,leña,1500.0
2026-02-09 12:00:00,sim@hotboat.cl,1000263.0,agua,700.0
2026-02-09 12:00:00,sim@hotboat.cl,1000263.0,luz,520.0
2026-02-09 12:00:00,sim@hotboat.cl,1000263.0,gas,10000.0
2026-02-10 12:00:00,sim@hotboat.cl,1000264.0,leña,1500.0
2026-02-10 12:00:00,sim@hotboat.cl,1000264.0,agua,700.0
2026-02-10 12:00:00,sim@hotboat.cl,1000264.0,luz,520.0
2026-02-10 12:00:00,sim@hotboat.cl,1000264.0,gas,10000.0
2026-02-11 12:00:00,sim@hotboat.cl,1000265.0,leña,1500.0
2026-02-11 12:00:00,sim@hotboat.cl,1000265.0,agua,700.0
2026-02-11 12:00:00,sim@hotboat.cl,1000265.0,luz,520.0
2026-02-11 12:00:00,sim@hotboat.cl,1000265.0,gas,10000.0
2026-02-11 12:10:00,sim@hotboat.cl,1000266.0,leña,1500.0
2026-02-11 12:10:00,sim@hotboat.cl,1000266.0,agua,700.0
2026-02-11 12:10:00,sim@hotboat.cl,1000266.0,luz,520.0
2026-02-11 12:10:00,sim@hotboat.cl,1000266.0,gas,10000.0
2026-02-11 12:20:00,sim@hotboat.cl,1000267.0,leña,1500.0
2026-02-11 12:20:00,sim@hotboat.cl,1000267.0,agua,700.0
2026-02-11 12:20:00,sim@hotboat.cl,1000267.0,luz,520.0
2026-02-11 12:20:00,sim@hotboat.cl,1000267.0,gas,10000.0
2026-02-12 12:00:00,sim@hotboat.cl,1000268.0,leña,1500.0
2026-02-12 12:00:00,sim@hotboat.cl,1000268.0,agua,700.0
2026-02-12 12:00:00,sim@hotboat.cl,1000268.0,luz,520.0
2026-02-12 12:00:00,sim@hotboat.cl,1000268.0,gas,10000.0
2026-02-13 12:00:00,sim@hotboat.cl,1000269.0,leña,1500.0
2026-02-13 12:00:00,sim@hotboat.cl,1000269.0,agua,700.0
2026-02-13 12:00:00,sim@hotboat.cl,1000269.0,luz,520.0
2026-02-13 12:00:00,sim@hotboat.cl,1000269.0,gas,10000.0
2026-02-13 12:10:00,sim@hotboat.cl,1000270.0,leña,1500.0
2026-02-13 12:10:00,sim@hotboat.cl,1000270.0,agua,700.0
2026-02-13 12:10:00,sim@hotboat.cl,1000270.0,luz,520.0
2026-02-13 12:10:00,sim@hotboat.cl,1000270.0,gas,10000.0
2026-02-14 12:00:00,sim@hotboat.cl,1000271.0,leña,1500.0
2026-02-14 12:00:00,sim@hotboat.cl,1000271.0,agua,700.0
2026-02-14 12:00:00,sim@hotboat.cl,1000271.0,luz,520.0
2026-02-14 12:00:00,sim@hotboat.cl,1000271.0,gas,10000.0
2026-02-14 12:00:00,sim@hotboat.cl,1000272.0,leña,1500.0
2026-02-14 12:00:00,sim@hotboat.cl,1000272.0,agua,700.0
2026-02-14 12:00:00,sim@hotboat.cl,1000272.0,luz,520.0
2026-02-14 12:00:00,sim@hotboat.cl,1000272.0,gas,10000.0
2026-02-14 12:10:00,sim@hotboat.cl,1000273.0,leña,1500.0
2026-02-14 12:10:00,sim@hotboat.cl,1000273.0,agua,700.0
2026-02-14 12:10:00,sim@hotboat.cl,1000273.0,luz,520.0
2026-02-14 12:10:00,sim@hotboat.cl,1000273.0,gas,10000.0
2026-02-14 12:20:00,sim@hotboat.cl,1000274.0,leña,1500.0
2026-02-14 12:20:00,sim@hotboat.cl,1000274.0,agua,700.0
2026-02-14 12:20:00,sim@hotboat.cl,1000274.0,luz,520.0
2026-02-14 12:20:00,sim@hotboat.cl,1000274.0,gas,10000.0
2026-02-14 12:30:00,sim@hotboat.cl,1000275.0,leña,1500.0
2026-02-14 12:30:00,sim@hotboat.cl,1000275.0,agua,700.0
2026-02-14 12:30:00,sim@hotboat.cl,1000275.0,luz,520.0
2026-02-14 12:30:00,sim@hotboat.cl,1000275.0,gas,10000.0
2026-02-14 12:40:00,sim@hotboat.cl,1000276.0,leña,1500.0
2026-02-14 12:40:00,sim@hotboat.cl,1000276.0,agua,700.0
2026-02-14 12:40:00,sim@hotboat.cl,1000276.0,luz,520.0
2026-02-14 12:40:00,sim@hotboat.cl,1000276.0,gas,10000.0
2026-02-14 12:50:00,sim@hotboat.cl,1000277.0,leña,1500.0
2026-02-14 12:50:00,sim@hotboat.cl,1000277.0,agua,700.0
2026-02-14 12:50:00,sim@hotboat.cl,1000277.0,luz,520.0
2026-02-14 12:50:00,sim@hotboat.cl,1000277.0,gas,10000.0
2026-02-15 12:00:00,sim@hotboat.cl,1000278.0,leña,1500.0
2026-02-15 12:00:00,sim@hotboat.cl,1000278.0,agua,700.0
2026-02-15 12:00:00,sim@hotboat.cl,1000278.0,luz,520.0
2026-02-15 12:00:00,sim@hotboat.cl,1000278.0,gas,10000.0
2026-02-15 12:10:00,sim@hotboat.cl,1000279.0,leña,1500.0
2026-02-15 12:10:00,sim@hotboat.cl,1000279.0,agua,700.0
2026-02-15 12:10:00,sim@hotboat.cl,1000279.0,luz,520.0
2026-02-15 12:10:00,sim@hotboat.cl,1000279.0,gas,10000.0
2026-02-15 12:20:00,sim@hotboat.cl,1000280.0,leña,1500.0
2026-02-15 12:20:00,sim@hotboat.cl,1000280.0,agua,700.0
2026-02-15 12:20:00,sim@hotboat.cl,1000280.0,luz,520.0
2026-02-15 12:20:00,sim@hotboat.cl,1000280.0,gas,10000.0
2026-02-15 12:30:00,sim@hotboat.cl,1000281.0,leña,1500.0
2026-02-15 12:30:00,sim@hotboat.cl,1000281.0,agua,700.0
2026-02-15 12:30:00,sim@hotboat.cl,1000281.0,luz,520.0
2026-02-15 12:30:00,sim@hotboat.cl,1000281.0,gas,10000.0
2026-02-15 12:40:00,sim@hotboat.cl,1000282.0,leña,1500.0
2026-02-15 12:40:00,sim@hotboat.cl,1000282.0,agua,700.0
2026-02-15 12:40:00,sim@hotboat.cl,1000282.0,luz,520.0
2026-02-15 12:40:00,sim@hotboat.cl,1000282.0,gas,10000.0
2026-02-15 12:50:00,sim@hotboat.cl,1000283.0,leña,1500.0
2026-02-15 12:50:00,sim@hotboat.cl,1000283.0,agua,700.0
2026-02-15 12:50:00,sim@hotboat.cl,1000283.0,luz,520.0
2026-02-15 12:50:00,sim@hotboat.cl,1000283.0,gas,10000.0
2026-02-16 12:00:00,sim@hotboat.cl,1000284.0,leña,1500.0
2026-02-16 12:00:00,sim@hotboat.cl,1000284.0,agua,700.0
2026-02-16 12:00:00,sim@hotboat.cl,1000284.0,luz,520.0
2026-02-16 12:00:00,sim@hotboat.cl,1000284.0,gas,10000.0
2026-02-16 12:10:00,sim@hotboat.cl,1000285.0,leña,1500.0
2026-02-16 12:10:00,sim@hotboat.cl,1000285.0,agua,700.0
2026-02-16 12:10:00,sim@hotboat.cl,1000285.0,luz,520.0
2026-02-16 12:10:00,sim@hotboat.cl,1000285.0,gas,10000.0
2026-02-16 12:20:00,sim@hotboat.cl,1000286.0,leña,1500.0
2026-02-16 12:20:00,sim@hotboat.cl,1000286.0,agua,700.0
2026-02-16 12:20:00,sim@hotboat.cl,1000286.0,luz,520.0
2026-02-16 12:20:00,sim@hotboat.cl,1000286.0,gas,10000.0
2026-02-16 12:30:00,sim@hotboat.cl,1000287.0,leña,1500.0
2026-02-16 12:30:00,sim@hotboat.cl,1000287.0,agua,700.0
2026-02-16 12:30:00,sim@hotboat.cl,1000287.0,luz,520.0
2026-02-16 12:30:00,sim@hotboat.cl,1000287.0,gas,10000.0
2026-02-17 12:00:00,sim@hotboat.cl,1000288.0,leña,1500.0
2026-02-17 12:00:00,sim@hotboat.cl,1000288.0,agua,700.0
2026-02-17 12:00:00,sim@hotboat.cl,1000288.0,luz,520.0
2026-02-17 12:00:00,sim@hotboat.cl,1000288.0,gas,10000.0
2026-02-17 12:10:00,sim@hotboat.cl,1000289.0,leña,1500.0
2026-02-17 12:10:00,sim@hotboat.cl,1000289.0,agua,700.0
2026-02-17 12:10:00,sim@hotboat.cl,1000289.0,luz,520.0
2026-02-17 12:10:00,sim@hotboat.cl,1000289.0,gas,10000.0
2026-02-17 12:20:00,sim@hotboat.cl,1000290.0,leña,1500.0
2026-02-17 12:20:00,sim@hotboat.cl,1000290.0,agua,700.0
2026-02-17 12:20:00,sim@hotboat.cl,1000290.0,luz,520.0
2026-02-17 12:20:00,sim@hotboat.cl,1000290.0,gas,10000.0
2026-02-18 12:00:00,sim@hotboat.cl,1000291.0,leña,1500.0
2026-02-18 12:00:00,sim@hotboat.cl,1000291.0,agua,700.0
2026-02-18 12:00:00,sim@hotboat.cl,1000291.0,luz,520.0
2026-02-18 12:00:00,sim@hotboat.cl,1000291.0,gas,10000.0
2026-02-18 12:10:00,sim@hotboat.cl,1000292.0,leña,1500.0
2026-02-18 12:10:00,sim@hotboat.cl,1000292.0,agua,700.0
2026-02-18 12:10:00,sim@hotboat.cl,1000292.0,luz,520.0
2026-02-18 12:10:00,sim@hotboat.cl,1000292.0,gas,10000.0
2026-02-18 12:20:00,sim@hotboat.cl,1000293.0,leña,1500.0
2026-02-18 12:20:00,sim@hotboat.cl,1000293.0,agua,700.0
2026-02-18 12:20:00,sim@hotboat.cl,1000293.0,luz,520.0
2026-02-18 12:20:00,sim@hotboat.cl,1000293.0,gas,10000.0
2026-02-18 12:30:00,sim@hotboat.cl,1000294.0,leña,1500.0
2026-02-18 12:30:00,sim@hotboat.cl,1000294.0,agua,700.0
2026-02-18 12:30:00,sim@hotboat.cl,1000294.0,luz,520.0
2026-02-18 12:30:00,sim@hotboat.cl,1000294.0,gas,10000.0
2026-02-19 12:00:00,sim@hotboat.cl,1000295.0,leña,1500.0
2026-02-19 12:00:00,sim@hotboat.cl,1000295.0,agua,700.0
2026-02-19 12:00:00,sim@hotboat.cl,1000295.0,luz,520.0
2026-02-19 12:00:00,sim@hotboat.cl,1000295.0,gas,10000.0
2026-02-20 12:00:00,sim@hotboat.cl,1000296.0,leña,1500.0
2026-02-20 12:00:00,sim@hotboat.cl,1000296.0,agua,700.0
2026-02-20 12:00:00,sim@hotboat.cl,1000296.0,luz,520.0
2026-02-20 12:00:00,sim@hotboat.cl,1000296.0,gas,10000.0
2026-02-20 12:10:00,sim@hotboat.cl,1000297.0,leña,1500.0
2026-02-20 12:10:00,sim@hotboat.cl,1000297.0,agua,700.0
2026-02-20 12:10:00,sim@hotboat.cl,1000297.0,luz,520.0
2026-02-20 12:10:00,sim@hotboat.cl,1000297.0,gas,10000.0
2026-02-20 12:20:00,sim@hotboat.cl,1000298.0,leña,1500.0
2026-02-20 12:20:00,sim@hotboat.cl,1000298.0,agua,700.0
2026-02-20 12:20:00,sim@hotboat.cl,1000298.0,luz,520.0
2026-02-20 12:20:00,sim@hotboat.cl,1000298.0,gas,10000.0
2026-02-20 12:30:00,sim@hotboat.cl,1000299.0,leña,1500.0
2026-02-20 12:30:00,sim@hotboat.cl,1000299.0,agua,700.0
2026-02-20 12:30:00,sim@hotboat.cl,1000299.0,luz,520.0
2026-02-20 12:30:00,sim@hotboat.cl,1000299.0,gas,10000.0
2026-02-21 12:00:00,sim@hotboat.cl,1000300.0,leña,1500.0
2026-02-21 12:00:00,sim@hotboat.cl,1000300.0,agua,700.0
2026-02-21 12:00:00,sim@hotboat.cl,1000300.0,luz,520.0
2026-02-21 12:00:00,sim@hotboat.cl,1000300.0,gas,10000.0
2026-02-21 12:00:00,sim@hotboat.cl,1000301.0,leña,1500.0
2026-02-21 12:00:00,sim@hotboat.cl,1000301.0,agua,700.0
2026-02-21 12:00:00,sim@hotboat.cl,1000301.0,luz,520.0
2026-02-21 12:00:00,sim@hotboat.cl,1000301.0,gas,10000.0
2026-02-21 12:10:00,sim@hotboat.cl,1000302.0,leña,1500.0
2026-02-21 12:10:00,sim@hotboat.cl,1000302.0,agua,700.0
2026-02-21 12:10:00,sim@hotboat.cl,1000302.0,luz,520.0
2026-02-21 12:10:00,sim@hotboat.cl,1000302.0,gas,10000.0
2026-02-21 12:10:00,sim@hotboat.cl,1000303.0,leña,1500.0
2026-02-21 12:10:00,sim@hotboat.cl,1000303.0,agua,700.0
2026-02-21 12:10:00,sim@hotboat.cl,1000303.0,luz,520.0
2026-02-21 12:10:00,sim@hotboat.cl,1000303.0,gas,10000.0
2026-02-21 12:20:00,sim@hotboat.cl,1000304.0,leña,1500.0
2026-02-21 12:20:00,sim@hotboat.cl,1000304.0,agua,700.0
2026-02-21 12:20:00,sim@hotboat.cl,1000304.0,luz,520.0
2026-02-21 12:20:00,sim@hotboat.cl,1000304.0,gas,10000.0
2026-02-21 12:20:00,sim@hotboat.cl,1000305.0,leña,1500.0
2026-02-21 12:20:00,sim@hotboat.cl,1000305.0,agua,700.0
2026-02-21 12:20:00,sim@hotboat.cl,1000305.0,luz,520.0
2026-02-21 12:20:00,sim@hotboat.cl,1000305.0,gas,10000.0
2026-02-21 12:30:00,sim@hotboat.cl,1000306.0,leña,1500.0
2026-02-21 12:30:00,sim@hotboat.cl,1000306.0,agua,700.0
2026-02-21 12:30:00,sim@hotboat.cl,1000306.0,luz,520.0
2026-02-21 12:30:00,sim@hotboat.cl,1000306.0,gas,10000.0
2026-02-21 12:30:00,sim@hotboat.cl,1000307.0,leña,1500.0
2026-02-21 12:30:00,sim@hotboat.cl,1000307.0,agua,700.0
2026-02-21 12:30:00,sim@hotboat.cl,1000307.0,luz,520.0
2026-02-21 12:30:00,sim@hotboat.cl,1000307.0,gas,10000.0
2026-02-21 12:40:00,sim@hotboat.cl,1000308.0,leña,1500.0
2026-02-21 12:40:00,sim@hotboat.cl,1000308.0,agua,700.0
2026-02-21 12:40:00,sim@hotboat.cl,1000308.0,luz,520.0
2026-02-21 12:40:00,sim@hotboat.cl,1000308.0,gas,10000.0
2026-02-21 12:40:00,sim@hotboat.cl,1000309.0,leña,1500.0
2026-02-21 12:40:00,sim@hotboat.cl,1000309.0,agua,700.0
2026-02-21 12:40:00,sim@hotboat.cl,1000309.0,luz,520.0
2026-02-21 12:40:00,sim@hotboat.cl,1000309.0,gas,10000.0
2026-02-21 12:50:00,sim@hotboat.cl,1000310.0,leña,1500.0
2026-02-21 12:50:00,sim@hotboat.cl,1000310.0,agua,700.0
2026-02-21 12:50:00,sim@hotboat.cl,1000310.0,luz,520.0
2026-02-21 12:50:00,sim@hotboat.cl,1000310.0,gas,10000.0
2026-02-21 12:50:00,sim@hotboat.cl,1000311.0,leña,1500.0
2026-02-21 12:50:00,sim@hotboat.cl,1000311.0,agua,700.0
2026-02-21 12:50:00,sim@hotboat.cl,1000311.0,luz,520.0
2026-02-21 12:50:00,sim@hotboat.cl,1000311.0,gas,10000.0
2026-02-22 12:00:00,sim@hotboat.cl,1000312.0,leña,1500.0
2026-02-22 12:00:00,sim@hotboat.cl,1000312.0,agua,700.0
2026-02-22 12:00:00,sim@hotboat.cl,1000312.0,luz,520.0
2026-02-22 12:00:00,sim@hotboat.cl,1000312.0,gas,10000.0
2026-02-22 12:00:00,sim@hotboat.cl,1000313.0,leña,1500.0
2026-02-22 12:00:00,sim@hotboat.cl,1000313.0,agua,700.0
2026-02-22 12:00:00,sim@hotboat.cl,1000313.0,luz,520.0
2026-02-22 12:00:00,sim@hotboat.cl,1000313.0,gas,10000.0
2026-02-22 12:10:00,sim@hotboat.cl,1000314.0,leña,1500.0
2026-02-22 12:10:00,sim@hotboat.cl,1000314.0,agua,700.0
2026-02-22 12:10:00,sim@hotboat.cl,1000314.0,luz,520.0
2026-02-22 12:10:00,sim@hotboat.cl,1000314.0,gas,10000.0
2026-02-22 12:10:00,sim@hotboat.cl,1000315.0,leña,1500.0
2026-02-22 12:10:00,sim@hotboat.cl,1000315.0,agua,700.0
2026-02-22 12:10:00,sim@hotboat.cl,1000315.0,luz,520.0
2026-02-22 12:10:00,sim@hotboat.cl,1000315.0,gas,10000.0
2026-02-22 12:20:00,sim@hotboat.cl,1000316.0,leña,1500.0
2026-02-22 12:20:00,sim@hotboat.cl,1000316.0,agua,700.0
2026-02-22 12:20:00,sim@hotboat.cl,1000316.0,luz,520.0
2026-02-22 12:20:00,sim@hotboat.cl,1000316.0,gas,10000.0
2026-02-22 12:20:00,sim@hotboat.cl,1000317.0,leña,1500.0
2026-02-22 12:20:00,sim@hotboat.cl,1000317.0,agua,700.0
2026-02-22 12:20:00,sim@hotboat.cl,1000317.0,luz,520.0
2026-02-22 12:20:00,sim@hotboat.cl,1000317.0,gas,10000.0
2026-02-22 12:30:00,sim@hotboat.cl,1000318.0,leña,1500.0
2026-02-22 12:30:00,sim@hotboat.cl,1000318.0,agua,700.0
2026-02-22 12:30:00,sim@hotboat.cl,1000318.0,luz,520.0
2026-02-22 12:30:00,sim@hotboat.cl,1000318.0,gas,10000.0
2026-02-22 12:30:00,sim@hotboat.cl,1000319.0,leña,1500.0
2026-02-22 12:30:00,sim@hotboat.cl,1000319.0,agua,700.0
2026-02-22 12:30:00,sim@hotboat.cl,1000319.0,luz,520.0
2026-02-22 12:30:00,sim@hotboat.cl,1000319.0,gas,10000.0
2026-02-22 12:40:00,sim@hotboat.cl,1000320.0,leña,1500.0
2026-02-22 12:40:00,sim@hotboat.cl,1000320.0,agua,700.0
2026-02-22 12:40:00,sim@hotboat.cl,1000320.0,luz,520.0
2026-02-22 12:40:00,sim@hotboat.cl,1000320.0,gas,10000.0
2026-02-22 12:50:00,sim@hotboat.cl,1000321.0,leña,1500.0
2026-02-22 12:50:00,sim@hotboat.cl,1000321.0,agua,700.0
2026-02-22 12:50:00,sim@hotboat.cl,1000321.0,luz,520.0
2026-02-22 12:50:00,sim@hotboat.cl,1000321.0,gas,10000.0
2026-02-23 12:00:00,sim@hotboat.cl,1000322.0,leña,1500.0
2026-02-23 12:00:00,sim@hotboat.cl,1000322.0,agua,700.0
2026-02-23 12:00:00,sim@hotboat.cl,1000322.0,luz,520.0
2026-02-23 12:00:00,sim@hotboat.cl,1000322.0,gas,10000.0
2026-02-23 12:10:00,sim@hotboat.cl,1000323.0,leña,1500.0
2026-02-23 12:10:00,sim@hotboat.cl,1000323.0,agua,700.0
2026-02-23 12:10:00,sim@hotboat.cl,1000323.0,luz,520.0
2026-02-23 12:10:00,sim@hotboat.cl,1000323.0,gas,10000.0
2026-02-24 12:00:00,sim@hotboat.cl,1000324.0,leña,1500.0
2026-02-24 12:00:00,sim@hotboat.cl,1000324.0,agua,700.0
2026-02-24 12:00:00,sim@hotboat.cl,1000324.0,luz,520.0
2026-02-24 12:00:00,sim@hotboat.cl,1000324.0,gas,10000.0
2026-02-24 12:10:00,sim@hotboat.cl,1000325.0,leña,1500.0
2026-02-24 12:10:00,sim@hotboat.cl,1000325.0,agua,700.0
2026-02-24 12:10:00,sim@hotboat.cl,1000325.0,luz,520.0
2026-02-24 12:10:00,sim@hotboat.cl,1000325.0,gas,10000.0
2026-02-24 12:20:00,sim@hotboat.cl,1000326.0,leña,1500.0
2026-02-24 12:20:00,sim@hotboat.cl,1000326.0,agua,700.0
2026-02-24 12:20:00,sim@hotboat.cl,1000326.0,luz,520.0
2026-02-24 12:20:00,sim@hotboat.cl,1000326.0,gas,10000.0
2026-02-25 12:00:00,sim@hotboat.cl,1000327.0,leña,1500.0
2026-02-25 12:00:00,sim@hotboat.cl,1000327.0,agua,700.0
2026-02-25 12:00:00,sim@hotboat.cl,1000327.0,luz,520.0
2026-02-25 12:00:00,sim@hotboat.cl,1000327.0,gas,10000.0
2026-02-25 12:10:00,sim@hotboat.cl,1000328.0,leña,1500.0
2026-02-25 12:10:00,sim@hotboat.cl,1000328.0,agua,700.0
2026-02-25 12:10:00,sim@hotboat.cl,1000328.0,luz,520.0
2026-02-25 12:10:00,sim@hotboat.cl,1000328.0,gas,10000.0
2026-02-25 12:20:00,sim@hotboat.cl,1000329.0,leña,1500.0
2026-02-25 12:20:00,sim@hotboat.cl,1000329.0,agua,700.0
2026-02-25 12:20:00,sim@hotboat.cl,1000329.0,luz,520.0
2026-02-25 12:20:00,sim@hotboat.cl,1000329.0,gas,10000.0
2026-02-26 12:00:00,sim@hotboat.cl,1000330.0,leña,1500.0
2026-02-26 12:00:00,sim@hotboat.cl,1000330.0,agua,700.0
2026-02-26 12:00:00,sim@hotboat.cl,1000330.0,luz,520.0
2026-02-26 12:00:00,sim@hotboat.cl,1000330.0,gas,10000.0
2026-02-26 12:10:00,sim@hotboat.cl,1000331.0,leña,1500.0
2026-02-26 12:10:00,sim@hotboat.cl,1000331.0,agua,700.0
2026-02-26 12:10:00,sim@hotboat.cl,1000331.0,luz,520.0
2026-02-26 12:10:00,sim@hotboat.cl,1000331.0,gas,10000.0
2026-02-26 12:20:00,sim@hotboat.cl,1000332.0,leña,1500.0
2026-02-26 12:20:00,sim@hotboat.cl,1000332.0,agua,700.0
2026-02-26 12:20:00,sim@hotboat.cl,1000332.0,luz,520.0
2026-02-26 12:20:00,sim@hotboat.cl,1000332.0,gas,10000.0
2026-02-26 12:30:00,sim@hotboat.cl,1000333.0,leña,1500.0
2026-02-26 12:30:00,sim@hotboat.cl,1000333.0,agua,700.0
2026-02-26 12:30:00,sim@hotboat.cl,1000333.0,luz,520.0
2026-02-26 12:30:00,sim@hotboat.cl,1000333.0,gas,10000.0
2026-02-27 12:00:00,sim@hotboat.cl,1000334.0,leña,1500.0
2026-02-27 12:00:00,sim@hotboat.cl,1000334.0,agua,700.0
2026-02-27 12:00:00,sim@hotboat.cl,1000334.0,luz,520.0
2026-02-27 12:00:00,sim@hotboat.cl,1000334.0,gas,10000.0
2026-02-27 12:10:00,sim@hotboat.cl,1000335.0,leña,1500.0
2026-02-27 12:10:00,sim@hotboat.cl,1000335.0,agua,700.0
2026-02-27 12:10:00,sim@hotboat.cl,1000335.0,luz,520.0
2026-02-27 12:10:00,sim@hotboat.cl,1000335.0,gas,10000.0
2026-02-27 12:20:00,sim@hotboat.cl,1000336.0,leña,1500.0
2026-02-27 12:20:00,sim@hotboat.cl,1000336.0,agua,700.0
2026-02-27 12:20:00,sim@hotboat.cl,1000336.0,luz,520.0
2026-02-27 12:20:00,sim@hotboat.cl,1000336.0,gas,10000.0
2026-02-27 12:30:00,sim@hotboat.cl,1000337.0,leña,1500.0
2026-02-27 12:30:00,sim@hotboat.cl,1000337.0,agua,700.0
2026-02-27 12:30:00,sim@hotboat.cl,1000337.0,luz,520.0
2026-02-27 12:30:00,sim@hotboat.cl,1000337.0,gas,10000.0
2026-02-28 12:00:00,sim@hotboat.cl,1000338.0,leña,1500.0
2026-02-28 12:00:00,sim@hotboat.cl,1000338.0,agua,700.0
2026-02-28 12:00:00,sim@hotboat.cl,1000338.0,luz,520.0
2026-02-28 12:00:00,sim@hotboat.cl,1000338.0,gas,10000.0
2026-02-28 12:00:00,sim@hotboat.cl,1000339.0,leña,1500.0
2026-02-28 12:00:00,sim@hotboat.cl,1000339.0,agua,700.0
2026-02-28 12:00:00,sim@hotboat.cl,1000339.0,luz,520.0
2026-02-28 12:00:00,sim@hotboat.cl,1000339.0,gas,10000.0
2026-02-28 12:10:00,sim@hotboat.cl,1000340.0,leña,1500.0
2026-02-28 12:10:00,sim@hotboat.cl,1000340.0,agua,700.0
2026-02-28 12:10:00,sim@hotboat.cl,1000340.0,luz,520.0
2026-02-28 12:10:00,sim@hotboat.cl,1000340.0,gas,10000.0
2026-02-28 12:10:00,sim@hotboat.cl,1000341.0,leña,1500.0
2026-02-28 12:10:00,sim@hotboat.cl,1000341.0,agua,700.0
2026-02-28 12:10:00,sim@hotboat.cl,1000341.0,luz,520.0
2026-02-28 12:10:00,sim@hotboat.cl,1000341.0,gas,10000.0
2026-02-28 12:20:00,sim@hotboat.cl,1000342.0,leña,1500.0
2026-02-28 12:20:00,sim@hotboat.cl,1000342.0,agua,700.0
2026-02-28 12:20:00,sim@hotboat.cl,1000342.0,luz,520.0
2026-02-28 12:20:00,sim@hotboat.cl,1000342.0,gas,10000.0
2026-02-28 12:30:00,sim@hotboat.cl,1000343.0,leña,1500.0
2026-02-28 12:30:00,sim@hotboat.cl,1000343.0,agua,700.0
2026-02-28 12:30:00,sim@hotboat.cl,1000343.0,luz,520.0
2026-02-28 12:30:00,sim@hotboat.cl,1000343.0,gas,10000.0
2026-02-28 12:40:00,sim@hotboat.cl,1000344.0,leña,1500.0
2026-02-28 12:40:00,sim@hotboat.cl,1000344.0,agua,700.0
2026-02-28 12:40:00,sim@hotboat.cl,1000344.0,luz,520.0
2026-02-28 12:40:00,sim@hotboat.cl,1000344.0,gas,10000.0
2026-02-28 12:50:00,sim@hotboat.cl,1000345.0,leña,1500.0
2026-02-28 12:50:00,sim@hotboat.cl,1000345.0,agua,700.0
2026-02-28 12:50:00,sim@hotboat.cl,1000345.0,luz,520.0
2026-02-28 12:50:00,sim@hotboat.cl,1000345.0,gas,10000.0
2026-02-01 20:00:00,sim@hotboat.cl,,pago extra ayudante (diario),210000.0
2026-02-02 20:00:00,sim@hotboat.cl,,pago extra ayudante (diario),60000.0
2026-02-03 20:00:00,sim@hotboat.cl,,pago extra ayudante (diario),90000.0
2026-02-04 20:00:00,sim@hotboat.cl,,pago extra ayudante (diario),150000.0
2026-02-05 20:00:00,sim@hotboat.cl,,pago extra ayudante (diario),90000.0
2026-02-06 20:00:00,sim@hotboat.cl,,pago extra ayudante (diario),120000.0
2026-02-07 20:00:00,sim@hotboat.cl,,pago extra ayudante (diario),210000.0
2026-02-08 20:00:00,sim@hotboat.cl,,pago extra ayudante (diario),210000.0
2026-02-09 20:00:00,sim@hotboat.cl,,pago extra ayudante (diario),30000.0
2026-02-10 20:00:00,sim@hotboat.cl,,pago extra ayudante (diario),30000.0
2026-02-11 20:00:00,sim@hotboat.cl,,pago extra ayudante (diario),90000.0
2026-02-12 20:00:00,sim@hotboat.cl,,pago extra ayudante (diario),30000.0
2026-02-13 20:00:00,sim@hotboat.cl,,pago extra ayudante (diario),60000.0
2026-02-14 20:00:00,sim@hotboat.cl,,pago extra ayudante (diario),210000.0
2026-02-15 20:00:00,sim@hotboat.cl,,pago extra ayudante (diario),180000.0
2026-02-16 20:00:00,sim@hotboat.cl,,pago extra ayudante (diario),120000.0
2026-02-17 20:00:00,sim@hotboat.cl,,pago extra ayudante (diario),90000.0
2026-02-18 20:00:00,sim@hotboat.cl,,pago extra ayudante (diario),120000.0
2026-02-19 20:00:00,sim@hotboat.cl,,pago extra ayudante (diario),30000.0
2026-02-20 20:00:00,sim@hotboat.cl,,pago extra ayudante (diario),120000.0
2026-02-21 20:00:00,sim@hotboat.cl,,pago extra ayudante (diario),210000.0
2026-02-22 20:00:00,sim@hotboat.cl,,pago extra ayudante (diario),210000.0
2026-02-23 20:00:00,sim@hotboat.cl,,pago extra ayudante (diario),60000.0
2026-02-24 20:00:00,sim@hotboat.cl,,pago extra ayudante (diario),90000.0
2026-02-25 20:00:00,sim@hotboat.cl,,pago extra ayudante (diario),90000.0
2026-02-26 20:00:00,sim@hotboat.cl,,pago extra ayudante (diario),120000.0
2026-02-27 20:00:00,sim@hotboat.cl,,pago extra ayudante (diario),120000.0
2026-02-28 20:00:00,sim@hotboat.cl,,pago extra ayudante (diario),210000.0
2026-03-01 12:00:00,sim@hotboat.cl,1000346.0,leña,1500.0
2026-03-01 12:00:00,sim@hotboat.cl,1000346.0,agua,700.0
2026-03-01 12:00:00,sim@hotboat.cl,1000346.0,luz,520.0
2026-03-01 12:00:00,sim@hotboat.cl,1000346.0,gas,10000.0
2026-03-01 12:10:00,sim@hotboat.cl,1000347.0,leña,1500.0
2026-03-01 12:10:00,sim@hotboat.cl,1000347.0,agua,700.0
2026-03-01 12:10:00,sim@hotboat.cl,1000347.0,luz,520.0
2026-03-01 12:10:00,sim@hotboat.cl,1000347.0,gas,10000.0
2026-03-01 12:20:00,sim@hotboat.cl,1000348.0,leña,1500.0
2026-03-01 12:20:00,sim@hotboat.cl,1000348.0,agua,700.0
2026-03-01 12:20:00,sim@hotboat.cl,1000348.0,luz,520.0
2026-03-01 12:20:00,sim@hotboat.cl,1000348.0,gas,10000.0
2026-03-01 12:30:00,sim@hotboat.cl,1000349.0,leña,1500.0
2026-03-01 12:30:00,sim@hotboat.cl,1000349.0,agua,700.0
2026-03-01 12:30:00,sim@hotboat.cl,1000349.0,luz,520.0
2026-03-01 12:30:00,sim@hotboat.cl,1000349.0,gas,10000.0
2026-03-01 12:40:00,sim@hotboat.cl,1000350.0,leña,1500.0
2026-03-01 12:40:00,sim@hotboat.cl,1000350.0,agua,700.0
2026-03-01 12:40:00,sim@hotboat.cl,1000350.0,luz,520.0
2026-03-01 12:40:00,sim@hotboat.cl,1000350.0,gas,10000.0
2026-03-03 12:00:00,sim@hotboat.cl,1000351.0,leña,1500.0
2026-03-03 12:00:00,sim@hotboat.cl,1000351.0,agua,700.0
2026-03-03 12:00:00,sim@hotboat.cl,1000351.0,luz,520.0
2026-03-03 12:00:00,sim@hotboat.cl,1000351.0,gas,10000.0
2026-03-04 12:00:00,sim@hotboat.cl,1000352.0,leña,1500.0
2026-03-04 12:00:00,sim@hotboat.cl,1000352.0,agua,700.0
2026-03-04 12:00:00,sim@hotboat.cl,1000352.0,luz,520.0
2026-03-04 12:00:00,sim@hotboat.cl,1000352.0,gas,10000.0
2026-03-06 12:00:00,sim@hotboat.cl,1000353.0,leña,1500.0
2026-03-06 12:00:00,sim@hotboat.cl,1000353.0,agua,700.0
2026-03-06 12:00:00,sim@hotboat.cl,1000353.0,luz,520.0
2026-03-06 12:00:00,sim@hotboat.cl,1000353.0,gas,10000.0
2026-03-07 12:00:00,sim@hotboat.cl,1000354.0,leña,1500.0
2026-03-07 12:00:00,sim@hotboat.cl,1000354.0,agua,700.0
2026-03-07 12:00:00,sim@hotboat.cl,1000354.0,luz,520.0
2026-03-07 12:00:00,sim@hotboat.cl,1000354.0,gas,10000.0
2026-03-07 12:10:00,sim@hotboat.cl,1000355.0,leña,1500.0
2026-03-07 12:10:00,sim@hotboat.cl,1000355.0,agua,700.0
2026-03-07 12:10:00,sim@hotboat.cl,1000355.0,luz,520.0
2026-03-07 12:10:00,sim@hotboat.cl,1000355.0,gas,10000.0
2026-03-08 12:00:00,sim@hotboat.cl,1000356.0,leña,1500.0
2026-03-08 12:00:00,sim@hotboat.cl,1000356.0,agua,700.0
2026-03-08 12:00:00,sim@hotboat.cl,1000356.0,luz,520.0
2026-03-08 12:00:00,sim@hotboat.cl,1000356.0,gas,10000.0
2026-03-08 12:10:00,sim@hotboat.cl,1000357.0,leña,1500.0
2026-03-08 12:10:00,sim@hotboat.cl,1000357.0,agua,700.0
2026-03-08 12:10:00,sim@hotboat.cl,1000357.0,luz,520.0
2026-03-08 12:10:00,sim@hotboat.cl,1000357.0,gas,10000.0
2026-03-11 12:00:00,sim@hotboat.cl,1000358.0,leña,1500.0
2026-03-11 12:00:00,sim@hotboat.cl,1000358.0,agua,700.0
2026-03-11 12:00:00,sim@hotboat.cl,1000358.0,luz,520.0
2026-03-11 12:00:00,sim@hotboat.cl,1000358.0,gas,10000.0
2026-03-14 12:00:00,sim@hotboat.cl,1000359.0,leña,1500.0
2026-03-14 12:00:00,sim@hotboat.cl,1000359.0,agua,700.0
2026-03-14 12:00:00,sim@hotboat.cl,1000359.0,luz,520.0
2026-03-14 12:00:00,sim@hotboat.cl,1000359.0,gas,10000.0
2026-03-18 12:00:00,sim@hotboat.cl,1000360.0,leña,1500.0
2026-03-18 12:00:00,sim@hotboat.cl,1000360.0,agua,700.0
2026-03-18 12:00:00,sim@hotboat.cl,1000360.0,luz,520.0
2026-03-18 12:00:00,sim@hotboat.cl,1000360.0,gas,10000.0
2026-03-21 12:00:00,sim@hotboat.cl,1000361.0,leña,1500.0
2026-03-21 12:00:00,sim@hotboat.cl,1000361.0,agua,700.0
2026-03-21 12:00:00,sim@hotboat.cl,1000361.0,luz,520.0
2026-03-21 12:00:00,sim@hotboat.cl,1000361.0,gas,10000.0
2026-03-22 12:00:00,sim@hotboat.cl,1000362.0,leña,1500.0
2026-03-22 12:00:00,sim@hotboat.cl,1000362.0,agua,700.0
2026-03-22 12:00:00,sim@hotboat.cl,1000362.0,luz,520.0
2026-03-22 12:00:00,sim@hotboat.cl,1000362.0,gas,10000.0
2026-03-24 12:00:00,sim@hotboat.cl,1000363.0,leña,1500.0
2026-03-24 12:00:00,sim@hotboat.cl,1000363.0,agua,700.0
2026-03-24 12:00:00,sim@hotboat.cl,1000363.0,luz,520.0
2026-03-24 12:00:00,sim@hotboat.cl,1000363.0,gas,10000.0
2026-03-26 12:00:00,sim@hotboat.cl,1000364.0,leña,1500.0
2026-03-26 12:00:00,sim@hotboat.cl,1000364.0,agua,700.0
2026-03-26 12:00:00,sim@hotboat.cl,1000364.0,luz,520.0
2026-03-26 12:00:00,sim@hotboat.cl,1000364.0,gas,10000.0
2026-03-26 12:10:00,sim@hotboat.cl,1000365.0,leña,1500.0
2026-03-26 12:10:00,sim@hotboat.cl,1000365.0,agua,700.0
2026-03-26 12:10:00,sim@hotboat.cl,1000365.0,luz,520.0
2026-03-26 12:10:00,sim@hotboat.cl,1000365.0,gas,10000.0
2026-03-26 12:20:00,sim@hotboat.cl,1000366.0,leña,1500.0
2026-03-26 12:20:00,sim@hotboat.cl,1000366.0,agua,700.0
2026-03-26 12:20:00,sim@hotboat.cl,1000366.0,luz,520.0
2026-03-26 12:20:00,sim@hotboat.cl,1000366.0,gas,10000.0
2026-03-29 12:00:00,sim@hotboat.cl,1000367.0,leña,1500.0
2026-03-29 12:00:00,sim@hotboat.cl,1000367.0,agua,700.0
2026-03-29 12:00:00,sim@hotboat.cl,1000367.0,luz,520.0
2026-03-29 12:00:00,sim@hotboat.cl,1000367.0,gas,10000.0
2026-03-29 12:10:00,sim@hotboat.cl,1000368.0,leña,1500.0
2026-03-29 12:10:00,sim@hotboat.cl,1000368.0,agua,700.0
2026-03-29 12:10:00,sim@hotboat.cl,1000368.0,luz,520.0
2026-03-29 12:10:00,sim@hotboat.cl,1000368.0,gas,10000.0
2026-03-30 12:00:00,sim@hotboat.cl,1000369.0,leña,1500.0
2026-03-30 12:00:00,sim@hotboat.cl,1000369.0,agua,700.0
2026-03-30 12:00:00,sim@hotboat.cl,1000369.0,luz,520.0
2026-03-30 12:00:00,sim@hotboat.cl,1000369.0,gas,10000.0
2026-03-01 20:00:00,sim@hotboat.cl,,pago extra ayudante (diario),150000.0
2026-03-03 20:00:00,sim@hotboat.cl,,pago extra ayudante (diario),30000.0
2026-03-04 20:00:00,sim@hotboat.cl,,pago extra ayudante (diario),30000.0
2026-03-06 20:00:00,sim@hotboat.cl,,pago extra ayudante (diario),30000.0
2026-03-07 20:00:00,sim@hotboat.cl,,pago extra ayudante (diario),60000.0
2026-03-08 20:00:00,sim@hotboat.cl,,pago extra ayudante (diario),60000.0
2026-03-11 20:00:00,sim@hotboat.cl,,pago extra ayudante (diario),30000.0
2026-03-14 20:00:00,sim@hotboat.cl,,pago extra ayudante (diario),30000.0
2026-03-18 20:00:00,sim@hotboat.cl,,pago extra ayudante (diario),30000.0
2026-03-21 20:00:00,sim@hotboat.cl,,pago extra ayudante (diario),30000.0
2026-03-22 20:00:00,sim@hotboat.cl,,pago extra ayudante (diario),30000.0
2026-03-24 20:00:00,sim@hotboat.cl,,pago extra ayudante (diario),30000.0
2026-03-26 20:00:00,sim@hotboat.cl,,pago extra ayudante (diario),90000.0
2026-03-29 20:00:00,sim@hotboat.cl,,pago extra ayudante (diario),60000.0
2026-03-30 20:00:00,sim@hotboat.cl,,pago extra ayudante (diario),30000.0
2026-04-02 12:00:00,sim@hotboat.cl,1000370.0,leña,1500.0
2026-04-02 12:00:00,sim@hotboat.cl,1000370.0,agua,700.0
2026-04-02 12:00:00,sim@hotboat.cl,1000370.0,luz,520.0
2026-04-02 12:00:00,sim@hotboat.cl,1000370.0,gas,10000.0
2026-04-03 12:00:00,sim@hotboat.cl,1000371.0,leña,1500.0
2026-04-03 12:00:00,sim@hotboat.cl,1000371.0,agua,700.0
2026-04-03 12:00:00,sim@hotboat.cl,1000371.0,luz,520.0
2026-04-03 12:00:00,sim@hotboat.cl,1000371.0,gas,10000.0
2026-04-04 12:00:00,sim@hotboat.cl,1000372.0,leña,1500.0
2026-04-04 12:00:00,sim@hotboat.cl,1000372.0,agua,700.0
2026-04-04 12:00:00,sim@hotboat.cl,1000372.0,luz,520.0
2026-04-04 12:00:00,sim@hotboat.cl,1000372.0,gas,10000.0
2026-04-04 12:10:00,sim@hotboat.cl,1000373.0,leña,1500.0
2026-04-04 12:10:00,sim@hotboat.cl,1000373.0,agua,700.0
2026-04-04 12:10:00,sim@hotboat.cl,1000373.0,luz,520.0
2026-04-04 12:10:00,sim@hotboat.cl,1000373.0,gas,10000.0
2026-04-04 12:20:00,sim@hotboat.cl,1000374.0,leña,1500.0
2026-04-04 12:20:00,sim@hotboat.cl,1000374.0,agua,700.0
2026-04-04 12:20:00,sim@hotboat.cl,1000374.0,luz,520.0
2026-04-04 12:20:00,sim@hotboat.cl,1000374.0,gas,10000.0
2026-04-05 12:00:00,sim@hotboat.cl,1000375.0,leña,1500.0
2026-04-05 12:00:00,sim@hotboat.cl,1000375.0,agua,700.0
2026-04-05 12:00:00,sim@hotboat.cl,1000375.0,luz,520.0
2026-04-05 12:00:00,sim@hotboat.cl,1000375.0,gas,10000.0
2026-04-05 12:10:00,sim@hotboat.cl,1000376.0,leña,1500.0
2026-04-05 12:10:00,sim@hotboat.cl,1000376.0,agua,700.0
2026-04-05 12:10:00,sim@hotboat.cl,1000376.0,luz,520.0
2026-04-05 12:10:00,sim@hotboat.cl,1000376.0,gas,10000.0
2026-04-10 12:00:00,sim@hotboat.cl,1000377.0,leña,1500.0
2026-04-10 12:00:00,sim@hotboat.cl,1000377.0,agua,700.0
2026-04-10 12:00:00,sim@hotboat.cl,1000377.0,luz,520.0
2026-04-10 12:00:00,sim@hotboat.cl,1000377.0,gas,10000.0
2026-04-11 12:00:00,sim@hotboat.cl,1000378.0,leña,1500.0
2026-04-11 12:00:00,sim@hotboat.cl,1000378.0,agua,700.0
2026-04-11 12:00:00,sim@hotboat.cl,1000378.0,luz,520.0
2026-04-11 12:00:00,sim@hotboat.cl,1000378.0,gas,10000.0
2026-04-12 12:00:00,sim@hotboat.cl,1000379.0,leña,1500.0
2026-04-12 12:00:00,sim@hotboat.cl,1000379.0,agua,700.0
2026-04-12 12:00:00,sim@hotboat.cl,1000379.0,luz,520.0
2026-04-12 12:00:00,sim@hotboat.cl,1000379.0,gas,10000.0
2026-04-17 12:00:00,sim@hotboat.cl,1000380.0,leña,1500.0
2026-04-17 12:00:00,sim@hotboat.cl,1000380.0,agua,700.0
2026-04-17 12:00:00,sim@hotboat.cl,1000380.0,luz,520.0
2026-04-17 12:00:00,sim@hotboat.cl,1000380.0,gas,10000.0
2026-04-19 12:00:00,sim@hotboat.cl,1000381.0,leña,1500.0
2026-04-19 12:00:00,sim@hotboat.cl,1000381.0,agua,700.0
2026-04-19 12:00:00,sim@hotboat.cl,1000381.0,luz,520.0
2026-04-19 12:00:00,sim@hotboat.cl,1000381.0,gas,10000.0
2026-04-25 12:00:00,sim@hotboat.cl,1000382.0,leña,1500.0
2026-04-25 12:00:00,sim@hotboat.cl,1000382.0,agua,700.0
2026-04-25 12:00:00,sim@hotboat.cl,1000382.0,luz,520.0
2026-04-25 12:00:00,sim@hotboat.cl,1000382.0,gas,10000.0
2026-04-27 12:00:00,sim@hotboat.cl,1000383.0,leña,1500.0
2026-04-27 12:00:00,sim@hotboat.cl,1000383.0,agua,700.0
2026-04-27 12:00:00,sim@hotboat.cl,1000383.0,luz,520.0
2026-04-27 12:00:00,sim@hotboat.cl,1000383.0,gas,10000.0
2026-04-27 12:10:00,sim@hotboat.cl,1000384.0,leña,1500.0
2026-04-27 12:10:00,sim@hotboat.cl,1000384.0,agua,700.0
2026-04-27 12:10:00,sim@hotboat.cl,1000384.0,luz,520.0
2026-04-27 12:10:00,sim@hotboat.cl,1000384.0,gas,10000.0
2026-04-29 12:00:00,sim@hotboat.cl,1000385.0,leña,1500.0
2026-04-29 12:00:00,sim@hotboat.cl,1000385.0,agua,700.0
2026-04-29 12:00:00,sim@hotboat.cl,1000385.0,luz,520.0
2026-04-29 12:00:00,sim@hotboat.cl,1000385.0,gas,10000.0
2026-04-02 20:00:00,sim@hotboat.cl,,pago extra ayudante (diario),30000.0
2026-04-03 20:00:00,sim@hotboat.cl,,pago extra ayudante (diario),30000.0
2026-04-04 20:00:00,sim@hotboat.cl,,pago extra ayudante (diario),90000.0
2026-04-05 20:00:00,sim@hotboat.cl,,pago extra ayudante (diario),60000.0
2026-04-10 20:00:00,sim@hotboat.cl,,pago extra ayudante (diario),30000.0
2026-04-11 20:00:00,sim@hotboat.cl,,pago extra ayudante (diario),30000.0
2026-04-12 20:00:00,sim@hotboat.cl,,pago extra ayudante (diario),30000.0
2026-04-17 20:00:00,sim@hotboat.cl,,pago extra ayudante (diario),30000.0
2026-04-19 20:00:00,sim@hotboat.cl,,pago extra ayudante (diario),30000.0
2026-04-25 20:00:00,sim@hotboat.cl,,pago extra ayudante (diario),30000.0
2026-04-27 20:00:00,sim@hotboat.cl,,pago extra ayudante (diario),60000.0
2026-04-29 20:00:00,sim@hotboat.cl,,pago extra ayudante (diario),30000.0
2026-05-02 12:00:00,sim@hotboat.cl,1000386.0,leña,1500.0
2026-05-02 12:00:00,sim@hotboat.cl,1000386.0,agua,700.0
2026-05-02 12:00:00,sim@hotboat.cl,1000386.0,luz,520.0
2026-05-02 12:00:00,sim@hotboat.cl,1000386.0,gas,10000.0
2026-05-03 12:00:00,sim@hotboat.cl,1000387.0,leña,1500.0
2026-05-03 12:00:00,sim@hotboat.cl,1000387.0,agua,700.0
2026-05-03 12:00:00,sim@hotboat.cl,1000387.0,luz,520.0
2026-05-03 12:00:00,sim@hotboat.cl,1000387.0,gas,10000.0
2026-05-04 12:00:00,sim@hotboat.cl,1000388.0,leña,1500.0
2026-05-04 12:00:00,sim@hotboat.cl,1000388.0,agua,700.0
2026-05-04 12:00:00,sim@hotboat.cl,1000388.0,luz,520.0
2026-05-04 12:00:00,sim@hotboat.cl,1000388.0,gas,10000.0
2026-05-05 12:00:00,sim@hotboat.cl,1000389.0,leña,1500.0
2026-05-05 12:00:00,sim@hotboat.cl,1000389.0,agua,700.0
2026-05-05 12:00:00,sim@hotboat.cl,1000389.0,luz,520.0
2026-05-05 12:00:00,sim@hotboat.cl,1000389.0,gas,10000.0
2026-05-09 12:00:00,sim@hotboat.cl,1000390.0,leña,1500.0
2026-05-09 12:00:00,sim@hotboat.cl,1000390.0,agua,700.0
2026-05-09 12:00:00,sim@hotboat.cl,1000390.0,luz,520.0
2026-05-09 12:00:00,sim@hotboat.cl,1000390.0,gas,10000.0
2026-05-10 12:00:00,sim@hotboat.cl,1000391.0,leña,1500.0
2026-05-10 12:00:00,sim@hotboat.cl,1000391.0,agua,700.0
2026-05-10 12:00:00,sim@hotboat.cl,1000391.0,luz,520.0
2026-05-10 12:00:00,sim@hotboat.cl,1000391.0,gas,10000.0
2026-05-12 12:00:00,sim@hotboat.cl,1000392.0,leña,1500.0
2026-05-12 12:00:00,sim@hotboat.cl,1000392.0,agua,700.0
2026-05-12 12:00:00,sim@hotboat.cl,1000392.0,luz,520.0
2026-05-12 12:00:00,sim@hotboat.cl,1000392.0,gas,10000.0
2026-05-19 12:00:00,sim@hotboat.cl,1000393.0,leña,1500.0
2026-05-19 12:00:00,sim@hotboat.cl,1000393.0,agua,700.0
2026-05-19 12:00:00,sim@hotboat.cl,1000393.0,luz,520.0
2026-05-19 12:00:00,sim@hotboat.cl,1000393.0,gas,10000.0
2026-05-23 12:00:00,sim@hotboat.cl,1000394.0,leña,1500.0
2026-05-23 12:00:00,sim@hotboat.cl,1000394.0,agua,700.0
2026-05-23 12:00:00,sim@hotboat.cl,1000394.0,luz,520.0
2026-05-23 12:00:00,sim@hotboat.cl,1000394.0,gas,10000.0
2026-05-27 12:00:00,sim@hotboat.cl,1000395.0,leña,1500.0
2026-05-27 12:00:00,sim@hotboat.cl,1000395.0,agua,700.0
2026-05-27 12:00:00,sim@hotboat.cl,1000395.0,luz,520.0
2026-05-27 12:00:00,sim@hotboat.cl,1000395.0,gas,10000.0
2026-05-27 12:10:00,sim@hotboat.cl,1000396.0,leña,1500.0
2026-05-27 12:10:00,sim@hotboat.cl,1000396.0,agua,700.0
2026-05-27 12:10:00,sim@hotboat.cl,1000396.0,luz,520.0
2026-05-27 12:10:00,sim@hotboat.cl,1000396.0,gas,10000.0
2026-05-29 12:00:00,sim@hotboat.cl,1000397.0,leña,1500.0
2026-05-29 12:00:00,sim@hotboat.cl,1000397.0,agua,700.0
2026-05-29 12:00:00,sim@hotboat.cl,1000397.0,luz,520.0
2026-05-29 12:00:00,sim@hotboat.cl,1000397.0,gas,10000.0
2026-05-30 12:00:00,sim@hotboat.cl,1000398.0,leña,1500.0
2026-05-30 12:00:00,sim@hotboat.cl,1000398.0,agua,700.0
2026-05-30 12:00:00,sim@hotboat.cl,1000398.0,luz,520.0
2026-05-30 12:00:00,sim@hotboat.cl,1000398.0,gas,10000.0
2026-05-30 12:10:00,sim@hotboat.cl,1000399.0,leña,1500.0
2026-05-30 12:10:00,sim@hotboat.cl,1000399.0,agua,700.0
2026-05-30 12:10:00,sim@hotboat.cl,1000399.0,luz,520.0
2026-05-30 12:10:00,sim@hotboat.cl,1000399.0,gas,10000.0
2026-05-31 12:00:00,sim@hotboat.cl,1000400.0,leña,1500.0
2026-05-31 12:00:00,sim@hotboat.cl,1000400.0,agua,700.0
2026-05-31 12:00:00,sim@hotboat.cl,1000400.0,luz,520.0
2026-05-31 12:00:00,sim@hotboat.cl,1000400.0,gas,10000.0
2026-05-31 12:10:00,sim@hotboat.cl,1000401.0,leña,1500.0
2026-05-31 12:10:00,sim@hotboat.cl,1000401.0,agua,700.0
2026-05-31 12:10:00,sim@hotboat.cl,1000401.0,luz,520.0
2026-05-31 12:10:00,sim@hotboat.cl,1000401.0,gas,10000.0
2026-05-31 12:20:00,sim@hotboat.cl,1000402.0,leña,1500.0
2026-05-31 12:20:00,sim@hotboat.cl,1000402.0,agua,700.0
2026-05-31 12:20:00,sim@hotboat.cl,1000402.0,luz,520.0
2026-05-31 12:20:00,sim@hotboat.cl,1000402.0,gas,10000.0
2026-05-02 20:00:00,sim@hotboat.cl,,pago extra ayudante (diario),30000.0
2026-05-03 20:00:00,sim@hotboat.cl,,pago extra ayudante (diario),30000.0
2026-05-04 20:00:00,sim@hotboat.cl,,pago extra ayudante (diario),30000.0
2026-05-05 20:00:00,sim@hotboat.cl,,pago extra ayudante (diario),30000.0
2026-05-09 20:00:00,sim@hotboat.cl,,pago extra ayudante (diario),30000.0
2026-05-10 20:00:00,sim@hotboat.cl,,pago extra ayudante (diario),30000.0
2026-05-12 20:00:00,sim@hotboat.cl,,pago extra ayudante (diario),30000.0
2026-05-19 20:00:00,sim@hotboat.cl,,pago extra ayudante (diario),30000.0
2026-05-23 20:00:00,sim@hotboat.cl,,pago extra ayudante (diario),30000.0
2026-05-27 20:00:00,sim@hotboat.cl,,pago extra ayudante (diario),60000.0
2026-05-29 20:00:00,sim@hotboat.cl,,pago extra ayudante (diario),30000.0
2026-05-30 20:00:00,sim@hotboat.cl,,pago extra ayudante (diario),60000.0
2026-05-31 20:00:00,sim@hotboat.cl,,pago extra ayudante (diario),90000.0
2026-06-02 12:00:00,sim@hotboat.cl,1000403.0,leña,1500.0
2026-06-02 12:00:00,sim@hotboat.cl,1000403.0,agua,700.0
2026-06-02 12:00:00,sim@hotboat.cl,1000403.0,luz,520.0
2026-06-02 12:00:00,sim@hotboat.cl,1000403.0,gas,10000.0
2026-06-03 12:00:00,sim@hotboat.cl,1000404.0,leña,1500.0
2026-06-03 12:00:00,sim@hotboat.cl,1000404.0,agua,700.0
2026-06-03 12:00:00,sim@hotboat.cl,1000404.0,luz,520.0
2026-06-03 12:00:00,sim@hotboat.cl,1000404.0,gas,10000.0
2026-06-06 12:00:00,sim@hotboat.cl,1000405.0,leña,1500.0
2026-06-06 12:00:00,sim@hotboat.cl,1000405.0,agua,700.0
2026-06-06 12:00:00,sim@hotboat.cl,1000405.0,luz,520.0
2026-06-06 12:00:00,sim@hotboat.cl,1000405.0,gas,10000.0
2026-06-06 12:10:00,sim@hotboat.cl,1000406.0,leña,1500.0
2026-06-06 12:10:00,sim@hotboat.cl,1000406.0,agua,700.0
2026-06-06 12:10:00,sim@hotboat.cl,1000406.0,luz,520.0
2026-06-06 12:10:00,sim@hotboat.cl,1000406.0,gas,10000.0
2026-06-06 12:20:00,sim@hotboat.cl,1000407.0,leña,1500.0
2026-06-06 12:20:00,sim@hotboat.cl,1000407.0,agua,700.0
2026-06-06 12:20:00,sim@hotboat.cl,1000407.0,luz,520.0
2026-06-06 12:20:00,sim@hotboat.cl,1000407.0,gas,10000.0
2026-06-07 12:00:00,sim@hotboat.cl,1000408.0,leña,1500.0
2026-06-07 12:00:00,sim@hotboat.cl,1000408.0,agua,700.0
2026-06-07 12:00:00,sim@hotboat.cl,1000408.0,luz,520.0
2026-06-07 12:00:00,sim@hotboat.cl,1000408.0,gas,10000.0
2026-06-07 12:10:00,sim@hotboat.cl,1000409.0,leña,1500.0
2026-06-07 12:10:00,sim@hotboat.cl,1000409.0,agua,700.0
2026-06-07 12:10:00,sim@hotboat.cl,1000409.0,luz,520.0
2026-06-07 12:10:00,sim@hotboat.cl,1000409.0,gas,10000.0
2026-06-10 12:00:00,sim@hotboat.cl,1000410.0,leña,1500.0
2026-06-10 12:00:00,sim@hotboat.cl,1000410.0,agua,700.0
2026-06-10 12:00:00,sim@hotboat.cl,1000410.0,luz,520.0
2026-06-10 12:00:00,sim@hotboat.cl,1000410.0,gas,10000.0
2026-06-13 12:00:00,sim@hotboat.cl,1000411.0,leña,1500.0
2026-06-13 12:00:00,sim@hotboat.cl,1000411.0,agua,700.0
2026-06-13 12:00:00,sim@hotboat.cl,1000411.0,luz,520.0
2026-06-13 12:00:00,sim@hotboat.cl,1000411.0,gas,10000.0
2026-06-14 12:00:00,sim@hotboat.cl,1000412.0,leña,1500.0
2026-06-14 12:00:00,sim@hotboat.cl,1000412.0,agua,700.0
2026-06-14 12:00:00,sim@hotboat.cl,1000412.0,luz,520.0
2026-06-14 12:00:00,sim@hotboat.cl,1000412.0,gas,10000.0
2026-06-17 12:00:00,sim@hotboat.cl,1000413.0,leña,1500.0
2026-06-17 12:00:00,sim@hotboat.cl,1000413.0,agua,700.0
2026-06-17 12:00:00,sim@hotboat.cl,1000413.0,luz,520.0
2026-06-17 12:00:00,sim@hotboat.cl,1000413.0,gas,10000.0
2026-06-25 12:00:00,sim@hotboat.cl,1000414.0,leña,1500.0
2026-06-25 12:00:00,sim@hotboat.cl,1000414.0,agua,700.0
2026-06-25 12:00:00,sim@hotboat.cl,1000414.0,luz,520.0
2026-06-25 12:00:00,sim@hotboat.cl,1000414.0,gas,10000.0
2026-06-25 12:10:00,sim@hotboat.cl,1000415.0,leña,1500.0
2026-06-25 12:10:00,sim@hotboat.cl,1000415.0,agua,700.0
2026-06-25 12:10:00,sim@hotboat.cl,1000415.0,luz,520.0
2026-06-25 12:10:00,sim@hotboat.cl,1000415.0,gas,10000.0
2026-06-27 12:00:00,sim@hotboat.cl,1000416.0,leña,1500.0
2026-06-27 12:00:00,sim@hotboat.cl,1000416.0,agua,700.0
2026-06-27 12:00:00,sim@hotboat.cl,1000416.0,luz,520.0
2026-06-27 12:00:00,sim@hotboat.cl,1000416.0,gas,10000.0
2026-06-02 20:00:00,sim@hotboat.cl,,pago extra ayudante (diario),30000.0
2026-06-03 20:00:00,sim@hotboat.cl,,pago extra ayudante (diario),30000.0
2026-06-06 20:00:00,sim@hotboat.cl,,pago extra ayudante (diario),90000.0
2026-06-07 20:00:00,sim@hotboat.cl,,pago extra ayudante (diario),60000.0
2026-06-10 20:00:00,sim@hotboat.cl,,pago extra ayudante (diario),30000.0
2026-06-13 20:00:00,sim@hotboat.cl,,pago extra ayudante (diario),30000.0
2026-06-14 20:00:00,sim@hotboat.cl,,pago extra ayudante (diario),30000.0
2026-06-17 20:00:00,sim@hotboat.cl,,pago extra ayudante (diario),30000.0
2026-06-25 20:00:00,sim@hotboat.cl,,pago extra ayudante (diario),60000.0
2026-06-27 20:00:00,sim@hotboat.cl,,pago extra ayudante (diario),30000.0
2026-07-01 12:00:00,sim@hotboat.cl,1000417.0,leña,1500.0
2026-07-01 12:00:00,sim@hotboat.cl,1000417.0,agua,700.0
2026-07-01 12:00:00,sim@hotboat.cl,1000417.0,luz,520.0
2026-07-01 12:00:00,sim@hotboat.cl,1000417.0,gas,10000.0
2026-07-01 12:10:00,sim@hotboat.cl,1000418.0,leña,1500.0
2026-07-01 12:10:00,sim@hotboat.cl,1000418.0,agua,700.0
2026-07-01 12:10:00,sim@hotboat.cl,1000418.0,luz,520.0
2026-07-01 12:10:00,sim@hotboat.cl,1000418.0,gas,10000.0
2026-07-02 12:00:00,sim@hotboat.cl,1000419.0,leña,1500.0
2026-07-02 12:00:00,sim@hotboat.cl,1000419.0,agua,700.0
2026-07-02 12:00:00,sim@hotboat.cl,1000419.0,luz,520.0
2026-07-02 12:00:00,sim@hotboat.cl,1000419.0,gas,10000.0
2026-07-02 12:10:00,sim@hotboat.cl,1000420.0,leña,1500.0
2026-07-02 12:10:00,sim@hotboat.cl,1000420.0,agua,700.0
2026-07-02 12:10:00,sim@hotboat.cl,1000420.0,luz,520.0
2026-07-02 12:10:00,sim@hotboat.cl,1000420.0,gas,10000.0
2026-07-02 12:20:00,sim@hotboat.cl,1000421.0,leña,1500.0
2026-07-02 12:20:00,sim@hotboat.cl,1000421.0,agua,700.0
2026-07-02 12:20:00,sim@hotboat.cl,1000421.0,luz,520.0
2026-07-02 12:20:00,sim@hotboat.cl,1000421.0,gas,10000.0
2026-07-03 12:00:00,sim@hotboat.cl,1000422.0,leña,1500.0
2026-07-03 12:00:00,sim@hotboat.cl,1000422.0,agua,700.0
2026-07-03 12:00:00,sim@hotboat.cl,1000422.0,luz,520.0
2026-07-03 12:00:00,sim@hotboat.cl,1000422.0,gas,10000.0
2026-07-03 12:10:00,sim@hotboat.cl,1000423.0,leña,1500.0
2026-07-03 12:10:00,sim@hotboat.cl,1000423.0,agua,700.0
2026-07-03 12:10:00,sim@hotboat.cl,1000423.0,luz,520.0
2026-07-03 12:10:00,sim@hotboat.cl,1000423.0,gas,10000.0
2026-07-04 12:00:00,sim@hotboat.cl,1000424.0,leña,1500.0
2026-07-04 12:00:00,sim@hotboat.cl,1000424.0,agua,700.0
2026-07-04 12:00:00,sim@hotboat.cl,1000424.0,luz,520.0
2026-07-04 12:00:00,sim@hotboat.cl,1000424.0,gas,10000.0
2026-07-04 12:10:00,sim@hotboat.cl,1000425.0,leña,1500.0
2026-07-04 12:10:00,sim@hotboat.cl,1000425.0,agua,700.0
2026-07-04 12:10:00,sim@hotboat.cl,1000425.0,luz,520.0
2026-07-04 12:10:00,sim@hotboat.cl,1000425.0,gas,10000.0
2026-07-04 12:20:00,sim@hotboat.cl,1000426.0,leña,1500.0
2026-07-04 12:20:00,sim@hotboat.cl,1000426.0,agua,700.0
2026-07-04 12:20:00,sim@hotboat.cl,1000426.0,luz,520.0
2026-07-04 12:20:00,sim@hotboat.cl,1000426.0,gas,10000.0
2026-07-04 12:30:00,sim@hotboat.cl,1000427.0,leña,1500.0
2026-07-04 12:30:00,sim@hotboat.cl,1000427.0,agua,700.0
2026-07-04 12:30:00,sim@hotboat.cl,1000427.0,luz,520.0
2026-07-04 12:30:00,sim@hotboat.cl,1000427.0,gas,10000.0
2026-07-04 12:40:00,sim@hotboat.cl,1000428.0,leña,1500.0
2026-07-04 12:40:00,sim@hotboat.cl,1000428.0,agua,700.0
2026-07-04 12:40:00,sim@hotboat.cl,1000428.0,luz,520.0
2026-07-04 12:40:00,sim@hotboat.cl,1000428.0,gas,10000.0
2026-07-05 12:00:00,sim@hotboat.cl,1000429.0,leña,1500.0
2026-07-05 12:00:00,sim@hotboat.cl,1000429.0,agua,700.0
2026-07-05 12:00:00,sim@hotboat.cl,1000429.0,luz,520.0
2026-07-05 12:00:00,sim@hotboat.cl,1000429.0,gas,10000.0
2026-07-05 12:10:00,sim@hotboat.cl,1000430.0,leña,1500.0
2026-07-05 12:10:00,sim@hotboat.cl,1000430.0,agua,700.0
2026-07-05 12:10:00,sim@hotboat.cl,1000430.0,luz,520.0
2026-07-05 12:10:00,sim@hotboat.cl,1000430.0,gas,10000.0
2026-07-05 12:20:00,sim@hotboat.cl,1000431.0,leña,1500.0
2026-07-05 12:20:00,sim@hotboat.cl,1000431.0,agua,700.0
2026-07-05 12:20:00,sim@hotboat.cl,1000431.0,luz,520.0
2026-07-05 12:20:00,sim@hotboat.cl,1000431.0,gas,10000.0
2026-07-05 12:30:00,sim@hotboat.cl,1000432.0,leña,1500.0
2026-07-05 12:30:00,sim@hotboat.cl,1000432.0,agua,700.0
2026-07-05 12:30:00,sim@hotboat.cl,1000432.0,luz,520.0
2026-07-05 12:30:00,sim@hotboat.cl,1000432.0,gas,10000.0
2026-07-05 12:40:00,sim@hotboat.cl,1000433.0,leña,1500.0
2026-07-05 12:40:00,sim@hotboat.cl,1000433.0,agua,700.0
2026-07-05 12:40:00,sim@hotboat.cl,1000433.0,luz,520.0
2026-07-05 12:40:00,sim@hotboat.cl,1000433.0,gas,10000.0
2026-07-07 12:00:00,sim@hotboat.cl,1000434.0,leña,1500.0
2026-07-07 12:00:00,sim@hotboat.cl,1000434.0,agua,700.0
2026-07-07 12:00:00,sim@hotboat.cl,1000434.0,luz,520.0
2026-07-07 12:00:00,sim@hotboat.cl,1000434.0,gas,10000.0
2026-07-07 12:10:00,sim@hotboat.cl,1000435.0,leña,1500.0
2026-07-07 12:10:00,sim@hotboat.cl,1000435.0,agua,700.0
2026-07-07 12:10:00,sim@hotboat.cl,1000435.0,luz,520.0
2026-07-07 12:10:00,sim@hotboat.cl,1000435.0,gas,10000.0
2026-07-10 12:00:00,sim@hotboat.cl,1000436.0,leña,1500.0
2026-07-10 12:00:00,sim@hotboat.cl,1000436.0,agua,700.0
2026-07-10 12:00:00,sim@hotboat.cl,1000436.0,luz,520.0
2026-07-10 12:00:00,sim@hotboat.cl,1000436.0,gas,10000.0
2026-07-11 12:00:00,sim@hotboat.cl,1000437.0,leña,1500.0
2026-07-11 12:00:00,sim@hotboat.cl,1000437.0,agua,700.0
2026-07-11 12:00:00,sim@hotboat.cl,1000437.0,luz,520.0
2026-07-11 12:00:00,sim@hotboat.cl,1000437.0,gas,10000.0
2026-07-11 12:10:00,sim@hotboat.cl,1000438.0,leña,1500.0
2026-07-11 12:10:00,sim@hotboat.cl,1000438.0,agua,700.0
2026-07-11 12:10:00,sim@hotboat.cl,1000438.0,luz,520.0
2026-07-11 12:10:00,sim@hotboat.cl,1000438.0,gas,10000.0
2026-07-11 12:20:00,sim@hotboat.cl,1000439.0,leña,1500.0
2026-07-11 12:20:00,sim@hotboat.cl,1000439.0,agua,700.0
2026-07-11 12:20:00,sim@hotboat.cl,1000439.0,luz,520.0
2026-07-11 12:20:00,sim@hotboat.cl,1000439.0,gas,10000.0
2026-07-12 12:00:00,sim@hotboat.cl,1000440.0,leña,1500.0
2026-07-12 12:00:00,sim@hotboat.cl,1000440.0,agua,700.0
2026-07-12 12:00:00,sim@hotboat.cl,1000440.0,luz,520.0
2026-07-12 12:00:00,sim@hotboat.cl,1000440.0,gas,10000.0
2026-07-12 12:10:00,sim@hotboat.cl,1000441.0,leña,1500.0
2026-07-12 12:10:00,sim@hotboat.cl,1000441.0,agua,700.0
2026-07-12 12:10:00,sim@hotboat.cl,1000441.0,luz,520.0
2026-07-12 12:10:00,sim@hotboat.cl,1000441.0,gas,10000.0
2026-07-15 12:00:00,sim@hotboat.cl,1000442.0,leña,1500.0
2026-07-15 12:00:00,sim@hotboat.cl,1000442.0,agua,700.0
2026-07-15 12:00:00,sim@hotboat.cl,1000442.0,luz,520.0
2026-07-15 12:00:00,sim@hotboat.cl,1000442.0,gas,10000.0
2026-07-17 12:00:00,sim@hotboat.cl,1000443.0,leña,1500.0
2026-07-17 12:00:00,sim@hotboat.cl,1000443.0,agua,700.0
2026-07-17 12:00:00,sim@hotboat.cl,1000443.0,luz,520.0
2026-07-17 12:00:00,sim@hotboat.cl,1000443.0,gas,10000.0
2026-07-18 12:00:00,sim@hotboat.cl,1000444.0,leña,1500.0
2026-07-18 12:00:00,sim@hotboat.cl,1000444.0,agua,700.0
2026-07-18 12:00:00,sim@hotboat.cl,1000444.0,luz,520.0
2026-07-18 12:00:00,sim@hotboat.cl,1000444.0,gas,10000.0
2026-07-19 12:00:00,sim@hotboat.cl,1000445.0,leña,1500.0
2026-07-19 12:00:00,sim@hotboat.cl,1000445.0,agua,700.0
2026-07-19 12:00:00,sim@hotboat.cl,1000445.0,luz,520.0
2026-07-19 12:00:00,sim@hotboat.cl,1000445.0,gas,10000.0
2026-07-19 12:10:00,sim@hotboat.cl,1000446.0,leña,1500.0
2026-07-19 12:10:00,sim@hotboat.cl,1000446.0,agua,700.0
2026-07-19 12:10:00,sim@hotboat.cl,1000446.0,luz,520.0
2026-07-19 12:10:00,sim@hotboat.cl,1000446.0,gas,10000.0
2026-07-19 12:20:00,sim@hotboat.cl,1000447.0,leña,1500.0
2026-07-19 12:20:00,sim@hotboat.cl,1000447.0,agua,700.0
2026-07-19 12:20:00,sim@hotboat.cl,1000447.0,luz,520.0
2026-07-19 12:20:00,sim@hotboat.cl,1000447.0,gas,10000.0
2026-07-23 12:00:00,sim@hotboat.cl,1000448.0,leña,1500.0
2026-07-23 12:00:00,sim@hotboat.cl,1000448.0,agua,700.0
2026-07-23 12:00:00,sim@hotboat.cl,1000448.0,luz,520.0
2026-07-23 12:00:00,sim@hotboat.cl,1000448.0,gas,10000.0
2026-07-24 12:00:00,sim@hotboat.cl,1000449.0,leña,1500.0
2026-07-24 12:00:00,sim@hotboat.cl,1000449.0,agua,700.0
2026-07-24 12:00:00,sim@hotboat.cl,1000449.0,luz,520.0
2026-07-24 12:00:00,sim@hotboat.cl,1000449.0,gas,10000.0
2026-07-25 12:00:00,sim@hotboat.cl,1000450.0,leña,1500.0
2026-07-25 12:00:00,sim@hotboat.cl,1000450.0,agua,700.0
2026-07-25 12:00:00,sim@hotboat.cl,1000450.0,luz,520.0
2026-07-25 12:00:00,sim@hotboat.cl,1000450.0,gas,10000.0
2026-07-25 12:10:00,sim@hotboat.cl,1000451.0,leña,1500.0
2026-07-25 12:10:00,sim@hotboat.cl,1000451.0,agua,700.0
2026-07-25 12:10:00,sim@hotboat.cl,1000451.0,luz,520.0
2026-07-25 12:10:00,sim@hotboat.cl,1000451.0,gas,10000.0
2026-07-25 12:20:00,sim@hotboat.cl,1000452.0,leña,1500.0
2026-07-25 12:20:00,sim@hotboat.cl,1000452.0,agua,700.0
2026-07-25 12:20:00,sim@hotboat.cl,1000452.0,luz,520.0
2026-07-25 12:20:00,sim@hotboat.cl,1000452.0,gas,10000.0
2026-07-26 12:00:00,sim@hotboat.cl,1000453.0,leña,1500.0
2026-07-26 12:00:00,sim@hotboat.cl,1000453.0,agua,700.0
2026-07-26 12:00:00,sim@hotboat.cl,1000453.0,luz,520.0
2026-07-26 12:00:00,sim@hotboat.cl,1000453.0,gas,10000.0
2026-07-26 12:10:00,sim@hotboat.cl,1000454.0,leña,1500.0
2026-07-26 12:10:00,sim@hotboat.cl,1000454.0,agua,700.0
2026-07-26 12:10:00,sim@hotboat.cl,1000454.0,luz,520.0
2026-07-26 12:10:00,sim@hotboat.cl,1000454.0,gas,10000.0
2026-07-26 12:20:00,sim@hotboat.cl,1000455.0,leña,1500.0
2026-07-26 12:20:00,sim@hotboat.cl,1000455.0,agua,700.0
2026-07-26 12:20:00,sim@hotboat.cl,1000455.0,luz,520.0
2026-07-26 12:20:00,sim@hotboat.cl,1000455.0,gas,10000.0
2026-07-26 12:30:00,sim@hotboat.cl,1000456.0,leña,1500.0
2026-07-26 12:30:00,sim@hotboat.cl,1000456.0,agua,700.0
2026-07-26 12:30:00,sim@hotboat.cl,1000456.0,luz,520.0
2026-07-26 12:30:00,sim@hotboat.cl,1000456.0,gas,10000.0
2026-07-27 12:00:00,sim@hotboat.cl,1000457.0,leña,1500.0
2026-07-27 12:00:00,sim@hotboat.cl,1000457.0,agua,700.0
2026-07-27 12:00:00,sim@hotboat.cl,1000457.0,luz,520.0
2026-07-27 12:00:00,sim@hotboat.cl,1000457.0,gas,10000.0
2026-07-27 12:10:00,sim@hotboat.cl,1000458.0,leña,1500.0
2026-07-27 12:10:00,sim@hotboat.cl,1000458.0,agua,700.0
2026-07-27 12:10:00,sim@hotboat.cl,1000458.0,luz,520.0
2026-07-27 12:10:00,sim@hotboat.cl,1000458.0,gas,10000.0
2026-07-27 12:20:00,sim@hotboat.cl,1000459.0,leña,1500.0
2026-07-27 12:20:00,sim@hotboat.cl,1000459.0,agua,700.0
2026-07-27 12:20:00,sim@hotboat.cl,1000459.0,luz,520.0
2026-07-27 12:20:00,sim@hotboat.cl,1000459.0,gas,10000.0
2026-07-29 12:00:00,sim@hotboat.cl,1000460.0,leña,1500.0
2026-07-29 12:00:00,sim@hotboat.cl,1000460.0,agua,700.0
2026-07-29 12:00:00,sim@hotboat.cl,1000460.0,luz,520.0
2026-07-29 12:00:00,sim@hotboat.cl,1000460.0,gas,10000.0
2026-07-29 12:10:00,sim@hotboat.cl,1000461.0,leña,1500.0
2026-07-29 12:10:00,sim@hotboat.cl,1000461.0,agua,700.0
2026-07-29 12:10:00,sim@hotboat.cl,1000461.0,luz,520.0
2026-07-29 12:10:00,sim@hotboat.cl,1000461.0,gas,10000.0
2026-07-01 20:00:00,sim@hotboat.cl,,pago extra ayudante (diario),60000.0
2026-07-02 20:00:00,sim@hotboat.cl,,pago extra ayudante (diario),90000.0
2026-07-03 20:00:00,sim@hotboat.cl,,pago extra ayudante (diario),60000.0
2026-07-04 20:00:00,sim@hotboat.cl,,pago extra ayudante (diario),150000.0
2026-07-05 20:00:00,sim@hotboat.cl,,pago extra ayudante (diario),150000.0
2026-07-07 20:00:00,sim@hotboat.cl,,pago extra ayudante (diario),60000.0
2026-07-10 20:00:00,sim@hotboat.cl,,pago extra ayudante (diario),30000.0
2026-07-11 20:00:00,sim@hotboat.cl,,pago extra ayudante (diario),90000.0
2026-07-12 20:00:00,sim@hotboat.cl,,pago extra ayudante (diario),60000.0
2026-07-15 20:00:00,sim@hotboat.cl,,pago extra ayudante (diario),30000.0
2026-07-17 20:00:00,sim@hotboat.cl,,pago extra ayudante (diario),30000.0
2026-07-18 20:00:00,sim@hotboat.cl,,pago extra ayudante (diario),30000.0
2026-07-19 20:00:00,sim@hotboat.cl,,pago extra ayudante (diario),90000.0
2026-07-23 20:00:00,sim@hotboat.cl,,pago extra ayudante (diario),30000.0
2026-07-24 20:00:00,sim@hotboat.cl,,pago extra ayudante (diario),30000.0
2026-07-25 20:00:00,sim@hotboat.cl,,pago extra ayudante (diario),90000.0
2026-07-26 20:00:00,sim@hotboat.cl,,pago extra ayudante (diario),120000.0
2026-07-27 20:00:00,sim@hotboat.cl,,pago extra ayudante (diario),90000.0
2026-07-29 20:00:00,sim@hotboat.cl,,pago extra ayudante (diario),60000.0
2026-08-01 12:00:00,sim@hotboat.cl,1000462.0,leña,1500.0
2026-08-01 12:00:00,sim@hotboat.cl,1000462.0,agua,700.0
2026-08-01 12:00:00,sim@hotboat.cl,1000462.0,luz,520.0
2026-08-01 12:00:00,sim@hotboat.cl,1000462.0,gas,10000.0
2026-08-01 12:10:00,sim@hotboat.cl,1000463.0,leña,1500.0
2026-08-01 12:10:00,sim@hotboat.cl,1000463.0,agua,700.0
2026-08-01 12:10:00,sim@hotboat.cl,1000463.0,luz,520.0
2026-08-01 12:10:00,sim@hotboat.cl,1000463.0,gas,10000.0
2026-08-01 12:20:00,sim@hotboat.cl,1000464.0,leña,1500.0
2026-08-01 12:20:00,sim@hotboat.cl,1000464.0,agua,700.0
2026-08-01 12:20:00,sim@hotboat.cl,1000464.0,luz,520.0
2026-08-01 12:20:00,sim@hotboat.cl,1000464.0,gas,10000.0
2026-08-02 12:00:00,sim@hotboat.cl,1000465.0,leña,1500.0
2026-08-02 12:00:00,sim@hotboat.cl,1000465.0,agua,700.0
2026-08-02 12:00:00,sim@hotboat.cl,1000465.0,luz,520.0
2026-08-02 12:00:00,sim@hotboat.cl,1000465.0,gas,10000.0
2026-08-02 12:10:00,sim@hotboat.cl,1000466.0,leña,1500.0
2026-08-02 12:10:00,sim@hotboat.cl,1000466.0,agua,700.0
2026-08-02 12:10:00,sim@hotboat.cl,1000466.0,luz,520.0
2026-08-02 12:10:00,sim@hotboat.cl,1000466.0,gas,10000.0
2026-08-04 12:00:00,sim@hotboat.cl,1000467.0,leña,1500.0
2026-08-04 12:00:00,sim@hotboat.cl,1000467.0,agua,700.0
2026-08-04 12:00:00,sim@hotboat.cl,1000467.0,luz,520.0
2026-08-04 12:00:00,sim@hotboat.cl,1000467.0,gas,10000.0
2026-08-05 12:00:00,sim@hotboat.cl,1000468.0,leña,1500.0
2026-08-05 12:00:00,sim@hotboat.cl,1000468.0,agua,700.0
2026-08-05 12:00:00,sim@hotboat.cl,1000468.0,luz,520.0
2026-08-05 12:00:00,sim@hotboat.cl,1000468.0,gas,10000.0
2026-08-07 12:00:00,sim@hotboat.cl,1000469.0,leña,1500.0
2026-08-07 12:00:00,sim@hotboat.cl,1000469.0,agua,700.0
2026-08-07 12:00:00,sim@hotboat.cl,1000469.0,luz,520.0
2026-08-07 12:00:00,sim@hotboat.cl,1000469.0,gas,10000.0
2026-08-08 12:00:00,sim@hotboat.cl,1000470.0,leña,1500.0
2026-08-08 12:00:00,sim@hotboat.cl,1000470.0,agua,700.0
2026-08-08 12:00:00,sim@hotboat.cl,1000470.0,luz,520.0
2026-08-08 12:00:00,sim@hotboat.cl,1000470.0,gas,10000.0
2026-08-09 12:00:00,sim@hotboat.cl,1000471.0,leña,1500.0
2026-08-09 12:00:00,sim@hotboat.cl,1000471.0,agua,700.0
2026-08-09 12:00:00,sim@hotboat.cl,1000471.0,luz,520.0
2026-08-09 12:00:00,sim@hotboat.cl,1000471.0,gas,10000.0
2026-08-12 12:00:00,sim@hotboat.cl,1000472.0,leña,1500.0
2026-08-12 12:00:00,sim@hotboat.cl,1000472.0,agua,700.0
2026-08-12 12:00:00,sim@hotboat.cl,1000472.0,luz,520.0
2026-08-12 12:00:00,sim@hotboat.cl,1000472.0,gas,10000.0
2026-08-19 12:00:00,sim@hotboat.cl,1000473.0,leña,1500.0
2026-08-19 12:00:00,sim@hotboat.cl,1000473.0,agua,700.0
2026-08-19 12:00:00,sim@hotboat.cl,1000473.0,luz,520.0
2026-08-19 12:00:00,sim@hotboat.cl,1000473.0,gas,10000.0
2026-08-22 12:00:00,sim@hotboat.cl,1000474.0,leña,1500.0
2026-08-22 12:00:00,sim@hotboat.cl,1000474.0,agua,700.0
2026-08-22 12:00:00,sim@hotboat.cl,1000474.0,luz,520.0
2026-08-22 12:00:00,sim@hotboat.cl,1000474.0,gas,10000.0
2026-08-25 12:00:00,sim@hotboat.cl,1000475.0,leña,1500.0
2026-08-25 12:00:00,sim@hotboat.cl,1000475.0,agua,700.0
2026-08-25 12:00:00,sim@hotboat.cl,1000475.0,luz,520.0
2026-08-25 12:00:00,sim@hotboat.cl,1000475.0,gas,10000.0
2026-08-27 12:00:00,sim@hotboat.cl,1000476.0,leña,1500.0
2026-08-27 12:00:00,sim@hotboat.cl,1000476.0,agua,700.0
2026-08-27 12:00:00,sim@hotboat.cl,1000476.0,luz,520.0
2026-08-27 12:00:00,sim@hotboat.cl,1000476.0,gas,10000.0
2026-08-27 12:10:00,sim@hotboat.cl,1000477.0,leña,1500.0
2026-08-27 12:10:00,sim@hotboat.cl,1000477.0,agua,700.0
2026-08-27 12:10:00,sim@hotboat.cl,1000477.0,luz,520.0
2026-08-27 12:10:00,sim@hotboat.cl,1000477.0,gas,10000.0
2026-08-27 12:20:00,sim@hotboat.cl,1000478.0,leña,1500.0
2026-08-27 12:20:00,sim@hotboat.cl,1000478.0,agua,700.0
2026-08-27 12:20:00,sim@hotboat.cl,1000478.0,luz,520.0
2026-08-27 12:20:00,sim@hotboat.cl,1000478.0,gas,10000.0
2026-08-29 12:00:00,sim@hotboat.cl,1000479.0,leña,1500.0
2026-08-29 12:00:00,sim@hotboat.cl,1000479.0,agua,700.0
2026-08-29 12:00:00,sim@hotboat.cl,1000479.0,luz,520.0
2026-08-29 12:00:00,sim@hotboat.cl,1000479.0,gas,10000.0
2026-08-29 12:10:00,sim@hotboat.cl,1000480.0,leña,1500.0
2026-08-29 12:10:00,sim@hotboat.cl,1000480.0,agua,700.0
2026-08-29 12:10:00,sim@hotboat.cl,1000480.0,luz,520.0
2026-08-29 12:10:00,sim@hotboat.cl,1000480.0,gas,10000.0
2026-08-30 12:00:00,sim@hotboat.cl,1000481.0,leña,1500.0
2026-08-30 12:00:00,sim@hotboat.cl,1000481.0,agua,700.0
2026-08-30 12:00:00,sim@hotboat.cl,1000481.0,luz,520.0
2026-08-30 12:00:00,sim@hotboat.cl,1000481.0,gas,10000.0
2026-08-30 12:10:00,sim@hotboat.cl,1000482.0,leña,1500.0
2026-08-30 12:10:00,sim@hotboat.cl,1000482.0,agua,700.0
2026-08-30 12:10:00,sim@hotboat.cl,1000482.0,luz,520.0
2026-08-30 12:10:00,sim@hotboat.cl,1000482.0,gas,10000.0
2026-08-30 12:20:00,sim@hotboat.cl,1000483.0,leña,1500.0
2026-08-30 12:20:00,sim@hotboat.cl,1000483.0,agua,700.0
2026-08-30 12:20:00,sim@hotboat.cl,1000483.0,luz,520.0
2026-08-30 12:20:00,sim@hotboat.cl,1000483.0,gas,10000.0
2026-08-31 12:00:00,sim@hotboat.cl,1000484.0,leña,1500.0
2026-08-31 12:00:00,sim@hotboat.cl,1000484.0,agua,700.0
2026-08-31 12:00:00,sim@hotboat.cl,1000484.0,luz,520.0
2026-08-31 12:00:00,sim@hotboat.cl,1000484.0,gas,10000.0
2026-08-01 20:00:00,sim@hotboat.cl,,pago extra ayudante (diario),90000.0
2026-08-02 20:00:00,sim@hotboat.cl,,pago extra ayudante (diario),60000.0
2026-08-04 20:00:00,sim@hotboat.cl,,pago extra ayudante (diario),30000.0
2026-08-05 20:00:00,sim@hotboat.cl,,pago extra ayudante (diario),30000.0
2026-08-07 20:00:00,sim@hotboat.cl,,pago extra ayudante (diario),30000.0
2026-08-08 20:00:00,sim@hotboat.cl,,pago extra ayudante (diario),30000.0
2026-08-09 20:00:00,sim@hotboat.cl,,pago extra ayudante (diario),30000.0
2026-08-12 20:00:00,sim@hotboat.cl,,pago extra ayudante (diario),30000.0
2026-08-19 20:00:00,sim@hotboat.cl,,pago extra ayudante (diario),30000.0
2026-08-22 20:00:00,sim@hotboat.cl,,pago extra ayudante (diario),30000.0
2026-08-25 20:00:00,sim@hotboat.cl,,pago extra ayudante (diario),30000.0
2026-08-27 20:00:00,sim@hotboat.cl,,pago extra ayudante (diario),90000.0
2026-08-29 20:00:00,sim@hotboat.cl,,pago extra ayudante (diario),60000.0
2026-08-30 20:00:00,sim@hotboat.cl,,pago extra ayudante (diario),90000.0
2026-08-31 20:00:00,sim@hotboat.cl,,pago extra ayudante (diario),30000.0
2026-09-02 12:00:00,sim@hotboat.cl,1000485.0,leña,1500.0
2026-09-02 12:00:00,sim@hotboat.cl,1000485.0,agua,700.0
2026-09-02 12:00:00,sim@hotboat.cl,1000485.0,luz,520.0
2026-09-02 12:00:00,sim@hotboat.cl,1000485.0,gas,10000.0
2026-09-03 12:00:00,sim@hotboat.cl,1000486.0,leña,1500.0
2026-09-03 12:00:00,sim@hotboat.cl,1000486.0,agua,700.0
2026-09-03 12:00:00,sim@hotboat.cl,1000486.0,luz,520.0
2026-09-03 12:00:00,sim@hotboat.cl,1000486.0,gas,10000.0
2026-09-05 12:00:00,sim@hotboat.cl,1000487.0,leña,1500.0
2026-09-05 12:00:00,sim@hotboat.cl,1000487.0,agua,700.0
2026-09-05 12:00:00,sim@hotboat.cl,1000487.0,luz,520.0
2026-09-05 12:00:00,sim@hotboat.cl,1000487.0,gas,10000.0
2026-09-05 12:10:00,sim@hotboat.cl,1000488.0,leña,1500.0
2026-09-05 12:10:00,sim@hotboat.cl,1000488.0,agua,700.0
2026-09-05 12:10:00,sim@hotboat.cl,1000488.0,luz,520.0
2026-09-05 12:10:00,sim@hotboat.cl,1000488.0,gas,10000.0
2026-09-05 12:20:00,sim@hotboat.cl,1000489.0,leña,1500.0
2026-09-05 12:20:00,sim@hotboat.cl,1000489.0,agua,700.0
2026-09-05 12:20:00,sim@hotboat.cl,1000489.0,luz,520.0
2026-09-05 12:20:00,sim@hotboat.cl,1000489.0,gas,10000.0
2026-09-05 12:30:00,sim@hotboat.cl,1000490.0,leña,1500.0
2026-09-05 12:30:00,sim@hotboat.cl,1000490.0,agua,700.0
2026-09-05 12:30:00,sim@hotboat.cl,1000490.0,luz,520.0
2026-09-05 12:30:00,sim@hotboat.cl,1000490.0,gas,10000.0
2026-09-05 12:40:00,sim@hotboat.cl,1000491.0,leña,1500.0
2026-09-05 12:40:00,sim@hotboat.cl,1000491.0,agua,700.0
2026-09-05 12:40:00,sim@hotboat.cl,1000491.0,luz,520.0
2026-09-05 12:40:00,sim@hotboat.cl,1000491.0,gas,10000.0
2026-09-06 12:00:00,sim@hotboat.cl,1000492.0,leña,1500.0
2026-09-06 12:00:00,sim@hotboat.cl,1000492.0,agua,700.0
2026-09-06 12:00:00,sim@hotboat.cl,1000492.0,luz,520.0
2026-09-06 12:00:00,sim@hotboat.cl,1000492.0,gas,10000.0
2026-09-06 12:10:00,sim@hotboat.cl,1000493.0,leña,1500.0
2026-09-06 12:10:00,sim@hotboat.cl,1000493.0,agua,700.0
2026-09-06 12:10:00,sim@hotboat.cl,1000493.0,luz,520.0
2026-09-06 12:10:00,sim@hotboat.cl,1000493.0,gas,10000.0
2026-09-07 12:00:00,sim@hotboat.cl,1000494.0,leña,1500.0
2026-09-07 12:00:00,sim@hotboat.cl,1000494.0,agua,700.0
2026-09-07 12:00:00,sim@hotboat.cl,1000494.0,luz,520.0
2026-09-07 12:00:00,sim@hotboat.cl,1000494.0,gas,10000.0
2026-09-10 12:00:00,sim@hotboat.cl,1000495.0,leña,1500.0
2026-09-10 12:00:00,sim@hotboat.cl,1000495.0,agua,700.0
2026-09-10 12:00:00,sim@hotboat.cl,1000495.0,luz,520.0
2026-09-10 12:00:00,sim@hotboat.cl,1000495.0,gas,10000.0
2026-09-12 12:00:00,sim@hotboat.cl,1000496.0,leña,1500.0
2026-09-12 12:00:00,sim@hotboat.cl,1000496.0,agua,700.0
2026-09-12 12:00:00,sim@hotboat.cl,1000496.0,luz,520.0
2026-09-12 12:00:00,sim@hotboat.cl,1000496.0,gas,10000.0
2026-09-12 12:10:00,sim@hotboat.cl,1000497.0,leña,1500.0
2026-09-12 12:10:00,sim@hotboat.cl,1000497.0,agua,700.0
2026-09-12 12:10:00,sim@hotboat.cl,1000497.0,luz,520.0
2026-09-12 12:10:00,sim@hotboat.cl,1000497.0,gas,10000.0
2026-09-13 12:00:00,sim@hotboat.cl,1000498.0,leña,1500.0
2026-09-13 12:00:00,sim@hotboat.cl,1000498.0,agua,700.0
2026-09-13 12:00:00,sim@hotboat.cl,1000498.0,luz,520.0
2026-09-13 12:00:00,sim@hotboat.cl,1000498.0,gas,10000.0
2026-09-17 12:00:00,sim@hotboat.cl,1000499.0,leña,1500.0
2026-09-17 12:00:00,sim@hotboat.cl,1000499.0,agua,700.0
2026-09-17 12:00:00,sim@hotboat.cl,1000499.0,luz,520.0
2026-09-17 12:00:00,sim@hotboat.cl,1000499.0,gas,10000.0
2026-09-20 12:00:00,sim@hotboat.cl,1000500.0,leña,1500.0
2026-09-20 12:00:00,sim@hotboat.cl,1000500.0,agua,700.0
2026-09-20 12:00:00,sim@hotboat.cl,1000500.0,luz,520.0
2026-09-20 12:00:00,sim@hotboat.cl,1000500.0,gas,10000.0
2026-09-23 12:00:00,sim@hotboat.cl,1000501.0,leña,1500.0
2026-09-23 12:00:00,sim@hotboat.cl,1000501.0,agua,700.0
2026-09-23 12:00:00,sim@hotboat.cl,1000501.0,luz,520.0
2026-09-23 12:00:00,sim@hotboat.cl,1000501.0,gas,10000.0
2026-09-25 12:00:00,sim@hotboat.cl,1000502.0,leña,1500.0
2026-09-25 12:00:00,sim@hotboat.cl,1000502.0,agua,700.0
2026-09-25 12:00:00,sim@hotboat.cl,1000502.0,luz,520.0
2026-09-25 12:00:00,sim@hotboat.cl,1000502.0,gas,10000.0
2026-09-25 12:10:00,sim@hotboat.cl,1000503.0,leña,1500.0
2026-09-25 12:10:00,sim@hotboat.cl,1000503.0,agua,700.0
2026-09-25 12:10:00,sim@hotboat.cl,1000503.0,luz,520.0
2026-09-25 12:10:00,sim@hotboat.cl,1000503.0,gas,10000.0
2026-09-26 12:00:00,sim@hotboat.cl,1000504.0,leña,1500.0
2026-09-26 12:00:00,sim@hotboat.cl,1000504.0,agua,700.0
2026-09-26 12:00:00,sim@hotboat.cl,1000504.0,luz,520.0
2026-09-26 12:00:00,sim@hotboat.cl,1000504.0,gas,10000.0
2026-09-29 12:00:00,sim@hotboat.cl,1000505.0,leña,1500.0
2026-09-29 12:00:00,sim@hotboat.cl,1000505.0,agua,700.0
2026-09-29 12:00:00,sim@hotboat.cl,1000505.0,luz,520.0
2026-09-29 12:00:00,sim@hotboat.cl,1000505.0,gas,10000.0
2026-09-02 20:00:00,sim@hotboat.cl,,pago extra ayudante (diario),30000.0
2026-09-03 20:00:00,sim@hotboat.cl,,pago extra ayudante (diario),30000.0
2026-09-05 20:00:00,sim@hotboat.cl,,pago extra ayudante (diario),150000.0
2026-09-06 20:00:00,sim@hotboat.cl,,pago extra ayudante (diario),60000.0
2026-09-07 20:00:00,sim@hotboat.cl,,pago extra ayudante (diario),30000.0
2026-09-10 20:00:00,sim@hotboat.cl,,pago extra ayudante (diario),30000.0
2026-09-12 20:00:00,sim@hotboat.cl,,pago extra ayudante (diario),60000.0
2026-09-13 20:00:00,sim@hotboat.cl,,pago extra ayudante (diario),30000.0
2026-09-17 20:00:00,sim@hotboat.cl,,pago extra ayudante (diario),30000.0
2026-09-20 20:00:00,sim@hotboat.cl,,pago extra ayudante (diario),30000.0
2026-09-23 20:00:00,sim@hotboat.cl,,pago extra ayudante (diario),30000.0
2026-09-25 20:00:00,sim@hotboat.cl,,pago extra ayudante (diario),60000.0
2026-09-26 20:00:00,sim@hotboat.cl,,pago extra ayudante (diario),30000.0
2026-09-29 20:00:00,sim@hotboat.cl,,pago extra ayudante (diario),30000.0
2026-10-02 12:00:00,sim@hotboat.cl,1000506.0,leña,1500.0
2026-10-02 12:00:00,sim@hotboat.cl,1000506.0,agua,700.0
2026-10-02 12:00:00,sim@hotboat.cl,1000506.0,luz,520.0
2026-10-02 12:00:00,sim@hotboat.cl,1000506.0,gas,10000.0
2026-10-03 12:00:00,sim@hotboat.cl,1000507.0,leña,1500.0
2026-10-03 12:00:00,sim@hotboat.cl,1000507.0,agua,700.0
2026-10-03 12:00:00,sim@hotboat.cl,1000507.0,luz,520.0
2026-10-03 12:00:00,sim@hotboat.cl,1000507.0,gas,10000.0
2026-10-03 12:10:00,sim@hotboat.cl,1000508.0,leña,1500.0
2026-10-03 12:10:00,sim@hotboat.cl,1000508.0,agua,700.0
2026-10-03 12:10:00,sim@hotboat.cl,1000508.0,luz,520.0
2026-10-03 12:10:00,sim@hotboat.cl,1000508.0,gas,10000.0
2026-10-03 12:20:00,sim@hotboat.cl,1000509.0,leña,1500.0
2026-10-03 12:20:00,sim@hotboat.cl,1000509.0,agua,700.0
2026-10-03 12:20:00,sim@hotboat.cl,1000509.0,luz,520.0
2026-10-03 12:20:00,sim@hotboat.cl,1000509.0,gas,10000.0
2026-10-03 12:30:00,sim@hotboat.cl,1000510.0,leña,1500.0
2026-10-03 12:30:00,sim@hotboat.cl,1000510.0,agua,700.0
2026-10-03 12:30:00,sim@hotboat.cl,1000510.0,luz,520.0
2026-10-03 12:30:00,sim@hotboat.cl,1000510.0,gas,10000.0
2026-10-03 12:40:00,sim@hotboat.cl,1000511.0,leña,1500.0
2026-10-03 12:40:00,sim@hotboat.cl,1000511.0,agua,700.0
2026-10-03 12:40:00,sim@hotboat.cl,1000511.0,luz,520.0
2026-10-03 12:40:00,sim@hotboat.cl,1000511.0,gas,10000.0
2026-10-04 12:00:00,sim@hotboat.cl,1000512.0,leña,1500.0
2026-10-04 12:00:00,sim@hotboat.cl,1000512.0,agua,700.0
2026-10-04 12:00:00,sim@hotboat.cl,1000512.0,luz,520.0
2026-10-04 12:00:00,sim@hotboat.cl,1000512.0,gas,10000.0
2026-10-04 12:10:00,sim@hotboat.cl,1000513.0,leña,1500.0
2026-10-04 12:10:00,sim@hotboat.cl,1000513.0,agua,700.0
2026-10-04 12:10:00,sim@hotboat.cl,1000513.0,luz,520.0
2026-10-04 12:10:00,sim@hotboat.cl,1000513.0,gas,10000.0
2026-10-05 12:00:00,sim@hotboat.cl,1000514.0,leña,1500.0
2026-10-05 12:00:00,sim@hotboat.cl,1000514.0,agua,700.0
2026-10-05 12:00:00,sim@hotboat.cl,1000514.0,luz,520.0
2026-10-05 12:00:00,sim@hotboat.cl,1000514.0,gas,10000.0
2026-10-07 12:00:00,sim@hotboat.cl,1000515.0,leña,1500.0
2026-10-07 12:00:00,sim@hotboat.cl,1000515.0,agua,700.0
2026-10-07 12:00:00,sim@hotboat.cl,1000515.0,luz,520.0
2026-10-07 12:00:00,sim@hotboat.cl,1000515.0,gas,10000.0
2026-10-10 12:00:00,sim@hotboat.cl,1000516.0,leña,1500.0
2026-10-10 12:00:00,sim@hotboat.cl,1000516.0,agua,700.0
2026-10-10 12:00:00,sim@hotboat.cl,1000516.0,luz,520.0
2026-10-10 12:00:00,sim@hotboat.cl,1000516.0,gas,10000.0
2026-10-11 12:00:00,sim@hotboat.cl,1000517.0,leña,1500.0
2026-10-11 12:00:00,sim@hotboat.cl,1000517.0,agua,700.0
2026-10-11 12:00:00,sim@hotboat.cl,1000517.0,luz,520.0
2026-10-11 12:00:00,sim@hotboat.cl,1000517.0,gas,10000.0
2026-10-12 12:00:00,sim@hotboat.cl,1000518.0,leña,1500.0
2026-10-12 12:00:00,sim@hotboat.cl,1000518.0,agua,700.0
2026-10-12 12:00:00,sim@hotboat.cl,1000518.0,luz,520.0
2026-10-12 12:00:00,sim@hotboat.cl,1000518.0,gas,10000.0
2026-10-18 12:00:00,sim@hotboat.cl,1000519.0,leña,1500.0
2026-10-18 12:00:00,sim@hotboat.cl,1000519.0,agua,700.0
2026-10-18 12:00:00,sim@hotboat.cl,1000519.0,luz,520.0
2026-10-18 12:00:00,sim@hotboat.cl,1000519.0,gas,10000.0
2026-10-19 12:00:00,sim@hotboat.cl,1000520.0,leña,1500.0
2026-10-19 12:00:00,sim@hotboat.cl,1000520.0,agua,700.0
2026-10-19 12:00:00,sim@hotboat.cl,1000520.0,luz,520.0
2026-10-19 12:00:00,sim@hotboat.cl,1000520.0,gas,10000.0
2026-10-23 12:00:00,sim@hotboat.cl,1000521.0,leña,1500.0
2026-10-23 12:00:00,sim@hotboat.cl,1000521.0,agua,700.0
2026-10-23 12:00:00,sim@hotboat.cl,1000521.0,luz,520.0
2026-10-23 12:00:00,sim@hotboat.cl,1000521.0,gas,10000.0
2026-10-24 12:00:00,sim@hotboat.cl,1000522.0,leña,1500.0
2026-10-24 12:00:00,sim@hotboat.cl,1000522.0,agua,700.0
2026-10-24 12:00:00,sim@hotboat.cl,1000522.0,luz,520.0
2026-10-24 12:00:00,sim@hotboat.cl,1000522.0,gas,10000.0
2026-10-27 12:00:00,sim@hotboat.cl,1000523.0,leña,1500.0
2026-10-27 12:00:00,sim@hotboat.cl,1000523.0,agua,700.0
2026-10-27 12:00:00,sim@hotboat.cl,1000523.0,luz,520.0
2026-10-27 12:00:00,sim@hotboat.cl,1000523.0,gas,10000.0
2026-10-27 12:10:00,sim@hotboat.cl,1000524.0,leña,1500.0
2026-10-27 12:10:00,sim@hotboat.cl,1000524.0,agua,700.0
2026-10-27 12:10:00,sim@hotboat.cl,1000524.0,luz,520.0
2026-10-27 12:10:00,sim@hotboat.cl,1000524.0,gas,10000.0
2026-10-27 12:20:00,sim@hotboat.cl,1000525.0,leña,1500.0
2026-10-27 12:20:00,sim@hotboat.cl,1000525.0,agua,700.0
2026-10-27 12:20:00,sim@hotboat.cl,1000525.0,luz,520.0
2026-10-27 12:20:00,sim@hotboat.cl,1000525.0,gas,10000.0
2026-10-29 12:00:00,sim@hotboat.cl,1000526.0,leña,1500.0
2026-10-29 12:00:00,sim@hotboat.cl,1000526.0,agua,700.0
2026-10-29 12:00:00,sim@hotboat.cl,1000526.0,luz,520.0
2026-10-29 12:00:00,sim@hotboat.cl,1000526.0,gas,10000.0
2026-10-31 12:00:00,sim@hotboat.cl,1000527.0,leña,1500.0
2026-10-31 12:00:00,sim@hotboat.cl,1000527.0,agua,700.0
2026-10-31 12:00:00,sim@hotboat.cl,1000527.0,luz,520.0
2026-10-31 12:00:00,sim@hotboat.cl,1000527.0,gas,10000.0
2026-10-31 12:10:00,sim@hotboat.cl,1000528.0,leña,1500.0
2026-10-31 12:10:00,sim@hotboat.cl,1000528.0,agua,700.0
2026-10-31 12:10:00,sim@hotboat.cl,1000528.0,luz,520.0
2026-10-31 12:10:00,sim@hotboat.cl,1000528.0,gas,10000.0
2026-10-02 20:00:00,sim@hotboat.cl,,pago extra ayudante (diario),30000.0
2026-10-03 20:00:00,sim@hotboat.cl,,pago extra ayudante (diario),150000.0
2026-10-04 20:00:00,sim@hotboat.cl,,pago extra ayudante (diario),60000.0
2026-10-05 20:00:00,sim@hotboat.cl,,pago extra ayudante (diario),30000.0
2026-10-07 20:00:00,sim@hotboat.cl,,pago extra ayudante (diario),30000.0
2026-10-10 20:00:00,sim@hotboat.cl,,pago extra ayudante (diario),30000.0
2026-10-11 20:00:00,sim@hotboat.cl,,pago extra ayudante (diario),30000.0
2026-10-12 20:00:00,sim@hotboat.cl,,pago extra ayudante (diario),30000.0
2026-10-18 20:00:00,sim@hotboat.cl,,pago extra ayudante (diario),30000.0
2026-10-19 20:00:00,sim@hotboat.cl,,pago extra ayudante (diario),30000.0
2026-10-23 20:00:00,sim@hotboat.cl,,pago extra ayudante (diario),30000.0
2026-10-24 20:00:00,sim@hotboat.cl,,pago extra ayudante (diario),30000.0
2026-10-27 20:00:00,sim@hotboat.cl,,pago extra ayudante (diario),90000.0
2026-10-29 20:00:00,sim@hotboat.cl,,pago extra ayudante (diario),30000.0
2026-10-31 20:00:00,sim@hotboat.cl,,pago extra ayudante (diario),60000.0
2026-11-01 12:00:00,sim@hotboat.cl,1000529.0,leña,1500.0
2026-11-01 12:00:00,sim@hotboat.cl,1000529.0,agua,700.0
2026-11-01 12:00:00,sim@hotboat.cl,1000529.0,luz,520.0
2026-11-01 12:00:00,sim@hotboat.cl,1000529.0,gas,10000.0
2026-11-01 12:10:00,sim@hotboat.cl,1000530.0,leña,1500.0
2026-11-01 12:10:00,sim@hotboat.cl,1000530.0,agua,700.0
2026-11-01 12:10:00,sim@hotboat.cl,1000530.0,luz,520.0
2026-11-01 12:10:00,sim@hotboat.cl,1000530.0,gas,10000.0
2026-11-01 12:20:00,sim@hotboat.cl,1000531.0,leña,1500.0
2026-11-01 12:20:00,sim@hotboat.cl,1000531.0,agua,700.0
2026-11-01 12:20:00,sim@hotboat.cl,1000531.0,luz,520.0
2026-11-01 12:20:00,sim@hotboat.cl,1000531.0,gas,10000.0
2026-11-01 12:30:00,sim@hotboat.cl,1000532.0,leña,1500.0
2026-11-01 12:30:00,sim@hotboat.cl,1000532.0,agua,700.0
2026-11-01 12:30:00,sim@hotboat.cl,1000532.0,luz,520.0
2026-11-01 12:30:00,sim@hotboat.cl,1000532.0,gas,10000.0
2026-11-01 12:40:00,sim@hotboat.cl,1000533.0,leña,1500.0
2026-11-01 12:40:00,sim@hotboat.cl,1000533.0,agua,700.0
2026-11-01 12:40:00,sim@hotboat.cl,1000533.0,luz,520.0
2026-11-01 12:40:00,sim@hotboat.cl,1000533.0,gas,10000.0
2026-11-02 12:00:00,sim@hotboat.cl,1000534.0,leña,1500.0
2026-11-02 12:00:00,sim@hotboat.cl,1000534.0,agua,700.0
2026-11-02 12:00:00,sim@hotboat.cl,1000534.0,luz,520.0
2026-11-02 12:00:00,sim@hotboat.cl,1000534.0,gas,10000.0
2026-11-03 12:00:00,sim@hotboat.cl,1000535.0,leña,1500.0
2026-11-03 12:00:00,sim@hotboat.cl,1000535.0,agua,700.0
2026-11-03 12:00:00,sim@hotboat.cl,1000535.0,luz,520.0
2026-11-03 12:00:00,sim@hotboat.cl,1000535.0,gas,10000.0
2026-11-03 12:10:00,sim@hotboat.cl,1000536.0,leña,1500.0
2026-11-03 12:10:00,sim@hotboat.cl,1000536.0,agua,700.0
2026-11-03 12:10:00,sim@hotboat.cl,1000536.0,luz,520.0
2026-11-03 12:10:00,sim@hotboat.cl,1000536.0,gas,10000.0
2026-11-04 12:00:00,sim@hotboat.cl,1000537.0,leña,1500.0
2026-11-04 12:00:00,sim@hotboat.cl,1000537.0,agua,700.0
2026-11-04 12:00:00,sim@hotboat.cl,1000537.0,luz,520.0
2026-11-04 12:00:00,sim@hotboat.cl,1000537.0,gas,10000.0
2026-11-06 12:00:00,sim@hotboat.cl,1000538.0,leña,1500.0
2026-11-06 12:00:00,sim@hotboat.cl,1000538.0,agua,700.0
2026-11-06 12:00:00,sim@hotboat.cl,1000538.0,luz,520.0
2026-11-06 12:00:00,sim@hotboat.cl,1000538.0,gas,10000.0
2026-11-07 12:00:00,sim@hotboat.cl,1000539.0,leña,1500.0
2026-11-07 12:00:00,sim@hotboat.cl,1000539.0,agua,700.0
2026-11-07 12:00:00,sim@hotboat.cl,1000539.0,luz,520.0
2026-11-07 12:00:00,sim@hotboat.cl,1000539.0,gas,10000.0
2026-11-07 12:10:00,sim@hotboat.cl,1000540.0,leña,1500.0
2026-11-07 12:10:00,sim@hotboat.cl,1000540.0,agua,700.0
2026-11-07 12:10:00,sim@hotboat.cl,1000540.0,luz,520.0
2026-11-07 12:10:00,sim@hotboat.cl,1000540.0,gas,10000.0
2026-11-08 12:00:00,sim@hotboat.cl,1000541.0,leña,1500.0
2026-11-08 12:00:00,sim@hotboat.cl,1000541.0,agua,700.0
2026-11-08 12:00:00,sim@hotboat.cl,1000541.0,luz,520.0
2026-11-08 12:00:00,sim@hotboat.cl,1000541.0,gas,10000.0
2026-11-08 12:10:00,sim@hotboat.cl,1000542.0,leña,1500.0
2026-11-08 12:10:00,sim@hotboat.cl,1000542.0,agua,700.0
2026-11-08 12:10:00,sim@hotboat.cl,1000542.0,luz,520.0
2026-11-08 12:10:00,sim@hotboat.cl,1000542.0,gas,10000.0
2026-11-11 12:00:00,sim@hotboat.cl,1000543.0,leña,1500.0
2026-11-11 12:00:00,sim@hotboat.cl,1000543.0,agua,700.0
2026-11-11 12:00:00,sim@hotboat.cl,1000543.0,luz,520.0
2026-11-11 12:00:00,sim@hotboat.cl,1000543.0,gas,10000.0
2026-11-14 12:00:00,sim@hotboat.cl,1000544.0,leña,1500.0
2026-11-14 12:00:00,sim@hotboat.cl,1000544.0,agua,700.0
2026-11-14 12:00:00,sim@hotboat.cl,1000544.0,luz,520.0
2026-11-14 12:00:00,sim@hotboat.cl,1000544.0,gas,10000.0
2026-11-15 12:00:00,sim@hotboat.cl,1000545.0,leña,1500.0
2026-11-15 12:00:00,sim@hotboat.cl,1000545.0,agua,700.0
2026-11-15 12:00:00,sim@hotboat.cl,1000545.0,luz,520.0
2026-11-15 12:00:00,sim@hotboat.cl,1000545.0,gas,10000.0
2026-11-18 12:00:00,sim@hotboat.cl,1000546.0,leña,1500.0
2026-11-18 12:00:00,sim@hotboat.cl,1000546.0,agua,700.0
2026-11-18 12:00:00,sim@hotboat.cl,1000546.0,luz,520.0
2026-11-18 12:00:00,sim@hotboat.cl,1000546.0,gas,10000.0
2026-11-21 12:00:00,sim@hotboat.cl,1000547.0,leña,1500.0
2026-11-21 12:00:00,sim@hotboat.cl,1000547.0,agua,700.0
2026-11-21 12:00:00,sim@hotboat.cl,1000547.0,luz,520.0
2026-11-21 12:00:00,sim@hotboat.cl,1000547.0,gas,10000.0
2026-11-22 12:00:00,sim@hotboat.cl,1000548.0,leña,1500.0
2026-11-22 12:00:00,sim@hotboat.cl,1000548.0,agua,700.0
2026-11-22 12:00:00,sim@hotboat.cl,1000548.0,luz,520.0
2026-11-22 12:00:00,sim@hotboat.cl,1000548.0,gas,10000.0
2026-11-24 12:00:00,sim@hotboat.cl,1000549.0,leña,1500.0
2026-11-24 12:00:00,sim@hotboat.cl,1000549.0,agua,700.0
2026-11-24 12:00:00,sim@hotboat.cl,1000549.0,luz,520.0
2026-11-24 12:00:00,sim@hotboat.cl,1000549.0,gas,10000.0
2026-11-25 12:00:00,sim@hotboat.cl,1000550.0,leña,1500.0
2026-11-25 12:00:00,sim@hotboat.cl,1000550.0,agua,700.0
2026-11-25 12:00:00,sim@hotboat.cl,1000550.0,luz,520.0
2026-11-25 12:00:00,sim@hotboat.cl,1000550.0,gas,10000.0
2026-11-26 12:00:00,sim@hotboat.cl,1000551.0,leña,1500.0
2026-11-26 12:00:00,sim@hotboat.cl,1000551.0,agua,700.0
2026-11-26 12:00:00,sim@hotboat.cl,1000551.0,luz,520.0
2026-11-26 12:00:00,sim@hotboat.cl,1000551.0,gas,10000.0
2026-11-26 12:10:00,sim@hotboat.cl,1000552.0,leña,1500.0
2026-11-26 12:10:00,sim@hotboat.cl,1000552.0,agua,700.0
2026-11-26 12:10:00,sim@hotboat.cl,1000552.0,luz,520.0
2026-11-26 12:10:00,sim@hotboat.cl,1000552.0,gas,10000.0
2026-11-26 12:20:00,sim@hotboat.cl,1000553.0,leña,1500.0
2026-11-26 12:20:00,sim@hotboat.cl,1000553.0,agua,700.0
2026-11-26 12:20:00,sim@hotboat.cl,1000553.0,luz,520.0
2026-11-26 12:20:00,sim@hotboat.cl,1000553.0,gas,10000.0
2026-11-29 12:00:00,sim@hotboat.cl,1000554.0,leña,1500.0
2026-11-29 12:00:00,sim@hotboat.cl,1000554.0,agua,700.0
2026-11-29 12:00:00,sim@hotboat.cl,1000554.0,luz,520.0
2026-11-29 12:00:00,sim@hotboat.cl,1000554.0,gas,10000.0
2026-11-29 12:10:00,sim@hotboat.cl,1000555.0,leña,1500.0
2026-11-29 12:10:00,sim@hotboat.cl,1000555.0,agua,700.0
2026-11-29 12:10:00,sim@hotboat.cl,1000555.0,luz,520.0
2026-11-29 12:10:00,sim@hotboat.cl,1000555.0,gas,10000.0
2026-11-29 12:20:00,sim@hotboat.cl,1000556.0,leña,1500.0
2026-11-29 12:20:00,sim@hotboat.cl,1000556.0,agua,700.0
2026-11-29 12:20:00,sim@hotboat.cl,1000556.0,luz,520.0
2026-11-29 12:20:00,sim@hotboat.cl,1000556.0,gas,10000.0
2026-11-29 12:30:00,sim@hotboat.cl,1000557.0,leña,1500.0
2026-11-29 12:30:00,sim@hotboat.cl,1000557.0,agua,700.0
2026-11-29 12:30:00,sim@hotboat.cl,1000557.0,luz,520.0
2026-11-29 12:30:00,sim@hotboat.cl,1000557.0,gas,10000.0
2026-11-30 12:00:00,sim@hotboat.cl,1000558.0,leña,1500.0
2026-11-30 12:00:00,sim@hotboat.cl,1000558.0,agua,700.0
2026-11-30 12:00:00,sim@hotboat.cl,1000558.0,luz,520.0
2026-11-30 12:00:00,sim@hotboat.cl,1000558.0,gas,10000.0
2026-11-01 20:00:00,sim@hotboat.cl,,pago extra ayudante (diario),150000.0
2026-11-02 20:00:00,sim@hotboat.cl,,pago extra ayudante (diario),30000.0
2026-11-03 20:00:00,sim@hotboat.cl,,pago extra ayudante (diario),60000.0
2026-11-04 20:00:00,sim@hotboat.cl,,pago extra ayudante (diario),30000.0
2026-11-06 20:00:00,sim@hotboat.cl,,pago extra ayudante (diario),30000.0
2026-11-07 20:00:00,sim@hotboat.cl,,pago extra ayudante (diario),60000.0
2026-11-08 20:00:00,sim@hotboat.cl,,pago extra ayudante (diario),60000.0
2026-11-11 20:00:00,sim@hotboat.cl,,pago extra ayudante (diario),30000.0
2026-11-14 20:00:00,sim@hotboat.cl,,pago extra ayudante (diario),30000.0
2026-11-15 20:00:00,sim@hotboat.cl,,pago extra ayudante (diario),30000.0
2026-11-18 20:00:00,sim@hotboat.cl,,pago extra ayudante (diario),30000.0
2026-11-21 20:00:00,sim@hotboat.cl,,pago extra ayudante (diario),30000.0
2026-11-22 20:00:00,sim@hotboat.cl,,pago extra ayudante (diario),30000.0
2026-11-24 20:00:00,sim@hotboat.cl,,pago extra ayudante (diario),30000.0
2026-11-25 20:00:00,sim@hotboat.cl,,pago extra ayudante (diario),30000.0
2026-11-26 20:00:00,sim@hotboat.cl,,pago extra ayudante (diario),90000.0
2026-11-29 20:00:00,sim@hotboat.cl,,pago extra ayudante (diario),120000.0
2026-11-30 20:00:00,sim@hotboat.cl,,pago extra ayudante (diario),30000.0
2026-12-01 12:00:00,sim@hotboat.cl,1000559.0,leña,1500.0
2026-12-01 12:00:00,sim@hotboat.cl,1000559.0,agua,700.0
2026-12-01 12:00:00,sim@hotboat.cl,1000559.0,luz,520.0
2026-12-01 12:00:00,sim@hotboat.cl,1000559.0,gas,10000.0
2026-12-01 12:10:00,sim@hotboat.cl,1000560.0,leña,1500.0
2026-12-01 12:10:00,sim@hotboat.cl,1000560.0,agua,700.0
2026-12-01 12:10:00,sim@hotboat.cl,1000560.0,luz,520.0
2026-12-01 12:10:00,sim@hotboat.cl,1000560.0,gas,10000.0
2026-12-02 12:00:00,sim@hotboat.cl,1000561.0,leña,1500.0
2026-12-02 12:00:00,sim@hotboat.cl,1000561.0,agua,700.0
2026-12-02 12:00:00,sim@hotboat.cl,1000561.0,luz,520.0
2026-12-02 12:00:00,sim@hotboat.cl,1000561.0,gas,10000.0
2026-12-02 12:10:00,sim@hotboat.cl,1000562.0,leña,1500.0
2026-12-02 12:10:00,sim@hotboat.cl,1000562.0,agua,700.0
2026-12-02 12:10:00,sim@hotboat.cl,1000562.0,luz,520.0
2026-12-02 12:10:00,sim@hotboat.cl,1000562.0,gas,10000.0
2026-12-02 12:20:00,sim@hotboat.cl,1000563.0,leña,1500.0
2026-12-02 12:20:00,sim@hotboat.cl,1000563.0,agua,700.0
2026-12-02 12:20:00,sim@hotboat.cl,1000563.0,luz,520.0
2026-12-02 12:20:00,sim@hotboat.cl,1000563.0,gas,10000.0
2026-12-03 12:00:00,sim@hotboat.cl,1000564.0,leña,1500.0
2026-12-03 12:00:00,sim@hotboat.cl,1000564.0,agua,700.0
2026-12-03 12:00:00,sim@hotboat.cl,1000564.0,luz,520.0
2026-12-03 12:00:00,sim@hotboat.cl,1000564.0,gas,10000.0
2026-12-03 12:10:00,sim@hotboat.cl,1000565.0,leña,1500.0
2026-12-03 12:10:00,sim@hotboat.cl,1000565.0,agua,700.0
2026-12-03 12:10:00,sim@hotboat.cl,1000565.0,luz,520.0
2026-12-03 12:10:00,sim@hotboat.cl,1000565.0,gas,10000.0
2026-12-05 12:00:00,sim@hotboat.cl,1000566.0,leña,1500.0
2026-12-05 12:00:00,sim@hotboat.cl,1000566.0,agua,700.0
2026-12-05 12:00:00,sim@hotboat.cl,1000566.0,luz,520.0
2026-12-05 12:00:00,sim@hotboat.cl,1000566.0,gas,10000.0
2026-12-05 12:10:00,sim@hotboat.cl,1000567.0,leña,1500.0
2026-12-05 12:10:00,sim@hotboat.cl,1000567.0,agua,700.0
2026-12-05 12:10:00,sim@hotboat.cl,1000567.0,luz,520.0
2026-12-05 12:10:00,sim@hotboat.cl,1000567.0,gas,10000.0
2026-12-05 12:20:00,sim@hotboat.cl,1000568.0,leña,1500.0
2026-12-05 12:20:00,sim@hotboat.cl,1000568.0,agua,700.0
2026-12-05 12:20:00,sim@hotboat.cl,1000568.0,luz,520.0
2026-12-05 12:20:00,sim@hotboat.cl,1000568.0,gas,10000.0
2026-12-05 12:30:00,sim@hotboat.cl,1000569.0,leña,1500.0
2026-12-05 12:30:00,sim@hotboat.cl,1000569.0,agua,700.0
2026-12-05 12:30:00,sim@hotboat.cl,1000569.0,luz,520.0
2026-12-05 12:30:00,sim@hotboat.cl,1000569.0,gas,10000.0
2026-12-05 12:40:00,sim@hotboat.cl,1000570.0,leña,1500.0
2026-12-05 12:40:00,sim@hotboat.cl,1000570.0,agua,700.0
2026-12-05 12:40:00,sim@hotboat.cl,1000570.0,luz,520.0
2026-12-05 12:40:00,sim@hotboat.cl,1000570.0,gas,10000.0
2026-12-06 12:00:00,sim@hotboat.cl,1000571.0,leña,1500.0
2026-12-06 12:00:00,sim@hotboat.cl,1000571.0,agua,700.0
2026-12-06 12:00:00,sim@hotboat.cl,1000571.0,luz,520.0
2026-12-06 12:00:00,sim@hotboat.cl,1000571.0,gas,10000.0
2026-12-06 12:10:00,sim@hotboat.cl,1000572.0,leña,1500.0
2026-12-06 12:10:00,sim@hotboat.cl,1000572.0,agua,700.0
2026-12-06 12:10:00,sim@hotboat.cl,1000572.0,luz,520.0
2026-12-06 12:10:00,sim@hotboat.cl,1000572.0,gas,10000.0
2026-12-06 12:20:00,sim@hotboat.cl,1000573.0,leña,1500.0
2026-12-06 12:20:00,sim@hotboat.cl,1000573.0,agua,700.0
2026-12-06 12:20:00,sim@hotboat.cl,1000573.0,luz,520.0
2026-12-06 12:20:00,sim@hotboat.cl,1000573.0,gas,10000.0
2026-12-06 12:30:00,sim@hotboat.cl,1000574.0,leña,1500.0
2026-12-06 12:30:00,sim@hotboat.cl,1000574.0,agua,700.0
2026-12-06 12:30:00,sim@hotboat.cl,1000574.0,luz,520.0
2026-12-06 12:30:00,sim@hotboat.cl,1000574.0,gas,10000.0
2026-12-06 12:40:00,sim@hotboat.cl,1000575.0,leña,1500.0
2026-12-06 12:40:00,sim@hotboat.cl,1000575.0,agua,700.0
2026-12-06 12:40:00,sim@hotboat.cl,1000575.0,luz,520.0
2026-12-06 12:40:00,sim@hotboat.cl,1000575.0,gas,10000.0
2026-12-07 12:00:00,sim@hotboat.cl,1000576.0,leña,1500.0
2026-12-07 12:00:00,sim@hotboat.cl,1000576.0,agua,700.0
2026-12-07 12:00:00,sim@hotboat.cl,1000576.0,luz,520.0
2026-12-07 12:00:00,sim@hotboat.cl,1000576.0,gas,10000.0
2026-12-10 12:00:00,sim@hotboat.cl,1000577.0,leña,1500.0
2026-12-10 12:00:00,sim@hotboat.cl,1000577.0,agua,700.0
2026-12-10 12:00:00,sim@hotboat.cl,1000577.0,luz,520.0
2026-12-10 12:00:00,sim@hotboat.cl,1000577.0,gas,10000.0
2026-12-12 12:00:00,sim@hotboat.cl,1000578.0,leña,1500.0
2026-12-12 12:00:00,sim@hotboat.cl,1000578.0,agua,700.0
2026-12-12 12:00:00,sim@hotboat.cl,1000578.0,luz,520.0
2026-12-12 12:00:00,sim@hotboat.cl,1000578.0,gas,10000.0
2026-12-12 12:10:00,sim@hotboat.cl,1000579.0,leña,1500.0
2026-12-12 12:10:00,sim@hotboat.cl,1000579.0,agua,700.0
2026-12-12 12:10:00,sim@hotboat.cl,1000579.0,luz,520.0
2026-12-12 12:10:00,sim@hotboat.cl,1000579.0,gas,10000.0
2026-12-12 12:20:00,sim@hotboat.cl,1000580.0,leña,1500.0
2026-12-12 12:20:00,sim@hotboat.cl,1000580.0,agua,700.0
2026-12-12 12:20:00,sim@hotboat.cl,1000580.0,luz,520.0
2026-12-12 12:20:00,sim@hotboat.cl,1000580.0,gas,10000.0
2026-12-13 12:00:00,sim@hotboat.cl,1000581.0,leña,1500.0
2026-12-13 12:00:00,sim@hotboat.cl,1000581.0,agua,700.0
2026-12-13 12:00:00,sim@hotboat.cl,1000581.0,luz,520.0
2026-12-13 12:00:00,sim@hotboat.cl,1000581.0,gas,10000.0
2026-12-15 12:00:00,sim@hotboat.cl,1000582.0,leña,1500.0
2026-12-15 12:00:00,sim@hotboat.cl,1000582.0,agua,700.0
2026-12-15 12:00:00,sim@hotboat.cl,1000582.0,luz,520.0
2026-12-15 12:00:00,sim@hotboat.cl,1000582.0,gas,10000.0
2026-12-17 12:00:00,sim@hotboat.cl,1000583.0,leña,1500.0
2026-12-17 12:00:00,sim@hotboat.cl,1000583.0,agua,700.0
2026-12-17 12:00:00,sim@hotboat.cl,1000583.0,luz,520.0
2026-12-17 12:00:00,sim@hotboat.cl,1000583.0,gas,10000.0
2026-12-19 12:00:00,sim@hotboat.cl,1000584.0,leña,1500.0
2026-12-19 12:00:00,sim@hotboat.cl,1000584.0,agua,700.0
2026-12-19 12:00:00,sim@hotboat.cl,1000584.0,luz,520.0
2026-12-19 12:00:00,sim@hotboat.cl,1000584.0,gas,10000.0
2026-12-20 12:00:00,sim@hotboat.cl,1000585.0,leña,1500.0
2026-12-20 12:00:00,sim@hotboat.cl,1000585.0,agua,700.0
2026-12-20 12:00:00,sim@hotboat.cl,1000585.0,luz,520.0
2026-12-20 12:00:00,sim@hotboat.cl,1000585.0,gas,10000.0
2026-12-20 12:10:00,sim@hotboat.cl,1000586.0,leña,1500.0
2026-12-20 12:10:00,sim@hotboat.cl,1000586.0,agua,700.0
2026-12-20 12:10:00,sim@hotboat.cl,1000586.0,luz,520.0
2026-12-20 12:10:00,sim@hotboat.cl,1000586.0,gas,10000.0
2026-12-20 12:20:00,sim@hotboat.cl,1000587.0,leña,1500.0
2026-12-20 12:20:00,sim@hotboat.cl,1000587.0,agua,700.0
2026-12-20 12:20:00,sim@hotboat.cl,1000587.0,luz,520.0
2026-12-20 12:20:00,sim@hotboat.cl,1000587.0,gas,10000.0
2026-12-23 12:00:00,sim@hotboat.cl,1000588.0,leña,1500.0
2026-12-23 12:00:00,sim@hotboat.cl,1000588.0,agua,700.0
2026-12-23 12:00:00,sim@hotboat.cl,1000588.0,luz,520.0
2026-12-23 12:00:00,sim@hotboat.cl,1000588.0,gas,10000.0
2026-12-24 12:00:00,sim@hotboat.cl,1000589.0,leña,1500.0
2026-12-24 12:00:00,sim@hotboat.cl,1000589.0,agua,700.0
2026-12-24 12:00:00,sim@hotboat.cl,1000589.0,luz,520.0
2026-12-24 12:00:00,sim@hotboat.cl,1000589.0,gas,10000.0
2026-12-25 12:00:00,sim@hotboat.cl,1000590.0,leña,1500.0
2026-12-25 12:00:00,sim@hotboat.cl,1000590.0,agua,700.0
2026-12-25 12:00:00,sim@hotboat.cl,1000590.0,luz,520.0
2026-12-25 12:00:00,sim@hotboat.cl,1000590.0,gas,10000.0
2026-12-25 12:10:00,sim@hotboat.cl,1000591.0,leña,1500.0
2026-12-25 12:10:00,sim@hotboat.cl,1000591.0,agua,700.0
2026-12-25 12:10:00,sim@hotboat.cl,1000591.0,luz,520.0
2026-12-25 12:10:00,sim@hotboat.cl,1000591.0,gas,10000.0
2026-12-25 12:20:00,sim@hotboat.cl,1000592.0,leña,1500.0
2026-12-25 12:20:00,sim@hotboat.cl,1000592.0,agua,700.0
2026-12-25 12:20:00,sim@hotboat.cl,1000592.0,luz,520.0
2026-12-25 12:20:00,sim@hotboat.cl,1000592.0,gas,10000.0
2026-12-26 12:00:00,sim@hotboat.cl,1000593.0,leña,1500.0
2026-12-26 12:00:00,sim@hotboat.cl,1000593.0,agua,700.0
2026-12-26 12:00:00,sim@hotboat.cl,1000593.0,luz,520.0
2026-12-26 12:00:00,sim@hotboat.cl,1000593.0,gas,10000.0
2026-12-26 12:10:00,sim@hotboat.cl,1000594.0,leña,1500.0
2026-12-26 12:10:00,sim@hotboat.cl,1000594.0,agua,700.0
2026-12-26 12:10:00,sim@hotboat.cl,1000594.0,luz,520.0
2026-12-26 12:10:00,sim@hotboat.cl,1000594.0,gas,10000.0
2026-12-27 12:00:00,sim@hotboat.cl,1000595.0,leña,1500.0
2026-12-27 12:00:00,sim@hotboat.cl,1000595.0,agua,700.0
2026-12-27 12:00:00,sim@hotboat.cl,1000595.0,luz,520.0
2026-12-27 12:00:00,sim@hotboat.cl,1000595.0,gas,10000.0
2026-12-27 12:10:00,sim@hotboat.cl,1000596.0,leña,1500.0
2026-12-27 12:10:00,sim@hotboat.cl,1000596.0,agua,700.0
2026-12-27 12:10:00,sim@hotboat.cl,1000596.0,luz,520.0
2026-12-27 12:10:00,sim@hotboat.cl,1000596.0,gas,10000.0
2026-12-27 12:20:00,sim@hotboat.cl,1000597.0,leña,1500.0
2026-12-27 12:20:00,sim@hotboat.cl,1000597.0,agua,700.0
2026-12-27 12:20:00,sim@hotboat.cl,1000597.0,luz,520.0
2026-12-27 12:20:00,sim@hotboat.cl,1000597.0,gas,10000.0
2026-12-27 12:30:00,sim@hotboat.cl,1000598.0,leña,1500.0
2026-12-27 12:30:00,sim@hotboat.cl,1000598.0,agua,700.0
2026-12-27 12:30:00,sim@hotboat.cl,1000598.0,luz,520.0
2026-12-27 12:30:00,sim@hotboat.cl,1000598.0,gas,10000.0
2026-12-29 12:00:00,sim@hotboat.cl,1000599.0,leña,1500.0
2026-12-29 12:00:00,sim@hotboat.cl,1000599.0,agua,700.0
2026-12-29 12:00:00,sim@hotboat.cl,1000599.0,luz,520.0
2026-12-29 12:00:00,sim@hotboat.cl,1000599.0,gas,10000.0
2026-12-29 12:10:00,sim@hotboat.cl,1000600.0,leña,1500.0
2026-12-29 12:10:00,sim@hotboat.cl,1000600.0,agua,700.0
2026-12-29 12:10:00,sim@hotboat.cl,1000600.0,luz,520.0
2026-12-29 12:10:00,sim@hotboat.cl,1000600.0,gas,10000.0
2026-12-01 20:00:00,sim@hotboat.cl,,pago extra ayudante (diario),60000.0
2026-12-02 20:00:00,sim@hotboat.cl,,pago extra ayudante (diario),90000.0
2026-12-03 20:00:00,sim@hotboat.cl,,pago extra ayudante (diario),60000.0
2026-12-05 20:00:00,sim@hotboat.cl,,pago extra ayudante (diario),150000.0
2026-12-06 20:00:00,sim@hotboat.cl,,pago extra ayudante (diario),150000.0
2026-12-07 20:00:00,sim@hotboat.cl,,pago extra ayudante (diario),30000.0
2026-12-10 20:00:00,sim@hotboat.cl,,pago extra ayudante (diario),30000.0
2026-12-12 20:00:00,sim@hotboat.cl,,pago extra ayudante (diario),90000.0
2026-12-13 20:00:00,sim@hotboat.cl,,pago extra ayudante (diario),30000.0
2026-12-15 20:00:00,sim@hotboat.cl,,pago extra ayudante (diario),30000.0
2026-12-17 20:00:00,sim@hotboat.cl,,pago extra ayudante (diario),30000.0
2026-12-19 20:00:00,sim@hotboat.cl,,pago extra ayudante (diario),30000.0
2026-12-20 20:00:00,sim@hotboat.cl,,pago extra ayudante (diario),90000.0
2026-12-23 20:00:00,sim@hotboat.cl,,pago extra ayudante (diario),30000.0
2026-12-24 20:00:00,sim@hotboat.cl,,pago extra ayudante (diario),30000.0
2026-12-25 20:00:00,sim@hotboat.cl,,pago extra ayudante (diario),90000.0
2026-12-26 20:00:00,sim@hotboat.cl,,pago extra ayudante (diario),60000.0
2026-12-27 20:00:00,sim@hotboat.cl,,pago extra ayudante (diario),120000.0
2026-12-29 20:00:00,sim@hotboat.cl,,pago extra ayudante (diario),60000.0
2027-01-01 12:00:00,sim@hotboat.cl,1000601.0,leña,1500.0
2027-01-01 12:00:00,sim@hotboat.cl,1000601.0,agua,700.0
2027-01-01 12:00:00,sim@hotboat.cl,1000601.0,luz,520.0
2027-01-01 12:00:00,sim@hotboat.cl,1000601.0,gas,10000.0
2027-01-01 12:10:00,sim@hotboat.cl,1000602.0,leña,1500.0
2027-01-01 12:10:00,sim@hotboat.cl,1000602.0,agua,700.0
2027-01-01 12:10:00,sim@hotboat.cl,1000602.0,luz,520.0
2027-01-01 12:10:00,sim@hotboat.cl,1000602.0,gas,10000.0
2027-01-02 12:00:00,sim@hotboat.cl,1000603.0,leña,1500.0
2027-01-02 12:00:00,sim@hotboat.cl,1000603.0,agua,700.0
2027-01-02 12:00:00,sim@hotboat.cl,1000603.0,luz,520.0
2027-01-02 12:00:00,sim@hotboat.cl,1000603.0,gas,10000.0
2027-01-02 12:10:00,sim@hotboat.cl,1000604.0,leña,1500.0
2027-01-02 12:10:00,sim@hotboat.cl,1000604.0,agua,700.0
2027-01-02 12:10:00,sim@hotboat.cl,1000604.0,luz,520.0
2027-01-02 12:10:00,sim@hotboat.cl,1000604.0,gas,10000.0
2027-01-02 12:20:00,sim@hotboat.cl,1000605.0,leña,1500.0
2027-01-02 12:20:00,sim@hotboat.cl,1000605.0,agua,700.0
2027-01-02 12:20:00,sim@hotboat.cl,1000605.0,luz,520.0
2027-01-02 12:20:00,sim@hotboat.cl,1000605.0,gas,10000.0
2027-01-02 12:30:00,sim@hotboat.cl,1000606.0,leña,1500.0
2027-01-02 12:30:00,sim@hotboat.cl,1000606.0,agua,700.0
2027-01-02 12:30:00,sim@hotboat.cl,1000606.0,luz,520.0
2027-01-02 12:30:00,sim@hotboat.cl,1000606.0,gas,10000.0
2027-01-02 12:40:00,sim@hotboat.cl,1000607.0,leña,1500.0
2027-01-02 12:40:00,sim@hotboat.cl,1000607.0,agua,700.0
2027-01-02 12:40:00,sim@hotboat.cl,1000607.0,luz,520.0
2027-01-02 12:40:00,sim@hotboat.cl,1000607.0,gas,10000.0
2027-01-03 12:00:00,sim@hotboat.cl,1000608.0,leña,1500.0
2027-01-03 12:00:00,sim@hotboat.cl,1000608.0,agua,700.0
2027-01-03 12:00:00,sim@hotboat.cl,1000608.0,luz,520.0
2027-01-03 12:00:00,sim@hotboat.cl,1000608.0,gas,10000.0
2027-01-03 12:00:00,sim@hotboat.cl,1000609.0,leña,1500.0
2027-01-03 12:00:00,sim@hotboat.cl,1000609.0,agua,700.0
2027-01-03 12:00:00,sim@hotboat.cl,1000609.0,luz,520.0
2027-01-03 12:00:00,sim@hotboat.cl,1000609.0,gas,10000.0
2027-01-03 12:10:00,sim@hotboat.cl,1000610.0,leña,1500.0
2027-01-03 12:10:00,sim@hotboat.cl,1000610.0,agua,700.0
2027-01-03 12:10:00,sim@hotboat.cl,1000610.0,luz,520.0
2027-01-03 12:10:00,sim@hotboat.cl,1000610.0,gas,10000.0
2027-01-03 12:10:00,sim@hotboat.cl,1000611.0,leña,1500.0
2027-01-03 12:10:00,sim@hotboat.cl,1000611.0,agua,700.0
2027-01-03 12:10:00,sim@hotboat.cl,1000611.0,luz,520.0
2027-01-03 12:10:00,sim@hotboat.cl,1000611.0,gas,10000.0
2027-01-03 12:20:00,sim@hotboat.cl,1000612.0,leña,1500.0
2027-01-03 12:20:00,sim@hotboat.cl,1000612.0,agua,700.0
2027-01-03 12:20:00,sim@hotboat.cl,1000612.0,luz,520.0
2027-01-03 12:20:00,sim@hotboat.cl,1000612.0,gas,10000.0
2027-01-03 12:20:00,sim@hotboat.cl,1000613.0,leña,1500.0
2027-01-03 12:20:00,sim@hotboat.cl,1000613.0,agua,700.0
2027-01-03 12:20:00,sim@hotboat.cl,1000613.0,luz,520.0
2027-01-03 12:20:00,sim@hotboat.cl,1000613.0,gas,10000.0
2027-01-03 12:30:00,sim@hotboat.cl,1000614.0,leña,1500.0
2027-01-03 12:30:00,sim@hotboat.cl,1000614.0,agua,700.0
2027-01-03 12:30:00,sim@hotboat.cl,1000614.0,luz,520.0
2027-01-03 12:30:00,sim@hotboat.cl,1000614.0,gas,10000.0
2027-01-03 12:30:00,sim@hotboat.cl,1000615.0,leña,1500.0
2027-01-03 12:30:00,sim@hotboat.cl,1000615.0,agua,700.0
2027-01-03 12:30:00,sim@hotboat.cl,1000615.0,luz,520.0
2027-01-03 12:30:00,sim@hotboat.cl,1000615.0,gas,10000.0
2027-01-03 12:40:00,sim@hotboat.cl,1000616.0,leña,1500.0
2027-01-03 12:40:00,sim@hotboat.cl,1000616.0,agua,700.0
2027-01-03 12:40:00,sim@hotboat.cl,1000616.0,luz,520.0
2027-01-03 12:40:00,sim@hotboat.cl,1000616.0,gas,10000.0
2027-01-03 12:40:00,sim@hotboat.cl,1000617.0,leña,1500.0
2027-01-03 12:40:00,sim@hotboat.cl,1000617.0,agua,700.0
2027-01-03 12:40:00,sim@hotboat.cl,1000617.0,luz,520.0
2027-01-03 12:40:00,sim@hotboat.cl,1000617.0,gas,10000.0
2027-01-03 12:50:00,sim@hotboat.cl,1000618.0,leña,1500.0
2027-01-03 12:50:00,sim@hotboat.cl,1000618.0,agua,700.0
2027-01-03 12:50:00,sim@hotboat.cl,1000618.0,luz,520.0
2027-01-03 12:50:00,sim@hotboat.cl,1000618.0,gas,10000.0
2027-01-03 12:50:00,sim@hotboat.cl,1000619.0,leña,1500.0
2027-01-03 12:50:00,sim@hotboat.cl,1000619.0,agua,700.0
2027-01-03 12:50:00,sim@hotboat.cl,1000619.0,luz,520.0
2027-01-03 12:50:00,sim@hotboat.cl,1000619.0,gas,10000.0
2027-01-04 12:00:00,sim@hotboat.cl,1000620.0,leña,1500.0
2027-01-04 12:00:00,sim@hotboat.cl,1000620.0,agua,700.0
2027-01-04 12:00:00,sim@hotboat.cl,1000620.0,luz,520.0
2027-01-04 12:00:00,sim@hotboat.cl,1000620.0,gas,10000.0
2027-01-04 12:10:00,sim@hotboat.cl,1000621.0,leña,1500.0
2027-01-04 12:10:00,sim@hotboat.cl,1000621.0,agua,700.0
2027-01-04 12:10:00,sim@hotboat.cl,1000621.0,luz,520.0
2027-01-04 12:10:00,sim@hotboat.cl,1000621.0,gas,10000.0
2027-01-04 12:20:00,sim@hotboat.cl,1000622.0,leña,1500.0
2027-01-04 12:20:00,sim@hotboat.cl,1000622.0,agua,700.0
2027-01-04 12:20:00,sim@hotboat.cl,1000622.0,luz,520.0
2027-01-04 12:20:00,sim@hotboat.cl,1000622.0,gas,10000.0
2027-01-05 12:00:00,sim@hotboat.cl,1000623.0,leña,1500.0
2027-01-05 12:00:00,sim@hotboat.cl,1000623.0,agua,700.0
2027-01-05 12:00:00,sim@hotboat.cl,1000623.0,luz,520.0
2027-01-05 12:00:00,sim@hotboat.cl,1000623.0,gas,10000.0
2027-01-05 12:10:00,sim@hotboat.cl,1000624.0,leña,1500.0
2027-01-05 12:10:00,sim@hotboat.cl,1000624.0,agua,700.0
2027-01-05 12:10:00,sim@hotboat.cl,1000624.0,luz,520.0
2027-01-05 12:10:00,sim@hotboat.cl,1000624.0,gas,10000.0
2027-01-05 12:20:00,sim@hotboat.cl,1000625.0,leña,1500.0
2027-01-05 12:20:00,sim@hotboat.cl,1000625.0,agua,700.0
2027-01-05 12:20:00,sim@hotboat.cl,1000625.0,luz,520.0
2027-01-05 12:20:00,sim@hotboat.cl,1000625.0,gas,10000.0
2027-01-05 12:30:00,sim@hotboat.cl,1000626.0,leña,1500.0
2027-01-05 12:30:00,sim@hotboat.cl,1000626.0,agua,700.0
2027-01-05 12:30:00,sim@hotboat.cl,1000626.0,luz,520.0
2027-01-05 12:30:00,sim@hotboat.cl,1000626.0,gas,10000.0
2027-01-05 12:40:00,sim@hotboat.cl,1000627.0,leña,1500.0
2027-01-05 12:40:00,sim@hotboat.cl,1000627.0,agua,700.0
2027-01-05 12:40:00,sim@hotboat.cl,1000627.0,luz,520.0
2027-01-05 12:40:00,sim@hotboat.cl,1000627.0,gas,10000.0
2027-01-06 12:00:00,sim@hotboat.cl,1000628.0,leña,1500.0
2027-01-06 12:00:00,sim@hotboat.cl,1000628.0,agua,700.0
2027-01-06 12:00:00,sim@hotboat.cl,1000628.0,luz,520.0
2027-01-06 12:00:00,sim@hotboat.cl,1000628.0,gas,10000.0
2027-01-06 12:10:00,sim@hotboat.cl,1000629.0,leña,1500.0
2027-01-06 12:10:00,sim@hotboat.cl,1000629.0,agua,700.0
2027-01-06 12:10:00,sim@hotboat.cl,1000629.0,luz,520.0
2027-01-06 12:10:00,sim@hotboat.cl,1000629.0,gas,10000.0
2027-01-06 12:20:00,sim@hotboat.cl,1000630.0,leña,1500.0
2027-01-06 12:20:00,sim@hotboat.cl,1000630.0,agua,700.0
2027-01-06 12:20:00,sim@hotboat.cl,1000630.0,luz,520.0
2027-01-06 12:20:00,sim@hotboat.cl,1000630.0,gas,10000.0
2027-01-07 12:00:00,sim@hotboat.cl,1000631.0,leña,1500.0
2027-01-07 12:00:00,sim@hotboat.cl,1000631.0,agua,700.0
2027-01-07 12:00:00,sim@hotboat.cl,1000631.0,luz,520.0
2027-01-07 12:00:00,sim@hotboat.cl,1000631.0,gas,10000.0
2027-01-07 12:10:00,sim@hotboat.cl,1000632.0,leña,1500.0
2027-01-07 12:10:00,sim@hotboat.cl,1000632.0,agua,700.0
2027-01-07 12:10:00,sim@hotboat.cl,1000632.0,luz,520.0
2027-01-07 12:10:00,sim@hotboat.cl,1000632.0,gas,10000.0
2027-01-07 12:20:00,sim@hotboat.cl,1000633.0,leña,1500.0
2027-01-07 12:20:00,sim@hotboat.cl,1000633.0,agua,700.0
2027-01-07 12:20:00,sim@hotboat.cl,1000633.0,luz,520.0
2027-01-07 12:20:00,sim@hotboat.cl,1000633.0,gas,10000.0
2027-01-07 12:30:00,sim@hotboat.cl,1000634.0,leña,1500.0
2027-01-07 12:30:00,sim@hotboat.cl,1000634.0,agua,700.0
2027-01-07 12:30:00,sim@hotboat.cl,1000634.0,luz,520.0
2027-01-07 12:30:00,sim@hotboat.cl,1000634.0,gas,10000.0
2027-01-08 12:00:00,sim@hotboat.cl,1000635.0,leña,1500.0
2027-01-08 12:00:00,sim@hotboat.cl,1000635.0,agua,700.0
2027-01-08 12:00:00,sim@hotboat.cl,1000635.0,luz,520.0
2027-01-08 12:00:00,sim@hotboat.cl,1000635.0,gas,10000.0
2027-01-09 12:00:00,sim@hotboat.cl,1000636.0,leña,1500.0
2027-01-09 12:00:00,sim@hotboat.cl,1000636.0,agua,700.0
2027-01-09 12:00:00,sim@hotboat.cl,1000636.0,luz,520.0
2027-01-09 12:00:00,sim@hotboat.cl,1000636.0,gas,10000.0
2027-01-09 12:00:00,sim@hotboat.cl,1000637.0,leña,1500.0
2027-01-09 12:00:00,sim@hotboat.cl,1000637.0,agua,700.0
2027-01-09 12:00:00,sim@hotboat.cl,1000637.0,luz,520.0
2027-01-09 12:00:00,sim@hotboat.cl,1000637.0,gas,10000.0
2027-01-09 12:10:00,sim@hotboat.cl,1000638.0,leña,1500.0
2027-01-09 12:10:00,sim@hotboat.cl,1000638.0,agua,700.0
2027-01-09 12:10:00,sim@hotboat.cl,1000638.0,luz,520.0
2027-01-09 12:10:00,sim@hotboat.cl,1000638.0,gas,10000.0
2027-01-09 12:10:00,sim@hotboat.cl,1000639.0,leña,1500.0
2027-01-09 12:10:00,sim@hotboat.cl,1000639.0,agua,700.0
2027-01-09 12:10:00,sim@hotboat.cl,1000639.0,luz,520.0
2027-01-09 12:10:00,sim@hotboat.cl,1000639.0,gas,10000.0
2027-01-09 12:20:00,sim@hotboat.cl,1000640.0,leña,1500.0
2027-01-09 12:20:00,sim@hotboat.cl,1000640.0,agua,700.0
2027-01-09 12:20:00,sim@hotboat.cl,1000640.0,luz,520.0
2027-01-09 12:20:00,sim@hotboat.cl,1000640.0,gas,10000.0
2027-01-09 12:30:00,sim@hotboat.cl,1000641.0,leña,1500.0
2027-01-09 12:30:00,sim@hotboat.cl,1000641.0,agua,700.0
2027-01-09 12:30:00,sim@hotboat.cl,1000641.0,luz,520.0
2027-01-09 12:30:00,sim@hotboat.cl,1000641.0,gas,10000.0
2027-01-09 12:40:00,sim@hotboat.cl,1000642.0,leña,1500.0
2027-01-09 12:40:00,sim@hotboat.cl,1000642.0,agua,700.0
2027-01-09 12:40:00,sim@hotboat.cl,1000642.0,luz,520.0
2027-01-09 12:40:00,sim@hotboat.cl,1000642.0,gas,10000.0
2027-01-09 12:50:00,sim@hotboat.cl,1000643.0,leña,1500.0
2027-01-09 12:50:00,sim@hotboat.cl,1000643.0,agua,700.0
2027-01-09 12:50:00,sim@hotboat.cl,1000643.0,luz,520.0
2027-01-09 12:50:00,sim@hotboat.cl,1000643.0,gas,10000.0
2027-01-10 12:00:00,sim@hotboat.cl,1000644.0,leña,1500.0
2027-01-10 12:00:00,sim@hotboat.cl,1000644.0,agua,700.0
2027-01-10 12:00:00,sim@hotboat.cl,1000644.0,luz,520.0
2027-01-10 12:00:00,sim@hotboat.cl,1000644.0,gas,10000.0
2027-01-10 12:10:00,sim@hotboat.cl,1000645.0,leña,1500.0
2027-01-10 12:10:00,sim@hotboat.cl,1000645.0,agua,700.0
2027-01-10 12:10:00,sim@hotboat.cl,1000645.0,luz,520.0
2027-01-10 12:10:00,sim@hotboat.cl,1000645.0,gas,10000.0
2027-01-10 12:20:00,sim@hotboat.cl,1000646.0,leña,1500.0
2027-01-10 12:20:00,sim@hotboat.cl,1000646.0,agua,700.0
2027-01-10 12:20:00,sim@hotboat.cl,1000646.0,luz,520.0
2027-01-10 12:20:00,sim@hotboat.cl,1000646.0,gas,10000.0
2027-01-10 12:30:00,sim@hotboat.cl,1000647.0,leña,1500.0
2027-01-10 12:30:00,sim@hotboat.cl,1000647.0,agua,700.0
2027-01-10 12:30:00,sim@hotboat.cl,1000647.0,luz,520.0
2027-01-10 12:30:00,sim@hotboat.cl,1000647.0,gas,10000.0
2027-01-10 12:40:00,sim@hotboat.cl,1000648.0,leña,1500.0
2027-01-10 12:40:00,sim@hotboat.cl,1000648.0,agua,700.0
2027-01-10 12:40:00,sim@hotboat.cl,1000648.0,luz,520.0
2027-01-10 12:40:00,sim@hotboat.cl,1000648.0,gas,10000.0
2027-01-11 12:00:00,sim@hotboat.cl,1000649.0,leña,1500.0
2027-01-11 12:00:00,sim@hotboat.cl,1000649.0,agua,700.0
2027-01-11 12:00:00,sim@hotboat.cl,1000649.0,luz,520.0
2027-01-11 12:00:00,sim@hotboat.cl,1000649.0,gas,10000.0
2027-01-12 12:00:00,sim@hotboat.cl,1000650.0,leña,1500.0
2027-01-12 12:00:00,sim@hotboat.cl,1000650.0,agua,700.0
2027-01-12 12:00:00,sim@hotboat.cl,1000650.0,luz,520.0
2027-01-12 12:00:00,sim@hotboat.cl,1000650.0,gas,10000.0
2027-01-12 12:10:00,sim@hotboat.cl,1000651.0,leña,1500.0
2027-01-12 12:10:00,sim@hotboat.cl,1000651.0,agua,700.0
2027-01-12 12:10:00,sim@hotboat.cl,1000651.0,luz,520.0
2027-01-12 12:10:00,sim@hotboat.cl,1000651.0,gas,10000.0
2027-01-13 12:00:00,sim@hotboat.cl,1000652.0,leña,1500.0
2027-01-13 12:00:00,sim@hotboat.cl,1000652.0,agua,700.0
2027-01-13 12:00:00,sim@hotboat.cl,1000652.0,luz,520.0
2027-01-13 12:00:00,sim@hotboat.cl,1000652.0,gas,10000.0
2027-01-14 12:00:00,sim@hotboat.cl,1000653.0,leña,1500.0
2027-01-14 12:00:00,sim@hotboat.cl,1000653.0,agua,700.0
2027-01-14 12:00:00,sim@hotboat.cl,1000653.0,luz,520.0
2027-01-14 12:00:00,sim@hotboat.cl,1000653.0,gas,10000.0
2027-01-14 12:10:00,sim@hotboat.cl,1000654.0,leña,1500.0
2027-01-14 12:10:00,sim@hotboat.cl,1000654.0,agua,700.0
2027-01-14 12:10:00,sim@hotboat.cl,1000654.0,luz,520.0
2027-01-14 12:10:00,sim@hotboat.cl,1000654.0,gas,10000.0
2027-01-15 12:00:00,sim@hotboat.cl,1000655.0,leña,1500.0
2027-01-15 12:00:00,sim@hotboat.cl,1000655.0,agua,700.0
2027-01-15 12:00:00,sim@hotboat.cl,1000655.0,luz,520.0
2027-01-15 12:00:00,sim@hotboat.cl,1000655.0,gas,10000.0
2027-01-15 12:10:00,sim@hotboat.cl,1000656.0,leña,1500.0
2027-01-15 12:10:00,sim@hotboat.cl,1000656.0,agua,700.0
2027-01-15 12:10:00,sim@hotboat.cl,1000656.0,luz,520.0
2027-01-15 12:10:00,sim@hotboat.cl,1000656.0,gas,10000.0
2027-01-15 12:20:00,sim@hotboat.cl,1000657.0,leña,1500.0
2027-01-15 12:20:00,sim@hotboat.cl,1000657.0,agua,700.0
2027-01-15 12:20:00,sim@hotboat.cl,1000657.0,luz,520.0
2027-01-15 12:20:00,sim@hotboat.cl,1000657.0,gas,10000.0
2027-01-15 12:30:00,sim@hotboat.cl,1000658.0,leña,1500.0
2027-01-15 12:30:00,sim@hotboat.cl,1000658.0,agua,700.0
2027-01-15 12:30:00,sim@hotboat.cl,1000658.0,luz,520.0
2027-01-15 12:30:00,sim@hotboat.cl,1000658.0,gas,10000.0
2027-01-16 12:00:00,sim@hotboat.cl,1000659.0,leña,1500.0
2027-01-16 12:00:00,sim@hotboat.cl,1000659.0,agua,700.0
2027-01-16 12:00:00,sim@hotboat.cl,1000659.0,luz,520.0
2027-01-16 12:00:00,sim@hotboat.cl,1000659.0,gas,10000.0
2027-01-16 12:10:00,sim@hotboat.cl,1000660.0,leña,1500.0
2027-01-16 12:10:00,sim@hotboat.cl,1000660.0,agua,700.0
2027-01-16 12:10:00,sim@hotboat.cl,1000660.0,luz,520.0
2027-01-16 12:10:00,sim@hotboat.cl,1000660.0,gas,10000.0
2027-01-16 12:20:00,sim@hotboat.cl,1000661.0,leña,1500.0
2027-01-16 12:20:00,sim@hotboat.cl,1000661.0,agua,700.0
2027-01-16 12:20:00,sim@hotboat.cl,1000661.0,luz,520.0
2027-01-16 12:20:00,sim@hotboat.cl,1000661.0,gas,10000.0
2027-01-16 12:30:00,sim@hotboat.cl,1000662.0,leña,1500.0
2027-01-16 12:30:00,sim@hotboat.cl,1000662.0,agua,700.0
2027-01-16 12:30:00,sim@hotboat.cl,1000662.0,luz,520.0
2027-01-16 12:30:00,sim@hotboat.cl,1000662.0,gas,10000.0
2027-01-17 12:00:00,sim@hotboat.cl,1000663.0,leña,1500.0
2027-01-17 12:00:00,sim@hotboat.cl,1000663.0,agua,700.0
2027-01-17 12:00:00,sim@hotboat.cl,1000663.0,luz,520.0
2027-01-17 12:00:00,sim@hotboat.cl,1000663.0,gas,10000.0
2027-01-17 12:00:00,sim@hotboat.cl,1000664.0,leña,1500.0
2027-01-17 12:00:00,sim@hotboat.cl,1000664.0,agua,700.0
2027-01-17 12:00:00,sim@hotboat.cl,1000664.0,luz,520.0
2027-01-17 12:00:00,sim@hotboat.cl,1000664.0,gas,10000.0
2027-01-17 12:10:00,sim@hotboat.cl,1000665.0,leña,1500.0
2027-01-17 12:10:00,sim@hotboat.cl,1000665.0,agua,700.0
2027-01-17 12:10:00,sim@hotboat.cl,1000665.0,luz,520.0
2027-01-17 12:10:00,sim@hotboat.cl,1000665.0,gas,10000.0
2027-01-17 12:10:00,sim@hotboat.cl,1000666.0,leña,1500.0
2027-01-17 12:10:00,sim@hotboat.cl,1000666.0,agua,700.0
2027-01-17 12:10:00,sim@hotboat.cl,1000666.0,luz,520.0
2027-01-17 12:10:00,sim@hotboat.cl,1000666.0,gas,10000.0
2027-01-17 12:20:00,sim@hotboat.cl,1000667.0,leña,1500.0
2027-01-17 12:20:00,sim@hotboat.cl,1000667.0,agua,700.0
2027-01-17 12:20:00,sim@hotboat.cl,1000667.0,luz,520.0
2027-01-17 12:20:00,sim@hotboat.cl,1000667.0,gas,10000.0
2027-01-17 12:20:00,sim@hotboat.cl,1000668.0,leña,1500.0
2027-01-17 12:20:00,sim@hotboat.cl,1000668.0,agua,700.0
2027-01-17 12:20:00,sim@hotboat.cl,1000668.0,luz,520.0
2027-01-17 12:20:00,sim@hotboat.cl,1000668.0,gas,10000.0
2027-01-17 12:30:00,sim@hotboat.cl,1000669.0,leña,1500.0
2027-01-17 12:30:00,sim@hotboat.cl,1000669.0,agua,700.0
2027-01-17 12:30:00,sim@hotboat.cl,1000669.0,luz,520.0
2027-01-17 12:30:00,sim@hotboat.cl,1000669.0,gas,10000.0
2027-01-17 12:30:00,sim@hotboat.cl,1000670.0,leña,1500.0
2027-01-17 12:30:00,sim@hotboat.cl,1000670.0,agua,700.0
2027-01-17 12:30:00,sim@hotboat.cl,1000670.0,luz,520.0
2027-01-17 12:30:00,sim@hotboat.cl,1000670.0,gas,10000.0
2027-01-17 12:40:00,sim@hotboat.cl,1000671.0,leña,1500.0
2027-01-17 12:40:00,sim@hotboat.cl,1000671.0,agua,700.0
2027-01-17 12:40:00,sim@hotboat.cl,1000671.0,luz,520.0
2027-01-17 12:40:00,sim@hotboat.cl,1000671.0,gas,10000.0
2027-01-17 12:40:00,sim@hotboat.cl,1000672.0,leña,1500.0
2027-01-17 12:40:00,sim@hotboat.cl,1000672.0,agua,700.0
2027-01-17 12:40:00,sim@hotboat.cl,1000672.0,luz,520.0
2027-01-17 12:40:00,sim@hotboat.cl,1000672.0,gas,10000.0
2027-01-17 12:50:00,sim@hotboat.cl,1000673.0,leña,1500.0
2027-01-17 12:50:00,sim@hotboat.cl,1000673.0,agua,700.0
2027-01-17 12:50:00,sim@hotboat.cl,1000673.0,luz,520.0
2027-01-17 12:50:00,sim@hotboat.cl,1000673.0,gas,10000.0
2027-01-18 12:00:00,sim@hotboat.cl,1000674.0,leña,1500.0
2027-01-18 12:00:00,sim@hotboat.cl,1000674.0,agua,700.0
2027-01-18 12:00:00,sim@hotboat.cl,1000674.0,luz,520.0
2027-01-18 12:00:00,sim@hotboat.cl,1000674.0,gas,10000.0
2027-01-18 12:10:00,sim@hotboat.cl,1000675.0,leña,1500.0
2027-01-18 12:10:00,sim@hotboat.cl,1000675.0,agua,700.0
2027-01-18 12:10:00,sim@hotboat.cl,1000675.0,luz,520.0
2027-01-18 12:10:00,sim@hotboat.cl,1000675.0,gas,10000.0
2027-01-18 12:20:00,sim@hotboat.cl,1000676.0,leña,1500.0
2027-01-18 12:20:00,sim@hotboat.cl,1000676.0,agua,700.0
2027-01-18 12:20:00,sim@hotboat.cl,1000676.0,luz,520.0
2027-01-18 12:20:00,sim@hotboat.cl,1000676.0,gas,10000.0
2027-01-19 12:00:00,sim@hotboat.cl,1000677.0,leña,1500.0
2027-01-19 12:00:00,sim@hotboat.cl,1000677.0,agua,700.0
2027-01-19 12:00:00,sim@hotboat.cl,1000677.0,luz,520.0
2027-01-19 12:00:00,sim@hotboat.cl,1000677.0,gas,10000.0
2027-01-19 12:10:00,sim@hotboat.cl,1000678.0,leña,1500.0
2027-01-19 12:10:00,sim@hotboat.cl,1000678.0,agua,700.0
2027-01-19 12:10:00,sim@hotboat.cl,1000678.0,luz,520.0
2027-01-19 12:10:00,sim@hotboat.cl,1000678.0,gas,10000.0
2027-01-19 12:20:00,sim@hotboat.cl,1000679.0,leña,1500.0
2027-01-19 12:20:00,sim@hotboat.cl,1000679.0,agua,700.0
2027-01-19 12:20:00,sim@hotboat.cl,1000679.0,luz,520.0
2027-01-19 12:20:00,sim@hotboat.cl,1000679.0,gas,10000.0
2027-01-19 12:30:00,sim@hotboat.cl,1000680.0,leña,1500.0
2027-01-19 12:30:00,sim@hotboat.cl,1000680.0,agua,700.0
2027-01-19 12:30:00,sim@hotboat.cl,1000680.0,luz,520.0
2027-01-19 12:30:00,sim@hotboat.cl,1000680.0,gas,10000.0
2027-01-20 12:00:00,sim@hotboat.cl,1000681.0,leña,1500.0
2027-01-20 12:00:00,sim@hotboat.cl,1000681.0,agua,700.0
2027-01-20 12:00:00,sim@hotboat.cl,1000681.0,luz,520.0
2027-01-20 12:00:00,sim@hotboat.cl,1000681.0,gas,10000.0
2027-01-21 12:00:00,sim@hotboat.cl,1000682.0,leña,1500.0
2027-01-21 12:00:00,sim@hotboat.cl,1000682.0,agua,700.0
2027-01-21 12:00:00,sim@hotboat.cl,1000682.0,luz,520.0
2027-01-21 12:00:00,sim@hotboat.cl,1000682.0,gas,10000.0
2027-01-21 12:10:00,sim@hotboat.cl,1000683.0,leña,1500.0
2027-01-21 12:10:00,sim@hotboat.cl,1000683.0,agua,700.0
2027-01-21 12:10:00,sim@hotboat.cl,1000683.0,luz,520.0
2027-01-21 12:10:00,sim@hotboat.cl,1000683.0,gas,10000.0
2027-01-21 12:20:00,sim@hotboat.cl,1000684.0,leña,1500.0
2027-01-21 12:20:00,sim@hotboat.cl,1000684.0,agua,700.0
2027-01-21 12:20:00,sim@hotboat.cl,1000684.0,luz,520.0
2027-01-21 12:20:00,sim@hotboat.cl,1000684.0,gas,10000.0
2027-01-21 12:30:00,sim@hotboat.cl,1000685.0,leña,1500.0
2027-01-21 12:30:00,sim@hotboat.cl,1000685.0,agua,700.0
2027-01-21 12:30:00,sim@hotboat.cl,1000685.0,luz,520.0
2027-01-21 12:30:00,sim@hotboat.cl,1000685.0,gas,10000.0
2027-01-22 12:00:00,sim@hotboat.cl,1000686.0,leña,1500.0
2027-01-22 12:00:00,sim@hotboat.cl,1000686.0,agua,700.0
2027-01-22 12:00:00,sim@hotboat.cl,1000686.0,luz,520.0
2027-01-22 12:00:00,sim@hotboat.cl,1000686.0,gas,10000.0
2027-01-22 12:10:00,sim@hotboat.cl,1000687.0,leña,1500.0
2027-01-22 12:10:00,sim@hotboat.cl,1000687.0,agua,700.0
2027-01-22 12:10:00,sim@hotboat.cl,1000687.0,luz,520.0
2027-01-22 12:10:00,sim@hotboat.cl,1000687.0,gas,10000.0
2027-01-23 12:00:00,sim@hotboat.cl,1000688.0,leña,1500.0
2027-01-23 12:00:00,sim@hotboat.cl,1000688.0,agua,700.0
2027-01-23 12:00:00,sim@hotboat.cl,1000688.0,luz,520.0
2027-01-23 12:00:00,sim@hotboat.cl,1000688.0,gas,10000.0
2027-01-23 12:10:00,sim@hotboat.cl,1000689.0,leña,1500.0
2027-01-23 12:10:00,sim@hotboat.cl,1000689.0,agua,700.0
2027-01-23 12:10:00,sim@hotboat.cl,1000689.0,luz,520.0
2027-01-23 12:10:00,sim@hotboat.cl,1000689.0,gas,10000.0
2027-01-23 12:20:00,sim@hotboat.cl,1000690.0,leña,1500.0
2027-01-23 12:20:00,sim@hotboat.cl,1000690.0,agua,700.0
2027-01-23 12:20:00,sim@hotboat.cl,1000690.0,luz,520.0
2027-01-23 12:20:00,sim@hotboat.cl,1000690.0,gas,10000.0
2027-01-23 12:30:00,sim@hotboat.cl,1000691.0,leña,1500.0
2027-01-23 12:30:00,sim@hotboat.cl,1000691.0,agua,700.0
2027-01-23 12:30:00,sim@hotboat.cl,1000691.0,luz,520.0
2027-01-23 12:30:00,sim@hotboat.cl,1000691.0,gas,10000.0
2027-01-23 12:40:00,sim@hotboat.cl,1000692.0,leña,1500.0
2027-01-23 12:40:00,sim@hotboat.cl,1000692.0,agua,700.0
2027-01-23 12:40:00,sim@hotboat.cl,1000692.0,luz,520.0
2027-01-23 12:40:00,sim@hotboat.cl,1000692.0,gas,10000.0
2027-01-23 12:50:00,sim@hotboat.cl,1000693.0,leña,1500.0
2027-01-23 12:50:00,sim@hotboat.cl,1000693.0,agua,700.0
2027-01-23 12:50:00,sim@hotboat.cl,1000693.0,luz,520.0
2027-01-23 12:50:00,sim@hotboat.cl,1000693.0,gas,10000.0
2027-01-24 12:00:00,sim@hotboat.cl,1000694.0,leña,1500.0
2027-01-24 12:00:00,sim@hotboat.cl,1000694.0,agua,700.0
2027-01-24 12:00:00,sim@hotboat.cl,1000694.0,luz,520.0
2027-01-24 12:00:00,sim@hotboat.cl,1000694.0,gas,10000.0
2027-01-24 12:10:00,sim@hotboat.cl,1000695.0,leña,1500.0
2027-01-24 12:10:00,sim@hotboat.cl,1000695.0,agua,700.0
2027-01-24 12:10:00,sim@hotboat.cl,1000695.0,luz,520.0
2027-01-24 12:10:00,sim@hotboat.cl,1000695.0,gas,10000.0
2027-01-24 12:20:00,sim@hotboat.cl,1000696.0,leña,1500.0
2027-01-24 12:20:00,sim@hotboat.cl,1000696.0,agua,700.0
2027-01-24 12:20:00,sim@hotboat.cl,1000696.0,luz,520.0
2027-01-24 12:20:00,sim@hotboat.cl,1000696.0,gas,10000.0
2027-01-24 12:30:00,sim@hotboat.cl,1000697.0,leña,1500.0
2027-01-24 12:30:00,sim@hotboat.cl,1000697.0,agua,700.0
2027-01-24 12:30:00,sim@hotboat.cl,1000697.0,luz,520.0
2027-01-24 12:30:00,sim@hotboat.cl,1000697.0,gas,10000.0
2027-01-24 12:40:00,sim@hotboat.cl,1000698.0,leña,1500.0
2027-01-24 12:40:00,sim@hotboat.cl,1000698.0,agua,700.0
2027-01-24 12:40:00,sim@hotboat.cl,1000698.0,luz,520.0
2027-01-24 12:40:00,sim@hotboat.cl,1000698.0,gas,10000.0
2027-01-24 12:50:00,sim@hotboat.cl,1000699.0,leña,1500.0
2027-01-24 12:50:00,sim@hotboat.cl,1000699.0,agua,700.0
2027-01-24 12:50:00,sim@hotboat.cl,1000699.0,luz,520.0
2027-01-24 12:50:00,sim@hotboat.cl,1000699.0,gas,10000.0
2027-01-25 12:00:00,sim@hotboat.cl,1000700.0,leña,1500.0
2027-01-25 12:00:00,sim@hotboat.cl,1000700.0,agua,700.0
2027-01-25 12:00:00,sim@hotboat.cl,1000700.0,luz,520.0
2027-01-25 12:00:00,sim@hotboat.cl,1000700.0,gas,10000.0
2027-01-25 12:10:00,sim@hotboat.cl,1000701.0,leña,1500.0
2027-01-25 12:10:00,sim@hotboat.cl,1000701.0,agua,700.0
2027-01-25 12:10:00,sim@hotboat.cl,1000701.0,luz,520.0
2027-01-25 12:10:00,sim@hotboat.cl,1000701.0,gas,10000.0
2027-01-25 12:20:00,sim@hotboat.cl,1000702.0,leña,1500.0
2027-01-25 12:20:00,sim@hotboat.cl,1000702.0,agua,700.0
2027-01-25 12:20:00,sim@hotboat.cl,1000702.0,luz,520.0
2027-01-25 12:20:00,sim@hotboat.cl,1000702.0,gas,10000.0
2027-01-26 12:00:00,sim@hotboat.cl,1000703.0,leña,1500.0
2027-01-26 12:00:00,sim@hotboat.cl,1000703.0,agua,700.0
2027-01-26 12:00:00,sim@hotboat.cl,1000703.0,luz,520.0
2027-01-26 12:00:00,sim@hotboat.cl,1000703.0,gas,10000.0
2027-01-26 12:10:00,sim@hotboat.cl,1000704.0,leña,1500.0
2027-01-26 12:10:00,sim@hotboat.cl,1000704.0,agua,700.0
2027-01-26 12:10:00,sim@hotboat.cl,1000704.0,luz,520.0
2027-01-26 12:10:00,sim@hotboat.cl,1000704.0,gas,10000.0
2027-01-26 12:20:00,sim@hotboat.cl,1000705.0,leña,1500.0
2027-01-26 12:20:00,sim@hotboat.cl,1000705.0,agua,700.0
2027-01-26 12:20:00,sim@hotboat.cl,1000705.0,luz,520.0
2027-01-26 12:20:00,sim@hotboat.cl,1000705.0,gas,10000.0
2027-01-27 12:00:00,sim@hotboat.cl,1000706.0,leña,1500.0
2027-01-27 12:00:00,sim@hotboat.cl,1000706.0,agua,700.0
2027-01-27 12:00:00,sim@hotboat.cl,1000706.0,luz,520.0
2027-01-27 12:00:00,sim@hotboat.cl,1000706.0,gas,10000.0
2027-01-27 12:10:00,sim@hotboat.cl,1000707.0,leña,1500.0
2027-01-27 12:10:00,sim@hotboat.cl,1000707.0,agua,700.0
2027-01-27 12:10:00,sim@hotboat.cl,1000707.0,luz,520.0
2027-01-27 12:10:00,sim@hotboat.cl,1000707.0,gas,10000.0
2027-01-27 12:20:00,sim@hotboat.cl,1000708.0,leña,1500.0
2027-01-27 12:20:00,sim@hotboat.cl,1000708.0,agua,700.0
2027-01-27 12:20:00,sim@hotboat.cl,1000708.0,luz,520.0
2027-01-27 12:20:00,sim@hotboat.cl,1000708.0,gas,10000.0
2027-01-27 12:30:00,sim@hotboat.cl,1000709.0,leña,1500.0
2027-01-27 12:30:00,sim@hotboat.cl,1000709.0,agua,700.0
2027-01-27 12:30:00,sim@hotboat.cl,1000709.0,luz,520.0
2027-01-27 12:30:00,sim@hotboat.cl,1000709.0,gas,10000.0
2027-01-28 12:00:00,sim@hotboat.cl,1000710.0,leña,1500.0
2027-01-28 12:00:00,sim@hotboat.cl,1000710.0,agua,700.0
2027-01-28 12:00:00,sim@hotboat.cl,1000710.0,luz,520.0
2027-01-28 12:00:00,sim@hotboat.cl,1000710.0,gas,10000.0
2027-01-28 12:10:00,sim@hotboat.cl,1000711.0,leña,1500.0
2027-01-28 12:10:00,sim@hotboat.cl,1000711.0,agua,700.0
2027-01-28 12:10:00,sim@hotboat.cl,1000711.0,luz,520.0
2027-01-28 12:10:00,sim@hotboat.cl,1000711.0,gas,10000.0
2027-01-28 12:20:00,sim@hotboat.cl,1000712.0,leña,1500.0
2027-01-28 12:20:00,sim@hotboat.cl,1000712.0,agua,700.0
2027-01-28 12:20:00,sim@hotboat.cl,1000712.0,luz,520.0
2027-01-28 12:20:00,sim@hotboat.cl,1000712.0,gas,10000.0
2027-01-29 12:00:00,sim@hotboat.cl,1000713.0,leña,1500.0
2027-01-29 12:00:00,sim@hotboat.cl,1000713.0,agua,700.0
2027-01-29 12:00:00,sim@hotboat.cl,1000713.0,luz,520.0
2027-01-29 12:00:00,sim@hotboat.cl,1000713.0,gas,10000.0
2027-01-29 12:10:00,sim@hotboat.cl,1000714.0,leña,1500.0
2027-01-29 12:10:00,sim@hotboat.cl,1000714.0,agua,700.0
2027-01-29 12:10:00,sim@hotboat.cl,1000714.0,luz,520.0
2027-01-29 12:10:00,sim@hotboat.cl,1000714.0,gas,10000.0
2027-01-30 12:00:00,sim@hotboat.cl,1000715.0,leña,1500.0
2027-01-30 12:00:00,sim@hotboat.cl,1000715.0,agua,700.0
2027-01-30 12:00:00,sim@hotboat.cl,1000715.0,luz,520.0
2027-01-30 12:00:00,sim@hotboat.cl,1000715.0,gas,10000.0
2027-01-30 12:00:00,sim@hotboat.cl,1000716.0,leña,1500.0
2027-01-30 12:00:00,sim@hotboat.cl,1000716.0,agua,700.0
2027-01-30 12:00:00,sim@hotboat.cl,1000716.0,luz,520.0
2027-01-30 12:00:00,sim@hotboat.cl,1000716.0,gas,10000.0
2027-01-30 12:10:00,sim@hotboat.cl,1000717.0,leña,1500.0
2027-01-30 12:10:00,sim@hotboat.cl,1000717.0,agua,700.0
2027-01-30 12:10:00,sim@hotboat.cl,1000717.0,luz,520.0
2027-01-30 12:10:00,sim@hotboat.cl,1000717.0,gas,10000.0
2027-01-30 12:10:00,sim@hotboat.cl,1000718.0,leña,1500.0
2027-01-30 12:10:00,sim@hotboat.cl,1000718.0,agua,700.0
2027-01-30 12:10:00,sim@hotboat.cl,1000718.0,luz,520.0
2027-01-30 12:10:00,sim@hotboat.cl,1000718.0,gas,10000.0
2027-01-30 12:20:00,sim@hotboat.cl,1000719.0,leña,1500.0
2027-01-30 12:20:00,sim@hotboat.cl,1000719.0,agua,700.0
2027-01-30 12:20:00,sim@hotboat.cl,1000719.0,luz,520.0
2027-01-30 12:20:00,sim@hotboat.cl,1000719.0,gas,10000.0
2027-01-30 12:20:00,sim@hotboat.cl,1000720.0,leña,1500.0
2027-01-30 12:20:00,sim@hotboat.cl,1000720.0,agua,700.0
2027-01-30 12:20:00,sim@hotboat.cl,1000720.0,luz,520.0
2027-01-30 12:20:00,sim@hotboat.cl,1000720.0,gas,10000.0
2027-01-30 12:30:00,sim@hotboat.cl,1000721.0,leña,1500.0
2027-01-30 12:30:00,sim@hotboat.cl,1000721.0,agua,700.0
2027-01-30 12:30:00,sim@hotboat.cl,1000721.0,luz,520.0
2027-01-30 12:30:00,sim@hotboat.cl,1000721.0,gas,10000.0
2027-01-30 12:40:00,sim@hotboat.cl,1000722.0,leña,1500.0
2027-01-30 12:40:00,sim@hotboat.cl,1000722.0,agua,700.0
2027-01-30 12:40:00,sim@hotboat.cl,1000722.0,luz,520.0
2027-01-30 12:40:00,sim@hotboat.cl,1000722.0,gas,10000.0
2027-01-30 12:50:00,sim@hotboat.cl,1000723.0,leña,1500.0
2027-01-30 12:50:00,sim@hotboat.cl,1000723.0,agua,700.0
2027-01-30 12:50:00,sim@hotboat.cl,1000723.0,luz,520.0
2027-01-30 12:50:00,sim@hotboat.cl,1000723.0,gas,10000.0
2027-01-31 12:00:00,sim@hotboat.cl,1000724.0,leña,1500.0
2027-01-31 12:00:00,sim@hotboat.cl,1000724.0,agua,700.0
2027-01-31 12:00:00,sim@hotboat.cl,1000724.0,luz,520.0
2027-01-31 12:00:00,sim@hotboat.cl,1000724.0,gas,10000.0
2027-01-31 12:00:00,sim@hotboat.cl,1000725.0,leña,1500.0
2027-01-31 12:00:00,sim@hotboat.cl,1000725.0,agua,700.0
2027-01-31 12:00:00,sim@hotboat.cl,1000725.0,luz,520.0
2027-01-31 12:00:00,sim@hotboat.cl,1000725.0,gas,10000.0
2027-01-31 12:10:00,sim@hotboat.cl,1000726.0,leña,1500.0
2027-01-31 12:10:00,sim@hotboat.cl,1000726.0,agua,700.0
2027-01-31 12:10:00,sim@hotboat.cl,1000726.0,luz,520.0
2027-01-31 12:10:00,sim@hotboat.cl,1000726.0,gas,10000.0
2027-01-31 12:10:00,sim@hotboat.cl,1000727.0,leña,1500.0
2027-01-31 12:10:00,sim@hotboat.cl,1000727.0,agua,700.0
2027-01-31 12:10:00,sim@hotboat.cl,1000727.0,luz,520.0
2027-01-31 12:10:00,sim@hotboat.cl,1000727.0,gas,10000.0
2027-01-31 12:20:00,sim@hotboat.cl,1000728.0,leña,1500.0
2027-01-31 12:20:00,sim@hotboat.cl,1000728.0,agua,700.0
2027-01-31 12:20:00,sim@hotboat.cl,1000728.0,luz,520.0
2027-01-31 12:20:00,sim@hotboat.cl,1000728.0,gas,10000.0
2027-01-31 12:20:00,sim@hotboat.cl,1000729.0,leña,1500.0
2027-01-31 12:20:00,sim@hotboat.cl,1000729.0,agua,700.0
2027-01-31 12:20:00,sim@hotboat.cl,1000729.0,luz,520.0
2027-01-31 12:20:00,sim@hotboat.cl,1000729.0,gas,10000.0
2027-01-31 12:30:00,sim@hotboat.cl,1000730.0,leña,1500.0
2027-01-31 12:30:00,sim@hotboat.cl,1000730.0,agua,700.0
2027-01-31 12:30:00,sim@hotboat.cl,1000730.0,luz,520.0
2027-01-31 12:30:00,sim@hotboat.cl,1000730.0,gas,10000.0
2027-01-31 12:30:00,sim@hotboat.cl,1000731.0,leña,1500.0
2027-01-31 12:30:00,sim@hotboat.cl,1000731.0,agua,700.0
2027-01-31 12:30:00,sim@hotboat.cl,1000731.0,luz,520.0
2027-01-31 12:30:00,sim@hotboat.cl,1000731.0,gas,10000.0
2027-01-31 12:40:00,sim@hotboat.cl,1000732.0,leña,1500.0
2027-01-31 12:40:00,sim@hotboat.cl,1000732.0,agua,700.0
2027-01-31 12:40:00,sim@hotboat.cl,1000732.0,luz,520.0
2027-01-31 12:40:00,sim@hotboat.cl,1000732.0,gas,10000.0
2027-01-31 12:50:00,sim@hotboat.cl,1000733.0,leña,1500.0
2027-01-31 12:50:00,sim@hotboat.cl,1000733.0,agua,700.0
2027-01-31 12:50:00,sim@hotboat.cl,1000733.0,luz,520.0
2027-01-31 12:50:00,sim@hotboat.cl,1000733.0,gas,10000.0
2027-01-01 20:00:00,sim@hotboat.cl,,pago extra ayudante (diario),60000.0
2027-01-02 20:00:00,sim@hotboat.cl,,pago extra ayudante (diario),150000.0
2027-01-03 20:00:00,sim@hotboat.cl,,pago extra ayudante (diario),210000.0
2027-01-04 20:00:00,sim@hotboat.cl,,pago extra ayudante (diario),90000.0
2027-01-05 20:00:00,sim@hotboat.cl,,pago extra ayudante (diario),150000.0
2027-01-06 20:00:00,sim@hotboat.cl,,pago extra ayudante (diario),90000.0
2027-01-07 20:00:00,sim@hotboat.cl,,pago extra ayudante (diario),120000.0
2027-01-08 20:00:00,sim@hotboat.cl,,pago extra ayudante (diario),30000.0
2027-01-09 20:00:00,sim@hotboat.cl,,pago extra ayudante (diario),210000.0
2027-01-10 20:00:00,sim@hotboat.cl,,pago extra ayudante (diario),150000.0
2027-01-11 20:00:00,sim@hotboat.cl,,pago extra ayudante (diario),30000.0
2027-01-12 20:00:00,sim@hotboat.cl,,pago extra ayudante (diario),60000.0
2027-01-13 20:00:00,sim@hotboat.cl,,pago extra ayudante (diario),30000.0
2027-01-14 20:00:00,sim@hotboat.cl,,pago extra ayudante (diario),60000.0
2027-01-15 20:00:00,sim@hotboat.cl,,pago extra ayudante (diario),120000.0
2027-01-16 20:00:00,sim@hotboat.cl,,pago extra ayudante (diario),120000.0
2027-01-17 20:00:00,sim@hotboat.cl,,pago extra ayudante (diario),210000.0
2027-01-18 20:00:00,sim@hotboat.cl,,pago extra ayudante (diario),90000.0
2027-01-19 20:00:00,sim@hotboat.cl,,pago extra ayudante (diario),120000.0
2027-01-20 20:00:00,sim@hotboat.cl,,pago extra ayudante (diario),30000.0
2027-01-21 20:00:00,sim@hotboat.cl,,pago extra ayudante (diario),120000.0
2027-01-22 20:00:00,sim@hotboat.cl,,pago extra ayudante (diario),60000.0
2027-01-23 20:00:00,sim@hotboat.cl,,pago extra ayudante (diario),180000.0
2027-01-24 20:00:00,sim@hotboat.cl,,pago extra ayudante (diario),180000.0
2027-01-25 20:00:00,sim@hotboat.cl,,pago extra ayudante (diario),90000.0
2027-01-26 20:00:00,sim@hotboat.cl,,pago extra ayudante (diario),90000.0
2027-01-27 20:00:00,sim@hotboat.cl,,pago extra ayudante (diario),120000.0
2027-01-28 20:00:00,sim@hotboat.cl,,pago extra ayudante (diario),90000.0
2027-01-29 20:00:00,sim@hotboat.cl,,pago extra ayudante (diario),60000.0
2027-01-30 20:00:00,sim@hotboat.cl,,pago extra ayudante (diario),210000.0
2027-01-31 20:00:00,sim@hotboat.cl,,pago extra ayudante (diario),210000.0
2027-02-01 12:00:00,sim@hotboat.cl,1000734.0,leña,1500.0
2027-02-01 12:00:00,sim@hotboat.cl,1000734.0,agua,700.0
2027-02-01 12:00:00,sim@hotboat.cl,1000734.0,luz,520.0
2027-02-01 12:00:00,sim@hotboat.cl,1000734.0,gas,10000.0
2027-02-01 12:10:00,sim@hotboat.cl,1000735.0,leña,1500.0
2027-02-01 12:10:00,sim@hotboat.cl,1000735.0,agua,700.0
2027-02-01 12:10:00,sim@hotboat.cl,1000735.0,luz,520.0
2027-02-01 12:10:00,sim@hotboat.cl,1000735.0,gas,10000.0
2027-02-02 12:00:00,sim@hotboat.cl,1000736.0,leña,1500.0
2027-02-02 12:00:00,sim@hotboat.cl,1000736.0,agua,700.0
2027-02-02 12:00:00,sim@hotboat.cl,1000736.0,luz,520.0
2027-02-02 12:00:00,sim@hotboat.cl,1000736.0,gas,10000.0
2027-02-02 12:10:00,sim@hotboat.cl,1000737.0,leña,1500.0
2027-02-02 12:10:00,sim@hotboat.cl,1000737.0,agua,700.0
2027-02-02 12:10:00,sim@hotboat.cl,1000737.0,luz,520.0
2027-02-02 12:10:00,sim@hotboat.cl,1000737.0,gas,10000.0
2027-02-02 12:20:00,sim@hotboat.cl,1000738.0,leña,1500.0
2027-02-02 12:20:00,sim@hotboat.cl,1000738.0,agua,700.0
2027-02-02 12:20:00,sim@hotboat.cl,1000738.0,luz,520.0
2027-02-02 12:20:00,sim@hotboat.cl,1000738.0,gas,10000.0
2027-02-03 12:00:00,sim@hotboat.cl,1000739.0,leña,1500.0
2027-02-03 12:00:00,sim@hotboat.cl,1000739.0,agua,700.0
2027-02-03 12:00:00,sim@hotboat.cl,1000739.0,luz,520.0
2027-02-03 12:00:00,sim@hotboat.cl,1000739.0,gas,10000.0
2027-02-03 12:10:00,sim@hotboat.cl,1000740.0,leña,1500.0
2027-02-03 12:10:00,sim@hotboat.cl,1000740.0,agua,700.0
2027-02-03 12:10:00,sim@hotboat.cl,1000740.0,luz,520.0
2027-02-03 12:10:00,sim@hotboat.cl,1000740.0,gas,10000.0
2027-02-03 12:20:00,sim@hotboat.cl,1000741.0,leña,1500.0
2027-02-03 12:20:00,sim@hotboat.cl,1000741.0,agua,700.0
2027-02-03 12:20:00,sim@hotboat.cl,1000741.0,luz,520.0
2027-02-03 12:20:00,sim@hotboat.cl,1000741.0,gas,10000.0
2027-02-03 12:30:00,sim@hotboat.cl,1000742.0,leña,1500.0
2027-02-03 12:30:00,sim@hotboat.cl,1000742.0,agua,700.0
2027-02-03 12:30:00,sim@hotboat.cl,1000742.0,luz,520.0
2027-02-03 12:30:00,sim@hotboat.cl,1000742.0,gas,10000.0
2027-02-03 12:40:00,sim@hotboat.cl,1000743.0,leña,1500.0
2027-02-03 12:40:00,sim@hotboat.cl,1000743.0,agua,700.0
2027-02-03 12:40:00,sim@hotboat.cl,1000743.0,luz,520.0
2027-02-03 12:40:00,sim@hotboat.cl,1000743.0,gas,10000.0
2027-02-03 12:50:00,sim@hotboat.cl,1000744.0,leña,1500.0
2027-02-03 12:50:00,sim@hotboat.cl,1000744.0,agua,700.0
2027-02-03 12:50:00,sim@hotboat.cl,1000744.0,luz,520.0
2027-02-03 12:50:00,sim@hotboat.cl,1000744.0,gas,10000.0
2027-02-04 12:00:00,sim@hotboat.cl,1000745.0,leña,1500.0
2027-02-04 12:00:00,sim@hotboat.cl,1000745.0,agua,700.0
2027-02-04 12:00:00,sim@hotboat.cl,1000745.0,luz,520.0
2027-02-04 12:00:00,sim@hotboat.cl,1000745.0,gas,10000.0
2027-02-04 12:10:00,sim@hotboat.cl,1000746.0,leña,1500.0
2027-02-04 12:10:00,sim@hotboat.cl,1000746.0,agua,700.0
2027-02-04 12:10:00,sim@hotboat.cl,1000746.0,luz,520.0
2027-02-04 12:10:00,sim@hotboat.cl,1000746.0,gas,10000.0
2027-02-04 12:20:00,sim@hotboat.cl,1000747.0,leña,1500.0
2027-02-04 12:20:00,sim@hotboat.cl,1000747.0,agua,700.0
2027-02-04 12:20:00,sim@hotboat.cl,1000747.0,luz,520.0
2027-02-04 12:20:00,sim@hotboat.cl,1000747.0,gas,10000.0
2027-02-05 12:00:00,sim@hotboat.cl,1000748.0,leña,1500.0
2027-02-05 12:00:00,sim@hotboat.cl,1000748.0,agua,700.0
2027-02-05 12:00:00,sim@hotboat.cl,1000748.0,luz,520.0
2027-02-05 12:00:00,sim@hotboat.cl,1000748.0,gas,10000.0
2027-02-05 12:10:00,sim@hotboat.cl,1000749.0,leña,1500.0
2027-02-05 12:10:00,sim@hotboat.cl,1000749.0,agua,700.0
2027-02-05 12:10:00,sim@hotboat.cl,1000749.0,luz,520.0
2027-02-05 12:10:00,sim@hotboat.cl,1000749.0,gas,10000.0
2027-02-05 12:20:00,sim@hotboat.cl,1000750.0,leña,1500.0
2027-02-05 12:20:00,sim@hotboat.cl,1000750.0,agua,700.0
2027-02-05 12:20:00,sim@hotboat.cl,1000750.0,luz,520.0
2027-02-05 12:20:00,sim@hotboat.cl,1000750.0,gas,10000.0
2027-02-05 12:30:00,sim@hotboat.cl,1000751.0,leña,1500.0
2027-02-05 12:30:00,sim@hotboat.cl,1000751.0,agua,700.0
2027-02-05 12:30:00,sim@hotboat.cl,1000751.0,luz,520.0
2027-02-05 12:30:00,sim@hotboat.cl,1000751.0,gas,10000.0
2027-02-06 12:00:00,sim@hotboat.cl,1000752.0,leña,1500.0
2027-02-06 12:00:00,sim@hotboat.cl,1000752.0,agua,700.0
2027-02-06 12:00:00,sim@hotboat.cl,1000752.0,luz,520.0
2027-02-06 12:00:00,sim@hotboat.cl,1000752.0,gas,10000.0
2027-02-06 12:00:00,sim@hotboat.cl,1000753.0,leña,1500.0
2027-02-06 12:00:00,sim@hotboat.cl,1000753.0,agua,700.0
2027-02-06 12:00:00,sim@hotboat.cl,1000753.0,luz,520.0
2027-02-06 12:00:00,sim@hotboat.cl,1000753.0,gas,10000.0
2027-02-06 12:10:00,sim@hotboat.cl,1000754.0,leña,1500.0
2027-02-06 12:10:00,sim@hotboat.cl,1000754.0,agua,700.0
2027-02-06 12:10:00,sim@hotboat.cl,1000754.0,luz,520.0
2027-02-06 12:10:00,sim@hotboat.cl,1000754.0,gas,10000.0
2027-02-06 12:10:00,sim@hotboat.cl,1000755.0,leña,1500.0
2027-02-06 12:10:00,sim@hotboat.cl,1000755.0,agua,700.0
2027-02-06 12:10:00,sim@hotboat.cl,1000755.0,luz,520.0
2027-02-06 12:10:00,sim@hotboat.cl,1000755.0,gas,10000.0
2027-02-06 12:20:00,sim@hotboat.cl,1000756.0,leña,1500.0
2027-02-06 12:20:00,sim@hotboat.cl,1000756.0,agua,700.0
2027-02-06 12:20:00,sim@hotboat.cl,1000756.0,luz,520.0
2027-02-06 12:20:00,sim@hotboat.cl,1000756.0,gas,10000.0
2027-02-06 12:30:00,sim@hotboat.cl,1000757.0,leña,1500.0
2027-02-06 12:30:00,sim@hotboat.cl,1000757.0,agua,700.0
2027-02-06 12:30:00,sim@hotboat.cl,1000757.0,luz,520.0
2027-02-06 12:30:00,sim@hotboat.cl,1000757.0,gas,10000.0
2027-02-06 12:40:00,sim@hotboat.cl,1000758.0,leña,1500.0
2027-02-06 12:40:00,sim@hotboat.cl,1000758.0,agua,700.0
2027-02-06 12:40:00,sim@hotboat.cl,1000758.0,luz,520.0
2027-02-06 12:40:00,sim@hotboat.cl,1000758.0,gas,10000.0
2027-02-06 12:50:00,sim@hotboat.cl,1000759.0,leña,1500.0
2027-02-06 12:50:00,sim@hotboat.cl,1000759.0,agua,700.0
2027-02-06 12:50:00,sim@hotboat.cl,1000759.0,luz,520.0
2027-02-06 12:50:00,sim@hotboat.cl,1000759.0,gas,10000.0
2027-02-07 12:00:00,sim@hotboat.cl,1000760.0,leña,1500.0
2027-02-07 12:00:00,sim@hotboat.cl,1000760.0,agua,700.0
2027-02-07 12:00:00,sim@hotboat.cl,1000760.0,luz,520.0
2027-02-07 12:00:00,sim@hotboat.cl,1000760.0,gas,10000.0
2027-02-07 12:00:00,sim@hotboat.cl,1000761.0,leña,1500.0
2027-02-07 12:00:00,sim@hotboat.cl,1000761.0,agua,700.0
2027-02-07 12:00:00,sim@hotboat.cl,1000761.0,luz,520.0
2027-02-07 12:00:00,sim@hotboat.cl,1000761.0,gas,10000.0
2027-02-07 12:00:00,sim@hotboat.cl,1000762.0,leña,1500.0
2027-02-07 12:00:00,sim@hotboat.cl,1000762.0,agua,700.0
2027-02-07 12:00:00,sim@hotboat.cl,1000762.0,luz,520.0
2027-02-07 12:00:00,sim@hotboat.cl,1000762.0,gas,10000.0
2027-02-07 12:10:00,sim@hotboat.cl,1000763.0,leña,1500.0
2027-02-07 12:10:00,sim@hotboat.cl,1000763.0,agua,700.0
2027-02-07 12:10:00,sim@hotboat.cl,1000763.0,luz,520.0
2027-02-07 12:10:00,sim@hotboat.cl,1000763.0,gas,10000.0
2027-02-07 12:10:00,sim@hotboat.cl,1000764.0,leña,1500.0
2027-02-07 12:10:00,sim@hotboat.cl,1000764.0,agua,700.0
2027-02-07 12:10:00,sim@hotboat.cl,1000764.0,luz,520.0
2027-02-07 12:10:00,sim@hotboat.cl,1000764.0,gas,10000.0
2027-02-07 12:10:00,sim@hotboat.cl,1000765.0,leña,1500.0
2027-02-07 12:10:00,sim@hotboat.cl,1000765.0,agua,700.0
2027-02-07 12:10:00,sim@hotboat.cl,1000765.0,luz,520.0
2027-02-07 12:10:00,sim@hotboat.cl,1000765.0,gas,10000.0
2027-02-07 12:20:00,sim@hotboat.cl,1000766.0,leña,1500.0
2027-02-07 12:20:00,sim@hotboat.cl,1000766.0,agua,700.0
2027-02-07 12:20:00,sim@hotboat.cl,1000766.0,luz,520.0
2027-02-07 12:20:00,sim@hotboat.cl,1000766.0,gas,10000.0
2027-02-07 12:20:00,sim@hotboat.cl,1000767.0,leña,1500.0
2027-02-07 12:20:00,sim@hotboat.cl,1000767.0,agua,700.0
2027-02-07 12:20:00,sim@hotboat.cl,1000767.0,luz,520.0
2027-02-07 12:20:00,sim@hotboat.cl,1000767.0,gas,10000.0
2027-02-07 12:30:00,sim@hotboat.cl,1000768.0,leña,1500.0
2027-02-07 12:30:00,sim@hotboat.cl,1000768.0,agua,700.0
2027-02-07 12:30:00,sim@hotboat.cl,1000768.0,luz,520.0
2027-02-07 12:30:00,sim@hotboat.cl,1000768.0,gas,10000.0
2027-02-07 12:30:00,sim@hotboat.cl,1000769.0,leña,1500.0
2027-02-07 12:30:00,sim@hotboat.cl,1000769.0,agua,700.0
2027-02-07 12:30:00,sim@hotboat.cl,1000769.0,luz,520.0
2027-02-07 12:30:00,sim@hotboat.cl,1000769.0,gas,10000.0
2027-02-07 12:40:00,sim@hotboat.cl,1000770.0,leña,1500.0
2027-02-07 12:40:00,sim@hotboat.cl,1000770.0,agua,700.0
2027-02-07 12:40:00,sim@hotboat.cl,1000770.0,luz,520.0
2027-02-07 12:40:00,sim@hotboat.cl,1000770.0,gas,10000.0
2027-02-07 12:40:00,sim@hotboat.cl,1000771.0,leña,1500.0
2027-02-07 12:40:00,sim@hotboat.cl,1000771.0,agua,700.0
2027-02-07 12:40:00,sim@hotboat.cl,1000771.0,luz,520.0
2027-02-07 12:40:00,sim@hotboat.cl,1000771.0,gas,10000.0
2027-02-07 12:50:00,sim@hotboat.cl,1000772.0,leña,1500.0
2027-02-07 12:50:00,sim@hotboat.cl,1000772.0,agua,700.0
2027-02-07 12:50:00,sim@hotboat.cl,1000772.0,luz,520.0
2027-02-07 12:50:00,sim@hotboat.cl,1000772.0,gas,10000.0
2027-02-07 12:50:00,sim@hotboat.cl,1000773.0,leña,1500.0
2027-02-07 12:50:00,sim@hotboat.cl,1000773.0,agua,700.0
2027-02-07 12:50:00,sim@hotboat.cl,1000773.0,luz,520.0
2027-02-07 12:50:00,sim@hotboat.cl,1000773.0,gas,10000.0
2027-02-08 12:00:00,sim@hotboat.cl,1000774.0,leña,1500.0
2027-02-08 12:00:00,sim@hotboat.cl,1000774.0,agua,700.0
2027-02-08 12:00:00,sim@hotboat.cl,1000774.0,luz,520.0
2027-02-08 12:00:00,sim@hotboat.cl,1000774.0,gas,10000.0
2027-02-09 12:00:00,sim@hotboat.cl,1000775.0,leña,1500.0
2027-02-09 12:00:00,sim@hotboat.cl,1000775.0,agua,700.0
2027-02-09 12:00:00,sim@hotboat.cl,1000775.0,luz,520.0
2027-02-09 12:00:00,sim@hotboat.cl,1000775.0,gas,10000.0
2027-02-10 12:00:00,sim@hotboat.cl,1000776.0,leña,1500.0
2027-02-10 12:00:00,sim@hotboat.cl,1000776.0,agua,700.0
2027-02-10 12:00:00,sim@hotboat.cl,1000776.0,luz,520.0
2027-02-10 12:00:00,sim@hotboat.cl,1000776.0,gas,10000.0
2027-02-10 12:10:00,sim@hotboat.cl,1000777.0,leña,1500.0
2027-02-10 12:10:00,sim@hotboat.cl,1000777.0,agua,700.0
2027-02-10 12:10:00,sim@hotboat.cl,1000777.0,luz,520.0
2027-02-10 12:10:00,sim@hotboat.cl,1000777.0,gas,10000.0
2027-02-10 12:20:00,sim@hotboat.cl,1000778.0,leña,1500.0
2027-02-10 12:20:00,sim@hotboat.cl,1000778.0,agua,700.0
2027-02-10 12:20:00,sim@hotboat.cl,1000778.0,luz,520.0
2027-02-10 12:20:00,sim@hotboat.cl,1000778.0,gas,10000.0
2027-02-11 12:00:00,sim@hotboat.cl,1000779.0,leña,1500.0
2027-02-11 12:00:00,sim@hotboat.cl,1000779.0,agua,700.0
2027-02-11 12:00:00,sim@hotboat.cl,1000779.0,luz,520.0
2027-02-11 12:00:00,sim@hotboat.cl,1000779.0,gas,10000.0
2027-02-12 12:00:00,sim@hotboat.cl,1000780.0,leña,1500.0
2027-02-12 12:00:00,sim@hotboat.cl,1000780.0,agua,700.0
2027-02-12 12:00:00,sim@hotboat.cl,1000780.0,luz,520.0
2027-02-12 12:00:00,sim@hotboat.cl,1000780.0,gas,10000.0
2027-02-12 12:10:00,sim@hotboat.cl,1000781.0,leña,1500.0
2027-02-12 12:10:00,sim@hotboat.cl,1000781.0,agua,700.0
2027-02-12 12:10:00,sim@hotboat.cl,1000781.0,luz,520.0
2027-02-12 12:10:00,sim@hotboat.cl,1000781.0,gas,10000.0
2027-02-12 12:20:00,sim@hotboat.cl,1000782.0,leña,1500.0
2027-02-12 12:20:00,sim@hotboat.cl,1000782.0,agua,700.0
2027-02-12 12:20:00,sim@hotboat.cl,1000782.0,luz,520.0
2027-02-12 12:20:00,sim@hotboat.cl,1000782.0,gas,10000.0
2027-02-13 12:00:00,sim@hotboat.cl,1000783.0,leña,1500.0
2027-02-13 12:00:00,sim@hotboat.cl,1000783.0,agua,700.0
2027-02-13 12:00:00,sim@hotboat.cl,1000783.0,luz,520.0
2027-02-13 12:00:00,sim@hotboat.cl,1000783.0,gas,10000.0
2027-02-13 12:00:00,sim@hotboat.cl,1000784.0,leña,1500.0
2027-02-13 12:00:00,sim@hotboat.cl,1000784.0,agua,700.0
2027-02-13 12:00:00,sim@hotboat.cl,1000784.0,luz,520.0
2027-02-13 12:00:00,sim@hotboat.cl,1000784.0,gas,10000.0
2027-02-13 12:10:00,sim@hotboat.cl,1000785.0,leña,1500.0
2027-02-13 12:10:00,sim@hotboat.cl,1000785.0,agua,700.0
2027-02-13 12:10:00,sim@hotboat.cl,1000785.0,luz,520.0
2027-02-13 12:10:00,sim@hotboat.cl,1000785.0,gas,10000.0
2027-02-13 12:10:00,sim@hotboat.cl,1000786.0,leña,1500.0
2027-02-13 12:10:00,sim@hotboat.cl,1000786.0,agua,700.0
2027-02-13 12:10:00,sim@hotboat.cl,1000786.0,luz,520.0
2027-02-13 12:10:00,sim@hotboat.cl,1000786.0,gas,10000.0
2027-02-13 12:20:00,sim@hotboat.cl,1000787.0,leña,1500.0
2027-02-13 12:20:00,sim@hotboat.cl,1000787.0,agua,700.0
2027-02-13 12:20:00,sim@hotboat.cl,1000787.0,luz,520.0
2027-02-13 12:20:00,sim@hotboat.cl,1000787.0,gas,10000.0
2027-02-13 12:20:00,sim@hotboat.cl,1000788.0,leña,1500.0
2027-02-13 12:20:00,sim@hotboat.cl,1000788.0,agua,700.0
2027-02-13 12:20:00,sim@hotboat.cl,1000788.0,luz,520.0
2027-02-13 12:20:00,sim@hotboat.cl,1000788.0,gas,10000.0
2027-02-13 12:30:00,sim@hotboat.cl,1000789.0,leña,1500.0
2027-02-13 12:30:00,sim@hotboat.cl,1000789.0,agua,700.0
2027-02-13 12:30:00,sim@hotboat.cl,1000789.0,luz,520.0
2027-02-13 12:30:00,sim@hotboat.cl,1000789.0,gas,10000.0
2027-02-13 12:30:00,sim@hotboat.cl,1000790.0,leña,1500.0
2027-02-13 12:30:00,sim@hotboat.cl,1000790.0,agua,700.0
2027-02-13 12:30:00,sim@hotboat.cl,1000790.0,luz,520.0
2027-02-13 12:30:00,sim@hotboat.cl,1000790.0,gas,10000.0
2027-02-13 12:40:00,sim@hotboat.cl,1000791.0,leña,1500.0
2027-02-13 12:40:00,sim@hotboat.cl,1000791.0,agua,700.0
2027-02-13 12:40:00,sim@hotboat.cl,1000791.0,luz,520.0
2027-02-13 12:40:00,sim@hotboat.cl,1000791.0,gas,10000.0
2027-02-13 12:40:00,sim@hotboat.cl,1000792.0,leña,1500.0
2027-02-13 12:40:00,sim@hotboat.cl,1000792.0,agua,700.0
2027-02-13 12:40:00,sim@hotboat.cl,1000792.0,luz,520.0
2027-02-13 12:40:00,sim@hotboat.cl,1000792.0,gas,10000.0
2027-02-13 12:50:00,sim@hotboat.cl,1000793.0,leña,1500.0
2027-02-13 12:50:00,sim@hotboat.cl,1000793.0,agua,700.0
2027-02-13 12:50:00,sim@hotboat.cl,1000793.0,luz,520.0
2027-02-13 12:50:00,sim@hotboat.cl,1000793.0,gas,10000.0
2027-02-13 12:50:00,sim@hotboat.cl,1000794.0,leña,1500.0
2027-02-13 12:50:00,sim@hotboat.cl,1000794.0,agua,700.0
2027-02-13 12:50:00,sim@hotboat.cl,1000794.0,luz,520.0
2027-02-13 12:50:00,sim@hotboat.cl,1000794.0,gas,10000.0
2027-02-14 12:00:00,sim@hotboat.cl,1000795.0,leña,1500.0
2027-02-14 12:00:00,sim@hotboat.cl,1000795.0,agua,700.0
2027-02-14 12:00:00,sim@hotboat.cl,1000795.0,luz,520.0
2027-02-14 12:00:00,sim@hotboat.cl,1000795.0,gas,10000.0
2027-02-14 12:00:00,sim@hotboat.cl,1000796.0,leña,1500.0
2027-02-14 12:00:00,sim@hotboat.cl,1000796.0,agua,700.0
2027-02-14 12:00:00,sim@hotboat.cl,1000796.0,luz,520.0
2027-02-14 12:00:00,sim@hotboat.cl,1000796.0,gas,10000.0
2027-02-14 12:10:00,sim@hotboat.cl,1000797.0,leña,1500.0
2027-02-14 12:10:00,sim@hotboat.cl,1000797.0,agua,700.0
2027-02-14 12:10:00,sim@hotboat.cl,1000797.0,luz,520.0
2027-02-14 12:10:00,sim@hotboat.cl,1000797.0,gas,10000.0
2027-02-14 12:20:00,sim@hotboat.cl,1000798.0,leña,1500.0
2027-02-14 12:20:00,sim@hotboat.cl,1000798.0,agua,700.0
2027-02-14 12:20:00,sim@hotboat.cl,1000798.0,luz,520.0
2027-02-14 12:20:00,sim@hotboat.cl,1000798.0,gas,10000.0
2027-02-14 12:30:00,sim@hotboat.cl,1000799.0,leña,1500.0
2027-02-14 12:30:00,sim@hotboat.cl,1000799.0,agua,700.0
2027-02-14 12:30:00,sim@hotboat.cl,1000799.0,luz,520.0
2027-02-14 12:30:00,sim@hotboat.cl,1000799.0,gas,10000.0
2027-02-14 12:40:00,sim@hotboat.cl,1000800.0,leña,1500.0
2027-02-14 12:40:00,sim@hotboat.cl,1000800.0,agua,700.0
2027-02-14 12:40:00,sim@hotboat.cl,1000800.0,luz,520.0
2027-02-14 12:40:00,sim@hotboat.cl,1000800.0,gas,10000.0
2027-02-14 12:50:00,sim@hotboat.cl,1000801.0,leña,1500.0
2027-02-14 12:50:00,sim@hotboat.cl,1000801.0,agua,700.0
2027-02-14 12:50:00,sim@hotboat.cl,1000801.0,luz,520.0
2027-02-14 12:50:00,sim@hotboat.cl,1000801.0,gas,10000.0
2027-02-15 12:00:00,sim@hotboat.cl,1000802.0,leña,1500.0
2027-02-15 12:00:00,sim@hotboat.cl,1000802.0,agua,700.0
2027-02-15 12:00:00,sim@hotboat.cl,1000802.0,luz,520.0
2027-02-15 12:00:00,sim@hotboat.cl,1000802.0,gas,10000.0
2027-02-15 12:10:00,sim@hotboat.cl,1000803.0,leña,1500.0
2027-02-15 12:10:00,sim@hotboat.cl,1000803.0,agua,700.0
2027-02-15 12:10:00,sim@hotboat.cl,1000803.0,luz,520.0
2027-02-15 12:10:00,sim@hotboat.cl,1000803.0,gas,10000.0
2027-02-15 12:20:00,sim@hotboat.cl,1000804.0,leña,1500.0
2027-02-15 12:20:00,sim@hotboat.cl,1000804.0,agua,700.0
2027-02-15 12:20:00,sim@hotboat.cl,1000804.0,luz,520.0
2027-02-15 12:20:00,sim@hotboat.cl,1000804.0,gas,10000.0
2027-02-15 12:30:00,sim@hotboat.cl,1000805.0,leña,1500.0
2027-02-15 12:30:00,sim@hotboat.cl,1000805.0,agua,700.0
2027-02-15 12:30:00,sim@hotboat.cl,1000805.0,luz,520.0
2027-02-15 12:30:00,sim@hotboat.cl,1000805.0,gas,10000.0
2027-02-15 12:40:00,sim@hotboat.cl,1000806.0,leña,1500.0
2027-02-15 12:40:00,sim@hotboat.cl,1000806.0,agua,700.0
2027-02-15 12:40:00,sim@hotboat.cl,1000806.0,luz,520.0
2027-02-15 12:40:00,sim@hotboat.cl,1000806.0,gas,10000.0
2027-02-16 12:00:00,sim@hotboat.cl,1000807.0,leña,1500.0
2027-02-16 12:00:00,sim@hotboat.cl,1000807.0,agua,700.0
2027-02-16 12:00:00,sim@hotboat.cl,1000807.0,luz,520.0
2027-02-16 12:00:00,sim@hotboat.cl,1000807.0,gas,10000.0
2027-02-16 12:10:00,sim@hotboat.cl,1000808.0,leña,1500.0
2027-02-16 12:10:00,sim@hotboat.cl,1000808.0,agua,700.0
2027-02-16 12:10:00,sim@hotboat.cl,1000808.0,luz,520.0
2027-02-16 12:10:00,sim@hotboat.cl,1000808.0,gas,10000.0
2027-02-16 12:20:00,sim@hotboat.cl,1000809.0,leña,1500.0
2027-02-16 12:20:00,sim@hotboat.cl,1000809.0,agua,700.0
2027-02-16 12:20:00,sim@hotboat.cl,1000809.0,luz,520.0
2027-02-16 12:20:00,sim@hotboat.cl,1000809.0,gas,10000.0
2027-02-17 12:00:00,sim@hotboat.cl,1000810.0,leña,1500.0
2027-02-17 12:00:00,sim@hotboat.cl,1000810.0,agua,700.0
2027-02-17 12:00:00,sim@hotboat.cl,1000810.0,luz,520.0
2027-02-17 12:00:00,sim@hotboat.cl,1000810.0,gas,10000.0
2027-02-17 12:10:00,sim@hotboat.cl,1000811.0,leña,1500.0
2027-02-17 12:10:00,sim@hotboat.cl,1000811.0,agua,700.0
2027-02-17 12:10:00,sim@hotboat.cl,1000811.0,luz,520.0
2027-02-17 12:10:00,sim@hotboat.cl,1000811.0,gas,10000.0
2027-02-17 12:20:00,sim@hotboat.cl,1000812.0,leña,1500.0
2027-02-17 12:20:00,sim@hotboat.cl,1000812.0,agua,700.0
2027-02-17 12:20:00,sim@hotboat.cl,1000812.0,luz,520.0
2027-02-17 12:20:00,sim@hotboat.cl,1000812.0,gas,10000.0
2027-02-17 12:30:00,sim@hotboat.cl,1000813.0,leña,1500.0
2027-02-17 12:30:00,sim@hotboat.cl,1000813.0,agua,700.0
2027-02-17 12:30:00,sim@hotboat.cl,1000813.0,luz,520.0
2027-02-17 12:30:00,sim@hotboat.cl,1000813.0,gas,10000.0
2027-02-18 12:00:00,sim@hotboat.cl,1000814.0,leña,1500.0
2027-02-18 12:00:00,sim@hotboat.cl,1000814.0,agua,700.0
2027-02-18 12:00:00,sim@hotboat.cl,1000814.0,luz,520.0
2027-02-18 12:00:00,sim@hotboat.cl,1000814.0,gas,10000.0
2027-02-19 12:00:00,sim@hotboat.cl,1000815.0,leña,1500.0
2027-02-19 12:00:00,sim@hotboat.cl,1000815.0,agua,700.0
2027-02-19 12:00:00,sim@hotboat.cl,1000815.0,luz,520.0
2027-02-19 12:00:00,sim@hotboat.cl,1000815.0,gas,10000.0
2027-02-19 12:10:00,sim@hotboat.cl,1000816.0,leña,1500.0
2027-02-19 12:10:00,sim@hotboat.cl,1000816.0,agua,700.0
2027-02-19 12:10:00,sim@hotboat.cl,1000816.0,luz,520.0
2027-02-19 12:10:00,sim@hotboat.cl,1000816.0,gas,10000.0
2027-02-19 12:20:00,sim@hotboat.cl,1000817.0,leña,1500.0
2027-02-19 12:20:00,sim@hotboat.cl,1000817.0,agua,700.0
2027-02-19 12:20:00,sim@hotboat.cl,1000817.0,luz,520.0
2027-02-19 12:20:00,sim@hotboat.cl,1000817.0,gas,10000.0
2027-02-19 12:30:00,sim@hotboat.cl,1000818.0,leña,1500.0
2027-02-19 12:30:00,sim@hotboat.cl,1000818.0,agua,700.0
2027-02-19 12:30:00,sim@hotboat.cl,1000818.0,luz,520.0
2027-02-19 12:30:00,sim@hotboat.cl,1000818.0,gas,10000.0
2027-02-20 12:00:00,sim@hotboat.cl,1000819.0,leña,1500.0
2027-02-20 12:00:00,sim@hotboat.cl,1000819.0,agua,700.0
2027-02-20 12:00:00,sim@hotboat.cl,1000819.0,luz,520.0
2027-02-20 12:00:00,sim@hotboat.cl,1000819.0,gas,10000.0
2027-02-20 12:00:00,sim@hotboat.cl,1000820.0,leña,1500.0
2027-02-20 12:00:00,sim@hotboat.cl,1000820.0,agua,700.0
2027-02-20 12:00:00,sim@hotboat.cl,1000820.0,luz,520.0
2027-02-20 12:00:00,sim@hotboat.cl,1000820.0,gas,10000.0
2027-02-20 12:10:00,sim@hotboat.cl,1000821.0,leña,1500.0
2027-02-20 12:10:00,sim@hotboat.cl,1000821.0,agua,700.0
2027-02-20 12:10:00,sim@hotboat.cl,1000821.0,luz,520.0
2027-02-20 12:10:00,sim@hotboat.cl,1000821.0,gas,10000.0
2027-02-20 12:20:00,sim@hotboat.cl,1000822.0,leña,1500.0
2027-02-20 12:20:00,sim@hotboat.cl,1000822.0,agua,700.0
2027-02-20 12:20:00,sim@hotboat.cl,1000822.0,luz,520.0
2027-02-20 12:20:00,sim@hotboat.cl,1000822.0,gas,10000.0
2027-02-20 12:30:00,sim@hotboat.cl,1000823.0,leña,1500.0
2027-02-20 12:30:00,sim@hotboat.cl,1000823.0,agua,700.0
2027-02-20 12:30:00,sim@hotboat.cl,1000823.0,luz,520.0
2027-02-20 12:30:00,sim@hotboat.cl,1000823.0,gas,10000.0
2027-02-20 12:40:00,sim@hotboat.cl,1000824.0,leña,1500.0
2027-02-20 12:40:00,sim@hotboat.cl,1000824.0,agua,700.0
2027-02-20 12:40:00,sim@hotboat.cl,1000824.0,luz,520.0
2027-02-20 12:40:00,sim@hotboat.cl,1000824.0,gas,10000.0
2027-02-20 12:50:00,sim@hotboat.cl,1000825.0,leña,1500.0
2027-02-20 12:50:00,sim@hotboat.cl,1000825.0,agua,700.0
2027-02-20 12:50:00,sim@hotboat.cl,1000825.0,luz,520.0
2027-02-20 12:50:00,sim@hotboat.cl,1000825.0,gas,10000.0
2027-02-21 12:00:00,sim@hotboat.cl,1000826.0,leña,1500.0
2027-02-21 12:00:00,sim@hotboat.cl,1000826.0,agua,700.0
2027-02-21 12:00:00,sim@hotboat.cl,1000826.0,luz,520.0
2027-02-21 12:00:00,sim@hotboat.cl,1000826.0,gas,10000.0
2027-02-21 12:00:00,sim@hotboat.cl,1000827.0,leña,1500.0
2027-02-21 12:00:00,sim@hotboat.cl,1000827.0,agua,700.0
2027-02-21 12:00:00,sim@hotboat.cl,1000827.0,luz,520.0
2027-02-21 12:00:00,sim@hotboat.cl,1000827.0,gas,10000.0
2027-02-21 12:10:00,sim@hotboat.cl,1000828.0,leña,1500.0
2027-02-21 12:10:00,sim@hotboat.cl,1000828.0,agua,700.0
2027-02-21 12:10:00,sim@hotboat.cl,1000828.0,luz,520.0
2027-02-21 12:10:00,sim@hotboat.cl,1000828.0,gas,10000.0
2027-02-21 12:10:00,sim@hotboat.cl,1000829.0,leña,1500.0
2027-02-21 12:10:00,sim@hotboat.cl,1000829.0,agua,700.0
2027-02-21 12:10:00,sim@hotboat.cl,1000829.0,luz,520.0
2027-02-21 12:10:00,sim@hotboat.cl,1000829.0,gas,10000.0
2027-02-21 12:20:00,sim@hotboat.cl,1000830.0,leña,1500.0
2027-02-21 12:20:00,sim@hotboat.cl,1000830.0,agua,700.0
2027-02-21 12:20:00,sim@hotboat.cl,1000830.0,luz,520.0
2027-02-21 12:20:00,sim@hotboat.cl,1000830.0,gas,10000.0
2027-02-21 12:20:00,sim@hotboat.cl,1000831.0,leña,1500.0
2027-02-21 12:20:00,sim@hotboat.cl,1000831.0,agua,700.0
2027-02-21 12:20:00,sim@hotboat.cl,1000831.0,luz,520.0
2027-02-21 12:20:00,sim@hotboat.cl,1000831.0,gas,10000.0
2027-02-21 12:30:00,sim@hotboat.cl,1000832.0,leña,1500.0
2027-02-21 12:30:00,sim@hotboat.cl,1000832.0,agua,700.0
2027-02-21 12:30:00,sim@hotboat.cl,1000832.0,luz,520.0
2027-02-21 12:30:00,sim@hotboat.cl,1000832.0,gas,10000.0
2027-02-21 12:30:00,sim@hotboat.cl,1000833.0,leña,1500.0
2027-02-21 12:30:00,sim@hotboat.cl,1000833.0,agua,700.0
2027-02-21 12:30:00,sim@hotboat.cl,1000833.0,luz,520.0
2027-02-21 12:30:00,sim@hotboat.cl,1000833.0,gas,10000.0
2027-02-21 12:40:00,sim@hotboat.cl,1000834.0,leña,1500.0
2027-02-21 12:40:00,sim@hotboat.cl,1000834.0,agua,700.0
2027-02-21 12:40:00,sim@hotboat.cl,1000834.0,luz,520.0
2027-02-21 12:40:00,sim@hotboat.cl,1000834.0,gas,10000.0
2027-02-21 12:40:00,sim@hotboat.cl,1000835.0,leña,1500.0
2027-02-21 12:40:00,sim@hotboat.cl,1000835.0,agua,700.0
2027-02-21 12:40:00,sim@hotboat.cl,1000835.0,luz,520.0
2027-02-21 12:40:00,sim@hotboat.cl,1000835.0,gas,10000.0
2027-02-21 12:50:00,sim@hotboat.cl,1000836.0,leña,1500.0
2027-02-21 12:50:00,sim@hotboat.cl,1000836.0,agua,700.0
2027-02-21 12:50:00,sim@hotboat.cl,1000836.0,luz,520.0
2027-02-21 12:50:00,sim@hotboat.cl,1000836.0,gas,10000.0
2027-02-21 12:50:00,sim@hotboat.cl,1000837.0,leña,1500.0
2027-02-21 12:50:00,sim@hotboat.cl,1000837.0,agua,700.0
2027-02-21 12:50:00,sim@hotboat.cl,1000837.0,luz,520.0
2027-02-21 12:50:00,sim@hotboat.cl,1000837.0,gas,10000.0
2027-02-22 12:00:00,sim@hotboat.cl,1000838.0,leña,1500.0
2027-02-22 12:00:00,sim@hotboat.cl,1000838.0,agua,700.0
2027-02-22 12:00:00,sim@hotboat.cl,1000838.0,luz,520.0
2027-02-22 12:00:00,sim@hotboat.cl,1000838.0,gas,10000.0
2027-02-22 12:10:00,sim@hotboat.cl,1000839.0,leña,1500.0
2027-02-22 12:10:00,sim@hotboat.cl,1000839.0,agua,700.0
2027-02-22 12:10:00,sim@hotboat.cl,1000839.0,luz,520.0
2027-02-22 12:10:00,sim@hotboat.cl,1000839.0,gas,10000.0
2027-02-23 12:00:00,sim@hotboat.cl,1000840.0,leña,1500.0
2027-02-23 12:00:00,sim@hotboat.cl,1000840.0,agua,700.0
2027-02-23 12:00:00,sim@hotboat.cl,1000840.0,luz,520.0
2027-02-23 12:00:00,sim@hotboat.cl,1000840.0,gas,10000.0
2027-02-23 12:10:00,sim@hotboat.cl,1000841.0,leña,1500.0
2027-02-23 12:10:00,sim@hotboat.cl,1000841.0,agua,700.0
2027-02-23 12:10:00,sim@hotboat.cl,1000841.0,luz,520.0
2027-02-23 12:10:00,sim@hotboat.cl,1000841.0,gas,10000.0
2027-02-23 12:20:00,sim@hotboat.cl,1000842.0,leña,1500.0
2027-02-23 12:20:00,sim@hotboat.cl,1000842.0,agua,700.0
2027-02-23 12:20:00,sim@hotboat.cl,1000842.0,luz,520.0
2027-02-23 12:20:00,sim@hotboat.cl,1000842.0,gas,10000.0
2027-02-24 12:00:00,sim@hotboat.cl,1000843.0,leña,1500.0
2027-02-24 12:00:00,sim@hotboat.cl,1000843.0,agua,700.0
2027-02-24 12:00:00,sim@hotboat.cl,1000843.0,luz,520.0
2027-02-24 12:00:00,sim@hotboat.cl,1000843.0,gas,10000.0
2027-02-24 12:10:00,sim@hotboat.cl,1000844.0,leña,1500.0
2027-02-24 12:10:00,sim@hotboat.cl,1000844.0,agua,700.0
2027-02-24 12:10:00,sim@hotboat.cl,1000844.0,luz,520.0
2027-02-24 12:10:00,sim@hotboat.cl,1000844.0,gas,10000.0
2027-02-24 12:20:00,sim@hotboat.cl,1000845.0,leña,1500.0
2027-02-24 12:20:00,sim@hotboat.cl,1000845.0,agua,700.0
2027-02-24 12:20:00,sim@hotboat.cl,1000845.0,luz,520.0
2027-02-24 12:20:00,sim@hotboat.cl,1000845.0,gas,10000.0
2027-02-25 12:00:00,sim@hotboat.cl,1000846.0,leña,1500.0
2027-02-25 12:00:00,sim@hotboat.cl,1000846.0,agua,700.0
2027-02-25 12:00:00,sim@hotboat.cl,1000846.0,luz,520.0
2027-02-25 12:00:00,sim@hotboat.cl,1000846.0,gas,10000.0
2027-02-25 12:10:00,sim@hotboat.cl,1000847.0,leña,1500.0
2027-02-25 12:10:00,sim@hotboat.cl,1000847.0,agua,700.0
2027-02-25 12:10:00,sim@hotboat.cl,1000847.0,luz,520.0
2027-02-25 12:10:00,sim@hotboat.cl,1000847.0,gas,10000.0
2027-02-25 12:20:00,sim@hotboat.cl,1000848.0,leña,1500.0
2027-02-25 12:20:00,sim@hotboat.cl,1000848.0,agua,700.0
2027-02-25 12:20:00,sim@hotboat.cl,1000848.0,luz,520.0
2027-02-25 12:20:00,sim@hotboat.cl,1000848.0,gas,10000.0
2027-02-25 12:30:00,sim@hotboat.cl,1000849.0,leña,1500.0
2027-02-25 12:30:00,sim@hotboat.cl,1000849.0,agua,700.0
2027-02-25 12:30:00,sim@hotboat.cl,1000849.0,luz,520.0
2027-02-25 12:30:00,sim@hotboat.cl,1000849.0,gas,10000.0
2027-02-26 12:00:00,sim@hotboat.cl,1000850.0,leña,1500.0
2027-02-26 12:00:00,sim@hotboat.cl,1000850.0,agua,700.0
2027-02-26 12:00:00,sim@hotboat.cl,1000850.0,luz,520.0
2027-02-26 12:00:00,sim@hotboat.cl,1000850.0,gas,10000.0
2027-02-26 12:10:00,sim@hotboat.cl,1000851.0,leña,1500.0
2027-02-26 12:10:00,sim@hotboat.cl,1000851.0,agua,700.0
2027-02-26 12:10:00,sim@hotboat.cl,1000851.0,luz,520.0
2027-02-26 12:10:00,sim@hotboat.cl,1000851.0,gas,10000.0
2027-02-26 12:20:00,sim@hotboat.cl,1000852.0,leña,1500.0
2027-02-26 12:20:00,sim@hotboat.cl,1000852.0,agua,700.0
2027-02-26 12:20:00,sim@hotboat.cl,1000852.0,luz,520.0
2027-02-26 12:20:00,sim@hotboat.cl,1000852.0,gas,10000.0
2027-02-26 12:30:00,sim@hotboat.cl,1000853.0,leña,1500.0
2027-02-26 12:30:00,sim@hotboat.cl,1000853.0,agua,700.0
2027-02-26 12:30:00,sim@hotboat.cl,1000853.0,luz,520.0
2027-02-26 12:30:00,sim@hotboat.cl,1000853.0,gas,10000.0
2027-02-27 12:00:00,sim@hotboat.cl,1000854.0,leña,1500.0
2027-02-27 12:00:00,sim@hotboat.cl,1000854.0,agua,700.0
2027-02-27 12:00:00,sim@hotboat.cl,1000854.0,luz,520.0
2027-02-27 12:00:00,sim@hotboat.cl,1000854.0,gas,10000.0
2027-02-27 12:00:00,sim@hotboat.cl,1000855.0,leña,1500.0
2027-02-27 12:00:00,sim@hotboat.cl,1000855.0,agua,700.0
2027-02-27 12:00:00,sim@hotboat.cl,1000855.0,luz,520.0
2027-02-27 12:00:00,sim@hotboat.cl,1000855.0,gas,10000.0
2027-02-27 12:10:00,sim@hotboat.cl,1000856.0,leña,1500.0
2027-02-27 12:10:00,sim@hotboat.cl,1000856.0,agua,700.0
2027-02-27 12:10:00,sim@hotboat.cl,1000856.0,luz,520.0
2027-02-27 12:10:00,sim@hotboat.cl,1000856.0,gas,10000.0
2027-02-27 12:10:00,sim@hotboat.cl,1000857.0,leña,1500.0
2027-02-27 12:10:00,sim@hotboat.cl,1000857.0,agua,700.0
2027-02-27 12:10:00,sim@hotboat.cl,1000857.0,luz,520.0
2027-02-27 12:10:00,sim@hotboat.cl,1000857.0,gas,10000.0
2027-02-27 12:20:00,sim@hotboat.cl,1000858.0,leña,1500.0
2027-02-27 12:20:00,sim@hotboat.cl,1000858.0,agua,700.0
2027-02-27 12:20:00,sim@hotboat.cl,1000858.0,luz,520.0
2027-02-27 12:20:00,sim@hotboat.cl,1000858.0,gas,10000.0
2027-02-27 12:20:00,sim@hotboat.cl,1000859.0,leña,1500.0
2027-02-27 12:20:00,sim@hotboat.cl,1000859.0,agua,700.0
2027-02-27 12:20:00,sim@hotboat.cl,1000859.0,luz,520.0
2027-02-27 12:20:00,sim@hotboat.cl,1000859.0,gas,10000.0
2027-02-27 12:30:00,sim@hotboat.cl,1000860.0,leña,1500.0
2027-02-27 12:30:00,sim@hotboat.cl,1000860.0,agua,700.0
2027-02-27 12:30:00,sim@hotboat.cl,1000860.0,luz,520.0
2027-02-27 12:30:00,sim@hotboat.cl,1000860.0,gas,10000.0
2027-02-27 12:30:00,sim@hotboat.cl,1000861.0,leña,1500.0
2027-02-27 12:30:00,sim@hotboat.cl,1000861.0,agua,700.0
2027-02-27 12:30:00,sim@hotboat.cl,1000861.0,luz,520.0
2027-02-27 12:30:00,sim@hotboat.cl,1000861.0,gas,10000.0
2027-02-27 12:40:00,sim@hotboat.cl,1000862.0,leña,1500.0
2027-02-27 12:40:00,sim@hotboat.cl,1000862.0,agua,700.0
2027-02-27 12:40:00,sim@hotboat.cl,1000862.0,luz,520.0
2027-02-27 12:40:00,sim@hotboat.cl,1000862.0,gas,10000.0
2027-02-27 12:40:00,sim@hotboat.cl,1000863.0,leña,1500.0
2027-02-27 12:40:00,sim@hotboat.cl,1000863.0,agua,700.0
2027-02-27 12:40:00,sim@hotboat.cl,1000863.0,luz,520.0
2027-02-27 12:40:00,sim@hotboat.cl,1000863.0,gas,10000.0
2027-02-27 12:50:00,sim@hotboat.cl,1000864.0,leña,1500.0
2027-02-27 12:50:00,sim@hotboat.cl,1000864.0,agua,700.0
2027-02-27 12:50:00,sim@hotboat.cl,1000864.0,luz,520.0
2027-02-27 12:50:00,sim@hotboat.cl,1000864.0,gas,10000.0
2027-02-27 12:50:00,sim@hotboat.cl,1000865.0,leña,1500.0
2027-02-27 12:50:00,sim@hotboat.cl,1000865.0,agua,700.0
2027-02-27 12:50:00,sim@hotboat.cl,1000865.0,luz,520.0
2027-02-27 12:50:00,sim@hotboat.cl,1000865.0,gas,10000.0
2027-02-28 12:00:00,sim@hotboat.cl,1000866.0,leña,1500.0
2027-02-28 12:00:00,sim@hotboat.cl,1000866.0,agua,700.0
2027-02-28 12:00:00,sim@hotboat.cl,1000866.0,luz,520.0
2027-02-28 12:00:00,sim@hotboat.cl,1000866.0,gas,10000.0
2027-02-28 12:00:00,sim@hotboat.cl,1000867.0,leña,1500.0
2027-02-28 12:00:00,sim@hotboat.cl,1000867.0,agua,700.0
2027-02-28 12:00:00,sim@hotboat.cl,1000867.0,luz,520.0
2027-02-28 12:00:00,sim@hotboat.cl,1000867.0,gas,10000.0
2027-02-28 12:10:00,sim@hotboat.cl,1000868.0,leña,1500.0
2027-02-28 12:10:00,sim@hotboat.cl,1000868.0,agua,700.0
2027-02-28 12:10:00,sim@hotboat.cl,1000868.0,luz,520.0
2027-02-28 12:10:00,sim@hotboat.cl,1000868.0,gas,10000.0
2027-02-28 12:10:00,sim@hotboat.cl,1000869.0,leña,1500.0
2027-02-28 12:10:00,sim@hotboat.cl,1000869.0,agua,700.0
2027-02-28 12:10:00,sim@hotboat.cl,1000869.0,luz,520.0
2027-02-28 12:10:00,sim@hotboat.cl,1000869.0,gas,10000.0
2027-02-28 12:20:00,sim@hotboat.cl,1000870.0,leña,1500.0
2027-02-28 12:20:00,sim@hotboat.cl,1000870.0,agua,700.0
2027-02-28 12:20:00,sim@hotboat.cl,1000870.0,luz,520.0
2027-02-28 12:20:00,sim@hotboat.cl,1000870.0,gas,10000.0
2027-02-28 12:30:00,sim@hotboat.cl,1000871.0,leña,1500.0
2027-02-28 12:30:00,sim@hotboat.cl,1000871.0,agua,700.0
2027-02-28 12:30:00,sim@hotboat.cl,1000871.0,luz,520.0
2027-02-28 12:30:00,sim@hotboat.cl,1000871.0,gas,10000.0
2027-02-28 12:40:00,sim@hotboat.cl,1000872.0,leña,1500.0
2027-02-28 12:40:00,sim@hotboat.cl,1000872.0,agua,700.0
2027-02-28 12:40:00,sim@hotboat.cl,1000872.0,luz,520.0
2027-02-28 12:40:00,sim@hotboat.cl,1000872.0,gas,10000.0
2027-02-28 12:50:00,sim@hotboat.cl,1000873.0,leña,1500.0
2027-02-28 12:50:00,sim@hotboat.cl,1000873.0,agua,700.0
2027-02-28 12:50:00,sim@hotboat.cl,1000873.0,luz,520.0
2027-02-28 12:50:00,sim@hotboat.cl,1000873.0,gas,10000.0
2027-02-01 20:00:00,sim@hotboat.cl,,pago extra ayudante (diario),60000.0
2027-02-02 20:00:00,sim@hotboat.cl,,pago extra ayudante (diario),90000.0
2027-02-03 20:00:00,sim@hotboat.cl,,pago extra ayudante (diario),180000.0
2027-02-04 20:00:00,sim@hotboat.cl,,pago extra ayudante (diario),90000.0
2027-02-05 20:00:00,sim@hotboat.cl,,pago extra ayudante (diario),120000.0
2027-02-06 20:00:00,sim@hotboat.cl,,pago extra ayudante (diario),210000.0
2027-02-07 20:00:00,sim@hotboat.cl,,pago extra ayudante (diario),210000.0
2027-02-08 20:00:00,sim@hotboat.cl,,pago extra ayudante (diario),30000.0
2027-02-09 20:00:00,sim@hotboat.cl,,pago extra ayudante (diario),30000.0
2027-02-10 20:00:00,sim@hotboat.cl,,pago extra ayudante (diario),90000.0
2027-02-11 20:00:00,sim@hotboat.cl,,pago extra ayudante (diario),30000.0
2027-02-12 20:00:00,sim@hotboat.cl,,pago extra ayudante (diario),90000.0
2027-02-13 20:00:00,sim@hotboat.cl,,pago extra ayudante (diario),210000.0
2027-02-14 20:00:00,sim@hotboat.cl,,pago extra ayudante (diario),210000.0
2027-02-15 20:00:00,sim@hotboat.cl,,pago extra ayudante (diario),150000.0
2027-02-16 20:00:00,sim@hotboat.cl,,pago extra ayudante (diario),90000.0
2027-02-17 20:00:00,sim@hotboat.cl,,pago extra ayudante (diario),120000.0
2027-02-18 20:00:00,sim@hotboat.cl,,pago extra ayudante (diario),30000.0
2027-02-19 20:00:00,sim@hotboat.cl,,pago extra ayudante (diario),120000.0
2027-02-20 20:00:00,sim@hotboat.cl,,pago extra ayudante (diario),210000.0
2027-02-21 20:00:00,sim@hotboat.cl,,pago extra ayudante (diario),210000.0
2027-02-22 20:00:00,sim@hotboat.cl,,pago extra ayudante (diario),60000.0
2027-02-23 20:00:00,sim@hotboat.cl,,pago extra ayudante (diario),90000.0
2027-02-24 20:00:00,sim@hotboat.cl,,pago extra ayudante (diario),90000.0
2027-02-25 20:00:00,sim@hotboat.cl,,pago extra ayudante (diario),120000.0
2027-02-26 20:00:00,sim@hotboat.cl,,pago extra ayudante (diario),120000.0
2027-02-27 20:00:00,sim@hotboat.cl,,pago extra ayudante (diario),210000.0
2027-02-28 20:00:00,sim@hotboat.cl,,pago extra ayudante (diario),210000.0
2027-03-02 12:00:00,sim@hotboat.cl,1000874.0,leña,1500.0
2027-03-02 12:00:00,sim@hotboat.cl,1000874.0,agua,700.0
2027-03-02 12:00:00,sim@hotboat.cl,1000874.0,luz,520.0
2027-03-02 12:00:00,sim@hotboat.cl,1000874.0,gas,10000.0
2027-03-03 12:00:00,sim@hotboat.cl,1000875.0,leña,1500.0
2027-03-03 12:00:00,sim@hotboat.cl,1000875.0,agua,700.0
2027-03-03 12:00:00,sim@hotboat.cl,1000875.0,luz,520.0
2027-03-03 12:00:00,sim@hotboat.cl,1000875.0,gas,10000.0
2027-03-05 12:00:00,sim@hotboat.cl,1000876.0,leña,1500.0
2027-03-05 12:00:00,sim@hotboat.cl,1000876.0,agua,700.0
2027-03-05 12:00:00,sim@hotboat.cl,1000876.0,luz,520.0
2027-03-05 12:00:00,sim@hotboat.cl,1000876.0,gas,10000.0
2027-03-06 12:00:00,sim@hotboat.cl,1000877.0,leña,1500.0
2027-03-06 12:00:00,sim@hotboat.cl,1000877.0,agua,700.0
2027-03-06 12:00:00,sim@hotboat.cl,1000877.0,luz,520.0
2027-03-06 12:00:00,sim@hotboat.cl,1000877.0,gas,10000.0
2027-03-06 12:10:00,sim@hotboat.cl,1000878.0,leña,1500.0
2027-03-06 12:10:00,sim@hotboat.cl,1000878.0,agua,700.0
2027-03-06 12:10:00,sim@hotboat.cl,1000878.0,luz,520.0
2027-03-06 12:10:00,sim@hotboat.cl,1000878.0,gas,10000.0
2027-03-06 12:20:00,sim@hotboat.cl,1000879.0,leña,1500.0
2027-03-06 12:20:00,sim@hotboat.cl,1000879.0,agua,700.0
2027-03-06 12:20:00,sim@hotboat.cl,1000879.0,luz,520.0
2027-03-06 12:20:00,sim@hotboat.cl,1000879.0,gas,10000.0
2027-03-06 12:30:00,sim@hotboat.cl,1000880.0,leña,1500.0
2027-03-06 12:30:00,sim@hotboat.cl,1000880.0,agua,700.0
2027-03-06 12:30:00,sim@hotboat.cl,1000880.0,luz,520.0
2027-03-06 12:30:00,sim@hotboat.cl,1000880.0,gas,10000.0
2027-03-06 12:40:00,sim@hotboat.cl,1000881.0,leña,1500.0
2027-03-06 12:40:00,sim@hotboat.cl,1000881.0,agua,700.0
2027-03-06 12:40:00,sim@hotboat.cl,1000881.0,luz,520.0
2027-03-06 12:40:00,sim@hotboat.cl,1000881.0,gas,10000.0
2027-03-07 12:00:00,sim@hotboat.cl,1000882.0,leña,1500.0
2027-03-07 12:00:00,sim@hotboat.cl,1000882.0,agua,700.0
2027-03-07 12:00:00,sim@hotboat.cl,1000882.0,luz,520.0
2027-03-07 12:00:00,sim@hotboat.cl,1000882.0,gas,10000.0
2027-03-07 12:10:00,sim@hotboat.cl,1000883.0,leña,1500.0
2027-03-07 12:10:00,sim@hotboat.cl,1000883.0,agua,700.0
2027-03-07 12:10:00,sim@hotboat.cl,1000883.0,luz,520.0
2027-03-07 12:10:00,sim@hotboat.cl,1000883.0,gas,10000.0
2027-03-10 12:00:00,sim@hotboat.cl,1000884.0,leña,1500.0
2027-03-10 12:00:00,sim@hotboat.cl,1000884.0,agua,700.0
2027-03-10 12:00:00,sim@hotboat.cl,1000884.0,luz,520.0
2027-03-10 12:00:00,sim@hotboat.cl,1000884.0,gas,10000.0
2027-03-13 12:00:00,sim@hotboat.cl,1000885.0,leña,1500.0
2027-03-13 12:00:00,sim@hotboat.cl,1000885.0,agua,700.0
2027-03-13 12:00:00,sim@hotboat.cl,1000885.0,luz,520.0
2027-03-13 12:00:00,sim@hotboat.cl,1000885.0,gas,10000.0
2027-03-14 12:00:00,sim@hotboat.cl,1000886.0,leña,1500.0
2027-03-14 12:00:00,sim@hotboat.cl,1000886.0,agua,700.0
2027-03-14 12:00:00,sim@hotboat.cl,1000886.0,luz,520.0
2027-03-14 12:00:00,sim@hotboat.cl,1000886.0,gas,10000.0
2027-03-17 12:00:00,sim@hotboat.cl,1000887.0,leña,1500.0
2027-03-17 12:00:00,sim@hotboat.cl,1000887.0,agua,700.0
2027-03-17 12:00:00,sim@hotboat.cl,1000887.0,luz,520.0
2027-03-17 12:00:00,sim@hotboat.cl,1000887.0,gas,10000.0
2027-03-21 12:00:00,sim@hotboat.cl,1000888.0,leña,1500.0
2027-03-21 12:00:00,sim@hotboat.cl,1000888.0,agua,700.0
2027-03-21 12:00:00,sim@hotboat.cl,1000888.0,luz,520.0
2027-03-21 12:00:00,sim@hotboat.cl,1000888.0,gas,10000.0
2027-03-23 12:00:00,sim@hotboat.cl,1000889.0,leña,1500.0
2027-03-23 12:00:00,sim@hotboat.cl,1000889.0,agua,700.0
2027-03-23 12:00:00,sim@hotboat.cl,1000889.0,luz,520.0
2027-03-23 12:00:00,sim@hotboat.cl,1000889.0,gas,10000.0
2027-03-25 12:00:00,sim@hotboat.cl,1000890.0,leña,1500.0
2027-03-25 12:00:00,sim@hotboat.cl,1000890.0,agua,700.0
2027-03-25 12:00:00,sim@hotboat.cl,1000890.0,luz,520.0
2027-03-25 12:00:00,sim@hotboat.cl,1000890.0,gas,10000.0
2027-03-25 12:10:00,sim@hotboat.cl,1000891.0,leña,1500.0
2027-03-25 12:10:00,sim@hotboat.cl,1000891.0,agua,700.0
2027-03-25 12:10:00,sim@hotboat.cl,1000891.0,luz,520.0
2027-03-25 12:10:00,sim@hotboat.cl,1000891.0,gas,10000.0
2027-03-27 12:00:00,sim@hotboat.cl,1000892.0,leña,1500.0
2027-03-27 12:00:00,sim@hotboat.cl,1000892.0,agua,700.0
2027-03-27 12:00:00,sim@hotboat.cl,1000892.0,luz,520.0
2027-03-27 12:00:00,sim@hotboat.cl,1000892.0,gas,10000.0
2027-03-29 12:00:00,sim@hotboat.cl,1000893.0,leña,1500.0
2027-03-29 12:00:00,sim@hotboat.cl,1000893.0,agua,700.0
2027-03-29 12:00:00,sim@hotboat.cl,1000893.0,luz,520.0
2027-03-29 12:00:00,sim@hotboat.cl,1000893.0,gas,10000.0
2027-03-02 20:00:00,sim@hotboat.cl,,pago extra ayudante (diario),30000.0
2027-03-03 20:00:00,sim@hotboat.cl,,pago extra ayudante (diario),30000.0
2027-03-05 20:00:00,sim@hotboat.cl,,pago extra ayudante (diario),30000.0
2027-03-06 20:00:00,sim@hotboat.cl,,pago extra ayudante (diario),150000.0
2027-03-07 20:00:00,sim@hotboat.cl,,pago extra ayudante (diario),60000.0
2027-03-10 20:00:00,sim@hotboat.cl,,pago extra ayudante (diario),30000.0
2027-03-13 20:00:00,sim@hotboat.cl,,pago extra ayudante (diario),30000.0
2027-03-14 20:00:00,sim@hotboat.cl,,pago extra ayudante (diario),30000.0
2027-03-17 20:00:00,sim@hotboat.cl,,pago extra ayudante (diario),30000.0
2027-03-21 20:00:00,sim@hotboat.cl,,pago extra ayudante (diario),30000.0
2027-03-23 20:00:00,sim@hotboat.cl,,pago extra ayudante (diario),30000.0
2027-03-25 20:00:00,sim@hotboat.cl,,pago extra ayudante (diario),60000.0
2027-03-27 20:00:00,sim@hotboat.cl,,pago extra ayudante (diario),30000.0
2027-03-29 20:00:00,sim@hotboat.cl,,pago extra ayudante (diario),30000.0
2027-04-02 12:00:00,sim@hotboat.cl,1000894.0,leña,1500.0
2027-04-02 12:00:00,sim@hotboat.cl,1000894.0,agua,700.0
2027-04-02 12:00:00,sim@hotboat.cl,1000894.0,luz,520.0
2027-04-02 12:00:00,sim@hotboat.cl,1000894.0,gas,10000.0
2027-04-03 12:00:00,sim@hotboat.cl,1000895.0,leña,1500.0
2027-04-03 12:00:00,sim@hotboat.cl,1000895.0,agua,700.0
2027-04-03 12:00:00,sim@hotboat.cl,1000895.0,luz,520.0
2027-04-03 12:00:00,sim@hotboat.cl,1000895.0,gas,10000.0
2027-04-03 12:10:00,sim@hotboat.cl,1000896.0,leña,1500.0
2027-04-03 12:10:00,sim@hotboat.cl,1000896.0,agua,700.0
2027-04-03 12:10:00,sim@hotboat.cl,1000896.0,luz,520.0
2027-04-03 12:10:00,sim@hotboat.cl,1000896.0,gas,10000.0
2027-04-03 12:20:00,sim@hotboat.cl,1000897.0,leña,1500.0
2027-04-03 12:20:00,sim@hotboat.cl,1000897.0,agua,700.0
2027-04-03 12:20:00,sim@hotboat.cl,1000897.0,luz,520.0
2027-04-03 12:20:00,sim@hotboat.cl,1000897.0,gas,10000.0
2027-04-03 12:30:00,sim@hotboat.cl,1000898.0,leña,1500.0
2027-04-03 12:30:00,sim@hotboat.cl,1000898.0,agua,700.0
2027-04-03 12:30:00,sim@hotboat.cl,1000898.0,luz,520.0
2027-04-03 12:30:00,sim@hotboat.cl,1000898.0,gas,10000.0
2027-04-03 12:40:00,sim@hotboat.cl,1000899.0,leña,1500.0
2027-04-03 12:40:00,sim@hotboat.cl,1000899.0,agua,700.0
2027-04-03 12:40:00,sim@hotboat.cl,1000899.0,luz,520.0
2027-04-03 12:40:00,sim@hotboat.cl,1000899.0,gas,10000.0
2027-04-04 12:00:00,sim@hotboat.cl,1000900.0,leña,1500.0
2027-04-04 12:00:00,sim@hotboat.cl,1000900.0,agua,700.0
2027-04-04 12:00:00,sim@hotboat.cl,1000900.0,luz,520.0
2027-04-04 12:00:00,sim@hotboat.cl,1000900.0,gas,10000.0
2027-04-04 12:10:00,sim@hotboat.cl,1000901.0,leña,1500.0
2027-04-04 12:10:00,sim@hotboat.cl,1000901.0,agua,700.0
2027-04-04 12:10:00,sim@hotboat.cl,1000901.0,luz,520.0
2027-04-04 12:10:00,sim@hotboat.cl,1000901.0,gas,10000.0
2027-04-05 12:00:00,sim@hotboat.cl,1000902.0,leña,1500.0
2027-04-05 12:00:00,sim@hotboat.cl,1000902.0,agua,700.0
2027-04-05 12:00:00,sim@hotboat.cl,1000902.0,luz,520.0
2027-04-05 12:00:00,sim@hotboat.cl,1000902.0,gas,10000.0
2027-04-07 12:00:00,sim@hotboat.cl,1000903.0,leña,1500.0
2027-04-07 12:00:00,sim@hotboat.cl,1000903.0,agua,700.0
2027-04-07 12:00:00,sim@hotboat.cl,1000903.0,luz,520.0
2027-04-07 12:00:00,sim@hotboat.cl,1000903.0,gas,10000.0
2027-04-10 12:00:00,sim@hotboat.cl,1000904.0,leña,1500.0
2027-04-10 12:00:00,sim@hotboat.cl,1000904.0,agua,700.0
2027-04-10 12:00:00,sim@hotboat.cl,1000904.0,luz,520.0
2027-04-10 12:00:00,sim@hotboat.cl,1000904.0,gas,10000.0
2027-04-10 12:10:00,sim@hotboat.cl,1000905.0,leña,1500.0
2027-04-10 12:10:00,sim@hotboat.cl,1000905.0,agua,700.0
2027-04-10 12:10:00,sim@hotboat.cl,1000905.0,luz,520.0
2027-04-10 12:10:00,sim@hotboat.cl,1000905.0,gas,10000.0
2027-04-11 12:00:00,sim@hotboat.cl,1000906.0,leña,1500.0
2027-04-11 12:00:00,sim@hotboat.cl,1000906.0,agua,700.0
2027-04-11 12:00:00,sim@hotboat.cl,1000906.0,luz,520.0
2027-04-11 12:00:00,sim@hotboat.cl,1000906.0,gas,10000.0
2027-04-12 12:00:00,sim@hotboat.cl,1000907.0,leña,1500.0
2027-04-12 12:00:00,sim@hotboat.cl,1000907.0,agua,700.0
2027-04-12 12:00:00,sim@hotboat.cl,1000907.0,luz,520.0
2027-04-12 12:00:00,sim@hotboat.cl,1000907.0,gas,10000.0
2027-04-17 12:00:00,sim@hotboat.cl,1000908.0,leña,1500.0
2027-04-17 12:00:00,sim@hotboat.cl,1000908.0,agua,700.0
2027-04-17 12:00:00,sim@hotboat.cl,1000908.0,luz,520.0
2027-04-17 12:00:00,sim@hotboat.cl,1000908.0,gas,10000.0
2027-04-18 12:00:00,sim@hotboat.cl,1000909.0,leña,1500.0
2027-04-18 12:00:00,sim@hotboat.cl,1000909.0,agua,700.0
2027-04-18 12:00:00,sim@hotboat.cl,1000909.0,luz,520.0
2027-04-18 12:00:00,sim@hotboat.cl,1000909.0,gas,10000.0
2027-04-19 12:00:00,sim@hotboat.cl,1000910.0,leña,1500.0
2027-04-19 12:00:00,sim@hotboat.cl,1000910.0,agua,700.0
2027-04-19 12:00:00,sim@hotboat.cl,1000910.0,luz,520.0
2027-04-19 12:00:00,sim@hotboat.cl,1000910.0,gas,10000.0
2027-04-23 12:00:00,sim@hotboat.cl,1000911.0,leña,1500.0
2027-04-23 12:00:00,sim@hotboat.cl,1000911.0,agua,700.0
2027-04-23 12:00:00,sim@hotboat.cl,1000911.0,luz,520.0
2027-04-23 12:00:00,sim@hotboat.cl,1000911.0,gas,10000.0
2027-04-24 12:00:00,sim@hotboat.cl,1000912.0,leña,1500.0
2027-04-24 12:00:00,sim@hotboat.cl,1000912.0,agua,700.0
2027-04-24 12:00:00,sim@hotboat.cl,1000912.0,luz,520.0
2027-04-24 12:00:00,sim@hotboat.cl,1000912.0,gas,10000.0
2027-04-27 12:00:00,sim@hotboat.cl,1000913.0,leña,1500.0
2027-04-27 12:00:00,sim@hotboat.cl,1000913.0,agua,700.0
2027-04-27 12:00:00,sim@hotboat.cl,1000913.0,luz,520.0
2027-04-27 12:00:00,sim@hotboat.cl,1000913.0,gas,10000.0
2027-04-27 12:10:00,sim@hotboat.cl,1000914.0,leña,1500.0
2027-04-27 12:10:00,sim@hotboat.cl,1000914.0,agua,700.0
2027-04-27 12:10:00,sim@hotboat.cl,1000914.0,luz,520.0
2027-04-27 12:10:00,sim@hotboat.cl,1000914.0,gas,10000.0
2027-04-27 12:20:00,sim@hotboat.cl,1000915.0,leña,1500.0
2027-04-27 12:20:00,sim@hotboat.cl,1000915.0,agua,700.0
2027-04-27 12:20:00,sim@hotboat.cl,1000915.0,luz,520.0
2027-04-27 12:20:00,sim@hotboat.cl,1000915.0,gas,10000.0
2027-04-29 12:00:00,sim@hotboat.cl,1000916.0,leña,1500.0
2027-04-29 12:00:00,sim@hotboat.cl,1000916.0,agua,700.0
2027-04-29 12:00:00,sim@hotboat.cl,1000916.0,luz,520.0
2027-04-29 12:00:00,sim@hotboat.cl,1000916.0,gas,10000.0
2027-04-02 20:00:00,sim@hotboat.cl,,pago extra ayudante (diario),30000.0
2027-04-03 20:00:00,sim@hotboat.cl,,pago extra ayudante (diario),150000.0
2027-04-04 20:00:00,sim@hotboat.cl,,pago extra ayudante (diario),60000.0
2027-04-05 20:00:00,sim@hotboat.cl,,pago extra ayudante (diario),30000.0
2027-04-07 20:00:00,sim@hotboat.cl,,pago extra ayudante (diario),30000.0
2027-04-10 20:00:00,sim@hotboat.cl,,pago extra ayudante (diario),60000.0
2027-04-11 20:00:00,sim@hotboat.cl,,pago extra ayudante (diario),30000.0
2027-04-12 20:00:00,sim@hotboat.cl,,pago extra ayudante (diario),30000.0
2027-04-17 20:00:00,sim@hotboat.cl,,pago extra ayudante (diario),30000.0
2027-04-18 20:00:00,sim@hotboat.cl,,pago extra ayudante (diario),30000.0
2027-04-19 20:00:00,sim@hotboat.cl,,pago extra ayudante (diario),30000.0
2027-04-23 20:00:00,sim@hotboat.cl,,pago extra ayudante (diario),30000.0
2027-04-24 20:00:00,sim@hotboat.cl,,pago extra ayudante (diario),30000.0
2027-04-27 20:00:00,sim@hotboat.cl,,pago extra ayudante (diario),90000.0
2027-04-29 20:00:00,sim@hotboat.cl,,pago extra ayudante (diario),30000.0
2027-05-01 12:00:00,sim@hotboat.cl,1000917.0,leña,1500.0
2027-05-01 12:00:00,sim@hotboat.cl,1000917.0,agua,700.0
2027-05-01 12:00:00,sim@hotboat.cl,1000917.0,luz,520.0
2027-05-01 12:00:00,sim@hotboat.cl,1000917.0,gas,10000.0
2027-05-01 12:10:00,sim@hotboat.cl,1000918.0,leña,1500.0
2027-05-01 12:10:00,sim@hotboat.cl,1000918.0,agua,700.0
2027-05-01 12:10:00,sim@hotboat.cl,1000918.0,luz,520.0
2027-05-01 12:10:00,sim@hotboat.cl,1000918.0,gas,10000.0
2027-05-01 12:20:00,sim@hotboat.cl,1000919.0,leña,1500.0
2027-05-01 12:20:00,sim@hotboat.cl,1000919.0,agua,700.0
2027-05-01 12:20:00,sim@hotboat.cl,1000919.0,luz,520.0
2027-05-01 12:20:00,sim@hotboat.cl,1000919.0,gas,10000.0
2027-05-02 12:00:00,sim@hotboat.cl,1000920.0,leña,1500.0
2027-05-02 12:00:00,sim@hotboat.cl,1000920.0,agua,700.0
2027-05-02 12:00:00,sim@hotboat.cl,1000920.0,luz,520.0
2027-05-02 12:00:00,sim@hotboat.cl,1000920.0,gas,10000.0
2027-05-04 12:00:00,sim@hotboat.cl,1000921.0,leña,1500.0
2027-05-04 12:00:00,sim@hotboat.cl,1000921.0,agua,700.0
2027-05-04 12:00:00,sim@hotboat.cl,1000921.0,luz,520.0
2027-05-04 12:00:00,sim@hotboat.cl,1000921.0,gas,10000.0
2027-05-05 12:00:00,sim@hotboat.cl,1000922.0,leña,1500.0
2027-05-05 12:00:00,sim@hotboat.cl,1000922.0,agua,700.0
2027-05-05 12:00:00,sim@hotboat.cl,1000922.0,luz,520.0
2027-05-05 12:00:00,sim@hotboat.cl,1000922.0,gas,10000.0
2027-05-07 12:00:00,sim@hotboat.cl,1000923.0,leña,1500.0
2027-05-07 12:00:00,sim@hotboat.cl,1000923.0,agua,700.0
2027-05-07 12:00:00,sim@hotboat.cl,1000923.0,luz,520.0
2027-05-07 12:00:00,sim@hotboat.cl,1000923.0,gas,10000.0
2027-05-08 12:00:00,sim@hotboat.cl,1000924.0,leña,1500.0
2027-05-08 12:00:00,sim@hotboat.cl,1000924.0,agua,700.0
2027-05-08 12:00:00,sim@hotboat.cl,1000924.0,luz,520.0
2027-05-08 12:00:00,sim@hotboat.cl,1000924.0,gas,10000.0
2027-05-09 12:00:00,sim@hotboat.cl,1000925.0,leña,1500.0
2027-05-09 12:00:00,sim@hotboat.cl,1000925.0,agua,700.0
2027-05-09 12:00:00,sim@hotboat.cl,1000925.0,luz,520.0
2027-05-09 12:00:00,sim@hotboat.cl,1000925.0,gas,10000.0
2027-05-12 12:00:00,sim@hotboat.cl,1000926.0,leña,1500.0
2027-05-12 12:00:00,sim@hotboat.cl,1000926.0,agua,700.0
2027-05-12 12:00:00,sim@hotboat.cl,1000926.0,luz,520.0
2027-05-12 12:00:00,sim@hotboat.cl,1000926.0,gas,10000.0
2027-05-19 12:00:00,sim@hotboat.cl,1000927.0,leña,1500.0
2027-05-19 12:00:00,sim@hotboat.cl,1000927.0,agua,700.0
2027-05-19 12:00:00,sim@hotboat.cl,1000927.0,luz,520.0
2027-05-19 12:00:00,sim@hotboat.cl,1000927.0,gas,10000.0
2027-05-22 12:00:00,sim@hotboat.cl,1000928.0,leña,1500.0
2027-05-22 12:00:00,sim@hotboat.cl,1000928.0,agua,700.0
2027-05-22 12:00:00,sim@hotboat.cl,1000928.0,luz,520.0
2027-05-22 12:00:00,sim@hotboat.cl,1000928.0,gas,10000.0
2027-05-25 12:00:00,sim@hotboat.cl,1000929.0,leña,1500.0
2027-05-25 12:00:00,sim@hotboat.cl,1000929.0,agua,700.0
2027-05-25 12:00:00,sim@hotboat.cl,1000929.0,luz,520.0
2027-05-25 12:00:00,sim@hotboat.cl,1000929.0,gas,10000.0
2027-05-27 12:00:00,sim@hotboat.cl,1000930.0,leña,1500.0
2027-05-27 12:00:00,sim@hotboat.cl,1000930.0,agua,700.0
2027-05-27 12:00:00,sim@hotboat.cl,1000930.0,luz,520.0
2027-05-27 12:00:00,sim@hotboat.cl,1000930.0,gas,10000.0
2027-05-27 12:10:00,sim@hotboat.cl,1000931.0,leña,1500.0
2027-05-27 12:10:00,sim@hotboat.cl,1000931.0,agua,700.0
2027-05-27 12:10:00,sim@hotboat.cl,1000931.0,luz,520.0
2027-05-27 12:10:00,sim@hotboat.cl,1000931.0,gas,10000.0
2027-05-29 12:00:00,sim@hotboat.cl,1000932.0,leña,1500.0
2027-05-29 12:00:00,sim@hotboat.cl,1000932.0,agua,700.0
2027-05-29 12:00:00,sim@hotboat.cl,1000932.0,luz,520.0
2027-05-29 12:00:00,sim@hotboat.cl,1000932.0,gas,10000.0
2027-05-29 12:10:00,sim@hotboat.cl,1000933.0,leña,1500.0
2027-05-29 12:10:00,sim@hotboat.cl,1000933.0,agua,700.0
2027-05-29 12:10:00,sim@hotboat.cl,1000933.0,luz,520.0
2027-05-29 12:10:00,sim@hotboat.cl,1000933.0,gas,10000.0
2027-05-30 12:00:00,sim@hotboat.cl,1000934.0,leña,1500.0
2027-05-30 12:00:00,sim@hotboat.cl,1000934.0,agua,700.0
2027-05-30 12:00:00,sim@hotboat.cl,1000934.0,luz,520.0
2027-05-30 12:00:00,sim@hotboat.cl,1000934.0,gas,10000.0
2027-05-30 12:10:00,sim@hotboat.cl,1000935.0,leña,1500.0
2027-05-30 12:10:00,sim@hotboat.cl,1000935.0,agua,700.0
2027-05-30 12:10:00,sim@hotboat.cl,1000935.0,luz,520.0
2027-05-30 12:10:00,sim@hotboat.cl,1000935.0,gas,10000.0
2027-05-30 12:20:00,sim@hotboat.cl,1000936.0,leña,1500.0
2027-05-30 12:20:00,sim@hotboat.cl,1000936.0,agua,700.0
2027-05-30 12:20:00,sim@hotboat.cl,1000936.0,luz,520.0
2027-05-30 12:20:00,sim@hotboat.cl,1000936.0,gas,10000.0
2027-05-31 12:00:00,sim@hotboat.cl,1000937.0,leña,1500.0
2027-05-31 12:00:00,sim@hotboat.cl,1000937.0,agua,700.0
2027-05-31 12:00:00,sim@hotboat.cl,1000937.0,luz,520.0
2027-05-31 12:00:00,sim@hotboat.cl,1000937.0,gas,10000.0
2027-05-01 20:00:00,sim@hotboat.cl,,pago extra ayudante (diario),90000.0
2027-05-02 20:00:00,sim@hotboat.cl,,pago extra ayudante (diario),30000.0
2027-05-04 20:00:00,sim@hotboat.cl,,pago extra ayudante (diario),30000.0
2027-05-05 20:00:00,sim@hotboat.cl,,pago extra ayudante (diario),30000.0
2027-05-07 20:00:00,sim@hotboat.cl,,pago extra ayudante (diario),30000.0
2027-05-08 20:00:00,sim@hotboat.cl,,pago extra ayudante (diario),30000.0
2027-05-09 20:00:00,sim@hotboat.cl,,pago extra ayudante (diario),30000.0
2027-05-12 20:00:00,sim@hotboat.cl,,pago extra ayudante (diario),30000.0
2027-05-19 20:00:00,sim@hotboat.cl,,pago extra ayudante (diario),30000.0
2027-05-22 20:00:00,sim@hotboat.cl,,pago extra ayudante (diario),30000.0
2027-05-25 20:00:00,sim@hotboat.cl,,pago extra ayudante (diario),30000.0
2027-05-27 20:00:00,sim@hotboat.cl,,pago extra ayudante (diario),60000.0
2027-05-29 20:00:00,sim@hotboat.cl,,pago extra ayudante (diario),60000.0
2027-05-30 20:00:00,sim@hotboat.cl,,pago extra ayudante (diario),90000.0
2027-05-31 20:00:00,sim@hotboat.cl,,pago extra ayudante (diario),30000.0
2027-06-02 12:00:00,sim@hotboat.cl,1000938.0,leña,1500.0
2027-06-02 12:00:00,sim@hotboat.cl,1000938.0,agua,700.0
2027-06-02 12:00:00,sim@hotboat.cl,1000938.0,luz,520.0
2027-06-02 12:00:00,sim@hotboat.cl,1000938.0,gas,10000.0
2027-06-03 12:00:00,sim@hotboat.cl,1000939.0,leña,1500.0
2027-06-03 12:00:00,sim@hotboat.cl,1000939.0,agua,700.0
2027-06-03 12:00:00,sim@hotboat.cl,1000939.0,luz,520.0
2027-06-03 12:00:00,sim@hotboat.cl,1000939.0,gas,10000.0
2027-06-05 12:00:00,sim@hotboat.cl,1000940.0,leña,1500.0
2027-06-05 12:00:00,sim@hotboat.cl,1000940.0,agua,700.0
2027-06-05 12:00:00,sim@hotboat.cl,1000940.0,luz,520.0
2027-06-05 12:00:00,sim@hotboat.cl,1000940.0,gas,10000.0
2027-06-05 12:10:00,sim@hotboat.cl,1000941.0,leña,1500.0
2027-06-05 12:10:00,sim@hotboat.cl,1000941.0,agua,700.0
2027-06-05 12:10:00,sim@hotboat.cl,1000941.0,luz,520.0
2027-06-05 12:10:00,sim@hotboat.cl,1000941.0,gas,10000.0
2027-06-05 12:20:00,sim@hotboat.cl,1000942.0,leña,1500.0
2027-06-05 12:20:00,sim@hotboat.cl,1000942.0,agua,700.0
2027-06-05 12:20:00,sim@hotboat.cl,1000942.0,luz,520.0
2027-06-05 12:20:00,sim@hotboat.cl,1000942.0,gas,10000.0
2027-06-05 12:30:00,sim@hotboat.cl,1000943.0,leña,1500.0
2027-06-05 12:30:00,sim@hotboat.cl,1000943.0,agua,700.0
2027-06-05 12:30:00,sim@hotboat.cl,1000943.0,luz,520.0
2027-06-05 12:30:00,sim@hotboat.cl,1000943.0,gas,10000.0
2027-06-05 12:40:00,sim@hotboat.cl,1000944.0,leña,1500.0
2027-06-05 12:40:00,sim@hotboat.cl,1000944.0,agua,700.0
2027-06-05 12:40:00,sim@hotboat.cl,1000944.0,luz,520.0
2027-06-05 12:40:00,sim@hotboat.cl,1000944.0,gas,10000.0
2027-06-06 12:00:00,sim@hotboat.cl,1000945.0,leña,1500.0
2027-06-06 12:00:00,sim@hotboat.cl,1000945.0,agua,700.0
2027-06-06 12:00:00,sim@hotboat.cl,1000945.0,luz,520.0
2027-06-06 12:00:00,sim@hotboat.cl,1000945.0,gas,10000.0
2027-06-06 12:10:00,sim@hotboat.cl,1000946.0,leña,1500.0
2027-06-06 12:10:00,sim@hotboat.cl,1000946.0,agua,700.0
2027-06-06 12:10:00,sim@hotboat.cl,1000946.0,luz,520.0
2027-06-06 12:10:00,sim@hotboat.cl,1000946.0,gas,10000.0
2027-06-07 12:00:00,sim@hotboat.cl,1000947.0,leña,1500.0
2027-06-07 12:00:00,sim@hotboat.cl,1000947.0,agua,700.0
2027-06-07 12:00:00,sim@hotboat.cl,1000947.0,luz,520.0
2027-06-07 12:00:00,sim@hotboat.cl,1000947.0,gas,10000.0
2027-06-10 12:00:00,sim@hotboat.cl,1000948.0,leña,1500.0
2027-06-10 12:00:00,sim@hotboat.cl,1000948.0,agua,700.0
2027-06-10 12:00:00,sim@hotboat.cl,1000948.0,luz,520.0
2027-06-10 12:00:00,sim@hotboat.cl,1000948.0,gas,10000.0
2027-06-12 12:00:00,sim@hotboat.cl,1000949.0,leña,1500.0
2027-06-12 12:00:00,sim@hotboat.cl,1000949.0,agua,700.0
2027-06-12 12:00:00,sim@hotboat.cl,1000949.0,luz,520.0
2027-06-12 12:00:00,sim@hotboat.cl,1000949.0,gas,10000.0
2027-06-12 12:10:00,sim@hotboat.cl,1000950.0,leña,1500.0
2027-06-12 12:10:00,sim@hotboat.cl,1000950.0,agua,700.0
2027-06-12 12:10:00,sim@hotboat.cl,1000950.0,luz,520.0
2027-06-12 12:10:00,sim@hotboat.cl,1000950.0,gas,10000.0
2027-06-13 12:00:00,sim@hotboat.cl,1000951.0,leña,1500.0
2027-06-13 12:00:00,sim@hotboat.cl,1000951.0,agua,700.0
2027-06-13 12:00:00,sim@hotboat.cl,1000951.0,luz,520.0
2027-06-13 12:00:00,sim@hotboat.cl,1000951.0,gas,10000.0
2027-06-17 12:00:00,sim@hotboat.cl,1000952.0,leña,1500.0
2027-06-17 12:00:00,sim@hotboat.cl,1000952.0,agua,700.0
2027-06-17 12:00:00,sim@hotboat.cl,1000952.0,luz,520.0
2027-06-17 12:00:00,sim@hotboat.cl,1000952.0,gas,10000.0
2027-06-20 12:00:00,sim@hotboat.cl,1000953.0,leña,1500.0
2027-06-20 12:00:00,sim@hotboat.cl,1000953.0,agua,700.0
2027-06-20 12:00:00,sim@hotboat.cl,1000953.0,luz,520.0
2027-06-20 12:00:00,sim@hotboat.cl,1000953.0,gas,10000.0
2027-06-23 12:00:00,sim@hotboat.cl,1000954.0,leña,1500.0
2027-06-23 12:00:00,sim@hotboat.cl,1000954.0,agua,700.0
2027-06-23 12:00:00,sim@hotboat.cl,1000954.0,luz,520.0
2027-06-23 12:00:00,sim@hotboat.cl,1000954.0,gas,10000.0
2027-06-25 12:00:00,sim@hotboat.cl,1000955.0,leña,1500.0
2027-06-25 12:00:00,sim@hotboat.cl,1000955.0,agua,700.0
2027-06-25 12:00:00,sim@hotboat.cl,1000955.0,luz,520.0
2027-06-25 12:00:00,sim@hotboat.cl,1000955.0,gas,10000.0
2027-06-25 12:10:00,sim@hotboat.cl,1000956.0,leña,1500.0
2027-06-25 12:10:00,sim@hotboat.cl,1000956.0,agua,700.0
2027-06-25 12:10:00,sim@hotboat.cl,1000956.0,luz,520.0
2027-06-25 12:10:00,sim@hotboat.cl,1000956.0,gas,10000.0
2027-06-26 12:00:00,sim@hotboat.cl,1000957.0,leña,1500.0
2027-06-26 12:00:00,sim@hotboat.cl,1000957.0,agua,700.0
2027-06-26 12:00:00,sim@hotboat.cl,1000957.0,luz,520.0
2027-06-26 12:00:00,sim@hotboat.cl,1000957.0,gas,10000.0
2027-06-29 12:00:00,sim@hotboat.cl,1000958.0,leña,1500.0
2027-06-29 12:00:00,sim@hotboat.cl,1000958.0,agua,700.0
2027-06-29 12:00:00,sim@hotboat.cl,1000958.0,luz,520.0
2027-06-29 12:00:00,sim@hotboat.cl,1000958.0,gas,10000.0
2027-06-02 20:00:00,sim@hotboat.cl,,pago extra ayudante (diario),30000.0
2027-06-03 20:00:00,sim@hotboat.cl,,pago extra ayudante (diario),30000.0
2027-06-05 20:00:00,sim@hotboat.cl,,pago extra ayudante (diario),150000.0
2027-06-06 20:00:00,sim@hotboat.cl,,pago extra ayudante (diario),60000.0
2027-06-07 20:00:00,sim@hotboat.cl,,pago extra ayudante (diario),30000.0
2027-06-10 20:00:00,sim@hotboat.cl,,pago extra ayudante (diario),30000.0
2027-06-12 20:00:00,sim@hotboat.cl,,pago extra ayudante (diario),60000.0
2027-06-13 20:00:00,sim@hotboat.cl,,pago extra ayudante (diario),30000.0
2027-06-17 20:00:00,sim@hotboat.cl,,pago extra ayudante (diario),30000.0
2027-06-20 20:00:00,sim@hotboat.cl,,pago extra ayudante (diario),30000.0
2027-06-23 20:00:00,sim@hotboat.cl,,pago extra ayudante (diario),30000.0
2027-06-25 20:00:00,sim@hotboat.cl,,pago extra ayudante (diario),60000.0
2027-06-26 20:00:00,sim@hotboat.cl,,pago extra ayudante (diario),30000.0
2027-06-29 20:00:00,sim@hotboat.cl,,pago extra ayudante (diario),30000.0
2027-07-01 12:00:00,sim@hotboat.cl,1000959.0,leña,1500.0
2027-07-01 12:00:00,sim@hotboat.cl,1000959.0,agua,700.0
2027-07-01 12:00:00,sim@hotboat.cl,1000959.0,luz,520.0
2027-07-01 12:00:00,sim@hotboat.cl,1000959.0,gas,10000.0
2027-07-01 12:10:00,sim@hotboat.cl,1000960.0,leña,1500.0
2027-07-01 12:10:00,sim@hotboat.cl,1000960.0,agua,700.0
2027-07-01 12:10:00,sim@hotboat.cl,1000960.0,luz,520.0
2027-07-01 12:10:00,sim@hotboat.cl,1000960.0,gas,10000.0
2027-07-02 12:00:00,sim@hotboat.cl,1000961.0,leña,1500.0
2027-07-02 12:00:00,sim@hotboat.cl,1000961.0,agua,700.0
2027-07-02 12:00:00,sim@hotboat.cl,1000961.0,luz,520.0
2027-07-02 12:00:00,sim@hotboat.cl,1000961.0,gas,10000.0
2027-07-02 12:10:00,sim@hotboat.cl,1000962.0,leña,1500.0
2027-07-02 12:10:00,sim@hotboat.cl,1000962.0,agua,700.0
2027-07-02 12:10:00,sim@hotboat.cl,1000962.0,luz,520.0
2027-07-02 12:10:00,sim@hotboat.cl,1000962.0,gas,10000.0
2027-07-02 12:20:00,sim@hotboat.cl,1000963.0,leña,1500.0
2027-07-02 12:20:00,sim@hotboat.cl,1000963.0,agua,700.0
2027-07-02 12:20:00,sim@hotboat.cl,1000963.0,luz,520.0
2027-07-02 12:20:00,sim@hotboat.cl,1000963.0,gas,10000.0
2027-07-03 12:00:00,sim@hotboat.cl,1000964.0,leña,1500.0
2027-07-03 12:00:00,sim@hotboat.cl,1000964.0,agua,700.0
2027-07-03 12:00:00,sim@hotboat.cl,1000964.0,luz,520.0
2027-07-03 12:00:00,sim@hotboat.cl,1000964.0,gas,10000.0
2027-07-03 12:10:00,sim@hotboat.cl,1000965.0,leña,1500.0
2027-07-03 12:10:00,sim@hotboat.cl,1000965.0,agua,700.0
2027-07-03 12:10:00,sim@hotboat.cl,1000965.0,luz,520.0
2027-07-03 12:10:00,sim@hotboat.cl,1000965.0,gas,10000.0
2027-07-03 12:20:00,sim@hotboat.cl,1000966.0,leña,1500.0
2027-07-03 12:20:00,sim@hotboat.cl,1000966.0,agua,700.0
2027-07-03 12:20:00,sim@hotboat.cl,1000966.0,luz,520.0
2027-07-03 12:20:00,sim@hotboat.cl,1000966.0,gas,10000.0
2027-07-03 12:30:00,sim@hotboat.cl,1000967.0,leña,1500.0
2027-07-03 12:30:00,sim@hotboat.cl,1000967.0,agua,700.0
2027-07-03 12:30:00,sim@hotboat.cl,1000967.0,luz,520.0
2027-07-03 12:30:00,sim@hotboat.cl,1000967.0,gas,10000.0
2027-07-03 12:40:00,sim@hotboat.cl,1000968.0,leña,1500.0
2027-07-03 12:40:00,sim@hotboat.cl,1000968.0,agua,700.0
2027-07-03 12:40:00,sim@hotboat.cl,1000968.0,luz,520.0
2027-07-03 12:40:00,sim@hotboat.cl,1000968.0,gas,10000.0
2027-07-04 12:00:00,sim@hotboat.cl,1000969.0,leña,1500.0
2027-07-04 12:00:00,sim@hotboat.cl,1000969.0,agua,700.0
2027-07-04 12:00:00,sim@hotboat.cl,1000969.0,luz,520.0
2027-07-04 12:00:00,sim@hotboat.cl,1000969.0,gas,10000.0
2027-07-04 12:10:00,sim@hotboat.cl,1000970.0,leña,1500.0
2027-07-04 12:10:00,sim@hotboat.cl,1000970.0,agua,700.0
2027-07-04 12:10:00,sim@hotboat.cl,1000970.0,luz,520.0
2027-07-04 12:10:00,sim@hotboat.cl,1000970.0,gas,10000.0
2027-07-04 12:20:00,sim@hotboat.cl,1000971.0,leña,1500.0
2027-07-04 12:20:00,sim@hotboat.cl,1000971.0,agua,700.0
2027-07-04 12:20:00,sim@hotboat.cl,1000971.0,luz,520.0
2027-07-04 12:20:00,sim@hotboat.cl,1000971.0,gas,10000.0
2027-07-05 12:00:00,sim@hotboat.cl,1000972.0,leña,1500.0
2027-07-05 12:00:00,sim@hotboat.cl,1000972.0,agua,700.0
2027-07-05 12:00:00,sim@hotboat.cl,1000972.0,luz,520.0
2027-07-05 12:00:00,sim@hotboat.cl,1000972.0,gas,10000.0
2027-07-05 12:10:00,sim@hotboat.cl,1000973.0,leña,1500.0
2027-07-05 12:10:00,sim@hotboat.cl,1000973.0,agua,700.0
2027-07-05 12:10:00,sim@hotboat.cl,1000973.0,luz,520.0
2027-07-05 12:10:00,sim@hotboat.cl,1000973.0,gas,10000.0
2027-07-07 12:00:00,sim@hotboat.cl,1000974.0,leña,1500.0
2027-07-07 12:00:00,sim@hotboat.cl,1000974.0,agua,700.0
2027-07-07 12:00:00,sim@hotboat.cl,1000974.0,luz,520.0
2027-07-07 12:00:00,sim@hotboat.cl,1000974.0,gas,10000.0
2027-07-10 12:00:00,sim@hotboat.cl,1000975.0,leña,1500.0
2027-07-10 12:00:00,sim@hotboat.cl,1000975.0,agua,700.0
2027-07-10 12:00:00,sim@hotboat.cl,1000975.0,luz,520.0
2027-07-10 12:00:00,sim@hotboat.cl,1000975.0,gas,10000.0
2027-07-10 12:10:00,sim@hotboat.cl,1000976.0,leña,1500.0
2027-07-10 12:10:00,sim@hotboat.cl,1000976.0,agua,700.0
2027-07-10 12:10:00,sim@hotboat.cl,1000976.0,luz,520.0
2027-07-10 12:10:00,sim@hotboat.cl,1000976.0,gas,10000.0
2027-07-10 12:20:00,sim@hotboat.cl,1000977.0,leña,1500.0
2027-07-10 12:20:00,sim@hotboat.cl,1000977.0,agua,700.0
2027-07-10 12:20:00,sim@hotboat.cl,1000977.0,luz,520.0
2027-07-10 12:20:00,sim@hotboat.cl,1000977.0,gas,10000.0
2027-07-11 12:00:00,sim@hotboat.cl,1000978.0,leña,1500.0
2027-07-11 12:00:00,sim@hotboat.cl,1000978.0,agua,700.0
2027-07-11 12:00:00,sim@hotboat.cl,1000978.0,luz,520.0
2027-07-11 12:00:00,sim@hotboat.cl,1000978.0,gas,10000.0
2027-07-12 12:00:00,sim@hotboat.cl,1000979.0,leña,1500.0
2027-07-12 12:00:00,sim@hotboat.cl,1000979.0,agua,700.0
2027-07-12 12:00:00,sim@hotboat.cl,1000979.0,luz,520.0
2027-07-12 12:00:00,sim@hotboat.cl,1000979.0,gas,10000.0
2027-07-15 12:00:00,sim@hotboat.cl,1000980.0,leña,1500.0
2027-07-15 12:00:00,sim@hotboat.cl,1000980.0,agua,700.0
2027-07-15 12:00:00,sim@hotboat.cl,1000980.0,luz,520.0
2027-07-15 12:00:00,sim@hotboat.cl,1000980.0,gas,10000.0
2027-07-17 12:00:00,sim@hotboat.cl,1000981.0,leña,1500.0
2027-07-17 12:00:00,sim@hotboat.cl,1000981.0,agua,700.0
2027-07-17 12:00:00,sim@hotboat.cl,1000981.0,luz,520.0
2027-07-17 12:00:00,sim@hotboat.cl,1000981.0,gas,10000.0
2027-07-18 12:00:00,sim@hotboat.cl,1000982.0,leña,1500.0
2027-07-18 12:00:00,sim@hotboat.cl,1000982.0,agua,700.0
2027-07-18 12:00:00,sim@hotboat.cl,1000982.0,luz,520.0
2027-07-18 12:00:00,sim@hotboat.cl,1000982.0,gas,10000.0
2027-07-18 12:10:00,sim@hotboat.cl,1000983.0,leña,1500.0
2027-07-18 12:10:00,sim@hotboat.cl,1000983.0,agua,700.0
2027-07-18 12:10:00,sim@hotboat.cl,1000983.0,luz,520.0
2027-07-18 12:10:00,sim@hotboat.cl,1000983.0,gas,10000.0
2027-07-18 12:20:00,sim@hotboat.cl,1000984.0,leña,1500.0
2027-07-18 12:20:00,sim@hotboat.cl,1000984.0,agua,700.0
2027-07-18 12:20:00,sim@hotboat.cl,1000984.0,luz,520.0
2027-07-18 12:20:00,sim@hotboat.cl,1000984.0,gas,10000.0
2027-07-19 12:00:00,sim@hotboat.cl,1000985.0,leña,1500.0
2027-07-19 12:00:00,sim@hotboat.cl,1000985.0,agua,700.0
2027-07-19 12:00:00,sim@hotboat.cl,1000985.0,luz,520.0
2027-07-19 12:00:00,sim@hotboat.cl,1000985.0,gas,10000.0
2027-07-23 12:00:00,sim@hotboat.cl,1000986.0,leña,1500.0
2027-07-23 12:00:00,sim@hotboat.cl,1000986.0,agua,700.0
2027-07-23 12:00:00,sim@hotboat.cl,1000986.0,luz,520.0
2027-07-23 12:00:00,sim@hotboat.cl,1000986.0,gas,10000.0
2027-07-24 12:00:00,sim@hotboat.cl,1000987.0,leña,1500.0
2027-07-24 12:00:00,sim@hotboat.cl,1000987.0,agua,700.0
2027-07-24 12:00:00,sim@hotboat.cl,1000987.0,luz,520.0
2027-07-24 12:00:00,sim@hotboat.cl,1000987.0,gas,10000.0
2027-07-24 12:10:00,sim@hotboat.cl,1000988.0,leña,1500.0
2027-07-24 12:10:00,sim@hotboat.cl,1000988.0,agua,700.0
2027-07-24 12:10:00,sim@hotboat.cl,1000988.0,luz,520.0
2027-07-24 12:10:00,sim@hotboat.cl,1000988.0,gas,10000.0
2027-07-25 12:00:00,sim@hotboat.cl,1000989.0,leña,1500.0
2027-07-25 12:00:00,sim@hotboat.cl,1000989.0,agua,700.0
2027-07-25 12:00:00,sim@hotboat.cl,1000989.0,luz,520.0
2027-07-25 12:00:00,sim@hotboat.cl,1000989.0,gas,10000.0
2027-07-25 12:10:00,sim@hotboat.cl,1000990.0,leña,1500.0
2027-07-25 12:10:00,sim@hotboat.cl,1000990.0,agua,700.0
2027-07-25 12:10:00,sim@hotboat.cl,1000990.0,luz,520.0
2027-07-25 12:10:00,sim@hotboat.cl,1000990.0,gas,10000.0
2027-07-26 12:00:00,sim@hotboat.cl,1000991.0,leña,1500.0
2027-07-26 12:00:00,sim@hotboat.cl,1000991.0,agua,700.0
2027-07-26 12:00:00,sim@hotboat.cl,1000991.0,luz,520.0
2027-07-26 12:00:00,sim@hotboat.cl,1000991.0,gas,10000.0
2027-07-27 12:00:00,sim@hotboat.cl,1000992.0,leña,1500.0
2027-07-27 12:00:00,sim@hotboat.cl,1000992.0,agua,700.0
2027-07-27 12:00:00,sim@hotboat.cl,1000992.0,luz,520.0
2027-07-27 12:00:00,sim@hotboat.cl,1000992.0,gas,10000.0
2027-07-27 12:10:00,sim@hotboat.cl,1000993.0,leña,1500.0
2027-07-27 12:10:00,sim@hotboat.cl,1000993.0,agua,700.0
2027-07-27 12:10:00,sim@hotboat.cl,1000993.0,luz,520.0
2027-07-27 12:10:00,sim@hotboat.cl,1000993.0,gas,10000.0
2027-07-27 12:20:00,sim@hotboat.cl,1000994.0,leña,1500.0
2027-07-27 12:20:00,sim@hotboat.cl,1000994.0,agua,700.0
2027-07-27 12:20:00,sim@hotboat.cl,1000994.0,luz,520.0
2027-07-27 12:20:00,sim@hotboat.cl,1000994.0,gas,10000.0
2027-07-29 12:00:00,sim@hotboat.cl,1000995.0,leña,1500.0
2027-07-29 12:00:00,sim@hotboat.cl,1000995.0,agua,700.0
2027-07-29 12:00:00,sim@hotboat.cl,1000995.0,luz,520.0
2027-07-29 12:00:00,sim@hotboat.cl,1000995.0,gas,10000.0
2027-07-29 12:10:00,sim@hotboat.cl,1000996.0,leña,1500.0
2027-07-29 12:10:00,sim@hotboat.cl,1000996.0,agua,700.0
2027-07-29 12:10:00,sim@hotboat.cl,1000996.0,luz,520.0
2027-07-29 12:10:00,sim@hotboat.cl,1000996.0,gas,10000.0
2027-07-31 12:00:00,sim@hotboat.cl,1000997.0,leña,1500.0
2027-07-31 12:00:00,sim@hotboat.cl,1000997.0,agua,700.0
2027-07-31 12:00:00,sim@hotboat.cl,1000997.0,luz,520.0
2027-07-31 12:00:00,sim@hotboat.cl,1000997.0,gas,10000.0
2027-07-31 12:10:00,sim@hotboat.cl,1000998.0,leña,1500.0
2027-07-31 12:10:00,sim@hotboat.cl,1000998.0,agua,700.0
2027-07-31 12:10:00,sim@hotboat.cl,1000998.0,luz,520.0
2027-07-31 12:10:00,sim@hotboat.cl,1000998.0,gas,10000.0
2027-07-31 12:20:00,sim@hotboat.cl,1000999.0,leña,1500.0
2027-07-31 12:20:00,sim@hotboat.cl,1000999.0,agua,700.0
2027-07-31 12:20:00,sim@hotboat.cl,1000999.0,luz,520.0
2027-07-31 12:20:00,sim@hotboat.cl,1000999.0,gas,10000.0
2027-07-31 12:30:00,sim@hotboat.cl,1001000.0,leña,1500.0
2027-07-31 12:30:00,sim@hotboat.cl,1001000.0,agua,700.0
2027-07-31 12:30:00,sim@hotboat.cl,1001000.0,luz,520.0
2027-07-31 12:30:00,sim@hotboat.cl,1001000.0,gas,10000.0
2027-07-01 20:00:00,sim@hotboat.cl,,pago extra ayudante (diario),60000.0
2027-07-02 20:00:00,sim@hotboat.cl,,pago extra ayudante (diario),90000.0
2027-07-03 20:00:00,sim@hotboat.cl,,pago extra ayudante (diario),150000.0
2027-07-04 20:00:00,sim@hotboat.cl,,pago extra ayudante (diario),90000.0
2027-07-05 20:00:00,sim@hotboat.cl,,pago extra ayudante (diario),60000.0
2027-07-07 20:00:00,sim@hotboat.cl,,pago extra ayudante (diario),30000.0
2027-07-10 20:00:00,sim@hotboat.cl,,pago extra ayudante (diario),90000.0
2027-07-11 20:00:00,sim@hotboat.cl,,pago extra ayudante (diario),30000.0
2027-07-12 20:00:00,sim@hotboat.cl,,pago extra ayudante (diario),30000.0
2027-07-15 20:00:00,sim@hotboat.cl,,pago extra ayudante (diario),30000.0
2027-07-17 20:00:00,sim@hotboat.cl,,pago extra ayudante (diario),30000.0
2027-07-18 20:00:00,sim@hotboat.cl,,pago extra ayudante (diario),90000.0
2027-07-19 20:00:00,sim@hotboat.cl,,pago extra ayudante (diario),30000.0
2027-07-23 20:00:00,sim@hotboat.cl,,pago extra ayudante (diario),30000.0
2027-07-24 20:00:00,sim@hotboat.cl,,pago extra ayudante (diario),60000.0
2027-07-25 20:00:00,sim@hotboat.cl,,pago extra ayudante (diario),60000.0
2027-07-26 20:00:00,sim@hotboat.cl,,pago extra ayudante (diario),30000.0
2027-07-27 20:00:00,sim@hotboat.cl,,pago extra ayudante (diario),90000.0
2027-07-29 20:00:00,sim@hotboat.cl,,pago extra ayudante (diario),60000.0
2027-07-31 20:00:00,sim@hotboat.cl,,pago extra ayudante (diario),120000.0
2027-08-01 12:00:00,sim@hotboat.cl,1001001.0,leña,1500.0
2027-08-01 12:00:00,sim@hotboat.cl,1001001.0,agua,700.0
2027-08-01 12:00:00,sim@hotboat.cl,1001001.0,luz,520.0
2027-08-01 12:00:00,sim@hotboat.cl,1001001.0,gas,10000.0
2027-08-01 12:10:00,sim@hotboat.cl,1001002.0,leña,1500.0
2027-08-01 12:10:00,sim@hotboat.cl,1001002.0,agua,700.0
2027-08-01 12:10:00,sim@hotboat.cl,1001002.0,luz,520.0
2027-08-01 12:10:00,sim@hotboat.cl,1001002.0,gas,10000.0
2027-08-01 12:20:00,sim@hotboat.cl,1001003.0,leña,1500.0
2027-08-01 12:20:00,sim@hotboat.cl,1001003.0,agua,700.0
2027-08-01 12:20:00,sim@hotboat.cl,1001003.0,luz,520.0
2027-08-01 12:20:00,sim@hotboat.cl,1001003.0,gas,10000.0
2027-08-01 12:30:00,sim@hotboat.cl,1001004.0,leña,1500.0
2027-08-01 12:30:00,sim@hotboat.cl,1001004.0,agua,700.0
2027-08-01 12:30:00,sim@hotboat.cl,1001004.0,luz,520.0
2027-08-01 12:30:00,sim@hotboat.cl,1001004.0,gas,10000.0
2027-08-01 12:40:00,sim@hotboat.cl,1001005.0,leña,1500.0
2027-08-01 12:40:00,sim@hotboat.cl,1001005.0,agua,700.0
2027-08-01 12:40:00,sim@hotboat.cl,1001005.0,luz,520.0
2027-08-01 12:40:00,sim@hotboat.cl,1001005.0,gas,10000.0
2027-08-03 12:00:00,sim@hotboat.cl,1001006.0,leña,1500.0
2027-08-03 12:00:00,sim@hotboat.cl,1001006.0,agua,700.0
2027-08-03 12:00:00,sim@hotboat.cl,1001006.0,luz,520.0
2027-08-03 12:00:00,sim@hotboat.cl,1001006.0,gas,10000.0
2027-08-04 12:00:00,sim@hotboat.cl,1001007.0,leña,1500.0
2027-08-04 12:00:00,sim@hotboat.cl,1001007.0,agua,700.0
2027-08-04 12:00:00,sim@hotboat.cl,1001007.0,luz,520.0
2027-08-04 12:00:00,sim@hotboat.cl,1001007.0,gas,10000.0
2027-08-06 12:00:00,sim@hotboat.cl,1001008.0,leña,1500.0
2027-08-06 12:00:00,sim@hotboat.cl,1001008.0,agua,700.0
2027-08-06 12:00:00,sim@hotboat.cl,1001008.0,luz,520.0
2027-08-06 12:00:00,sim@hotboat.cl,1001008.0,gas,10000.0
2027-08-07 12:00:00,sim@hotboat.cl,1001009.0,leña,1500.0
2027-08-07 12:00:00,sim@hotboat.cl,1001009.0,agua,700.0
2027-08-07 12:00:00,sim@hotboat.cl,1001009.0,luz,520.0
2027-08-07 12:00:00,sim@hotboat.cl,1001009.0,gas,10000.0
2027-08-07 12:10:00,sim@hotboat.cl,1001010.0,leña,1500.0
2027-08-07 12:10:00,sim@hotboat.cl,1001010.0,agua,700.0
2027-08-07 12:10:00,sim@hotboat.cl,1001010.0,luz,520.0
2027-08-07 12:10:00,sim@hotboat.cl,1001010.0,gas,10000.0
2027-08-08 12:00:00,sim@hotboat.cl,1001011.0,leña,1500.0
2027-08-08 12:00:00,sim@hotboat.cl,1001011.0,agua,700.0
2027-08-08 12:00:00,sim@hotboat.cl,1001011.0,luz,520.0
2027-08-08 12:00:00,sim@hotboat.cl,1001011.0,gas,10000.0
2027-08-11 12:00:00,sim@hotboat.cl,1001012.0,leña,1500.0
2027-08-11 12:00:00,sim@hotboat.cl,1001012.0,agua,700.0
2027-08-11 12:00:00,sim@hotboat.cl,1001012.0,luz,520.0
2027-08-11 12:00:00,sim@hotboat.cl,1001012.0,gas,10000.0
2027-08-14 12:00:00,sim@hotboat.cl,1001013.0,leña,1500.0
2027-08-14 12:00:00,sim@hotboat.cl,1001013.0,agua,700.0
2027-08-14 12:00:00,sim@hotboat.cl,1001013.0,luz,520.0
2027-08-14 12:00:00,sim@hotboat.cl,1001013.0,gas,10000.0
2027-08-18 12:00:00,sim@hotboat.cl,1001014.0,leña,1500.0
2027-08-18 12:00:00,sim@hotboat.cl,1001014.0,agua,700.0
2027-08-18 12:00:00,sim@hotboat.cl,1001014.0,luz,520.0
2027-08-18 12:00:00,sim@hotboat.cl,1001014.0,gas,10000.0
2027-08-21 12:00:00,sim@hotboat.cl,1001015.0,leña,1500.0
2027-08-21 12:00:00,sim@hotboat.cl,1001015.0,agua,700.0
2027-08-21 12:00:00,sim@hotboat.cl,1001015.0,luz,520.0
2027-08-21 12:00:00,sim@hotboat.cl,1001015.0,gas,10000.0
2027-08-22 12:00:00,sim@hotboat.cl,1001016.0,leña,1500.0
2027-08-22 12:00:00,sim@hotboat.cl,1001016.0,agua,700.0
2027-08-22 12:00:00,sim@hotboat.cl,1001016.0,luz,520.0
2027-08-22 12:00:00,sim@hotboat.cl,1001016.0,gas,10000.0
2027-08-24 12:00:00,sim@hotboat.cl,1001017.0,leña,1500.0
2027-08-24 12:00:00,sim@hotboat.cl,1001017.0,agua,700.0
2027-08-24 12:00:00,sim@hotboat.cl,1001017.0,luz,520.0
2027-08-24 12:00:00,sim@hotboat.cl,1001017.0,gas,10000.0
2027-08-26 12:00:00,sim@hotboat.cl,1001018.0,leña,1500.0
2027-08-26 12:00:00,sim@hotboat.cl,1001018.0,agua,700.0
2027-08-26 12:00:00,sim@hotboat.cl,1001018.0,luz,520.0
2027-08-26 12:00:00,sim@hotboat.cl,1001018.0,gas,10000.0
2027-08-26 12:10:00,sim@hotboat.cl,1001019.0,leña,1500.0
2027-08-26 12:10:00,sim@hotboat.cl,1001019.0,agua,700.0
2027-08-26 12:10:00,sim@hotboat.cl,1001019.0,luz,520.0
2027-08-26 12:10:00,sim@hotboat.cl,1001019.0,gas,10000.0
2027-08-29 12:00:00,sim@hotboat.cl,1001020.0,leña,1500.0
2027-08-29 12:00:00,sim@hotboat.cl,1001020.0,agua,700.0
2027-08-29 12:00:00,sim@hotboat.cl,1001020.0,luz,520.0
2027-08-29 12:00:00,sim@hotboat.cl,1001020.0,gas,10000.0
2027-08-29 12:10:00,sim@hotboat.cl,1001021.0,leña,1500.0
2027-08-29 12:10:00,sim@hotboat.cl,1001021.0,agua,700.0
2027-08-29 12:10:00,sim@hotboat.cl,1001021.0,luz,520.0
2027-08-29 12:10:00,sim@hotboat.cl,1001021.0,gas,10000.0
2027-08-30 12:00:00,sim@hotboat.cl,1001022.0,leña,1500.0
2027-08-30 12:00:00,sim@hotboat.cl,1001022.0,agua,700.0
2027-08-30 12:00:00,sim@hotboat.cl,1001022.0,luz,520.0
2027-08-30 12:00:00,sim@hotboat.cl,1001022.0,gas,10000.0
2027-08-01 20:00:00,sim@hotboat.cl,,pago extra ayudante (diario),150000.0
2027-08-03 20:00:00,sim@hotboat.cl,,pago extra ayudante (diario),30000.0
2027-08-04 20:00:00,sim@hotboat.cl,,pago extra ayudante (diario),30000.0
2027-08-06 20:00:00,sim@hotboat.cl,,pago extra ayudante (diario),30000.0
2027-08-07 20:00:00,sim@hotboat.cl,,pago extra ayudante (diario),60000.0
2027-08-08 20:00:00,sim@hotboat.cl,,pago extra ayudante (diario),30000.0
2027-08-11 20:00:00,sim@hotboat.cl,,pago extra ayudante (diario),30000.0
2027-08-14 20:00:00,sim@hotboat.cl,,pago extra ayudante (diario),30000.0
2027-08-18 20:00:00,sim@hotboat.cl,,pago extra ayudante (diario),30000.0
2027-08-21 20:00:00,sim@hotboat.cl,,pago extra ayudante (diario),30000.0
2027-08-22 20:00:00,sim@hotboat.cl,,pago extra ayudante (diario),30000.0
2027-08-24 20:00:00,sim@hotboat.cl,,pago extra ayudante (diario),30000.0
2027-08-26 20:00:00,sim@hotboat.cl,,pago extra ayudante (diario),60000.0
2027-08-29 20:00:00,sim@hotboat.cl,,pago extra ayudante (diario),60000.0
2027-08-30 20:00:00,sim@hotboat.cl,,pago extra ayudante (diario),30000.0
2027-09-02 12:00:00,sim@hotboat.cl,1001023.0,leña,1500.0
2027-09-02 12:00:00,sim@hotboat.cl,1001023.0,agua,700.0
2027-09-02 12:00:00,sim@hotboat.cl,1001023.0,luz,520.0
2027-09-02 12:00:00,sim@hotboat.cl,1001023.0,gas,10000.0
2027-09-03 12:00:00,sim@hotboat.cl,1001024.0,leña,1500.0
2027-09-03 12:00:00,sim@hotboat.cl,1001024.0,agua,700.0
2027-09-03 12:00:00,sim@hotboat.cl,1001024.0,luz,520.0
2027-09-03 12:00:00,sim@hotboat.cl,1001024.0,gas,10000.0
2027-09-04 12:00:00,sim@hotboat.cl,1001025.0,leña,1500.0
2027-09-04 12:00:00,sim@hotboat.cl,1001025.0,agua,700.0
2027-09-04 12:00:00,sim@hotboat.cl,1001025.0,luz,520.0
2027-09-04 12:00:00,sim@hotboat.cl,1001025.0,gas,10000.0
2027-09-04 12:10:00,sim@hotboat.cl,1001026.0,leña,1500.0
2027-09-04 12:10:00,sim@hotboat.cl,1001026.0,agua,700.0
2027-09-04 12:10:00,sim@hotboat.cl,1001026.0,luz,520.0
2027-09-04 12:10:00,sim@hotboat.cl,1001026.0,gas,10000.0
2027-09-04 12:20:00,sim@hotboat.cl,1001027.0,leña,1500.0
2027-09-04 12:20:00,sim@hotboat.cl,1001027.0,agua,700.0
2027-09-04 12:20:00,sim@hotboat.cl,1001027.0,luz,520.0
2027-09-04 12:20:00,sim@hotboat.cl,1001027.0,gas,10000.0
2027-09-04 12:30:00,sim@hotboat.cl,1001028.0,leña,1500.0
2027-09-04 12:30:00,sim@hotboat.cl,1001028.0,agua,700.0
2027-09-04 12:30:00,sim@hotboat.cl,1001028.0,luz,520.0
2027-09-04 12:30:00,sim@hotboat.cl,1001028.0,gas,10000.0
2027-09-04 12:40:00,sim@hotboat.cl,1001029.0,leña,1500.0
2027-09-04 12:40:00,sim@hotboat.cl,1001029.0,agua,700.0
2027-09-04 12:40:00,sim@hotboat.cl,1001029.0,luz,520.0
2027-09-04 12:40:00,sim@hotboat.cl,1001029.0,gas,10000.0
2027-09-05 12:00:00,sim@hotboat.cl,1001030.0,leña,1500.0
2027-09-05 12:00:00,sim@hotboat.cl,1001030.0,agua,700.0
2027-09-05 12:00:00,sim@hotboat.cl,1001030.0,luz,520.0
2027-09-05 12:00:00,sim@hotboat.cl,1001030.0,gas,10000.0
2027-09-05 12:10:00,sim@hotboat.cl,1001031.0,leña,1500.0
2027-09-05 12:10:00,sim@hotboat.cl,1001031.0,agua,700.0
2027-09-05 12:10:00,sim@hotboat.cl,1001031.0,luz,520.0
2027-09-05 12:10:00,sim@hotboat.cl,1001031.0,gas,10000.0
2027-09-07 12:00:00,sim@hotboat.cl,1001032.0,leña,1500.0
2027-09-07 12:00:00,sim@hotboat.cl,1001032.0,agua,700.0
2027-09-07 12:00:00,sim@hotboat.cl,1001032.0,luz,520.0
2027-09-07 12:00:00,sim@hotboat.cl,1001032.0,gas,10000.0
2027-09-10 12:00:00,sim@hotboat.cl,1001033.0,leña,1500.0
2027-09-10 12:00:00,sim@hotboat.cl,1001033.0,agua,700.0
2027-09-10 12:00:00,sim@hotboat.cl,1001033.0,luz,520.0
2027-09-10 12:00:00,sim@hotboat.cl,1001033.0,gas,10000.0
2027-09-11 12:00:00,sim@hotboat.cl,1001034.0,leña,1500.0
2027-09-11 12:00:00,sim@hotboat.cl,1001034.0,agua,700.0
2027-09-11 12:00:00,sim@hotboat.cl,1001034.0,luz,520.0
2027-09-11 12:00:00,sim@hotboat.cl,1001034.0,gas,10000.0
2027-09-12 12:00:00,sim@hotboat.cl,1001035.0,leña,1500.0
2027-09-12 12:00:00,sim@hotboat.cl,1001035.0,agua,700.0
2027-09-12 12:00:00,sim@hotboat.cl,1001035.0,luz,520.0
2027-09-12 12:00:00,sim@hotboat.cl,1001035.0,gas,10000.0
2027-09-17 12:00:00,sim@hotboat.cl,1001036.0,leña,1500.0
2027-09-17 12:00:00,sim@hotboat.cl,1001036.0,agua,700.0
2027-09-17 12:00:00,sim@hotboat.cl,1001036.0,luz,520.0
2027-09-17 12:00:00,sim@hotboat.cl,1001036.0,gas,10000.0
2027-09-19 12:00:00,sim@hotboat.cl,1001037.0,leña,1500.0
2027-09-19 12:00:00,sim@hotboat.cl,1001037.0,agua,700.0
2027-09-19 12:00:00,sim@hotboat.cl,1001037.0,luz,520.0
2027-09-19 12:00:00,sim@hotboat.cl,1001037.0,gas,10000.0
2027-09-23 12:00:00,sim@hotboat.cl,1001038.0,leña,1500.0
2027-09-23 12:00:00,sim@hotboat.cl,1001038.0,agua,700.0
2027-09-23 12:00:00,sim@hotboat.cl,1001038.0,luz,520.0
2027-09-23 12:00:00,sim@hotboat.cl,1001038.0,gas,10000.0
2027-09-25 12:00:00,sim@hotboat.cl,1001039.0,leña,1500.0
2027-09-25 12:00:00,sim@hotboat.cl,1001039.0,agua,700.0
2027-09-25 12:00:00,sim@hotboat.cl,1001039.0,luz,520.0
2027-09-25 12:00:00,sim@hotboat.cl,1001039.0,gas,10000.0
2027-09-27 12:00:00,sim@hotboat.cl,1001040.0,leña,1500.0
2027-09-27 12:00:00,sim@hotboat.cl,1001040.0,agua,700.0
2027-09-27 12:00:00,sim@hotboat.cl,1001040.0,luz,520.0
2027-09-27 12:00:00,sim@hotboat.cl,1001040.0,gas,10000.0
2027-09-27 12:10:00,sim@hotboat.cl,1001041.0,leña,1500.0
2027-09-27 12:10:00,sim@hotboat.cl,1001041.0,agua,700.0
2027-09-27 12:10:00,sim@hotboat.cl,1001041.0,luz,520.0
2027-09-27 12:10:00,sim@hotboat.cl,1001041.0,gas,10000.0
2027-09-29 12:00:00,sim@hotboat.cl,1001042.0,leña,1500.0
2027-09-29 12:00:00,sim@hotboat.cl,1001042.0,agua,700.0
2027-09-29 12:00:00,sim@hotboat.cl,1001042.0,luz,520.0
2027-09-29 12:00:00,sim@hotboat.cl,1001042.0,gas,10000.0
2027-09-02 20:00:00,sim@hotboat.cl,,pago extra ayudante (diario),30000.0
2027-09-03 20:00:00,sim@hotboat.cl,,pago extra ayudante (diario),30000.0
2027-09-04 20:00:00,sim@hotboat.cl,,pago extra ayudante (diario),150000.0
2027-09-05 20:00:00,sim@hotboat.cl,,pago extra ayudante (diario),60000.0
2027-09-07 20:00:00,sim@hotboat.cl,,pago extra ayudante (diario),30000.0
2027-09-10 20:00:00,sim@hotboat.cl,,pago extra ayudante (diario),30000.0
2027-09-11 20:00:00,sim@hotboat.cl,,pago extra ayudante (diario),30000.0
2027-09-12 20:00:00,sim@hotboat.cl,,pago extra ayudante (diario),30000.0
2027-09-17 20:00:00,sim@hotboat.cl,,pago extra ayudante (diario),30000.0
2027-09-19 20:00:00,sim@hotboat.cl,,pago extra ayudante (diario),30000.0
2027-09-23 20:00:00,sim@hotboat.cl,,pago extra ayudante (diario),30000.0
2027-09-25 20:00:00,sim@hotboat.cl,,pago extra ayudante (diario),30000.0
2027-09-27 20:00:00,sim@hotboat.cl,,pago extra ayudante (diario),60000.0
2027-09-29 20:00:00,sim@hotboat.cl,,pago extra ayudante (diario),30000.0
2027-10-02 12:00:00,sim@hotboat.cl,1001043.0,leña,1500.0
2027-10-02 12:00:00,sim@hotboat.cl,1001043.0,agua,700.0
2027-10-02 12:00:00,sim@hotboat.cl,1001043.0,luz,520.0
2027-10-02 12:00:00,sim@hotboat.cl,1001043.0,gas,10000.0
2027-10-02 12:10:00,sim@hotboat.cl,1001044.0,leña,1500.0
2027-10-02 12:10:00,sim@hotboat.cl,1001044.0,agua,700.0
2027-10-02 12:10:00,sim@hotboat.cl,1001044.0,luz,520.0
2027-10-02 12:10:00,sim@hotboat.cl,1001044.0,gas,10000.0
2027-10-02 12:20:00,sim@hotboat.cl,1001045.0,leña,1500.0
2027-10-02 12:20:00,sim@hotboat.cl,1001045.0,agua,700.0
2027-10-02 12:20:00,sim@hotboat.cl,1001045.0,luz,520.0
2027-10-02 12:20:00,sim@hotboat.cl,1001045.0,gas,10000.0
2027-10-03 12:00:00,sim@hotboat.cl,1001046.0,leña,1500.0
2027-10-03 12:00:00,sim@hotboat.cl,1001046.0,agua,700.0
2027-10-03 12:00:00,sim@hotboat.cl,1001046.0,luz,520.0
2027-10-03 12:00:00,sim@hotboat.cl,1001046.0,gas,10000.0
2027-10-03 12:10:00,sim@hotboat.cl,1001047.0,leña,1500.0
2027-10-03 12:10:00,sim@hotboat.cl,1001047.0,agua,700.0
2027-10-03 12:10:00,sim@hotboat.cl,1001047.0,luz,520.0
2027-10-03 12:10:00,sim@hotboat.cl,1001047.0,gas,10000.0
2027-10-04 12:00:00,sim@hotboat.cl,1001048.0,leña,1500.0
2027-10-04 12:00:00,sim@hotboat.cl,1001048.0,agua,700.0
2027-10-04 12:00:00,sim@hotboat.cl,1001048.0,luz,520.0
2027-10-04 12:00:00,sim@hotboat.cl,1001048.0,gas,10000.0
2027-10-05 12:00:00,sim@hotboat.cl,1001049.0,leña,1500.0
2027-10-05 12:00:00,sim@hotboat.cl,1001049.0,agua,700.0
2027-10-05 12:00:00,sim@hotboat.cl,1001049.0,luz,520.0
2027-10-05 12:00:00,sim@hotboat.cl,1001049.0,gas,10000.0
2027-10-07 12:00:00,sim@hotboat.cl,1001050.0,leña,1500.0
2027-10-07 12:00:00,sim@hotboat.cl,1001050.0,agua,700.0
2027-10-07 12:00:00,sim@hotboat.cl,1001050.0,luz,520.0
2027-10-07 12:00:00,sim@hotboat.cl,1001050.0,gas,10000.0
2027-10-09 12:00:00,sim@hotboat.cl,1001051.0,leña,1500.0
2027-10-09 12:00:00,sim@hotboat.cl,1001051.0,agua,700.0
2027-10-09 12:00:00,sim@hotboat.cl,1001051.0,luz,520.0
2027-10-09 12:00:00,sim@hotboat.cl,1001051.0,gas,10000.0
2027-10-10 12:00:00,sim@hotboat.cl,1001052.0,leña,1500.0
2027-10-10 12:00:00,sim@hotboat.cl,1001052.0,agua,700.0
2027-10-10 12:00:00,sim@hotboat.cl,1001052.0,luz,520.0
2027-10-10 12:00:00,sim@hotboat.cl,1001052.0,gas,10000.0
2027-10-12 12:00:00,sim@hotboat.cl,1001053.0,leña,1500.0
2027-10-12 12:00:00,sim@hotboat.cl,1001053.0,agua,700.0
2027-10-12 12:00:00,sim@hotboat.cl,1001053.0,luz,520.0
2027-10-12 12:00:00,sim@hotboat.cl,1001053.0,gas,10000.0
2027-10-19 12:00:00,sim@hotboat.cl,1001054.0,leña,1500.0
2027-10-19 12:00:00,sim@hotboat.cl,1001054.0,agua,700.0
2027-10-19 12:00:00,sim@hotboat.cl,1001054.0,luz,520.0
2027-10-19 12:00:00,sim@hotboat.cl,1001054.0,gas,10000.0
2027-10-23 12:00:00,sim@hotboat.cl,1001055.0,leña,1500.0
2027-10-23 12:00:00,sim@hotboat.cl,1001055.0,agua,700.0
2027-10-23 12:00:00,sim@hotboat.cl,1001055.0,luz,520.0
2027-10-23 12:00:00,sim@hotboat.cl,1001055.0,gas,10000.0
2027-10-25 12:00:00,sim@hotboat.cl,1001056.0,leña,1500.0
2027-10-25 12:00:00,sim@hotboat.cl,1001056.0,agua,700.0
2027-10-25 12:00:00,sim@hotboat.cl,1001056.0,luz,520.0
2027-10-25 12:00:00,sim@hotboat.cl,1001056.0,gas,10000.0
2027-10-27 12:00:00,sim@hotboat.cl,1001057.0,leña,1500.0
2027-10-27 12:00:00,sim@hotboat.cl,1001057.0,agua,700.0
2027-10-27 12:00:00,sim@hotboat.cl,1001057.0,luz,520.0
2027-10-27 12:00:00,sim@hotboat.cl,1001057.0,gas,10000.0
2027-10-27 12:10:00,sim@hotboat.cl,1001058.0,leña,1500.0
2027-10-27 12:10:00,sim@hotboat.cl,1001058.0,agua,700.0
2027-10-27 12:10:00,sim@hotboat.cl,1001058.0,luz,520.0
2027-10-27 12:10:00,sim@hotboat.cl,1001058.0,gas,10000.0
2027-10-29 12:00:00,sim@hotboat.cl,1001059.0,leña,1500.0
2027-10-29 12:00:00,sim@hotboat.cl,1001059.0,agua,700.0
2027-10-29 12:00:00,sim@hotboat.cl,1001059.0,luz,520.0
2027-10-29 12:00:00,sim@hotboat.cl,1001059.0,gas,10000.0
2027-10-30 12:00:00,sim@hotboat.cl,1001060.0,leña,1500.0
2027-10-30 12:00:00,sim@hotboat.cl,1001060.0,agua,700.0
2027-10-30 12:00:00,sim@hotboat.cl,1001060.0,luz,520.0
2027-10-30 12:00:00,sim@hotboat.cl,1001060.0,gas,10000.0
2027-10-30 12:10:00,sim@hotboat.cl,1001061.0,leña,1500.0
2027-10-30 12:10:00,sim@hotboat.cl,1001061.0,agua,700.0
2027-10-30 12:10:00,sim@hotboat.cl,1001061.0,luz,520.0
2027-10-30 12:10:00,sim@hotboat.cl,1001061.0,gas,10000.0
2027-10-31 12:00:00,sim@hotboat.cl,1001062.0,leña,1500.0
2027-10-31 12:00:00,sim@hotboat.cl,1001062.0,agua,700.0
2027-10-31 12:00:00,sim@hotboat.cl,1001062.0,luz,520.0
2027-10-31 12:00:00,sim@hotboat.cl,1001062.0,gas,10000.0
2027-10-31 12:10:00,sim@hotboat.cl,1001063.0,leña,1500.0
2027-10-31 12:10:00,sim@hotboat.cl,1001063.0,agua,700.0
2027-10-31 12:10:00,sim@hotboat.cl,1001063.0,luz,520.0
2027-10-31 12:10:00,sim@hotboat.cl,1001063.0,gas,10000.0
2027-10-31 12:20:00,sim@hotboat.cl,1001064.0,leña,1500.0
2027-10-31 12:20:00,sim@hotboat.cl,1001064.0,agua,700.0
2027-10-31 12:20:00,sim@hotboat.cl,1001064.0,luz,520.0
2027-10-31 12:20:00,sim@hotboat.cl,1001064.0,gas,10000.0
2027-10-02 20:00:00,sim@hotboat.cl,,pago extra ayudante (diario),90000.0
2027-10-03 20:00:00,sim@hotboat.cl,,pago extra ayudante (diario),60000.0
2027-10-04 20:00:00,sim@hotboat.cl,,pago extra ayudante (diario),30000.0
2027-10-05 20:00:00,sim@hotboat.cl,,pago extra ayudante (diario),30000.0
2027-10-07 20:00:00,sim@hotboat.cl,,pago extra ayudante (diario),30000.0
2027-10-09 20:00:00,sim@hotboat.cl,,pago extra ayudante (diario),30000.0
2027-10-10 20:00:00,sim@hotboat.cl,,pago extra ayudante (diario),30000.0
2027-10-12 20:00:00,sim@hotboat.cl,,pago extra ayudante (diario),30000.0
2027-10-19 20:00:00,sim@hotboat.cl,,pago extra ayudante (diario),30000.0
2027-10-23 20:00:00,sim@hotboat.cl,,pago extra ayudante (diario),30000.0
2027-10-25 20:00:00,sim@hotboat.cl,,pago extra ayudante (diario),30000.0
2027-10-27 20:00:00,sim@hotboat.cl,,pago extra ayudante (diario),60000.0
2027-10-29 20:00:00,sim@hotboat.cl,,pago extra ayudante (diario),30000.0
2027-10-30 20:00:00,sim@hotboat.cl,,pago extra ayudante (diario),60000.0
2027-10-31 20:00:00,sim@hotboat.cl,,pago extra ayudante (diario),90000.0
2027-11-01 12:00:00,sim@hotboat.cl,1001065.0,leña,1500.0
2027-11-01 12:00:00,sim@hotboat.cl,1001065.0,agua,700.0
2027-11-01 12:00:00,sim@hotboat.cl,1001065.0,luz,520.0
2027-11-01 12:00:00,sim@hotboat.cl,1001065.0,gas,10000.0
2027-11-02 12:00:00,sim@hotboat.cl,1001066.0,leña,1500.0
2027-11-02 12:00:00,sim@hotboat.cl,1001066.0,agua,700.0
2027-11-02 12:00:00,sim@hotboat.cl,1001066.0,luz,520.0
2027-11-02 12:00:00,sim@hotboat.cl,1001066.0,gas,10000.0
2027-11-02 12:10:00,sim@hotboat.cl,1001067.0,leña,1500.0
2027-11-02 12:10:00,sim@hotboat.cl,1001067.0,agua,700.0
2027-11-02 12:10:00,sim@hotboat.cl,1001067.0,luz,520.0
2027-11-02 12:10:00,sim@hotboat.cl,1001067.0,gas,10000.0
2027-11-03 12:00:00,sim@hotboat.cl,1001068.0,leña,1500.0
2027-11-03 12:00:00,sim@hotboat.cl,1001068.0,agua,700.0
2027-11-03 12:00:00,sim@hotboat.cl,1001068.0,luz,520.0
2027-11-03 12:00:00,sim@hotboat.cl,1001068.0,gas,10000.0
2027-11-03 12:10:00,sim@hotboat.cl,1001069.0,leña,1500.0
2027-11-03 12:10:00,sim@hotboat.cl,1001069.0,agua,700.0
2027-11-03 12:10:00,sim@hotboat.cl,1001069.0,luz,520.0
2027-11-03 12:10:00,sim@hotboat.cl,1001069.0,gas,10000.0
2027-11-05 12:00:00,sim@hotboat.cl,1001070.0,leña,1500.0
2027-11-05 12:00:00,sim@hotboat.cl,1001070.0,agua,700.0
2027-11-05 12:00:00,sim@hotboat.cl,1001070.0,luz,520.0
2027-11-05 12:00:00,sim@hotboat.cl,1001070.0,gas,10000.0
2027-11-06 12:00:00,sim@hotboat.cl,1001071.0,leña,1500.0
2027-11-06 12:00:00,sim@hotboat.cl,1001071.0,agua,700.0
2027-11-06 12:00:00,sim@hotboat.cl,1001071.0,luz,520.0
2027-11-06 12:00:00,sim@hotboat.cl,1001071.0,gas,10000.0
2027-11-06 12:10:00,sim@hotboat.cl,1001072.0,leña,1500.0
2027-11-06 12:10:00,sim@hotboat.cl,1001072.0,agua,700.0
2027-11-06 12:10:00,sim@hotboat.cl,1001072.0,luz,520.0
2027-11-06 12:10:00,sim@hotboat.cl,1001072.0,gas,10000.0
2027-11-06 12:20:00,sim@hotboat.cl,1001073.0,leña,1500.0
2027-11-06 12:20:00,sim@hotboat.cl,1001073.0,agua,700.0
2027-11-06 12:20:00,sim@hotboat.cl,1001073.0,luz,520.0
2027-11-06 12:20:00,sim@hotboat.cl,1001073.0,gas,10000.0
2027-11-06 12:30:00,sim@hotboat.cl,1001074.0,leña,1500.0
2027-11-06 12:30:00,sim@hotboat.cl,1001074.0,agua,700.0
2027-11-06 12:30:00,sim@hotboat.cl,1001074.0,luz,520.0
2027-11-06 12:30:00,sim@hotboat.cl,1001074.0,gas,10000.0
2027-11-06 12:40:00,sim@hotboat.cl,1001075.0,leña,1500.0
2027-11-06 12:40:00,sim@hotboat.cl,1001075.0,agua,700.0
2027-11-06 12:40:00,sim@hotboat.cl,1001075.0,luz,520.0
2027-11-06 12:40:00,sim@hotboat.cl,1001075.0,gas,10000.0
2027-11-07 12:00:00,sim@hotboat.cl,1001076.0,leña,1500.0
2027-11-07 12:00:00,sim@hotboat.cl,1001076.0,agua,700.0
2027-11-07 12:00:00,sim@hotboat.cl,1001076.0,luz,520.0
2027-11-07 12:00:00,sim@hotboat.cl,1001076.0,gas,10000.0
2027-11-07 12:10:00,sim@hotboat.cl,1001077.0,leña,1500.0
2027-11-07 12:10:00,sim@hotboat.cl,1001077.0,agua,700.0
2027-11-07 12:10:00,sim@hotboat.cl,1001077.0,luz,520.0
2027-11-07 12:10:00,sim@hotboat.cl,1001077.0,gas,10000.0
2027-11-07 12:20:00,sim@hotboat.cl,1001078.0,leña,1500.0
2027-11-07 12:20:00,sim@hotboat.cl,1001078.0,agua,700.0
2027-11-07 12:20:00,sim@hotboat.cl,1001078.0,luz,520.0
2027-11-07 12:20:00,sim@hotboat.cl,1001078.0,gas,10000.0
2027-11-10 12:00:00,sim@hotboat.cl,1001079.0,leña,1500.0
2027-11-10 12:00:00,sim@hotboat.cl,1001079.0,agua,700.0
2027-11-10 12:00:00,sim@hotboat.cl,1001079.0,luz,520.0
2027-11-10 12:00:00,sim@hotboat.cl,1001079.0,gas,10000.0
2027-11-13 12:00:00,sim@hotboat.cl,1001080.0,leña,1500.0
2027-11-13 12:00:00,sim@hotboat.cl,1001080.0,agua,700.0
2027-11-13 12:00:00,sim@hotboat.cl,1001080.0,luz,520.0
2027-11-13 12:00:00,sim@hotboat.cl,1001080.0,gas,10000.0
2027-11-13 12:10:00,sim@hotboat.cl,1001081.0,leña,1500.0
2027-11-13 12:10:00,sim@hotboat.cl,1001081.0,agua,700.0
2027-11-13 12:10:00,sim@hotboat.cl,1001081.0,luz,520.0
2027-11-13 12:10:00,sim@hotboat.cl,1001081.0,gas,10000.0
2027-11-14 12:00:00,sim@hotboat.cl,1001082.0,leña,1500.0
2027-11-14 12:00:00,sim@hotboat.cl,1001082.0,agua,700.0
2027-11-14 12:00:00,sim@hotboat.cl,1001082.0,luz,520.0
2027-11-14 12:00:00,sim@hotboat.cl,1001082.0,gas,10000.0
2027-11-17 12:00:00,sim@hotboat.cl,1001083.0,leña,1500.0
2027-11-17 12:00:00,sim@hotboat.cl,1001083.0,agua,700.0
2027-11-17 12:00:00,sim@hotboat.cl,1001083.0,luz,520.0
2027-11-17 12:00:00,sim@hotboat.cl,1001083.0,gas,10000.0
2027-11-20 12:00:00,sim@hotboat.cl,1001084.0,leña,1500.0
2027-11-20 12:00:00,sim@hotboat.cl,1001084.0,agua,700.0
2027-11-20 12:00:00,sim@hotboat.cl,1001084.0,luz,520.0
2027-11-20 12:00:00,sim@hotboat.cl,1001084.0,gas,10000.0
2027-11-21 12:00:00,sim@hotboat.cl,1001085.0,leña,1500.0
2027-11-21 12:00:00,sim@hotboat.cl,1001085.0,agua,700.0
2027-11-21 12:00:00,sim@hotboat.cl,1001085.0,luz,520.0
2027-11-21 12:00:00,sim@hotboat.cl,1001085.0,gas,10000.0
2027-11-21 12:10:00,sim@hotboat.cl,1001086.0,leña,1500.0
2027-11-21 12:10:00,sim@hotboat.cl,1001086.0,agua,700.0
2027-11-21 12:10:00,sim@hotboat.cl,1001086.0,luz,520.0
2027-11-21 12:10:00,sim@hotboat.cl,1001086.0,gas,10000.0
2027-11-21 12:20:00,sim@hotboat.cl,1001087.0,leña,1500.0
2027-11-21 12:20:00,sim@hotboat.cl,1001087.0,agua,700.0
2027-11-21 12:20:00,sim@hotboat.cl,1001087.0,luz,520.0
2027-11-21 12:20:00,sim@hotboat.cl,1001087.0,gas,10000.0
2027-11-23 12:00:00,sim@hotboat.cl,1001088.0,leña,1500.0
2027-11-23 12:00:00,sim@hotboat.cl,1001088.0,agua,700.0
2027-11-23 12:00:00,sim@hotboat.cl,1001088.0,luz,520.0
2027-11-23 12:00:00,sim@hotboat.cl,1001088.0,gas,10000.0
2027-11-24 12:00:00,sim@hotboat.cl,1001089.0,leña,1500.0
2027-11-24 12:00:00,sim@hotboat.cl,1001089.0,agua,700.0
2027-11-24 12:00:00,sim@hotboat.cl,1001089.0,luz,520.0
2027-11-24 12:00:00,sim@hotboat.cl,1001089.0,gas,10000.0
2027-11-25 12:00:00,sim@hotboat.cl,1001090.0,leña,1500.0
2027-11-25 12:00:00,sim@hotboat.cl,1001090.0,agua,700.0
2027-11-25 12:00:00,sim@hotboat.cl,1001090.0,luz,520.0
2027-11-25 12:00:00,sim@hotboat.cl,1001090.0,gas,10000.0
2027-11-25 12:10:00,sim@hotboat.cl,1001091.0,leña,1500.0
2027-11-25 12:10:00,sim@hotboat.cl,1001091.0,agua,700.0
2027-11-25 12:10:00,sim@hotboat.cl,1001091.0,luz,520.0
2027-11-25 12:10:00,sim@hotboat.cl,1001091.0,gas,10000.0
2027-11-25 12:20:00,sim@hotboat.cl,1001092.0,leña,1500.0
2027-11-25 12:20:00,sim@hotboat.cl,1001092.0,agua,700.0
2027-11-25 12:20:00,sim@hotboat.cl,1001092.0,luz,520.0
2027-11-25 12:20:00,sim@hotboat.cl,1001092.0,gas,10000.0
2027-11-27 12:00:00,sim@hotboat.cl,1001093.0,leña,1500.0
2027-11-27 12:00:00,sim@hotboat.cl,1001093.0,agua,700.0
2027-11-27 12:00:00,sim@hotboat.cl,1001093.0,luz,520.0
2027-11-27 12:00:00,sim@hotboat.cl,1001093.0,gas,10000.0
2027-11-27 12:10:00,sim@hotboat.cl,1001094.0,leña,1500.0
2027-11-27 12:10:00,sim@hotboat.cl,1001094.0,agua,700.0
2027-11-27 12:10:00,sim@hotboat.cl,1001094.0,luz,520.0
2027-11-27 12:10:00,sim@hotboat.cl,1001094.0,gas,10000.0
2027-11-28 12:00:00,sim@hotboat.cl,1001095.0,leña,1500.0
2027-11-28 12:00:00,sim@hotboat.cl,1001095.0,agua,700.0
2027-11-28 12:00:00,sim@hotboat.cl,1001095.0,luz,520.0
2027-11-28 12:00:00,sim@hotboat.cl,1001095.0,gas,10000.0
2027-11-29 12:00:00,sim@hotboat.cl,1001096.0,leña,1500.0
2027-11-29 12:00:00,sim@hotboat.cl,1001096.0,agua,700.0
2027-11-29 12:00:00,sim@hotboat.cl,1001096.0,luz,520.0
2027-11-29 12:00:00,sim@hotboat.cl,1001096.0,gas,10000.0
2027-11-01 20:00:00,sim@hotboat.cl,,pago extra ayudante (diario),30000.0
2027-11-02 20:00:00,sim@hotboat.cl,,pago extra ayudante (diario),60000.0
2027-11-03 20:00:00,sim@hotboat.cl,,pago extra ayudante (diario),60000.0
2027-11-05 20:00:00,sim@hotboat.cl,,pago extra ayudante (diario),30000.0
2027-11-06 20:00:00,sim@hotboat.cl,,pago extra ayudante (diario),150000.0
2027-11-07 20:00:00,sim@hotboat.cl,,pago extra ayudante (diario),90000.0
2027-11-10 20:00:00,sim@hotboat.cl,,pago extra ayudante (diario),30000.0
2027-11-13 20:00:00,sim@hotboat.cl,,pago extra ayudante (diario),60000.0
2027-11-14 20:00:00,sim@hotboat.cl,,pago extra ayudante (diario),30000.0
2027-11-17 20:00:00,sim@hotboat.cl,,pago extra ayudante (diario),30000.0
2027-11-20 20:00:00,sim@hotboat.cl,,pago extra ayudante (diario),30000.0
2027-11-21 20:00:00,sim@hotboat.cl,,pago extra ayudante (diario),90000.0
2027-11-23 20:00:00,sim@hotboat.cl,,pago extra ayudante (diario),30000.0
2027-11-24 20:00:00,sim@hotboat.cl,,pago extra ayudante (diario),30000.0
2027-11-25 20:00:00,sim@hotboat.cl,,pago extra ayudante (diario),90000.0
2027-11-27 20:00:00,sim@hotboat.cl,,pago extra ayudante (diario),60000.0
2027-11-28 20:00:00,sim@hotboat.cl,,pago extra ayudante (diario),30000.0
2027-11-29 20:00:00,sim@hotboat.cl,,pago extra ayudante (diario),30000.0
2027-12-01 12:00:00,sim@hotboat.cl,1001097.0,leña,1500.0
2027-12-01 12:00:00,sim@hotboat.cl,1001097.0,agua,700.0
2027-12-01 12:00:00,sim@hotboat.cl,1001097.0,luz,520.0
2027-12-01 12:00:00,sim@hotboat.cl,1001097.0,gas,10000.0
2027-12-02 12:00:00,sim@hotboat.cl,1001098.0,leña,1500.0
2027-12-02 12:00:00,sim@hotboat.cl,1001098.0,agua,700.0
2027-12-02 12:00:00,sim@hotboat.cl,1001098.0,luz,520.0
2027-12-02 12:00:00,sim@hotboat.cl,1001098.0,gas,10000.0
2027-12-02 12:10:00,sim@hotboat.cl,1001099.0,leña,1500.0
2027-12-02 12:10:00,sim@hotboat.cl,1001099.0,agua,700.0
2027-12-02 12:10:00,sim@hotboat.cl,1001099.0,luz,520.0
2027-12-02 12:10:00,sim@hotboat.cl,1001099.0,gas,10000.0
2027-12-03 12:00:00,sim@hotboat.cl,1001100.0,leña,1500.0
2027-12-03 12:00:00,sim@hotboat.cl,1001100.0,agua,700.0
2027-12-03 12:00:00,sim@hotboat.cl,1001100.0,luz,520.0
2027-12-03 12:00:00,sim@hotboat.cl,1001100.0,gas,10000.0
2027-12-04 12:00:00,sim@hotboat.cl,1001101.0,leña,1500.0
2027-12-04 12:00:00,sim@hotboat.cl,1001101.0,agua,700.0
2027-12-04 12:00:00,sim@hotboat.cl,1001101.0,luz,520.0
2027-12-04 12:00:00,sim@hotboat.cl,1001101.0,gas,10000.0
2027-12-04 12:10:00,sim@hotboat.cl,1001102.0,leña,1500.0
2027-12-04 12:10:00,sim@hotboat.cl,1001102.0,agua,700.0
2027-12-04 12:10:00,sim@hotboat.cl,1001102.0,luz,520.0
2027-12-04 12:10:00,sim@hotboat.cl,1001102.0,gas,10000.0
2027-12-04 12:20:00,sim@hotboat.cl,1001103.0,leña,1500.0
2027-12-04 12:20:00,sim@hotboat.cl,1001103.0,agua,700.0
2027-12-04 12:20:00,sim@hotboat.cl,1001103.0,luz,520.0
2027-12-04 12:20:00,sim@hotboat.cl,1001103.0,gas,10000.0
2027-12-04 12:30:00,sim@hotboat.cl,1001104.0,leña,1500.0
2027-12-04 12:30:00,sim@hotboat.cl,1001104.0,agua,700.0
2027-12-04 12:30:00,sim@hotboat.cl,1001104.0,luz,520.0
2027-12-04 12:30:00,sim@hotboat.cl,1001104.0,gas,10000.0
2027-12-04 12:40:00,sim@hotboat.cl,1001105.0,leña,1500.0
2027-12-04 12:40:00,sim@hotboat.cl,1001105.0,agua,700.0
2027-12-04 12:40:00,sim@hotboat.cl,1001105.0,luz,520.0
2027-12-04 12:40:00,sim@hotboat.cl,1001105.0,gas,10000.0
2027-12-05 12:00:00,sim@hotboat.cl,1001106.0,leña,1500.0
2027-12-05 12:00:00,sim@hotboat.cl,1001106.0,agua,700.0
2027-12-05 12:00:00,sim@hotboat.cl,1001106.0,luz,520.0
2027-12-05 12:00:00,sim@hotboat.cl,1001106.0,gas,10000.0
2027-12-05 12:10:00,sim@hotboat.cl,1001107.0,leña,1500.0
2027-12-05 12:10:00,sim@hotboat.cl,1001107.0,agua,700.0
2027-12-05 12:10:00,sim@hotboat.cl,1001107.0,luz,520.0
2027-12-05 12:10:00,sim@hotboat.cl,1001107.0,gas,10000.0
2027-12-05 12:20:00,sim@hotboat.cl,1001108.0,leña,1500.0
2027-12-05 12:20:00,sim@hotboat.cl,1001108.0,agua,700.0
2027-12-05 12:20:00,sim@hotboat.cl,1001108.0,luz,520.0
2027-12-05 12:20:00,sim@hotboat.cl,1001108.0,gas,10000.0
2027-12-07 12:00:00,sim@hotboat.cl,1001109.0,leña,1500.0
2027-12-07 12:00:00,sim@hotboat.cl,1001109.0,agua,700.0
2027-12-07 12:00:00,sim@hotboat.cl,1001109.0,luz,520.0
2027-12-07 12:00:00,sim@hotboat.cl,1001109.0,gas,10000.0
2027-12-10 12:00:00,sim@hotboat.cl,1001110.0,leña,1500.0
2027-12-10 12:00:00,sim@hotboat.cl,1001110.0,agua,700.0
2027-12-10 12:00:00,sim@hotboat.cl,1001110.0,luz,520.0
2027-12-10 12:00:00,sim@hotboat.cl,1001110.0,gas,10000.0
2027-12-11 12:00:00,sim@hotboat.cl,1001111.0,leña,1500.0
2027-12-11 12:00:00,sim@hotboat.cl,1001111.0,agua,700.0
2027-12-11 12:00:00,sim@hotboat.cl,1001111.0,luz,520.0
2027-12-11 12:00:00,sim@hotboat.cl,1001111.0,gas,10000.0
2027-12-11 12:10:00,sim@hotboat.cl,1001112.0,leña,1500.0
2027-12-11 12:10:00,sim@hotboat.cl,1001112.0,agua,700.0
2027-12-11 12:10:00,sim@hotboat.cl,1001112.0,luz,520.0
2027-12-11 12:10:00,sim@hotboat.cl,1001112.0,gas,10000.0
2027-12-12 12:00:00,sim@hotboat.cl,1001113.0,leña,1500.0
2027-12-12 12:00:00,sim@hotboat.cl,1001113.0,agua,700.0
2027-12-12 12:00:00,sim@hotboat.cl,1001113.0,luz,520.0
2027-12-12 12:00:00,sim@hotboat.cl,1001113.0,gas,10000.0
2027-12-17 12:00:00,sim@hotboat.cl,1001114.0,leña,1500.0
2027-12-17 12:00:00,sim@hotboat.cl,1001114.0,agua,700.0
2027-12-17 12:00:00,sim@hotboat.cl,1001114.0,luz,520.0
2027-12-17 12:00:00,sim@hotboat.cl,1001114.0,gas,10000.0
2027-12-18 12:00:00,sim@hotboat.cl,1001115.0,leña,1500.0
2027-12-18 12:00:00,sim@hotboat.cl,1001115.0,agua,700.0
2027-12-18 12:00:00,sim@hotboat.cl,1001115.0,luz,520.0
2027-12-18 12:00:00,sim@hotboat.cl,1001115.0,gas,10000.0
2027-12-19 12:00:00,sim@hotboat.cl,1001116.0,leña,1500.0
2027-12-19 12:00:00,sim@hotboat.cl,1001116.0,agua,700.0
2027-12-19 12:00:00,sim@hotboat.cl,1001116.0,luz,520.0
2027-12-19 12:00:00,sim@hotboat.cl,1001116.0,gas,10000.0
2027-12-19 12:10:00,sim@hotboat.cl,1001117.0,leña,1500.0
2027-12-19 12:10:00,sim@hotboat.cl,1001117.0,agua,700.0
2027-12-19 12:10:00,sim@hotboat.cl,1001117.0,luz,520.0
2027-12-19 12:10:00,sim@hotboat.cl,1001117.0,gas,10000.0
2027-12-23 12:00:00,sim@hotboat.cl,1001118.0,leña,1500.0
2027-12-23 12:00:00,sim@hotboat.cl,1001118.0,agua,700.0
2027-12-23 12:00:00,sim@hotboat.cl,1001118.0,luz,520.0
2027-12-23 12:00:00,sim@hotboat.cl,1001118.0,gas,10000.0
2027-12-24 12:00:00,sim@hotboat.cl,1001119.0,leña,1500.0
2027-12-24 12:00:00,sim@hotboat.cl,1001119.0,agua,700.0
2027-12-24 12:00:00,sim@hotboat.cl,1001119.0,luz,520.0
2027-12-24 12:00:00,sim@hotboat.cl,1001119.0,gas,10000.0
2027-12-25 12:00:00,sim@hotboat.cl,1001120.0,leña,1500.0
2027-12-25 12:00:00,sim@hotboat.cl,1001120.0,agua,700.0
2027-12-25 12:00:00,sim@hotboat.cl,1001120.0,luz,520.0
2027-12-25 12:00:00,sim@hotboat.cl,1001120.0,gas,10000.0
2027-12-25 12:10:00,sim@hotboat.cl,1001121.0,leña,1500.0
2027-12-25 12:10:00,sim@hotboat.cl,1001121.0,agua,700.0
2027-12-25 12:10:00,sim@hotboat.cl,1001121.0,luz,520.0
2027-12-25 12:10:00,sim@hotboat.cl,1001121.0,gas,10000.0
2027-12-26 12:00:00,sim@hotboat.cl,1001122.0,leña,1500.0
2027-12-26 12:00:00,sim@hotboat.cl,1001122.0,agua,700.0
2027-12-26 12:00:00,sim@hotboat.cl,1001122.0,luz,520.0
2027-12-26 12:00:00,sim@hotboat.cl,1001122.0,gas,10000.0
2027-12-27 12:00:00,sim@hotboat.cl,1001123.0,leña,1500.0
2027-12-27 12:00:00,sim@hotboat.cl,1001123.0,agua,700.0
2027-12-27 12:00:00,sim@hotboat.cl,1001123.0,luz,520.0
2027-12-27 12:00:00,sim@hotboat.cl,1001123.0,gas,10000.0
2027-12-27 12:10:00,sim@hotboat.cl,1001124.0,leña,1500.0
2027-12-27 12:10:00,sim@hotboat.cl,1001124.0,agua,700.0
2027-12-27 12:10:00,sim@hotboat.cl,1001124.0,luz,520.0
2027-12-27 12:10:00,sim@hotboat.cl,1001124.0,gas,10000.0
2027-12-27 12:20:00,sim@hotboat.cl,1001125.0,leña,1500.0
2027-12-27 12:20:00,sim@hotboat.cl,1001125.0,agua,700.0
2027-12-27 12:20:00,sim@hotboat.cl,1001125.0,luz,520.0
2027-12-27 12:20:00,sim@hotboat.cl,1001125.0,gas,10000.0
2027-12-29 12:00:00,sim@hotboat.cl,1001126.0,leña,1500.0
2027-12-29 12:00:00,sim@hotboat.cl,1001126.0,agua,700.0
2027-12-29 12:00:00,sim@hotboat.cl,1001126.0,luz,520.0
2027-12-29 12:00:00,sim@hotboat.cl,1001126.0,gas,10000.0
2027-12-01 20:00:00,sim@hotboat.cl,,pago extra ayudante (diario),30000.0
2027-12-02 20:00:00,sim@hotboat.cl,,pago extra ayudante (diario),60000.0
2027-12-03 20:00:00,sim@hotboat.cl,,pago extra ayudante (diario),30000.0
2027-12-04 20:00:00,sim@hotboat.cl,,pago extra ayudante (diario),150000.0
2027-12-05 20:00:00,sim@hotboat.cl,,pago extra ayudante (diario),90000.0
2027-12-07 20:00:00,sim@hotboat.cl,,pago extra ayudante (diario),30000.0
2027-12-10 20:00:00,sim@hotboat.cl,,pago extra ayudante (diario),30000.0
2027-12-11 20:00:00,sim@hotboat.cl,,pago extra ayudante (diario),60000.0
2027-12-12 20:00:00,sim@hotboat.cl,,pago extra ayudante (diario),30000.0
2027-12-17 20:00:00,sim@hotboat.cl,,pago extra ayudante (diario),30000.0
2027-12-18 20:00:00,sim@hotboat.cl,,pago extra ayudante (diario),30000.0
2027-12-19 20:00:00,sim@hotboat.cl,,pago extra ayudante (diario),60000.0
2027-12-23 20:00:00,sim@hotboat.cl,,pago extra ayudante (diario),30000.0
2027-12-24 20:00:00,sim@hotboat.cl,,pago extra ayudante (diario),30000.0
2027-12-25 20:00:00,sim@hotboat.cl,,pago extra ayudante (diario),60000.0
2027-12-26 20:00:00,sim@hotboat.cl,,pago extra ayudante (diario),30000.0
2027-12-27 20:00:00,sim@hotboat.cl,,pago extra ayudante (diario),90000.0
2027-12-29 20:00:00,sim@hotboat.cl,,pago extra ayudante (diario),30000.0
2028-01-01 12:00:00,sim@hotboat.cl,1001127.0,leña,1500.0
2028-01-01 12:00:00,sim@hotboat.cl,1001127.0,agua,700.0
2028-01-01 12:00:00,sim@hotboat.cl,1001127.0,luz,520.0
2028-01-01 12:00:00,sim@hotboat.cl,1001127.0,gas,10000.0
2028-01-01 12:00:00,sim@hotboat.cl,1001128.0,leña,1500.0
2028-01-01 12:00:00,sim@hotboat.cl,1001128.0,agua,700.0
2028-01-01 12:00:00,sim@hotboat.cl,1001128.0,luz,520.0
2028-01-01 12:00:00,sim@hotboat.cl,1001128.0,gas,10000.0
2028-01-01 12:10:00,sim@hotboat.cl,1001129.0,leña,1500.0
2028-01-01 12:10:00,sim@hotboat.cl,1001129.0,agua,700.0
2028-01-01 12:10:00,sim@hotboat.cl,1001129.0,luz,520.0
2028-01-01 12:10:00,sim@hotboat.cl,1001129.0,gas,10000.0
2028-01-01 12:10:00,sim@hotboat.cl,1001130.0,leña,1500.0
2028-01-01 12:10:00,sim@hotboat.cl,1001130.0,agua,700.0
2028-01-01 12:10:00,sim@hotboat.cl,1001130.0,luz,520.0
2028-01-01 12:10:00,sim@hotboat.cl,1001130.0,gas,10000.0
2028-01-01 12:20:00,sim@hotboat.cl,1001131.0,leña,1500.0
2028-01-01 12:20:00,sim@hotboat.cl,1001131.0,agua,700.0
2028-01-01 12:20:00,sim@hotboat.cl,1001131.0,luz,520.0
2028-01-01 12:20:00,sim@hotboat.cl,1001131.0,gas,10000.0
2028-01-01 12:20:00,sim@hotboat.cl,1001132.0,leña,1500.0
2028-01-01 12:20:00,sim@hotboat.cl,1001132.0,agua,700.0
2028-01-01 12:20:00,sim@hotboat.cl,1001132.0,luz,520.0
2028-01-01 12:20:00,sim@hotboat.cl,1001132.0,gas,10000.0
2028-01-01 12:30:00,sim@hotboat.cl,1001133.0,leña,1500.0
2028-01-01 12:30:00,sim@hotboat.cl,1001133.0,agua,700.0
2028-01-01 12:30:00,sim@hotboat.cl,1001133.0,luz,520.0
2028-01-01 12:30:00,sim@hotboat.cl,1001133.0,gas,10000.0
2028-01-01 12:30:00,sim@hotboat.cl,1001134.0,leña,1500.0
2028-01-01 12:30:00,sim@hotboat.cl,1001134.0,agua,700.0
2028-01-01 12:30:00,sim@hotboat.cl,1001134.0,luz,520.0
2028-01-01 12:30:00,sim@hotboat.cl,1001134.0,gas,10000.0
2028-01-01 12:40:00,sim@hotboat.cl,1001135.0,leña,1500.0
2028-01-01 12:40:00,sim@hotboat.cl,1001135.0,agua,700.0
2028-01-01 12:40:00,sim@hotboat.cl,1001135.0,luz,520.0
2028-01-01 12:40:00,sim@hotboat.cl,1001135.0,gas,10000.0
2028-01-01 12:50:00,sim@hotboat.cl,1001136.0,leña,1500.0
2028-01-01 12:50:00,sim@hotboat.cl,1001136.0,agua,700.0
2028-01-01 12:50:00,sim@hotboat.cl,1001136.0,luz,520.0
2028-01-01 12:50:00,sim@hotboat.cl,1001136.0,gas,10000.0
2028-01-02 12:00:00,sim@hotboat.cl,1001137.0,leña,1500.0
2028-01-02 12:00:00,sim@hotboat.cl,1001137.0,agua,700.0
2028-01-02 12:00:00,sim@hotboat.cl,1001137.0,luz,520.0
2028-01-02 12:00:00,sim@hotboat.cl,1001137.0,gas,10000.0
2028-01-02 12:00:00,sim@hotboat.cl,1001138.0,leña,1500.0
2028-01-02 12:00:00,sim@hotboat.cl,1001138.0,agua,700.0
2028-01-02 12:00:00,sim@hotboat.cl,1001138.0,luz,520.0
2028-01-02 12:00:00,sim@hotboat.cl,1001138.0,gas,10000.0
2028-01-02 12:00:00,sim@hotboat.cl,1001139.0,leña,1500.0
2028-01-02 12:00:00,sim@hotboat.cl,1001139.0,agua,700.0
2028-01-02 12:00:00,sim@hotboat.cl,1001139.0,luz,520.0
2028-01-02 12:00:00,sim@hotboat.cl,1001139.0,gas,10000.0
2028-01-02 12:10:00,sim@hotboat.cl,1001140.0,leña,1500.0
2028-01-02 12:10:00,sim@hotboat.cl,1001140.0,agua,700.0
2028-01-02 12:10:00,sim@hotboat.cl,1001140.0,luz,520.0
2028-01-02 12:10:00,sim@hotboat.cl,1001140.0,gas,10000.0
2028-01-02 12:10:00,sim@hotboat.cl,1001141.0,leña,1500.0
2028-01-02 12:10:00,sim@hotboat.cl,1001141.0,agua,700.0
2028-01-02 12:10:00,sim@hotboat.cl,1001141.0,luz,520.0
2028-01-02 12:10:00,sim@hotboat.cl,1001141.0,gas,10000.0
2028-01-02 12:10:00,sim@hotboat.cl,1001142.0,leña,1500.0
2028-01-02 12:10:00,sim@hotboat.cl,1001142.0,agua,700.0
2028-01-02 12:10:00,sim@hotboat.cl,1001142.0,luz,520.0
2028-01-02 12:10:00,sim@hotboat.cl,1001142.0,gas,10000.0
2028-01-02 12:20:00,sim@hotboat.cl,1001143.0,leña,1500.0
2028-01-02 12:20:00,sim@hotboat.cl,1001143.0,agua,700.0
2028-01-02 12:20:00,sim@hotboat.cl,1001143.0,luz,520.0
2028-01-02 12:20:00,sim@hotboat.cl,1001143.0,gas,10000.0
2028-01-02 12:20:00,sim@hotboat.cl,1001144.0,leña,1500.0
2028-01-02 12:20:00,sim@hotboat.cl,1001144.0,agua,700.0
2028-01-02 12:20:00,sim@hotboat.cl,1001144.0,luz,520.0
2028-01-02 12:20:00,sim@hotboat.cl,1001144.0,gas,10000.0
2028-01-02 12:20:00,sim@hotboat.cl,1001145.0,leña,1500.0
2028-01-02 12:20:00,sim@hotboat.cl,1001145.0,agua,700.0
2028-01-02 12:20:00,sim@hotboat.cl,1001145.0,luz,520.0
2028-01-02 12:20:00,sim@hotboat.cl,1001145.0,gas,10000.0
2028-01-02 12:30:00,sim@hotboat.cl,1001146.0,leña,1500.0
2028-01-02 12:30:00,sim@hotboat.cl,1001146.0,agua,700.0
2028-01-02 12:30:00,sim@hotboat.cl,1001146.0,luz,520.0
2028-01-02 12:30:00,sim@hotboat.cl,1001146.0,gas,10000.0
2028-01-02 12:30:00,sim@hotboat.cl,1001147.0,leña,1500.0
2028-01-02 12:30:00,sim@hotboat.cl,1001147.0,agua,700.0
2028-01-02 12:30:00,sim@hotboat.cl,1001147.0,luz,520.0
2028-01-02 12:30:00,sim@hotboat.cl,1001147.0,gas,10000.0
2028-01-02 12:30:00,sim@hotboat.cl,1001148.0,leña,1500.0
2028-01-02 12:30:00,sim@hotboat.cl,1001148.0,agua,700.0
2028-01-02 12:30:00,sim@hotboat.cl,1001148.0,luz,520.0
2028-01-02 12:30:00,sim@hotboat.cl,1001148.0,gas,10000.0
2028-01-02 12:40:00,sim@hotboat.cl,1001149.0,leña,1500.0
2028-01-02 12:40:00,sim@hotboat.cl,1001149.0,agua,700.0
2028-01-02 12:40:00,sim@hotboat.cl,1001149.0,luz,520.0
2028-01-02 12:40:00,sim@hotboat.cl,1001149.0,gas,10000.0
2028-01-02 12:40:00,sim@hotboat.cl,1001150.0,leña,1500.0
2028-01-02 12:40:00,sim@hotboat.cl,1001150.0,agua,700.0
2028-01-02 12:40:00,sim@hotboat.cl,1001150.0,luz,520.0
2028-01-02 12:40:00,sim@hotboat.cl,1001150.0,gas,10000.0
2028-01-02 12:50:00,sim@hotboat.cl,1001151.0,leña,1500.0
2028-01-02 12:50:00,sim@hotboat.cl,1001151.0,agua,700.0
2028-01-02 12:50:00,sim@hotboat.cl,1001151.0,luz,520.0
2028-01-02 12:50:00,sim@hotboat.cl,1001151.0,gas,10000.0
2028-01-02 12:50:00,sim@hotboat.cl,1001152.0,leña,1500.0
2028-01-02 12:50:00,sim@hotboat.cl,1001152.0,agua,700.0
2028-01-02 12:50:00,sim@hotboat.cl,1001152.0,luz,520.0
2028-01-02 12:50:00,sim@hotboat.cl,1001152.0,gas,10000.0
2028-01-03 12:00:00,sim@hotboat.cl,1001153.0,leña,1500.0
2028-01-03 12:00:00,sim@hotboat.cl,1001153.0,agua,700.0
2028-01-03 12:00:00,sim@hotboat.cl,1001153.0,luz,520.0
2028-01-03 12:00:00,sim@hotboat.cl,1001153.0,gas,10000.0
2028-01-03 12:10:00,sim@hotboat.cl,1001154.0,leña,1500.0
2028-01-03 12:10:00,sim@hotboat.cl,1001154.0,agua,700.0
2028-01-03 12:10:00,sim@hotboat.cl,1001154.0,luz,520.0
2028-01-03 12:10:00,sim@hotboat.cl,1001154.0,gas,10000.0
2028-01-03 12:20:00,sim@hotboat.cl,1001155.0,leña,1500.0
2028-01-03 12:20:00,sim@hotboat.cl,1001155.0,agua,700.0
2028-01-03 12:20:00,sim@hotboat.cl,1001155.0,luz,520.0
2028-01-03 12:20:00,sim@hotboat.cl,1001155.0,gas,10000.0
2028-01-04 12:00:00,sim@hotboat.cl,1001156.0,leña,1500.0
2028-01-04 12:00:00,sim@hotboat.cl,1001156.0,agua,700.0
2028-01-04 12:00:00,sim@hotboat.cl,1001156.0,luz,520.0
2028-01-04 12:00:00,sim@hotboat.cl,1001156.0,gas,10000.0
2028-01-04 12:10:00,sim@hotboat.cl,1001157.0,leña,1500.0
2028-01-04 12:10:00,sim@hotboat.cl,1001157.0,agua,700.0
2028-01-04 12:10:00,sim@hotboat.cl,1001157.0,luz,520.0
2028-01-04 12:10:00,sim@hotboat.cl,1001157.0,gas,10000.0
2028-01-04 12:20:00,sim@hotboat.cl,1001158.0,leña,1500.0
2028-01-04 12:20:00,sim@hotboat.cl,1001158.0,agua,700.0
2028-01-04 12:20:00,sim@hotboat.cl,1001158.0,luz,520.0
2028-01-04 12:20:00,sim@hotboat.cl,1001158.0,gas,10000.0
2028-01-05 12:00:00,sim@hotboat.cl,1001159.0,leña,1500.0
2028-01-05 12:00:00,sim@hotboat.cl,1001159.0,agua,700.0
2028-01-05 12:00:00,sim@hotboat.cl,1001159.0,luz,520.0
2028-01-05 12:00:00,sim@hotboat.cl,1001159.0,gas,10000.0
2028-01-05 12:00:00,sim@hotboat.cl,1001160.0,leña,1500.0
2028-01-05 12:00:00,sim@hotboat.cl,1001160.0,agua,700.0
2028-01-05 12:00:00,sim@hotboat.cl,1001160.0,luz,520.0
2028-01-05 12:00:00,sim@hotboat.cl,1001160.0,gas,10000.0
2028-01-05 12:10:00,sim@hotboat.cl,1001161.0,leña,1500.0
2028-01-05 12:10:00,sim@hotboat.cl,1001161.0,agua,700.0
2028-01-05 12:10:00,sim@hotboat.cl,1001161.0,luz,520.0
2028-01-05 12:10:00,sim@hotboat.cl,1001161.0,gas,10000.0
2028-01-05 12:20:00,sim@hotboat.cl,1001162.0,leña,1500.0
2028-01-05 12:20:00,sim@hotboat.cl,1001162.0,agua,700.0
2028-01-05 12:20:00,sim@hotboat.cl,1001162.0,luz,520.0
2028-01-05 12:20:00,sim@hotboat.cl,1001162.0,gas,10000.0
2028-01-05 12:30:00,sim@hotboat.cl,1001163.0,leña,1500.0
2028-01-05 12:30:00,sim@hotboat.cl,1001163.0,agua,700.0
2028-01-05 12:30:00,sim@hotboat.cl,1001163.0,luz,520.0
2028-01-05 12:30:00,sim@hotboat.cl,1001163.0,gas,10000.0
2028-01-05 12:40:00,sim@hotboat.cl,1001164.0,leña,1500.0
2028-01-05 12:40:00,sim@hotboat.cl,1001164.0,agua,700.0
2028-01-05 12:40:00,sim@hotboat.cl,1001164.0,luz,520.0
2028-01-05 12:40:00,sim@hotboat.cl,1001164.0,gas,10000.0
2028-01-05 12:50:00,sim@hotboat.cl,1001165.0,leña,1500.0
2028-01-05 12:50:00,sim@hotboat.cl,1001165.0,agua,700.0
2028-01-05 12:50:00,sim@hotboat.cl,1001165.0,luz,520.0
2028-01-05 12:50:00,sim@hotboat.cl,1001165.0,gas,10000.0
2028-01-06 12:00:00,sim@hotboat.cl,1001166.0,leña,1500.0
2028-01-06 12:00:00,sim@hotboat.cl,1001166.0,agua,700.0
2028-01-06 12:00:00,sim@hotboat.cl,1001166.0,luz,520.0
2028-01-06 12:00:00,sim@hotboat.cl,1001166.0,gas,10000.0
2028-01-06 12:10:00,sim@hotboat.cl,1001167.0,leña,1500.0
2028-01-06 12:10:00,sim@hotboat.cl,1001167.0,agua,700.0
2028-01-06 12:10:00,sim@hotboat.cl,1001167.0,luz,520.0
2028-01-06 12:10:00,sim@hotboat.cl,1001167.0,gas,10000.0
2028-01-06 12:20:00,sim@hotboat.cl,1001168.0,leña,1500.0
2028-01-06 12:20:00,sim@hotboat.cl,1001168.0,agua,700.0
2028-01-06 12:20:00,sim@hotboat.cl,1001168.0,luz,520.0
2028-01-06 12:20:00,sim@hotboat.cl,1001168.0,gas,10000.0
2028-01-06 12:30:00,sim@hotboat.cl,1001169.0,leña,1500.0
2028-01-06 12:30:00,sim@hotboat.cl,1001169.0,agua,700.0
2028-01-06 12:30:00,sim@hotboat.cl,1001169.0,luz,520.0
2028-01-06 12:30:00,sim@hotboat.cl,1001169.0,gas,10000.0
2028-01-06 12:40:00,sim@hotboat.cl,1001170.0,leña,1500.0
2028-01-06 12:40:00,sim@hotboat.cl,1001170.0,agua,700.0
2028-01-06 12:40:00,sim@hotboat.cl,1001170.0,luz,520.0
2028-01-06 12:40:00,sim@hotboat.cl,1001170.0,gas,10000.0
2028-01-07 12:00:00,sim@hotboat.cl,1001171.0,leña,1500.0
2028-01-07 12:00:00,sim@hotboat.cl,1001171.0,agua,700.0
2028-01-07 12:00:00,sim@hotboat.cl,1001171.0,luz,520.0
2028-01-07 12:00:00,sim@hotboat.cl,1001171.0,gas,10000.0
2028-01-07 12:10:00,sim@hotboat.cl,1001172.0,leña,1500.0
2028-01-07 12:10:00,sim@hotboat.cl,1001172.0,agua,700.0
2028-01-07 12:10:00,sim@hotboat.cl,1001172.0,luz,520.0
2028-01-07 12:10:00,sim@hotboat.cl,1001172.0,gas,10000.0
2028-01-07 12:20:00,sim@hotboat.cl,1001173.0,leña,1500.0
2028-01-07 12:20:00,sim@hotboat.cl,1001173.0,agua,700.0
2028-01-07 12:20:00,sim@hotboat.cl,1001173.0,luz,520.0
2028-01-07 12:20:00,sim@hotboat.cl,1001173.0,gas,10000.0
2028-01-07 12:30:00,sim@hotboat.cl,1001174.0,leña,1500.0
2028-01-07 12:30:00,sim@hotboat.cl,1001174.0,agua,700.0
2028-01-07 12:30:00,sim@hotboat.cl,1001174.0,luz,520.0
2028-01-07 12:30:00,sim@hotboat.cl,1001174.0,gas,10000.0
2028-01-08 12:00:00,sim@hotboat.cl,1001175.0,leña,1500.0
2028-01-08 12:00:00,sim@hotboat.cl,1001175.0,agua,700.0
2028-01-08 12:00:00,sim@hotboat.cl,1001175.0,luz,520.0
2028-01-08 12:00:00,sim@hotboat.cl,1001175.0,gas,10000.0
2028-01-08 12:00:00,sim@hotboat.cl,1001176.0,leña,1500.0
2028-01-08 12:00:00,sim@hotboat.cl,1001176.0,agua,700.0
2028-01-08 12:00:00,sim@hotboat.cl,1001176.0,luz,520.0
2028-01-08 12:00:00,sim@hotboat.cl,1001176.0,gas,10000.0
2028-01-08 12:00:00,sim@hotboat.cl,1001177.0,leña,1500.0
2028-01-08 12:00:00,sim@hotboat.cl,1001177.0,agua,700.0
2028-01-08 12:00:00,sim@hotboat.cl,1001177.0,luz,520.0
2028-01-08 12:00:00,sim@hotboat.cl,1001177.0,gas,10000.0
2028-01-08 12:10:00,sim@hotboat.cl,1001178.0,leña,1500.0
2028-01-08 12:10:00,sim@hotboat.cl,1001178.0,agua,700.0
2028-01-08 12:10:00,sim@hotboat.cl,1001178.0,luz,520.0
2028-01-08 12:10:00,sim@hotboat.cl,1001178.0,gas,10000.0
2028-01-08 12:10:00,sim@hotboat.cl,1001179.0,leña,1500.0
2028-01-08 12:10:00,sim@hotboat.cl,1001179.0,agua,700.0
2028-01-08 12:10:00,sim@hotboat.cl,1001179.0,luz,520.0
2028-01-08 12:10:00,sim@hotboat.cl,1001179.0,gas,10000.0
2028-01-08 12:20:00,sim@hotboat.cl,1001180.0,leña,1500.0
2028-01-08 12:20:00,sim@hotboat.cl,1001180.0,agua,700.0
2028-01-08 12:20:00,sim@hotboat.cl,1001180.0,luz,520.0
2028-01-08 12:20:00,sim@hotboat.cl,1001180.0,gas,10000.0
2028-01-08 12:20:00,sim@hotboat.cl,1001181.0,leña,1500.0
2028-01-08 12:20:00,sim@hotboat.cl,1001181.0,agua,700.0
2028-01-08 12:20:00,sim@hotboat.cl,1001181.0,luz,520.0
2028-01-08 12:20:00,sim@hotboat.cl,1001181.0,gas,10000.0
2028-01-08 12:30:00,sim@hotboat.cl,1001182.0,leña,1500.0
2028-01-08 12:30:00,sim@hotboat.cl,1001182.0,agua,700.0
2028-01-08 12:30:00,sim@hotboat.cl,1001182.0,luz,520.0
2028-01-08 12:30:00,sim@hotboat.cl,1001182.0,gas,10000.0
2028-01-08 12:30:00,sim@hotboat.cl,1001183.0,leña,1500.0
2028-01-08 12:30:00,sim@hotboat.cl,1001183.0,agua,700.0
2028-01-08 12:30:00,sim@hotboat.cl,1001183.0,luz,520.0
2028-01-08 12:30:00,sim@hotboat.cl,1001183.0,gas,10000.0
2028-01-08 12:40:00,sim@hotboat.cl,1001184.0,leña,1500.0
2028-01-08 12:40:00,sim@hotboat.cl,1001184.0,agua,700.0
2028-01-08 12:40:00,sim@hotboat.cl,1001184.0,luz,520.0
2028-01-08 12:40:00,sim@hotboat.cl,1001184.0,gas,10000.0
2028-01-08 12:40:00,sim@hotboat.cl,1001185.0,leña,1500.0
2028-01-08 12:40:00,sim@hotboat.cl,1001185.0,agua,700.0
2028-01-08 12:40:00,sim@hotboat.cl,1001185.0,luz,520.0
2028-01-08 12:40:00,sim@hotboat.cl,1001185.0,gas,10000.0
2028-01-08 12:50:00,sim@hotboat.cl,1001186.0,leña,1500.0
2028-01-08 12:50:00,sim@hotboat.cl,1001186.0,agua,700.0
2028-01-08 12:50:00,sim@hotboat.cl,1001186.0,luz,520.0
2028-01-08 12:50:00,sim@hotboat.cl,1001186.0,gas,10000.0
2028-01-08 12:50:00,sim@hotboat.cl,1001187.0,leña,1500.0
2028-01-08 12:50:00,sim@hotboat.cl,1001187.0,agua,700.0
2028-01-08 12:50:00,sim@hotboat.cl,1001187.0,luz,520.0
2028-01-08 12:50:00,sim@hotboat.cl,1001187.0,gas,10000.0
2028-01-09 12:00:00,sim@hotboat.cl,1001188.0,leña,1500.0
2028-01-09 12:00:00,sim@hotboat.cl,1001188.0,agua,700.0
2028-01-09 12:00:00,sim@hotboat.cl,1001188.0,luz,520.0
2028-01-09 12:00:00,sim@hotboat.cl,1001188.0,gas,10000.0
2028-01-09 12:00:00,sim@hotboat.cl,1001189.0,leña,1500.0
2028-01-09 12:00:00,sim@hotboat.cl,1001189.0,agua,700.0
2028-01-09 12:00:00,sim@hotboat.cl,1001189.0,luz,520.0
2028-01-09 12:00:00,sim@hotboat.cl,1001189.0,gas,10000.0
2028-01-09 12:10:00,sim@hotboat.cl,1001190.0,leña,1500.0
2028-01-09 12:10:00,sim@hotboat.cl,1001190.0,agua,700.0
2028-01-09 12:10:00,sim@hotboat.cl,1001190.0,luz,520.0
2028-01-09 12:10:00,sim@hotboat.cl,1001190.0,gas,10000.0
2028-01-09 12:10:00,sim@hotboat.cl,1001191.0,leña,1500.0
2028-01-09 12:10:00,sim@hotboat.cl,1001191.0,agua,700.0
2028-01-09 12:10:00,sim@hotboat.cl,1001191.0,luz,520.0
2028-01-09 12:10:00,sim@hotboat.cl,1001191.0,gas,10000.0
2028-01-09 12:20:00,sim@hotboat.cl,1001192.0,leña,1500.0
2028-01-09 12:20:00,sim@hotboat.cl,1001192.0,agua,700.0
2028-01-09 12:20:00,sim@hotboat.cl,1001192.0,luz,520.0
2028-01-09 12:20:00,sim@hotboat.cl,1001192.0,gas,10000.0
2028-01-09 12:30:00,sim@hotboat.cl,1001193.0,leña,1500.0
2028-01-09 12:30:00,sim@hotboat.cl,1001193.0,agua,700.0
2028-01-09 12:30:00,sim@hotboat.cl,1001193.0,luz,520.0
2028-01-09 12:30:00,sim@hotboat.cl,1001193.0,gas,10000.0
2028-01-09 12:40:00,sim@hotboat.cl,1001194.0,leña,1500.0
2028-01-09 12:40:00,sim@hotboat.cl,1001194.0,agua,700.0
2028-01-09 12:40:00,sim@hotboat.cl,1001194.0,luz,520.0
2028-01-09 12:40:00,sim@hotboat.cl,1001194.0,gas,10000.0
2028-01-09 12:50:00,sim@hotboat.cl,1001195.0,leña,1500.0
2028-01-09 12:50:00,sim@hotboat.cl,1001195.0,agua,700.0
2028-01-09 12:50:00,sim@hotboat.cl,1001195.0,luz,520.0
2028-01-09 12:50:00,sim@hotboat.cl,1001195.0,gas,10000.0
2028-01-10 12:00:00,sim@hotboat.cl,1001196.0,leña,1500.0
2028-01-10 12:00:00,sim@hotboat.cl,1001196.0,agua,700.0
2028-01-10 12:00:00,sim@hotboat.cl,1001196.0,luz,520.0
2028-01-10 12:00:00,sim@hotboat.cl,1001196.0,gas,10000.0
2028-01-10 12:10:00,sim@hotboat.cl,1001197.0,leña,1500.0
2028-01-10 12:10:00,sim@hotboat.cl,1001197.0,agua,700.0
2028-01-10 12:10:00,sim@hotboat.cl,1001197.0,luz,520.0
2028-01-10 12:10:00,sim@hotboat.cl,1001197.0,gas,10000.0
2028-01-10 12:20:00,sim@hotboat.cl,1001198.0,leña,1500.0
2028-01-10 12:20:00,sim@hotboat.cl,1001198.0,agua,700.0
2028-01-10 12:20:00,sim@hotboat.cl,1001198.0,luz,520.0
2028-01-10 12:20:00,sim@hotboat.cl,1001198.0,gas,10000.0
2028-01-10 12:30:00,sim@hotboat.cl,1001199.0,leña,1500.0
2028-01-10 12:30:00,sim@hotboat.cl,1001199.0,agua,700.0
2028-01-10 12:30:00,sim@hotboat.cl,1001199.0,luz,520.0
2028-01-10 12:30:00,sim@hotboat.cl,1001199.0,gas,10000.0
2028-01-10 12:40:00,sim@hotboat.cl,1001200.0,leña,1500.0
2028-01-10 12:40:00,sim@hotboat.cl,1001200.0,agua,700.0
2028-01-10 12:40:00,sim@hotboat.cl,1001200.0,luz,520.0
2028-01-10 12:40:00,sim@hotboat.cl,1001200.0,gas,10000.0
2028-01-11 12:00:00,sim@hotboat.cl,1001201.0,leña,1500.0
2028-01-11 12:00:00,sim@hotboat.cl,1001201.0,agua,700.0
2028-01-11 12:00:00,sim@hotboat.cl,1001201.0,luz,520.0
2028-01-11 12:00:00,sim@hotboat.cl,1001201.0,gas,10000.0
2028-01-11 12:10:00,sim@hotboat.cl,1001202.0,leña,1500.0
2028-01-11 12:10:00,sim@hotboat.cl,1001202.0,agua,700.0
2028-01-11 12:10:00,sim@hotboat.cl,1001202.0,luz,520.0
2028-01-11 12:10:00,sim@hotboat.cl,1001202.0,gas,10000.0
2028-01-12 12:00:00,sim@hotboat.cl,1001203.0,leña,1500.0
2028-01-12 12:00:00,sim@hotboat.cl,1001203.0,agua,700.0
2028-01-12 12:00:00,sim@hotboat.cl,1001203.0,luz,520.0
2028-01-12 12:00:00,sim@hotboat.cl,1001203.0,gas,10000.0
2028-01-12 12:10:00,sim@hotboat.cl,1001204.0,leña,1500.0
2028-01-12 12:10:00,sim@hotboat.cl,1001204.0,agua,700.0
2028-01-12 12:10:00,sim@hotboat.cl,1001204.0,luz,520.0
2028-01-12 12:10:00,sim@hotboat.cl,1001204.0,gas,10000.0
2028-01-12 12:20:00,sim@hotboat.cl,1001205.0,leña,1500.0
2028-01-12 12:20:00,sim@hotboat.cl,1001205.0,agua,700.0
2028-01-12 12:20:00,sim@hotboat.cl,1001205.0,luz,520.0
2028-01-12 12:20:00,sim@hotboat.cl,1001205.0,gas,10000.0
2028-01-13 12:00:00,sim@hotboat.cl,1001206.0,leña,1500.0
2028-01-13 12:00:00,sim@hotboat.cl,1001206.0,agua,700.0
2028-01-13 12:00:00,sim@hotboat.cl,1001206.0,luz,520.0
2028-01-13 12:00:00,sim@hotboat.cl,1001206.0,gas,10000.0
2028-01-14 12:00:00,sim@hotboat.cl,1001207.0,leña,1500.0
2028-01-14 12:00:00,sim@hotboat.cl,1001207.0,agua,700.0
2028-01-14 12:00:00,sim@hotboat.cl,1001207.0,luz,520.0
2028-01-14 12:00:00,sim@hotboat.cl,1001207.0,gas,10000.0
2028-01-14 12:10:00,sim@hotboat.cl,1001208.0,leña,1500.0
2028-01-14 12:10:00,sim@hotboat.cl,1001208.0,agua,700.0
2028-01-14 12:10:00,sim@hotboat.cl,1001208.0,luz,520.0
2028-01-14 12:10:00,sim@hotboat.cl,1001208.0,gas,10000.0
2028-01-14 12:20:00,sim@hotboat.cl,1001209.0,leña,1500.0
2028-01-14 12:20:00,sim@hotboat.cl,1001209.0,agua,700.0
2028-01-14 12:20:00,sim@hotboat.cl,1001209.0,luz,520.0
2028-01-14 12:20:00,sim@hotboat.cl,1001209.0,gas,10000.0
2028-01-15 12:00:00,sim@hotboat.cl,1001210.0,leña,1500.0
2028-01-15 12:00:00,sim@hotboat.cl,1001210.0,agua,700.0
2028-01-15 12:00:00,sim@hotboat.cl,1001210.0,luz,520.0
2028-01-15 12:00:00,sim@hotboat.cl,1001210.0,gas,10000.0
2028-01-15 12:00:00,sim@hotboat.cl,1001211.0,leña,1500.0
2028-01-15 12:00:00,sim@hotboat.cl,1001211.0,agua,700.0
2028-01-15 12:00:00,sim@hotboat.cl,1001211.0,luz,520.0
2028-01-15 12:00:00,sim@hotboat.cl,1001211.0,gas,10000.0
2028-01-15 12:10:00,sim@hotboat.cl,1001212.0,leña,1500.0
2028-01-15 12:10:00,sim@hotboat.cl,1001212.0,agua,700.0
2028-01-15 12:10:00,sim@hotboat.cl,1001212.0,luz,520.0
2028-01-15 12:10:00,sim@hotboat.cl,1001212.0,gas,10000.0
2028-01-15 12:20:00,sim@hotboat.cl,1001213.0,leña,1500.0
2028-01-15 12:20:00,sim@hotboat.cl,1001213.0,agua,700.0
2028-01-15 12:20:00,sim@hotboat.cl,1001213.0,luz,520.0
2028-01-15 12:20:00,sim@hotboat.cl,1001213.0,gas,10000.0
2028-01-15 12:30:00,sim@hotboat.cl,1001214.0,leña,1500.0
2028-01-15 12:30:00,sim@hotboat.cl,1001214.0,agua,700.0
2028-01-15 12:30:00,sim@hotboat.cl,1001214.0,luz,520.0
2028-01-15 12:30:00,sim@hotboat.cl,1001214.0,gas,10000.0
2028-01-15 12:40:00,sim@hotboat.cl,1001215.0,leña,1500.0
2028-01-15 12:40:00,sim@hotboat.cl,1001215.0,agua,700.0
2028-01-15 12:40:00,sim@hotboat.cl,1001215.0,luz,520.0
2028-01-15 12:40:00,sim@hotboat.cl,1001215.0,gas,10000.0
2028-01-15 12:50:00,sim@hotboat.cl,1001216.0,leña,1500.0
2028-01-15 12:50:00,sim@hotboat.cl,1001216.0,agua,700.0
2028-01-15 12:50:00,sim@hotboat.cl,1001216.0,luz,520.0
2028-01-15 12:50:00,sim@hotboat.cl,1001216.0,gas,10000.0
2028-01-16 12:00:00,sim@hotboat.cl,1001217.0,leña,1500.0
2028-01-16 12:00:00,sim@hotboat.cl,1001217.0,agua,700.0
2028-01-16 12:00:00,sim@hotboat.cl,1001217.0,luz,520.0
2028-01-16 12:00:00,sim@hotboat.cl,1001217.0,gas,10000.0
2028-01-16 12:00:00,sim@hotboat.cl,1001218.0,leña,1500.0
2028-01-16 12:00:00,sim@hotboat.cl,1001218.0,agua,700.0
2028-01-16 12:00:00,sim@hotboat.cl,1001218.0,luz,520.0
2028-01-16 12:00:00,sim@hotboat.cl,1001218.0,gas,10000.0
2028-01-16 12:10:00,sim@hotboat.cl,1001219.0,leña,1500.0
2028-01-16 12:10:00,sim@hotboat.cl,1001219.0,agua,700.0
2028-01-16 12:10:00,sim@hotboat.cl,1001219.0,luz,520.0
2028-01-16 12:10:00,sim@hotboat.cl,1001219.0,gas,10000.0
2028-01-16 12:10:00,sim@hotboat.cl,1001220.0,leña,1500.0
2028-01-16 12:10:00,sim@hotboat.cl,1001220.0,agua,700.0
2028-01-16 12:10:00,sim@hotboat.cl,1001220.0,luz,520.0
2028-01-16 12:10:00,sim@hotboat.cl,1001220.0,gas,10000.0
2028-01-16 12:20:00,sim@hotboat.cl,1001221.0,leña,1500.0
2028-01-16 12:20:00,sim@hotboat.cl,1001221.0,agua,700.0
2028-01-16 12:20:00,sim@hotboat.cl,1001221.0,luz,520.0
2028-01-16 12:20:00,sim@hotboat.cl,1001221.0,gas,10000.0
2028-01-16 12:20:00,sim@hotboat.cl,1001222.0,leña,1500.0
2028-01-16 12:20:00,sim@hotboat.cl,1001222.0,agua,700.0
2028-01-16 12:20:00,sim@hotboat.cl,1001222.0,luz,520.0
2028-01-16 12:20:00,sim@hotboat.cl,1001222.0,gas,10000.0
2028-01-16 12:30:00,sim@hotboat.cl,1001223.0,leña,1500.0
2028-01-16 12:30:00,sim@hotboat.cl,1001223.0,agua,700.0
2028-01-16 12:30:00,sim@hotboat.cl,1001223.0,luz,520.0
2028-01-16 12:30:00,sim@hotboat.cl,1001223.0,gas,10000.0
2028-01-16 12:30:00,sim@hotboat.cl,1001224.0,leña,1500.0
2028-01-16 12:30:00,sim@hotboat.cl,1001224.0,agua,700.0
2028-01-16 12:30:00,sim@hotboat.cl,1001224.0,luz,520.0
2028-01-16 12:30:00,sim@hotboat.cl,1001224.0,gas,10000.0
2028-01-16 12:40:00,sim@hotboat.cl,1001225.0,leña,1500.0
2028-01-16 12:40:00,sim@hotboat.cl,1001225.0,agua,700.0
2028-01-16 12:40:00,sim@hotboat.cl,1001225.0,luz,520.0
2028-01-16 12:40:00,sim@hotboat.cl,1001225.0,gas,10000.0
2028-01-16 12:40:00,sim@hotboat.cl,1001226.0,leña,1500.0
2028-01-16 12:40:00,sim@hotboat.cl,1001226.0,agua,700.0
2028-01-16 12:40:00,sim@hotboat.cl,1001226.0,luz,520.0
2028-01-16 12:40:00,sim@hotboat.cl,1001226.0,gas,10000.0
2028-01-16 12:50:00,sim@hotboat.cl,1001227.0,leña,1500.0
2028-01-16 12:50:00,sim@hotboat.cl,1001227.0,agua,700.0
2028-01-16 12:50:00,sim@hotboat.cl,1001227.0,luz,520.0
2028-01-16 12:50:00,sim@hotboat.cl,1001227.0,gas,10000.0
2028-01-16 12:50:00,sim@hotboat.cl,1001228.0,leña,1500.0
2028-01-16 12:50:00,sim@hotboat.cl,1001228.0,agua,700.0
2028-01-16 12:50:00,sim@hotboat.cl,1001228.0,luz,520.0
2028-01-16 12:50:00,sim@hotboat.cl,1001228.0,gas,10000.0
2028-01-17 12:00:00,sim@hotboat.cl,1001229.0,leña,1500.0
2028-01-17 12:00:00,sim@hotboat.cl,1001229.0,agua,700.0
2028-01-17 12:00:00,sim@hotboat.cl,1001229.0,luz,520.0
2028-01-17 12:00:00,sim@hotboat.cl,1001229.0,gas,10000.0
2028-01-17 12:10:00,sim@hotboat.cl,1001230.0,leña,1500.0
2028-01-17 12:10:00,sim@hotboat.cl,1001230.0,agua,700.0
2028-01-17 12:10:00,sim@hotboat.cl,1001230.0,luz,520.0
2028-01-17 12:10:00,sim@hotboat.cl,1001230.0,gas,10000.0
2028-01-17 12:20:00,sim@hotboat.cl,1001231.0,leña,1500.0
2028-01-17 12:20:00,sim@hotboat.cl,1001231.0,agua,700.0
2028-01-17 12:20:00,sim@hotboat.cl,1001231.0,luz,520.0
2028-01-17 12:20:00,sim@hotboat.cl,1001231.0,gas,10000.0
2028-01-17 12:30:00,sim@hotboat.cl,1001232.0,leña,1500.0
2028-01-17 12:30:00,sim@hotboat.cl,1001232.0,agua,700.0
2028-01-17 12:30:00,sim@hotboat.cl,1001232.0,luz,520.0
2028-01-17 12:30:00,sim@hotboat.cl,1001232.0,gas,10000.0
2028-01-17 12:40:00,sim@hotboat.cl,1001233.0,leña,1500.0
2028-01-17 12:40:00,sim@hotboat.cl,1001233.0,agua,700.0
2028-01-17 12:40:00,sim@hotboat.cl,1001233.0,luz,520.0
2028-01-17 12:40:00,sim@hotboat.cl,1001233.0,gas,10000.0
2028-01-17 12:50:00,sim@hotboat.cl,1001234.0,leña,1500.0
2028-01-17 12:50:00,sim@hotboat.cl,1001234.0,agua,700.0
2028-01-17 12:50:00,sim@hotboat.cl,1001234.0,luz,520.0
2028-01-17 12:50:00,sim@hotboat.cl,1001234.0,gas,10000.0
2028-01-18 12:00:00,sim@hotboat.cl,1001235.0,leña,1500.0
2028-01-18 12:00:00,sim@hotboat.cl,1001235.0,agua,700.0
2028-01-18 12:00:00,sim@hotboat.cl,1001235.0,luz,520.0
2028-01-18 12:00:00,sim@hotboat.cl,1001235.0,gas,10000.0
2028-01-18 12:10:00,sim@hotboat.cl,1001236.0,leña,1500.0
2028-01-18 12:10:00,sim@hotboat.cl,1001236.0,agua,700.0
2028-01-18 12:10:00,sim@hotboat.cl,1001236.0,luz,520.0
2028-01-18 12:10:00,sim@hotboat.cl,1001236.0,gas,10000.0
2028-01-18 12:20:00,sim@hotboat.cl,1001237.0,leña,1500.0
2028-01-18 12:20:00,sim@hotboat.cl,1001237.0,agua,700.0
2028-01-18 12:20:00,sim@hotboat.cl,1001237.0,luz,520.0
2028-01-18 12:20:00,sim@hotboat.cl,1001237.0,gas,10000.0
2028-01-18 12:30:00,sim@hotboat.cl,1001238.0,leña,1500.0
2028-01-18 12:30:00,sim@hotboat.cl,1001238.0,agua,700.0
2028-01-18 12:30:00,sim@hotboat.cl,1001238.0,luz,520.0
2028-01-18 12:30:00,sim@hotboat.cl,1001238.0,gas,10000.0
2028-01-18 12:40:00,sim@hotboat.cl,1001239.0,leña,1500.0
2028-01-18 12:40:00,sim@hotboat.cl,1001239.0,agua,700.0
2028-01-18 12:40:00,sim@hotboat.cl,1001239.0,luz,520.0
2028-01-18 12:40:00,sim@hotboat.cl,1001239.0,gas,10000.0
2028-01-19 12:00:00,sim@hotboat.cl,1001240.0,leña,1500.0
2028-01-19 12:00:00,sim@hotboat.cl,1001240.0,agua,700.0
2028-01-19 12:00:00,sim@hotboat.cl,1001240.0,luz,520.0
2028-01-19 12:00:00,sim@hotboat.cl,1001240.0,gas,10000.0
2028-01-19 12:10:00,sim@hotboat.cl,1001241.0,leña,1500.0
2028-01-19 12:10:00,sim@hotboat.cl,1001241.0,agua,700.0
2028-01-19 12:10:00,sim@hotboat.cl,1001241.0,luz,520.0
2028-01-19 12:10:00,sim@hotboat.cl,1001241.0,gas,10000.0
2028-01-19 12:20:00,sim@hotboat.cl,1001242.0,leña,1500.0
2028-01-19 12:20:00,sim@hotboat.cl,1001242.0,agua,700.0
2028-01-19 12:20:00,sim@hotboat.cl,1001242.0,luz,520.0
2028-01-19 12:20:00,sim@hotboat.cl,1001242.0,gas,10000.0
2028-01-19 12:30:00,sim@hotboat.cl,1001243.0,leña,1500.0
2028-01-19 12:30:00,sim@hotboat.cl,1001243.0,agua,700.0
2028-01-19 12:30:00,sim@hotboat.cl,1001243.0,luz,520.0
2028-01-19 12:30:00,sim@hotboat.cl,1001243.0,gas,10000.0
2028-01-19 12:40:00,sim@hotboat.cl,1001244.0,leña,1500.0
2028-01-19 12:40:00,sim@hotboat.cl,1001244.0,agua,700.0
2028-01-19 12:40:00,sim@hotboat.cl,1001244.0,luz,520.0
2028-01-19 12:40:00,sim@hotboat.cl,1001244.0,gas,10000.0
2028-01-20 12:00:00,sim@hotboat.cl,1001245.0,leña,1500.0
2028-01-20 12:00:00,sim@hotboat.cl,1001245.0,agua,700.0
2028-01-20 12:00:00,sim@hotboat.cl,1001245.0,luz,520.0
2028-01-20 12:00:00,sim@hotboat.cl,1001245.0,gas,10000.0
2028-01-21 12:00:00,sim@hotboat.cl,1001246.0,leña,1500.0
2028-01-21 12:00:00,sim@hotboat.cl,1001246.0,agua,700.0
2028-01-21 12:00:00,sim@hotboat.cl,1001246.0,luz,520.0
2028-01-21 12:00:00,sim@hotboat.cl,1001246.0,gas,10000.0
2028-01-21 12:10:00,sim@hotboat.cl,1001247.0,leña,1500.0
2028-01-21 12:10:00,sim@hotboat.cl,1001247.0,agua,700.0
2028-01-21 12:10:00,sim@hotboat.cl,1001247.0,luz,520.0
2028-01-21 12:10:00,sim@hotboat.cl,1001247.0,gas,10000.0
2028-01-21 12:20:00,sim@hotboat.cl,1001248.0,leña,1500.0
2028-01-21 12:20:00,sim@hotboat.cl,1001248.0,agua,700.0
2028-01-21 12:20:00,sim@hotboat.cl,1001248.0,luz,520.0
2028-01-21 12:20:00,sim@hotboat.cl,1001248.0,gas,10000.0
2028-01-21 12:30:00,sim@hotboat.cl,1001249.0,leña,1500.0
2028-01-21 12:30:00,sim@hotboat.cl,1001249.0,agua,700.0
2028-01-21 12:30:00,sim@hotboat.cl,1001249.0,luz,520.0
2028-01-21 12:30:00,sim@hotboat.cl,1001249.0,gas,10000.0
2028-01-22 12:00:00,sim@hotboat.cl,1001250.0,leña,1500.0
2028-01-22 12:00:00,sim@hotboat.cl,1001250.0,agua,700.0
2028-01-22 12:00:00,sim@hotboat.cl,1001250.0,luz,520.0
2028-01-22 12:00:00,sim@hotboat.cl,1001250.0,gas,10000.0
2028-01-22 12:00:00,sim@hotboat.cl,1001251.0,leña,1500.0
2028-01-22 12:00:00,sim@hotboat.cl,1001251.0,agua,700.0
2028-01-22 12:00:00,sim@hotboat.cl,1001251.0,luz,520.0
2028-01-22 12:00:00,sim@hotboat.cl,1001251.0,gas,10000.0
2028-01-22 12:00:00,sim@hotboat.cl,1001252.0,leña,1500.0
2028-01-22 12:00:00,sim@hotboat.cl,1001252.0,agua,700.0
2028-01-22 12:00:00,sim@hotboat.cl,1001252.0,luz,520.0
2028-01-22 12:00:00,sim@hotboat.cl,1001252.0,gas,10000.0
2028-01-22 12:10:00,sim@hotboat.cl,1001253.0,leña,1500.0
2028-01-22 12:10:00,sim@hotboat.cl,1001253.0,agua,700.0
2028-01-22 12:10:00,sim@hotboat.cl,1001253.0,luz,520.0
2028-01-22 12:10:00,sim@hotboat.cl,1001253.0,gas,10000.0
2028-01-22 12:10:00,sim@hotboat.cl,1001254.0,leña,1500.0
2028-01-22 12:10:00,sim@hotboat.cl,1001254.0,agua,700.0
2028-01-22 12:10:00,sim@hotboat.cl,1001254.0,luz,520.0
2028-01-22 12:10:00,sim@hotboat.cl,1001254.0,gas,10000.0
2028-01-22 12:20:00,sim@hotboat.cl,1001255.0,leña,1500.0
2028-01-22 12:20:00,sim@hotboat.cl,1001255.0,agua,700.0
2028-01-22 12:20:00,sim@hotboat.cl,1001255.0,luz,520.0
2028-01-22 12:20:00,sim@hotboat.cl,1001255.0,gas,10000.0
2028-01-22 12:20:00,sim@hotboat.cl,1001256.0,leña,1500.0
2028-01-22 12:20:00,sim@hotboat.cl,1001256.0,agua,700.0
2028-01-22 12:20:00,sim@hotboat.cl,1001256.0,luz,520.0
2028-01-22 12:20:00,sim@hotboat.cl,1001256.0,gas,10000.0
2028-01-22 12:30:00,sim@hotboat.cl,1001257.0,leña,1500.0
2028-01-22 12:30:00,sim@hotboat.cl,1001257.0,agua,700.0
2028-01-22 12:30:00,sim@hotboat.cl,1001257.0,luz,520.0
2028-01-22 12:30:00,sim@hotboat.cl,1001257.0,gas,10000.0
2028-01-22 12:30:00,sim@hotboat.cl,1001258.0,leña,1500.0
2028-01-22 12:30:00,sim@hotboat.cl,1001258.0,agua,700.0
2028-01-22 12:30:00,sim@hotboat.cl,1001258.0,luz,520.0
2028-01-22 12:30:00,sim@hotboat.cl,1001258.0,gas,10000.0
2028-01-22 12:40:00,sim@hotboat.cl,1001259.0,leña,1500.0
2028-01-22 12:40:00,sim@hotboat.cl,1001259.0,agua,700.0
2028-01-22 12:40:00,sim@hotboat.cl,1001259.0,luz,520.0
2028-01-22 12:40:00,sim@hotboat.cl,1001259.0,gas,10000.0
2028-01-22 12:40:00,sim@hotboat.cl,1001260.0,leña,1500.0
2028-01-22 12:40:00,sim@hotboat.cl,1001260.0,agua,700.0
2028-01-22 12:40:00,sim@hotboat.cl,1001260.0,luz,520.0
2028-01-22 12:40:00,sim@hotboat.cl,1001260.0,gas,10000.0
2028-01-22 12:50:00,sim@hotboat.cl,1001261.0,leña,1500.0
2028-01-22 12:50:00,sim@hotboat.cl,1001261.0,agua,700.0
2028-01-22 12:50:00,sim@hotboat.cl,1001261.0,luz,520.0
2028-01-22 12:50:00,sim@hotboat.cl,1001261.0,gas,10000.0
2028-01-22 12:50:00,sim@hotboat.cl,1001262.0,leña,1500.0
2028-01-22 12:50:00,sim@hotboat.cl,1001262.0,agua,700.0
2028-01-22 12:50:00,sim@hotboat.cl,1001262.0,luz,520.0
2028-01-22 12:50:00,sim@hotboat.cl,1001262.0,gas,10000.0
2028-01-23 12:00:00,sim@hotboat.cl,1001263.0,leña,1500.0
2028-01-23 12:00:00,sim@hotboat.cl,1001263.0,agua,700.0
2028-01-23 12:00:00,sim@hotboat.cl,1001263.0,luz,520.0
2028-01-23 12:00:00,sim@hotboat.cl,1001263.0,gas,10000.0
2028-01-23 12:00:00,sim@hotboat.cl,1001264.0,leña,1500.0
2028-01-23 12:00:00,sim@hotboat.cl,1001264.0,agua,700.0
2028-01-23 12:00:00,sim@hotboat.cl,1001264.0,luz,520.0
2028-01-23 12:00:00,sim@hotboat.cl,1001264.0,gas,10000.0
2028-01-23 12:10:00,sim@hotboat.cl,1001265.0,leña,1500.0
2028-01-23 12:10:00,sim@hotboat.cl,1001265.0,agua,700.0
2028-01-23 12:10:00,sim@hotboat.cl,1001265.0,luz,520.0
2028-01-23 12:10:00,sim@hotboat.cl,1001265.0,gas,10000.0
2028-01-23 12:10:00,sim@hotboat.cl,1001266.0,leña,1500.0
2028-01-23 12:10:00,sim@hotboat.cl,1001266.0,agua,700.0
2028-01-23 12:10:00,sim@hotboat.cl,1001266.0,luz,520.0
2028-01-23 12:10:00,sim@hotboat.cl,1001266.0,gas,10000.0
2028-01-23 12:20:00,sim@hotboat.cl,1001267.0,leña,1500.0
2028-01-23 12:20:00,sim@hotboat.cl,1001267.0,agua,700.0
2028-01-23 12:20:00,sim@hotboat.cl,1001267.0,luz,520.0
2028-01-23 12:20:00,sim@hotboat.cl,1001267.0,gas,10000.0
2028-01-23 12:30:00,sim@hotboat.cl,1001268.0,leña,1500.0
2028-01-23 12:30:00,sim@hotboat.cl,1001268.0,agua,700.0
2028-01-23 12:30:00,sim@hotboat.cl,1001268.0,luz,520.0
2028-01-23 12:30:00,sim@hotboat.cl,1001268.0,gas,10000.0
2028-01-23 12:40:00,sim@hotboat.cl,1001269.0,leña,1500.0
2028-01-23 12:40:00,sim@hotboat.cl,1001269.0,agua,700.0
2028-01-23 12:40:00,sim@hotboat.cl,1001269.0,luz,520.0
2028-01-23 12:40:00,sim@hotboat.cl,1001269.0,gas,10000.0
2028-01-23 12:50:00,sim@hotboat.cl,1001270.0,leña,1500.0
2028-01-23 12:50:00,sim@hotboat.cl,1001270.0,agua,700.0
2028-01-23 12:50:00,sim@hotboat.cl,1001270.0,luz,520.0
2028-01-23 12:50:00,sim@hotboat.cl,1001270.0,gas,10000.0
2028-01-24 12:00:00,sim@hotboat.cl,1001271.0,leña,1500.0
2028-01-24 12:00:00,sim@hotboat.cl,1001271.0,agua,700.0
2028-01-24 12:00:00,sim@hotboat.cl,1001271.0,luz,520.0
2028-01-24 12:00:00,sim@hotboat.cl,1001271.0,gas,10000.0
2028-01-24 12:10:00,sim@hotboat.cl,1001272.0,leña,1500.0
2028-01-24 12:10:00,sim@hotboat.cl,1001272.0,agua,700.0
2028-01-24 12:10:00,sim@hotboat.cl,1001272.0,luz,520.0
2028-01-24 12:10:00,sim@hotboat.cl,1001272.0,gas,10000.0
2028-01-25 12:00:00,sim@hotboat.cl,1001273.0,leña,1500.0
2028-01-25 12:00:00,sim@hotboat.cl,1001273.0,agua,700.0
2028-01-25 12:00:00,sim@hotboat.cl,1001273.0,luz,520.0
2028-01-25 12:00:00,sim@hotboat.cl,1001273.0,gas,10000.0
2028-01-25 12:10:00,sim@hotboat.cl,1001274.0,leña,1500.0
2028-01-25 12:10:00,sim@hotboat.cl,1001274.0,agua,700.0
2028-01-25 12:10:00,sim@hotboat.cl,1001274.0,luz,520.0
2028-01-25 12:10:00,sim@hotboat.cl,1001274.0,gas,10000.0
2028-01-25 12:20:00,sim@hotboat.cl,1001275.0,leña,1500.0
2028-01-25 12:20:00,sim@hotboat.cl,1001275.0,agua,700.0
2028-01-25 12:20:00,sim@hotboat.cl,1001275.0,luz,520.0
2028-01-25 12:20:00,sim@hotboat.cl,1001275.0,gas,10000.0
2028-01-25 12:30:00,sim@hotboat.cl,1001276.0,leña,1500.0
2028-01-25 12:30:00,sim@hotboat.cl,1001276.0,agua,700.0
2028-01-25 12:30:00,sim@hotboat.cl,1001276.0,luz,520.0
2028-01-25 12:30:00,sim@hotboat.cl,1001276.0,gas,10000.0
2028-01-26 12:00:00,sim@hotboat.cl,1001277.0,leña,1500.0
2028-01-26 12:00:00,sim@hotboat.cl,1001277.0,agua,700.0
2028-01-26 12:00:00,sim@hotboat.cl,1001277.0,luz,520.0
2028-01-26 12:00:00,sim@hotboat.cl,1001277.0,gas,10000.0
2028-01-26 12:10:00,sim@hotboat.cl,1001278.0,leña,1500.0
2028-01-26 12:10:00,sim@hotboat.cl,1001278.0,agua,700.0
2028-01-26 12:10:00,sim@hotboat.cl,1001278.0,luz,520.0
2028-01-26 12:10:00,sim@hotboat.cl,1001278.0,gas,10000.0
2028-01-26 12:20:00,sim@hotboat.cl,1001279.0,leña,1500.0
2028-01-26 12:20:00,sim@hotboat.cl,1001279.0,agua,700.0
2028-01-26 12:20:00,sim@hotboat.cl,1001279.0,luz,520.0
2028-01-26 12:20:00,sim@hotboat.cl,1001279.0,gas,10000.0
2028-01-26 12:30:00,sim@hotboat.cl,1001280.0,leña,1500.0
2028-01-26 12:30:00,sim@hotboat.cl,1001280.0,agua,700.0
2028-01-26 12:30:00,sim@hotboat.cl,1001280.0,luz,520.0
2028-01-26 12:30:00,sim@hotboat.cl,1001280.0,gas,10000.0
2028-01-26 12:40:00,sim@hotboat.cl,1001281.0,leña,1500.0
2028-01-26 12:40:00,sim@hotboat.cl,1001281.0,agua,700.0
2028-01-26 12:40:00,sim@hotboat.cl,1001281.0,luz,520.0
2028-01-26 12:40:00,sim@hotboat.cl,1001281.0,gas,10000.0
2028-01-27 12:00:00,sim@hotboat.cl,1001282.0,leña,1500.0
2028-01-27 12:00:00,sim@hotboat.cl,1001282.0,agua,700.0
2028-01-27 12:00:00,sim@hotboat.cl,1001282.0,luz,520.0
2028-01-27 12:00:00,sim@hotboat.cl,1001282.0,gas,10000.0
2028-01-27 12:00:00,sim@hotboat.cl,1001283.0,leña,1500.0
2028-01-27 12:00:00,sim@hotboat.cl,1001283.0,agua,700.0
2028-01-27 12:00:00,sim@hotboat.cl,1001283.0,luz,520.0
2028-01-27 12:00:00,sim@hotboat.cl,1001283.0,gas,10000.0
2028-01-27 12:10:00,sim@hotboat.cl,1001284.0,leña,1500.0
2028-01-27 12:10:00,sim@hotboat.cl,1001284.0,agua,700.0
2028-01-27 12:10:00,sim@hotboat.cl,1001284.0,luz,520.0
2028-01-27 12:10:00,sim@hotboat.cl,1001284.0,gas,10000.0
2028-01-27 12:20:00,sim@hotboat.cl,1001285.0,leña,1500.0
2028-01-27 12:20:00,sim@hotboat.cl,1001285.0,agua,700.0
2028-01-27 12:20:00,sim@hotboat.cl,1001285.0,luz,520.0
2028-01-27 12:20:00,sim@hotboat.cl,1001285.0,gas,10000.0
2028-01-27 12:30:00,sim@hotboat.cl,1001286.0,leña,1500.0
2028-01-27 12:30:00,sim@hotboat.cl,1001286.0,agua,700.0
2028-01-27 12:30:00,sim@hotboat.cl,1001286.0,luz,520.0
2028-01-27 12:30:00,sim@hotboat.cl,1001286.0,gas,10000.0
2028-01-27 12:40:00,sim@hotboat.cl,1001287.0,leña,1500.0
2028-01-27 12:40:00,sim@hotboat.cl,1001287.0,agua,700.0
2028-01-27 12:40:00,sim@hotboat.cl,1001287.0,luz,520.0
2028-01-27 12:40:00,sim@hotboat.cl,1001287.0,gas,10000.0
2028-01-27 12:50:00,sim@hotboat.cl,1001288.0,leña,1500.0
2028-01-27 12:50:00,sim@hotboat.cl,1001288.0,agua,700.0
2028-01-27 12:50:00,sim@hotboat.cl,1001288.0,luz,520.0
2028-01-27 12:50:00,sim@hotboat.cl,1001288.0,gas,10000.0
2028-01-28 12:00:00,sim@hotboat.cl,1001289.0,leña,1500.0
2028-01-28 12:00:00,sim@hotboat.cl,1001289.0,agua,700.0
2028-01-28 12:00:00,sim@hotboat.cl,1001289.0,luz,520.0
2028-01-28 12:00:00,sim@hotboat.cl,1001289.0,gas,10000.0
2028-01-28 12:10:00,sim@hotboat.cl,1001290.0,leña,1500.0
2028-01-28 12:10:00,sim@hotboat.cl,1001290.0,agua,700.0
2028-01-28 12:10:00,sim@hotboat.cl,1001290.0,luz,520.0
2028-01-28 12:10:00,sim@hotboat.cl,1001290.0,gas,10000.0
2028-01-28 12:20:00,sim@hotboat.cl,1001291.0,leña,1500.0
2028-01-28 12:20:00,sim@hotboat.cl,1001291.0,agua,700.0
2028-01-28 12:20:00,sim@hotboat.cl,1001291.0,luz,520.0
2028-01-28 12:20:00,sim@hotboat.cl,1001291.0,gas,10000.0
2028-01-28 12:30:00,sim@hotboat.cl,1001292.0,leña,1500.0
2028-01-28 12:30:00,sim@hotboat.cl,1001292.0,agua,700.0
2028-01-28 12:30:00,sim@hotboat.cl,1001292.0,luz,520.0
2028-01-28 12:30:00,sim@hotboat.cl,1001292.0,gas,10000.0
2028-01-29 12:00:00,sim@hotboat.cl,1001293.0,leña,1500.0
2028-01-29 12:00:00,sim@hotboat.cl,1001293.0,agua,700.0
2028-01-29 12:00:00,sim@hotboat.cl,1001293.0,luz,520.0
2028-01-29 12:00:00,sim@hotboat.cl,1001293.0,gas,10000.0
2028-01-29 12:00:00,sim@hotboat.cl,1001294.0,leña,1500.0
2028-01-29 12:00:00,sim@hotboat.cl,1001294.0,agua,700.0
2028-01-29 12:00:00,sim@hotboat.cl,1001294.0,luz,520.0
2028-01-29 12:00:00,sim@hotboat.cl,1001294.0,gas,10000.0
2028-01-29 12:10:00,sim@hotboat.cl,1001295.0,leña,1500.0
2028-01-29 12:10:00,sim@hotboat.cl,1001295.0,agua,700.0
2028-01-29 12:10:00,sim@hotboat.cl,1001295.0,luz,520.0
2028-01-29 12:10:00,sim@hotboat.cl,1001295.0,gas,10000.0
2028-01-29 12:10:00,sim@hotboat.cl,1001296.0,leña,1500.0
2028-01-29 12:10:00,sim@hotboat.cl,1001296.0,agua,700.0
2028-01-29 12:10:00,sim@hotboat.cl,1001296.0,luz,520.0
2028-01-29 12:10:00,sim@hotboat.cl,1001296.0,gas,10000.0
2028-01-29 12:20:00,sim@hotboat.cl,1001297.0,leña,1500.0
2028-01-29 12:20:00,sim@hotboat.cl,1001297.0,agua,700.0
2028-01-29 12:20:00,sim@hotboat.cl,1001297.0,luz,520.0
2028-01-29 12:20:00,sim@hotboat.cl,1001297.0,gas,10000.0
2028-01-29 12:20:00,sim@hotboat.cl,1001298.0,leña,1500.0
2028-01-29 12:20:00,sim@hotboat.cl,1001298.0,agua,700.0
2028-01-29 12:20:00,sim@hotboat.cl,1001298.0,luz,520.0
2028-01-29 12:20:00,sim@hotboat.cl,1001298.0,gas,10000.0
2028-01-29 12:30:00,sim@hotboat.cl,1001299.0,leña,1500.0
2028-01-29 12:30:00,sim@hotboat.cl,1001299.0,agua,700.0
2028-01-29 12:30:00,sim@hotboat.cl,1001299.0,luz,520.0
2028-01-29 12:30:00,sim@hotboat.cl,1001299.0,gas,10000.0
2028-01-29 12:30:00,sim@hotboat.cl,1001300.0,leña,1500.0
2028-01-29 12:30:00,sim@hotboat.cl,1001300.0,agua,700.0
2028-01-29 12:30:00,sim@hotboat.cl,1001300.0,luz,520.0
2028-01-29 12:30:00,sim@hotboat.cl,1001300.0,gas,10000.0
2028-01-29 12:40:00,sim@hotboat.cl,1001301.0,leña,1500.0
2028-01-29 12:40:00,sim@hotboat.cl,1001301.0,agua,700.0
2028-01-29 12:40:00,sim@hotboat.cl,1001301.0,luz,520.0
2028-01-29 12:40:00,sim@hotboat.cl,1001301.0,gas,10000.0
2028-01-29 12:40:00,sim@hotboat.cl,1001302.0,leña,1500.0
2028-01-29 12:40:00,sim@hotboat.cl,1001302.0,agua,700.0
2028-01-29 12:40:00,sim@hotboat.cl,1001302.0,luz,520.0
2028-01-29 12:40:00,sim@hotboat.cl,1001302.0,gas,10000.0
2028-01-29 12:50:00,sim@hotboat.cl,1001303.0,leña,1500.0
2028-01-29 12:50:00,sim@hotboat.cl,1001303.0,agua,700.0
2028-01-29 12:50:00,sim@hotboat.cl,1001303.0,luz,520.0
2028-01-29 12:50:00,sim@hotboat.cl,1001303.0,gas,10000.0
2028-01-30 12:00:00,sim@hotboat.cl,1001304.0,leña,1500.0
2028-01-30 12:00:00,sim@hotboat.cl,1001304.0,agua,700.0
2028-01-30 12:00:00,sim@hotboat.cl,1001304.0,luz,520.0
2028-01-30 12:00:00,sim@hotboat.cl,1001304.0,gas,10000.0
2028-01-30 12:00:00,sim@hotboat.cl,1001305.0,leña,1500.0
2028-01-30 12:00:00,sim@hotboat.cl,1001305.0,agua,700.0
2028-01-30 12:00:00,sim@hotboat.cl,1001305.0,luz,520.0
2028-01-30 12:00:00,sim@hotboat.cl,1001305.0,gas,10000.0
2028-01-30 12:10:00,sim@hotboat.cl,1001306.0,leña,1500.0
2028-01-30 12:10:00,sim@hotboat.cl,1001306.0,agua,700.0
2028-01-30 12:10:00,sim@hotboat.cl,1001306.0,luz,520.0
2028-01-30 12:10:00,sim@hotboat.cl,1001306.0,gas,10000.0
2028-01-30 12:10:00,sim@hotboat.cl,1001307.0,leña,1500.0
2028-01-30 12:10:00,sim@hotboat.cl,1001307.0,agua,700.0
2028-01-30 12:10:00,sim@hotboat.cl,1001307.0,luz,520.0
2028-01-30 12:10:00,sim@hotboat.cl,1001307.0,gas,10000.0
2028-01-30 12:20:00,sim@hotboat.cl,1001308.0,leña,1500.0
2028-01-30 12:20:00,sim@hotboat.cl,1001308.0,agua,700.0
2028-01-30 12:20:00,sim@hotboat.cl,1001308.0,luz,520.0
2028-01-30 12:20:00,sim@hotboat.cl,1001308.0,gas,10000.0
2028-01-30 12:20:00,sim@hotboat.cl,1001309.0,leña,1500.0
2028-01-30 12:20:00,sim@hotboat.cl,1001309.0,agua,700.0
2028-01-30 12:20:00,sim@hotboat.cl,1001309.0,luz,520.0
2028-01-30 12:20:00,sim@hotboat.cl,1001309.0,gas,10000.0
2028-01-30 12:30:00,sim@hotboat.cl,1001310.0,leña,1500.0
2028-01-30 12:30:00,sim@hotboat.cl,1001310.0,agua,700.0
2028-01-30 12:30:00,sim@hotboat.cl,1001310.0,luz,520.0
2028-01-30 12:30:00,sim@hotboat.cl,1001310.0,gas,10000.0
2028-01-30 12:30:00,sim@hotboat.cl,1001311.0,leña,1500.0
2028-01-30 12:30:00,sim@hotboat.cl,1001311.0,agua,700.0
2028-01-30 12:30:00,sim@hotboat.cl,1001311.0,luz,520.0
2028-01-30 12:30:00,sim@hotboat.cl,1001311.0,gas,10000.0
2028-01-30 12:40:00,sim@hotboat.cl,1001312.0,leña,1500.0
2028-01-30 12:40:00,sim@hotboat.cl,1001312.0,agua,700.0
2028-01-30 12:40:00,sim@hotboat.cl,1001312.0,luz,520.0
2028-01-30 12:40:00,sim@hotboat.cl,1001312.0,gas,10000.0
2028-01-30 12:40:00,sim@hotboat.cl,1001313.0,leña,1500.0
2028-01-30 12:40:00,sim@hotboat.cl,1001313.0,agua,700.0
2028-01-30 12:40:00,sim@hotboat.cl,1001313.0,luz,520.0
2028-01-30 12:40:00,sim@hotboat.cl,1001313.0,gas,10000.0
2028-01-30 12:50:00,sim@hotboat.cl,1001314.0,leña,1500.0
2028-01-30 12:50:00,sim@hotboat.cl,1001314.0,agua,700.0
2028-01-30 12:50:00,sim@hotboat.cl,1001314.0,luz,520.0
2028-01-30 12:50:00,sim@hotboat.cl,1001314.0,gas,10000.0
2028-01-30 12:50:00,sim@hotboat.cl,1001315.0,leña,1500.0
2028-01-30 12:50:00,sim@hotboat.cl,1001315.0,agua,700.0
2028-01-30 12:50:00,sim@hotboat.cl,1001315.0,luz,520.0
2028-01-30 12:50:00,sim@hotboat.cl,1001315.0,gas,10000.0
2028-01-31 12:00:00,sim@hotboat.cl,1001316.0,leña,1500.0
2028-01-31 12:00:00,sim@hotboat.cl,1001316.0,agua,700.0
2028-01-31 12:00:00,sim@hotboat.cl,1001316.0,luz,520.0
2028-01-31 12:00:00,sim@hotboat.cl,1001316.0,gas,10000.0
2028-01-31 12:10:00,sim@hotboat.cl,1001317.0,leña,1500.0
2028-01-31 12:10:00,sim@hotboat.cl,1001317.0,agua,700.0
2028-01-31 12:10:00,sim@hotboat.cl,1001317.0,luz,520.0
2028-01-31 12:10:00,sim@hotboat.cl,1001317.0,gas,10000.0
2028-01-31 12:20:00,sim@hotboat.cl,1001318.0,leña,1500.0
2028-01-31 12:20:00,sim@hotboat.cl,1001318.0,agua,700.0
2028-01-31 12:20:00,sim@hotboat.cl,1001318.0,luz,520.0
2028-01-31 12:20:00,sim@hotboat.cl,1001318.0,gas,10000.0
2028-01-01 20:00:00,sim@hotboat.cl,,pago extra ayudante (diario),210000.0
2028-01-02 20:00:00,sim@hotboat.cl,,pago extra ayudante (diario),210000.0
2028-01-03 20:00:00,sim@hotboat.cl,,pago extra ayudante (diario),90000.0
2028-01-04 20:00:00,sim@hotboat.cl,,pago extra ayudante (diario),90000.0
2028-01-05 20:00:00,sim@hotboat.cl,,pago extra ayudante (diario),210000.0
2028-01-06 20:00:00,sim@hotboat.cl,,pago extra ayudante (diario),150000.0
2028-01-07 20:00:00,sim@hotboat.cl,,pago extra ayudante (diario),120000.0
2028-01-08 20:00:00,sim@hotboat.cl,,pago extra ayudante (diario),210000.0
2028-01-09 20:00:00,sim@hotboat.cl,,pago extra ayudante (diario),210000.0
2028-01-10 20:00:00,sim@hotboat.cl,,pago extra ayudante (diario),150000.0
2028-01-11 20:00:00,sim@hotboat.cl,,pago extra ayudante (diario),60000.0
2028-01-12 20:00:00,sim@hotboat.cl,,pago extra ayudante (diario),90000.0
2028-01-13 20:00:00,sim@hotboat.cl,,pago extra ayudante (diario),30000.0
2028-01-14 20:00:00,sim@hotboat.cl,,pago extra ayudante (diario),90000.0
2028-01-15 20:00:00,sim@hotboat.cl,,pago extra ayudante (diario),210000.0
2028-01-16 20:00:00,sim@hotboat.cl,,pago extra ayudante (diario),210000.0
2028-01-17 20:00:00,sim@hotboat.cl,,pago extra ayudante (diario),180000.0
2028-01-18 20:00:00,sim@hotboat.cl,,pago extra ayudante (diario),150000.0
2028-01-19 20:00:00,sim@hotboat.cl,,pago extra ayudante (diario),150000.0
2028-01-20 20:00:00,sim@hotboat.cl,,pago extra ayudante (diario),30000.0
2028-01-21 20:00:00,sim@hotboat.cl,,pago extra ayudante (diario),120000.0
2028-01-22 20:00:00,sim@hotboat.cl,,pago extra ayudante (diario),210000.0
2028-01-23 20:00:00,sim@hotboat.cl,,pago extra ayudante (diario),210000.0
2028-01-24 20:00:00,sim@hotboat.cl,,pago extra ayudante (diario),60000.0
2028-01-25 20:00:00,sim@hotboat.cl,,pago extra ayudante (diario),120000.0
2028-01-26 20:00:00,sim@hotboat.cl,,pago extra ayudante (diario),150000.0
2028-01-27 20:00:00,sim@hotboat.cl,,pago extra ayudante (diario),210000.0
2028-01-28 20:00:00,sim@hotboat.cl,,pago extra ayudante (diario),120000.0
2028-01-29 20:00:00,sim@hotboat.cl,,pago extra ayudante (diario),210000.0
2028-01-30 20:00:00,sim@hotboat.cl,,pago extra ayudante (diario),210000.0
2028-01-31 20:00:00,sim@hotboat.cl,,pago extra ayudante (diario),90000.0
2028-02-01 12:00:00,sim@hotboat.cl,1001319.0,leña,1500.0
2028-02-01 12:00:00,sim@hotboat.cl,1001319.0,agua,700.0
2028-02-01 12:00:00,sim@hotboat.cl,1001319.0,luz,520.0
2028-02-01 12:00:00,sim@hotboat.cl,1001319.0,gas,10000.0
2028-02-01 12:10:00,sim@hotboat.cl,1001320.0,leña,1500.0
2028-02-01 12:10:00,sim@hotboat.cl,1001320.0,agua,700.0
2028-02-01 12:10:00,sim@hotboat.cl,1001320.0,luz,520.0
2028-02-01 12:10:00,sim@hotboat.cl,1001320.0,gas,10000.0
2028-02-01 12:20:00,sim@hotboat.cl,1001321.0,leña,1500.0
2028-02-01 12:20:00,sim@hotboat.cl,1001321.0,agua,700.0
2028-02-01 12:20:00,sim@hotboat.cl,1001321.0,luz,520.0
2028-02-01 12:20:00,sim@hotboat.cl,1001321.0,gas,10000.0
2028-02-02 12:00:00,sim@hotboat.cl,1001322.0,leña,1500.0
2028-02-02 12:00:00,sim@hotboat.cl,1001322.0,agua,700.0
2028-02-02 12:00:00,sim@hotboat.cl,1001322.0,luz,520.0
2028-02-02 12:00:00,sim@hotboat.cl,1001322.0,gas,10000.0
2028-02-02 12:10:00,sim@hotboat.cl,1001323.0,leña,1500.0
2028-02-02 12:10:00,sim@hotboat.cl,1001323.0,agua,700.0
2028-02-02 12:10:00,sim@hotboat.cl,1001323.0,luz,520.0
2028-02-02 12:10:00,sim@hotboat.cl,1001323.0,gas,10000.0
2028-02-02 12:20:00,sim@hotboat.cl,1001324.0,leña,1500.0
2028-02-02 12:20:00,sim@hotboat.cl,1001324.0,agua,700.0
2028-02-02 12:20:00,sim@hotboat.cl,1001324.0,luz,520.0
2028-02-02 12:20:00,sim@hotboat.cl,1001324.0,gas,10000.0
2028-02-03 12:00:00,sim@hotboat.cl,1001325.0,leña,1500.0
2028-02-03 12:00:00,sim@hotboat.cl,1001325.0,agua,700.0
2028-02-03 12:00:00,sim@hotboat.cl,1001325.0,luz,520.0
2028-02-03 12:00:00,sim@hotboat.cl,1001325.0,gas,10000.0
2028-02-03 12:00:00,sim@hotboat.cl,1001326.0,leña,1500.0
2028-02-03 12:00:00,sim@hotboat.cl,1001326.0,agua,700.0
2028-02-03 12:00:00,sim@hotboat.cl,1001326.0,luz,520.0
2028-02-03 12:00:00,sim@hotboat.cl,1001326.0,gas,10000.0
2028-02-03 12:10:00,sim@hotboat.cl,1001327.0,leña,1500.0
2028-02-03 12:10:00,sim@hotboat.cl,1001327.0,agua,700.0
2028-02-03 12:10:00,sim@hotboat.cl,1001327.0,luz,520.0
2028-02-03 12:10:00,sim@hotboat.cl,1001327.0,gas,10000.0
2028-02-03 12:20:00,sim@hotboat.cl,1001328.0,leña,1500.0
2028-02-03 12:20:00,sim@hotboat.cl,1001328.0,agua,700.0
2028-02-03 12:20:00,sim@hotboat.cl,1001328.0,luz,520.0
2028-02-03 12:20:00,sim@hotboat.cl,1001328.0,gas,10000.0
2028-02-03 12:30:00,sim@hotboat.cl,1001329.0,leña,1500.0
2028-02-03 12:30:00,sim@hotboat.cl,1001329.0,agua,700.0
2028-02-03 12:30:00,sim@hotboat.cl,1001329.0,luz,520.0
2028-02-03 12:30:00,sim@hotboat.cl,1001329.0,gas,10000.0
2028-02-03 12:40:00,sim@hotboat.cl,1001330.0,leña,1500.0
2028-02-03 12:40:00,sim@hotboat.cl,1001330.0,agua,700.0
2028-02-03 12:40:00,sim@hotboat.cl,1001330.0,luz,520.0
2028-02-03 12:40:00,sim@hotboat.cl,1001330.0,gas,10000.0
2028-02-03 12:50:00,sim@hotboat.cl,1001331.0,leña,1500.0
2028-02-03 12:50:00,sim@hotboat.cl,1001331.0,agua,700.0
2028-02-03 12:50:00,sim@hotboat.cl,1001331.0,luz,520.0
2028-02-03 12:50:00,sim@hotboat.cl,1001331.0,gas,10000.0
2028-02-04 12:00:00,sim@hotboat.cl,1001332.0,leña,1500.0
2028-02-04 12:00:00,sim@hotboat.cl,1001332.0,agua,700.0
2028-02-04 12:00:00,sim@hotboat.cl,1001332.0,luz,520.0
2028-02-04 12:00:00,sim@hotboat.cl,1001332.0,gas,10000.0
2028-02-04 12:10:00,sim@hotboat.cl,1001333.0,leña,1500.0
2028-02-04 12:10:00,sim@hotboat.cl,1001333.0,agua,700.0
2028-02-04 12:10:00,sim@hotboat.cl,1001333.0,luz,520.0
2028-02-04 12:10:00,sim@hotboat.cl,1001333.0,gas,10000.0
2028-02-04 12:20:00,sim@hotboat.cl,1001334.0,leña,1500.0
2028-02-04 12:20:00,sim@hotboat.cl,1001334.0,agua,700.0
2028-02-04 12:20:00,sim@hotboat.cl,1001334.0,luz,520.0
2028-02-04 12:20:00,sim@hotboat.cl,1001334.0,gas,10000.0
2028-02-04 12:30:00,sim@hotboat.cl,1001335.0,leña,1500.0
2028-02-04 12:30:00,sim@hotboat.cl,1001335.0,agua,700.0
2028-02-04 12:30:00,sim@hotboat.cl,1001335.0,luz,520.0
2028-02-04 12:30:00,sim@hotboat.cl,1001335.0,gas,10000.0
2028-02-04 12:40:00,sim@hotboat.cl,1001336.0,leña,1500.0
2028-02-04 12:40:00,sim@hotboat.cl,1001336.0,agua,700.0
2028-02-04 12:40:00,sim@hotboat.cl,1001336.0,luz,520.0
2028-02-04 12:40:00,sim@hotboat.cl,1001336.0,gas,10000.0
2028-02-05 12:00:00,sim@hotboat.cl,1001337.0,leña,1500.0
2028-02-05 12:00:00,sim@hotboat.cl,1001337.0,agua,700.0
2028-02-05 12:00:00,sim@hotboat.cl,1001337.0,luz,520.0
2028-02-05 12:00:00,sim@hotboat.cl,1001337.0,gas,10000.0
2028-02-05 12:00:00,sim@hotboat.cl,1001338.0,leña,1500.0
2028-02-05 12:00:00,sim@hotboat.cl,1001338.0,agua,700.0
2028-02-05 12:00:00,sim@hotboat.cl,1001338.0,luz,520.0
2028-02-05 12:00:00,sim@hotboat.cl,1001338.0,gas,10000.0
2028-02-05 12:00:00,sim@hotboat.cl,1001339.0,leña,1500.0
2028-02-05 12:00:00,sim@hotboat.cl,1001339.0,agua,700.0
2028-02-05 12:00:00,sim@hotboat.cl,1001339.0,luz,520.0
2028-02-05 12:00:00,sim@hotboat.cl,1001339.0,gas,10000.0
2028-02-05 12:10:00,sim@hotboat.cl,1001340.0,leña,1500.0
2028-02-05 12:10:00,sim@hotboat.cl,1001340.0,agua,700.0
2028-02-05 12:10:00,sim@hotboat.cl,1001340.0,luz,520.0
2028-02-05 12:10:00,sim@hotboat.cl,1001340.0,gas,10000.0
2028-02-05 12:10:00,sim@hotboat.cl,1001341.0,leña,1500.0
2028-02-05 12:10:00,sim@hotboat.cl,1001341.0,agua,700.0
2028-02-05 12:10:00,sim@hotboat.cl,1001341.0,luz,520.0
2028-02-05 12:10:00,sim@hotboat.cl,1001341.0,gas,10000.0
2028-02-05 12:10:00,sim@hotboat.cl,1001342.0,leña,1500.0
2028-02-05 12:10:00,sim@hotboat.cl,1001342.0,agua,700.0
2028-02-05 12:10:00,sim@hotboat.cl,1001342.0,luz,520.0
2028-02-05 12:10:00,sim@hotboat.cl,1001342.0,gas,10000.0
2028-02-05 12:20:00,sim@hotboat.cl,1001343.0,leña,1500.0
2028-02-05 12:20:00,sim@hotboat.cl,1001343.0,agua,700.0
2028-02-05 12:20:00,sim@hotboat.cl,1001343.0,luz,520.0
2028-02-05 12:20:00,sim@hotboat.cl,1001343.0,gas,10000.0
2028-02-05 12:20:00,sim@hotboat.cl,1001344.0,leña,1500.0
2028-02-05 12:20:00,sim@hotboat.cl,1001344.0,agua,700.0
2028-02-05 12:20:00,sim@hotboat.cl,1001344.0,luz,520.0
2028-02-05 12:20:00,sim@hotboat.cl,1001344.0,gas,10000.0
2028-02-05 12:20:00,sim@hotboat.cl,1001345.0,leña,1500.0
2028-02-05 12:20:00,sim@hotboat.cl,1001345.0,agua,700.0
2028-02-05 12:20:00,sim@hotboat.cl,1001345.0,luz,520.0
2028-02-05 12:20:00,sim@hotboat.cl,1001345.0,gas,10000.0
2028-02-05 12:30:00,sim@hotboat.cl,1001346.0,leña,1500.0
2028-02-05 12:30:00,sim@hotboat.cl,1001346.0,agua,700.0
2028-02-05 12:30:00,sim@hotboat.cl,1001346.0,luz,520.0
2028-02-05 12:30:00,sim@hotboat.cl,1001346.0,gas,10000.0
2028-02-05 12:30:00,sim@hotboat.cl,1001347.0,leña,1500.0
2028-02-05 12:30:00,sim@hotboat.cl,1001347.0,agua,700.0
2028-02-05 12:30:00,sim@hotboat.cl,1001347.0,luz,520.0
2028-02-05 12:30:00,sim@hotboat.cl,1001347.0,gas,10000.0
2028-02-05 12:40:00,sim@hotboat.cl,1001348.0,leña,1500.0
2028-02-05 12:40:00,sim@hotboat.cl,1001348.0,agua,700.0
2028-02-05 12:40:00,sim@hotboat.cl,1001348.0,luz,520.0
2028-02-05 12:40:00,sim@hotboat.cl,1001348.0,gas,10000.0
2028-02-05 12:40:00,sim@hotboat.cl,1001349.0,leña,1500.0
2028-02-05 12:40:00,sim@hotboat.cl,1001349.0,agua,700.0
2028-02-05 12:40:00,sim@hotboat.cl,1001349.0,luz,520.0
2028-02-05 12:40:00,sim@hotboat.cl,1001349.0,gas,10000.0
2028-02-05 12:50:00,sim@hotboat.cl,1001350.0,leña,1500.0
2028-02-05 12:50:00,sim@hotboat.cl,1001350.0,agua,700.0
2028-02-05 12:50:00,sim@hotboat.cl,1001350.0,luz,520.0
2028-02-05 12:50:00,sim@hotboat.cl,1001350.0,gas,10000.0
2028-02-05 12:50:00,sim@hotboat.cl,1001351.0,leña,1500.0
2028-02-05 12:50:00,sim@hotboat.cl,1001351.0,agua,700.0
2028-02-05 12:50:00,sim@hotboat.cl,1001351.0,luz,520.0
2028-02-05 12:50:00,sim@hotboat.cl,1001351.0,gas,10000.0
2028-02-06 12:00:00,sim@hotboat.cl,1001352.0,leña,1500.0
2028-02-06 12:00:00,sim@hotboat.cl,1001352.0,agua,700.0
2028-02-06 12:00:00,sim@hotboat.cl,1001352.0,luz,520.0
2028-02-06 12:00:00,sim@hotboat.cl,1001352.0,gas,10000.0
2028-02-06 12:00:00,sim@hotboat.cl,1001353.0,leña,1500.0
2028-02-06 12:00:00,sim@hotboat.cl,1001353.0,agua,700.0
2028-02-06 12:00:00,sim@hotboat.cl,1001353.0,luz,520.0
2028-02-06 12:00:00,sim@hotboat.cl,1001353.0,gas,10000.0
2028-02-06 12:00:00,sim@hotboat.cl,1001354.0,leña,1500.0
2028-02-06 12:00:00,sim@hotboat.cl,1001354.0,agua,700.0
2028-02-06 12:00:00,sim@hotboat.cl,1001354.0,luz,520.0
2028-02-06 12:00:00,sim@hotboat.cl,1001354.0,gas,10000.0
2028-02-06 12:10:00,sim@hotboat.cl,1001355.0,leña,1500.0
2028-02-06 12:10:00,sim@hotboat.cl,1001355.0,agua,700.0
2028-02-06 12:10:00,sim@hotboat.cl,1001355.0,luz,520.0
2028-02-06 12:10:00,sim@hotboat.cl,1001355.0,gas,10000.0
2028-02-06 12:10:00,sim@hotboat.cl,1001356.0,leña,1500.0
2028-02-06 12:10:00,sim@hotboat.cl,1001356.0,agua,700.0
2028-02-06 12:10:00,sim@hotboat.cl,1001356.0,luz,520.0
2028-02-06 12:10:00,sim@hotboat.cl,1001356.0,gas,10000.0
2028-02-06 12:10:00,sim@hotboat.cl,1001357.0,leña,1500.0
2028-02-06 12:10:00,sim@hotboat.cl,1001357.0,agua,700.0
2028-02-06 12:10:00,sim@hotboat.cl,1001357.0,luz,520.0
2028-02-06 12:10:00,sim@hotboat.cl,1001357.0,gas,10000.0
2028-02-06 12:20:00,sim@hotboat.cl,1001358.0,leña,1500.0
2028-02-06 12:20:00,sim@hotboat.cl,1001358.0,agua,700.0
2028-02-06 12:20:00,sim@hotboat.cl,1001358.0,luz,520.0
2028-02-06 12:20:00,sim@hotboat.cl,1001358.0,gas,10000.0
2028-02-06 12:20:00,sim@hotboat.cl,1001359.0,leña,1500.0
2028-02-06 12:20:00,sim@hotboat.cl,1001359.0,agua,700.0
2028-02-06 12:20:00,sim@hotboat.cl,1001359.0,luz,520.0
2028-02-06 12:20:00,sim@hotboat.cl,1001359.0,gas,10000.0
2028-02-06 12:20:00,sim@hotboat.cl,1001360.0,leña,1500.0
2028-02-06 12:20:00,sim@hotboat.cl,1001360.0,agua,700.0
2028-02-06 12:20:00,sim@hotboat.cl,1001360.0,luz,520.0
2028-02-06 12:20:00,sim@hotboat.cl,1001360.0,gas,10000.0
2028-02-06 12:30:00,sim@hotboat.cl,1001361.0,leña,1500.0
2028-02-06 12:30:00,sim@hotboat.cl,1001361.0,agua,700.0
2028-02-06 12:30:00,sim@hotboat.cl,1001361.0,luz,520.0
2028-02-06 12:30:00,sim@hotboat.cl,1001361.0,gas,10000.0
2028-02-06 12:30:00,sim@hotboat.cl,1001362.0,leña,1500.0
2028-02-06 12:30:00,sim@hotboat.cl,1001362.0,agua,700.0
2028-02-06 12:30:00,sim@hotboat.cl,1001362.0,luz,520.0
2028-02-06 12:30:00,sim@hotboat.cl,1001362.0,gas,10000.0
2028-02-06 12:30:00,sim@hotboat.cl,1001363.0,leña,1500.0
2028-02-06 12:30:00,sim@hotboat.cl,1001363.0,agua,700.0
2028-02-06 12:30:00,sim@hotboat.cl,1001363.0,luz,520.0
2028-02-06 12:30:00,sim@hotboat.cl,1001363.0,gas,10000.0
2028-02-06 12:40:00,sim@hotboat.cl,1001364.0,leña,1500.0
2028-02-06 12:40:00,sim@hotboat.cl,1001364.0,agua,700.0
2028-02-06 12:40:00,sim@hotboat.cl,1001364.0,luz,520.0
2028-02-06 12:40:00,sim@hotboat.cl,1001364.0,gas,10000.0
2028-02-06 12:40:00,sim@hotboat.cl,1001365.0,leña,1500.0
2028-02-06 12:40:00,sim@hotboat.cl,1001365.0,agua,700.0
2028-02-06 12:40:00,sim@hotboat.cl,1001365.0,luz,520.0
2028-02-06 12:40:00,sim@hotboat.cl,1001365.0,gas,10000.0
2028-02-06 12:50:00,sim@hotboat.cl,1001366.0,leña,1500.0
2028-02-06 12:50:00,sim@hotboat.cl,1001366.0,agua,700.0
2028-02-06 12:50:00,sim@hotboat.cl,1001366.0,luz,520.0
2028-02-06 12:50:00,sim@hotboat.cl,1001366.0,gas,10000.0
2028-02-06 12:50:00,sim@hotboat.cl,1001367.0,leña,1500.0
2028-02-06 12:50:00,sim@hotboat.cl,1001367.0,agua,700.0
2028-02-06 12:50:00,sim@hotboat.cl,1001367.0,luz,520.0
2028-02-06 12:50:00,sim@hotboat.cl,1001367.0,gas,10000.0
2028-02-07 12:00:00,sim@hotboat.cl,1001368.0,leña,1500.0
2028-02-07 12:00:00,sim@hotboat.cl,1001368.0,agua,700.0
2028-02-07 12:00:00,sim@hotboat.cl,1001368.0,luz,520.0
2028-02-07 12:00:00,sim@hotboat.cl,1001368.0,gas,10000.0
2028-02-07 12:10:00,sim@hotboat.cl,1001369.0,leña,1500.0
2028-02-07 12:10:00,sim@hotboat.cl,1001369.0,agua,700.0
2028-02-07 12:10:00,sim@hotboat.cl,1001369.0,luz,520.0
2028-02-07 12:10:00,sim@hotboat.cl,1001369.0,gas,10000.0
2028-02-07 12:20:00,sim@hotboat.cl,1001370.0,leña,1500.0
2028-02-07 12:20:00,sim@hotboat.cl,1001370.0,agua,700.0
2028-02-07 12:20:00,sim@hotboat.cl,1001370.0,luz,520.0
2028-02-07 12:20:00,sim@hotboat.cl,1001370.0,gas,10000.0
2028-02-07 12:30:00,sim@hotboat.cl,1001371.0,leña,1500.0
2028-02-07 12:30:00,sim@hotboat.cl,1001371.0,agua,700.0
2028-02-07 12:30:00,sim@hotboat.cl,1001371.0,luz,520.0
2028-02-07 12:30:00,sim@hotboat.cl,1001371.0,gas,10000.0
2028-02-08 12:00:00,sim@hotboat.cl,1001372.0,leña,1500.0
2028-02-08 12:00:00,sim@hotboat.cl,1001372.0,agua,700.0
2028-02-08 12:00:00,sim@hotboat.cl,1001372.0,luz,520.0
2028-02-08 12:00:00,sim@hotboat.cl,1001372.0,gas,10000.0
2028-02-08 12:10:00,sim@hotboat.cl,1001373.0,leña,1500.0
2028-02-08 12:10:00,sim@hotboat.cl,1001373.0,agua,700.0
2028-02-08 12:10:00,sim@hotboat.cl,1001373.0,luz,520.0
2028-02-08 12:10:00,sim@hotboat.cl,1001373.0,gas,10000.0
2028-02-08 12:20:00,sim@hotboat.cl,1001374.0,leña,1500.0
2028-02-08 12:20:00,sim@hotboat.cl,1001374.0,agua,700.0
2028-02-08 12:20:00,sim@hotboat.cl,1001374.0,luz,520.0
2028-02-08 12:20:00,sim@hotboat.cl,1001374.0,gas,10000.0
2028-02-08 12:30:00,sim@hotboat.cl,1001375.0,leña,1500.0
2028-02-08 12:30:00,sim@hotboat.cl,1001375.0,agua,700.0
2028-02-08 12:30:00,sim@hotboat.cl,1001375.0,luz,520.0
2028-02-08 12:30:00,sim@hotboat.cl,1001375.0,gas,10000.0
2028-02-08 12:40:00,sim@hotboat.cl,1001376.0,leña,1500.0
2028-02-08 12:40:00,sim@hotboat.cl,1001376.0,agua,700.0
2028-02-08 12:40:00,sim@hotboat.cl,1001376.0,luz,520.0
2028-02-08 12:40:00,sim@hotboat.cl,1001376.0,gas,10000.0
2028-02-09 12:00:00,sim@hotboat.cl,1001377.0,leña,1500.0
2028-02-09 12:00:00,sim@hotboat.cl,1001377.0,agua,700.0
2028-02-09 12:00:00,sim@hotboat.cl,1001377.0,luz,520.0
2028-02-09 12:00:00,sim@hotboat.cl,1001377.0,gas,10000.0
2028-02-09 12:10:00,sim@hotboat.cl,1001378.0,leña,1500.0
2028-02-09 12:10:00,sim@hotboat.cl,1001378.0,agua,700.0
2028-02-09 12:10:00,sim@hotboat.cl,1001378.0,luz,520.0
2028-02-09 12:10:00,sim@hotboat.cl,1001378.0,gas,10000.0
2028-02-10 12:00:00,sim@hotboat.cl,1001379.0,leña,1500.0
2028-02-10 12:00:00,sim@hotboat.cl,1001379.0,agua,700.0
2028-02-10 12:00:00,sim@hotboat.cl,1001379.0,luz,520.0
2028-02-10 12:00:00,sim@hotboat.cl,1001379.0,gas,10000.0
2028-02-10 12:10:00,sim@hotboat.cl,1001380.0,leña,1500.0
2028-02-10 12:10:00,sim@hotboat.cl,1001380.0,agua,700.0
2028-02-10 12:10:00,sim@hotboat.cl,1001380.0,luz,520.0
2028-02-10 12:10:00,sim@hotboat.cl,1001380.0,gas,10000.0
2028-02-10 12:20:00,sim@hotboat.cl,1001381.0,leña,1500.0
2028-02-10 12:20:00,sim@hotboat.cl,1001381.0,agua,700.0
2028-02-10 12:20:00,sim@hotboat.cl,1001381.0,luz,520.0
2028-02-10 12:20:00,sim@hotboat.cl,1001381.0,gas,10000.0
2028-02-11 12:00:00,sim@hotboat.cl,1001382.0,leña,1500.0
2028-02-11 12:00:00,sim@hotboat.cl,1001382.0,agua,700.0
2028-02-11 12:00:00,sim@hotboat.cl,1001382.0,luz,520.0
2028-02-11 12:00:00,sim@hotboat.cl,1001382.0,gas,10000.0
2028-02-12 12:00:00,sim@hotboat.cl,1001383.0,leña,1500.0
2028-02-12 12:00:00,sim@hotboat.cl,1001383.0,agua,700.0
2028-02-12 12:00:00,sim@hotboat.cl,1001383.0,luz,520.0
2028-02-12 12:00:00,sim@hotboat.cl,1001383.0,gas,10000.0
2028-02-12 12:00:00,sim@hotboat.cl,1001384.0,leña,1500.0
2028-02-12 12:00:00,sim@hotboat.cl,1001384.0,agua,700.0
2028-02-12 12:00:00,sim@hotboat.cl,1001384.0,luz,520.0
2028-02-12 12:00:00,sim@hotboat.cl,1001384.0,gas,10000.0
2028-02-12 12:00:00,sim@hotboat.cl,1001385.0,leña,1500.0
2028-02-12 12:00:00,sim@hotboat.cl,1001385.0,agua,700.0
2028-02-12 12:00:00,sim@hotboat.cl,1001385.0,luz,520.0
2028-02-12 12:00:00,sim@hotboat.cl,1001385.0,gas,10000.0
2028-02-12 12:10:00,sim@hotboat.cl,1001386.0,leña,1500.0
2028-02-12 12:10:00,sim@hotboat.cl,1001386.0,agua,700.0
2028-02-12 12:10:00,sim@hotboat.cl,1001386.0,luz,520.0
2028-02-12 12:10:00,sim@hotboat.cl,1001386.0,gas,10000.0
2028-02-12 12:10:00,sim@hotboat.cl,1001387.0,leña,1500.0
2028-02-12 12:10:00,sim@hotboat.cl,1001387.0,agua,700.0
2028-02-12 12:10:00,sim@hotboat.cl,1001387.0,luz,520.0
2028-02-12 12:10:00,sim@hotboat.cl,1001387.0,gas,10000.0
2028-02-12 12:20:00,sim@hotboat.cl,1001388.0,leña,1500.0
2028-02-12 12:20:00,sim@hotboat.cl,1001388.0,agua,700.0
2028-02-12 12:20:00,sim@hotboat.cl,1001388.0,luz,520.0
2028-02-12 12:20:00,sim@hotboat.cl,1001388.0,gas,10000.0
2028-02-12 12:20:00,sim@hotboat.cl,1001389.0,leña,1500.0
2028-02-12 12:20:00,sim@hotboat.cl,1001389.0,agua,700.0
2028-02-12 12:20:00,sim@hotboat.cl,1001389.0,luz,520.0
2028-02-12 12:20:00,sim@hotboat.cl,1001389.0,gas,10000.0
2028-02-12 12:30:00,sim@hotboat.cl,1001390.0,leña,1500.0
2028-02-12 12:30:00,sim@hotboat.cl,1001390.0,agua,700.0
2028-02-12 12:30:00,sim@hotboat.cl,1001390.0,luz,520.0
2028-02-12 12:30:00,sim@hotboat.cl,1001390.0,gas,10000.0
2028-02-12 12:30:00,sim@hotboat.cl,1001391.0,leña,1500.0
2028-02-12 12:30:00,sim@hotboat.cl,1001391.0,agua,700.0
2028-02-12 12:30:00,sim@hotboat.cl,1001391.0,luz,520.0
2028-02-12 12:30:00,sim@hotboat.cl,1001391.0,gas,10000.0
2028-02-12 12:40:00,sim@hotboat.cl,1001392.0,leña,1500.0
2028-02-12 12:40:00,sim@hotboat.cl,1001392.0,agua,700.0
2028-02-12 12:40:00,sim@hotboat.cl,1001392.0,luz,520.0
2028-02-12 12:40:00,sim@hotboat.cl,1001392.0,gas,10000.0
2028-02-12 12:40:00,sim@hotboat.cl,1001393.0,leña,1500.0
2028-02-12 12:40:00,sim@hotboat.cl,1001393.0,agua,700.0
2028-02-12 12:40:00,sim@hotboat.cl,1001393.0,luz,520.0
2028-02-12 12:40:00,sim@hotboat.cl,1001393.0,gas,10000.0
2028-02-12 12:50:00,sim@hotboat.cl,1001394.0,leña,1500.0
2028-02-12 12:50:00,sim@hotboat.cl,1001394.0,agua,700.0
2028-02-12 12:50:00,sim@hotboat.cl,1001394.0,luz,520.0
2028-02-12 12:50:00,sim@hotboat.cl,1001394.0,gas,10000.0
2028-02-12 12:50:00,sim@hotboat.cl,1001395.0,leña,1500.0
2028-02-12 12:50:00,sim@hotboat.cl,1001395.0,agua,700.0
2028-02-12 12:50:00,sim@hotboat.cl,1001395.0,luz,520.0
2028-02-12 12:50:00,sim@hotboat.cl,1001395.0,gas,10000.0
2028-02-13 12:00:00,sim@hotboat.cl,1001396.0,leña,1500.0
2028-02-13 12:00:00,sim@hotboat.cl,1001396.0,agua,700.0
2028-02-13 12:00:00,sim@hotboat.cl,1001396.0,luz,520.0
2028-02-13 12:00:00,sim@hotboat.cl,1001396.0,gas,10000.0
2028-02-13 12:00:00,sim@hotboat.cl,1001397.0,leña,1500.0
2028-02-13 12:00:00,sim@hotboat.cl,1001397.0,agua,700.0
2028-02-13 12:00:00,sim@hotboat.cl,1001397.0,luz,520.0
2028-02-13 12:00:00,sim@hotboat.cl,1001397.0,gas,10000.0
2028-02-13 12:10:00,sim@hotboat.cl,1001398.0,leña,1500.0
2028-02-13 12:10:00,sim@hotboat.cl,1001398.0,agua,700.0
2028-02-13 12:10:00,sim@hotboat.cl,1001398.0,luz,520.0
2028-02-13 12:10:00,sim@hotboat.cl,1001398.0,gas,10000.0
2028-02-13 12:10:00,sim@hotboat.cl,1001399.0,leña,1500.0
2028-02-13 12:10:00,sim@hotboat.cl,1001399.0,agua,700.0
2028-02-13 12:10:00,sim@hotboat.cl,1001399.0,luz,520.0
2028-02-13 12:10:00,sim@hotboat.cl,1001399.0,gas,10000.0
2028-02-13 12:20:00,sim@hotboat.cl,1001400.0,leña,1500.0
2028-02-13 12:20:00,sim@hotboat.cl,1001400.0,agua,700.0
2028-02-13 12:20:00,sim@hotboat.cl,1001400.0,luz,520.0
2028-02-13 12:20:00,sim@hotboat.cl,1001400.0,gas,10000.0
2028-02-13 12:20:00,sim@hotboat.cl,1001401.0,leña,1500.0
2028-02-13 12:20:00,sim@hotboat.cl,1001401.0,agua,700.0
2028-02-13 12:20:00,sim@hotboat.cl,1001401.0,luz,520.0
2028-02-13 12:20:00,sim@hotboat.cl,1001401.0,gas,10000.0
2028-02-13 12:30:00,sim@hotboat.cl,1001402.0,leña,1500.0
2028-02-13 12:30:00,sim@hotboat.cl,1001402.0,agua,700.0
2028-02-13 12:30:00,sim@hotboat.cl,1001402.0,luz,520.0
2028-02-13 12:30:00,sim@hotboat.cl,1001402.0,gas,10000.0
2028-02-13 12:30:00,sim@hotboat.cl,1001403.0,leña,1500.0
2028-02-13 12:30:00,sim@hotboat.cl,1001403.0,agua,700.0
2028-02-13 12:30:00,sim@hotboat.cl,1001403.0,luz,520.0
2028-02-13 12:30:00,sim@hotboat.cl,1001403.0,gas,10000.0
2028-02-13 12:40:00,sim@hotboat.cl,1001404.0,leña,1500.0
2028-02-13 12:40:00,sim@hotboat.cl,1001404.0,agua,700.0
2028-02-13 12:40:00,sim@hotboat.cl,1001404.0,luz,520.0
2028-02-13 12:40:00,sim@hotboat.cl,1001404.0,gas,10000.0
2028-02-13 12:50:00,sim@hotboat.cl,1001405.0,leña,1500.0
2028-02-13 12:50:00,sim@hotboat.cl,1001405.0,agua,700.0
2028-02-13 12:50:00,sim@hotboat.cl,1001405.0,luz,520.0
2028-02-13 12:50:00,sim@hotboat.cl,1001405.0,gas,10000.0
2028-02-14 12:00:00,sim@hotboat.cl,1001406.0,leña,1500.0
2028-02-14 12:00:00,sim@hotboat.cl,1001406.0,agua,700.0
2028-02-14 12:00:00,sim@hotboat.cl,1001406.0,luz,520.0
2028-02-14 12:00:00,sim@hotboat.cl,1001406.0,gas,10000.0
2028-02-14 12:10:00,sim@hotboat.cl,1001407.0,leña,1500.0
2028-02-14 12:10:00,sim@hotboat.cl,1001407.0,agua,700.0
2028-02-14 12:10:00,sim@hotboat.cl,1001407.0,luz,520.0
2028-02-14 12:10:00,sim@hotboat.cl,1001407.0,gas,10000.0
2028-02-14 12:20:00,sim@hotboat.cl,1001408.0,leña,1500.0
2028-02-14 12:20:00,sim@hotboat.cl,1001408.0,agua,700.0
2028-02-14 12:20:00,sim@hotboat.cl,1001408.0,luz,520.0
2028-02-14 12:20:00,sim@hotboat.cl,1001408.0,gas,10000.0
2028-02-14 12:30:00,sim@hotboat.cl,1001409.0,leña,1500.0
2028-02-14 12:30:00,sim@hotboat.cl,1001409.0,agua,700.0
2028-02-14 12:30:00,sim@hotboat.cl,1001409.0,luz,520.0
2028-02-14 12:30:00,sim@hotboat.cl,1001409.0,gas,10000.0
2028-02-15 12:00:00,sim@hotboat.cl,1001410.0,leña,1500.0
2028-02-15 12:00:00,sim@hotboat.cl,1001410.0,agua,700.0
2028-02-15 12:00:00,sim@hotboat.cl,1001410.0,luz,520.0
2028-02-15 12:00:00,sim@hotboat.cl,1001410.0,gas,10000.0
2028-02-15 12:10:00,sim@hotboat.cl,1001411.0,leña,1500.0
2028-02-15 12:10:00,sim@hotboat.cl,1001411.0,agua,700.0
2028-02-15 12:10:00,sim@hotboat.cl,1001411.0,luz,520.0
2028-02-15 12:10:00,sim@hotboat.cl,1001411.0,gas,10000.0
2028-02-15 12:20:00,sim@hotboat.cl,1001412.0,leña,1500.0
2028-02-15 12:20:00,sim@hotboat.cl,1001412.0,agua,700.0
2028-02-15 12:20:00,sim@hotboat.cl,1001412.0,luz,520.0
2028-02-15 12:20:00,sim@hotboat.cl,1001412.0,gas,10000.0
2028-02-15 12:30:00,sim@hotboat.cl,1001413.0,leña,1500.0
2028-02-15 12:30:00,sim@hotboat.cl,1001413.0,agua,700.0
2028-02-15 12:30:00,sim@hotboat.cl,1001413.0,luz,520.0
2028-02-15 12:30:00,sim@hotboat.cl,1001413.0,gas,10000.0
2028-02-15 12:40:00,sim@hotboat.cl,1001414.0,leña,1500.0
2028-02-15 12:40:00,sim@hotboat.cl,1001414.0,agua,700.0
2028-02-15 12:40:00,sim@hotboat.cl,1001414.0,luz,520.0
2028-02-15 12:40:00,sim@hotboat.cl,1001414.0,gas,10000.0
2028-02-15 12:50:00,sim@hotboat.cl,1001415.0,leña,1500.0
2028-02-15 12:50:00,sim@hotboat.cl,1001415.0,agua,700.0
2028-02-15 12:50:00,sim@hotboat.cl,1001415.0,luz,520.0
2028-02-15 12:50:00,sim@hotboat.cl,1001415.0,gas,10000.0
2028-02-16 12:00:00,sim@hotboat.cl,1001416.0,leña,1500.0
2028-02-16 12:00:00,sim@hotboat.cl,1001416.0,agua,700.0
2028-02-16 12:00:00,sim@hotboat.cl,1001416.0,luz,520.0
2028-02-16 12:00:00,sim@hotboat.cl,1001416.0,gas,10000.0
2028-02-16 12:10:00,sim@hotboat.cl,1001417.0,leña,1500.0
2028-02-16 12:10:00,sim@hotboat.cl,1001417.0,agua,700.0
2028-02-16 12:10:00,sim@hotboat.cl,1001417.0,luz,520.0
2028-02-16 12:10:00,sim@hotboat.cl,1001417.0,gas,10000.0
2028-02-16 12:20:00,sim@hotboat.cl,1001418.0,leña,1500.0
2028-02-16 12:20:00,sim@hotboat.cl,1001418.0,agua,700.0
2028-02-16 12:20:00,sim@hotboat.cl,1001418.0,luz,520.0
2028-02-16 12:20:00,sim@hotboat.cl,1001418.0,gas,10000.0
2028-02-16 12:30:00,sim@hotboat.cl,1001419.0,leña,1500.0
2028-02-16 12:30:00,sim@hotboat.cl,1001419.0,agua,700.0
2028-02-16 12:30:00,sim@hotboat.cl,1001419.0,luz,520.0
2028-02-16 12:30:00,sim@hotboat.cl,1001419.0,gas,10000.0
2028-02-16 12:40:00,sim@hotboat.cl,1001420.0,leña,1500.0
2028-02-16 12:40:00,sim@hotboat.cl,1001420.0,agua,700.0
2028-02-16 12:40:00,sim@hotboat.cl,1001420.0,luz,520.0
2028-02-16 12:40:00,sim@hotboat.cl,1001420.0,gas,10000.0
2028-02-17 12:00:00,sim@hotboat.cl,1001421.0,leña,1500.0
2028-02-17 12:00:00,sim@hotboat.cl,1001421.0,agua,700.0
2028-02-17 12:00:00,sim@hotboat.cl,1001421.0,luz,520.0
2028-02-17 12:00:00,sim@hotboat.cl,1001421.0,gas,10000.0
2028-02-17 12:10:00,sim@hotboat.cl,1001422.0,leña,1500.0
2028-02-17 12:10:00,sim@hotboat.cl,1001422.0,agua,700.0
2028-02-17 12:10:00,sim@hotboat.cl,1001422.0,luz,520.0
2028-02-17 12:10:00,sim@hotboat.cl,1001422.0,gas,10000.0
2028-02-17 12:20:00,sim@hotboat.cl,1001423.0,leña,1500.0
2028-02-17 12:20:00,sim@hotboat.cl,1001423.0,agua,700.0
2028-02-17 12:20:00,sim@hotboat.cl,1001423.0,luz,520.0
2028-02-17 12:20:00,sim@hotboat.cl,1001423.0,gas,10000.0
2028-02-17 12:30:00,sim@hotboat.cl,1001424.0,leña,1500.0
2028-02-17 12:30:00,sim@hotboat.cl,1001424.0,agua,700.0
2028-02-17 12:30:00,sim@hotboat.cl,1001424.0,luz,520.0
2028-02-17 12:30:00,sim@hotboat.cl,1001424.0,gas,10000.0
2028-02-17 12:40:00,sim@hotboat.cl,1001425.0,leña,1500.0
2028-02-17 12:40:00,sim@hotboat.cl,1001425.0,agua,700.0
2028-02-17 12:40:00,sim@hotboat.cl,1001425.0,luz,520.0
2028-02-17 12:40:00,sim@hotboat.cl,1001425.0,gas,10000.0
2028-02-17 12:50:00,sim@hotboat.cl,1001426.0,leña,1500.0
2028-02-17 12:50:00,sim@hotboat.cl,1001426.0,agua,700.0
2028-02-17 12:50:00,sim@hotboat.cl,1001426.0,luz,520.0
2028-02-17 12:50:00,sim@hotboat.cl,1001426.0,gas,10000.0
2028-02-18 12:00:00,sim@hotboat.cl,1001427.0,leña,1500.0
2028-02-18 12:00:00,sim@hotboat.cl,1001427.0,agua,700.0
2028-02-18 12:00:00,sim@hotboat.cl,1001427.0,luz,520.0
2028-02-18 12:00:00,sim@hotboat.cl,1001427.0,gas,10000.0
2028-02-19 12:00:00,sim@hotboat.cl,1001428.0,leña,1500.0
2028-02-19 12:00:00,sim@hotboat.cl,1001428.0,agua,700.0
2028-02-19 12:00:00,sim@hotboat.cl,1001428.0,luz,520.0
2028-02-19 12:00:00,sim@hotboat.cl,1001428.0,gas,10000.0
2028-02-19 12:00:00,sim@hotboat.cl,1001429.0,leña,1500.0
2028-02-19 12:00:00,sim@hotboat.cl,1001429.0,agua,700.0
2028-02-19 12:00:00,sim@hotboat.cl,1001429.0,luz,520.0
2028-02-19 12:00:00,sim@hotboat.cl,1001429.0,gas,10000.0
2028-02-19 12:00:00,sim@hotboat.cl,1001430.0,leña,1500.0
2028-02-19 12:00:00,sim@hotboat.cl,1001430.0,agua,700.0
2028-02-19 12:00:00,sim@hotboat.cl,1001430.0,luz,520.0
2028-02-19 12:00:00,sim@hotboat.cl,1001430.0,gas,10000.0
2028-02-19 12:10:00,sim@hotboat.cl,1001431.0,leña,1500.0
2028-02-19 12:10:00,sim@hotboat.cl,1001431.0,agua,700.0
2028-02-19 12:10:00,sim@hotboat.cl,1001431.0,luz,520.0
2028-02-19 12:10:00,sim@hotboat.cl,1001431.0,gas,10000.0
2028-02-19 12:10:00,sim@hotboat.cl,1001432.0,leña,1500.0
2028-02-19 12:10:00,sim@hotboat.cl,1001432.0,agua,700.0
2028-02-19 12:10:00,sim@hotboat.cl,1001432.0,luz,520.0
2028-02-19 12:10:00,sim@hotboat.cl,1001432.0,gas,10000.0
2028-02-19 12:20:00,sim@hotboat.cl,1001433.0,leña,1500.0
2028-02-19 12:20:00,sim@hotboat.cl,1001433.0,agua,700.0
2028-02-19 12:20:00,sim@hotboat.cl,1001433.0,luz,520.0
2028-02-19 12:20:00,sim@hotboat.cl,1001433.0,gas,10000.0
2028-02-19 12:20:00,sim@hotboat.cl,1001434.0,leña,1500.0
2028-02-19 12:20:00,sim@hotboat.cl,1001434.0,agua,700.0
2028-02-19 12:20:00,sim@hotboat.cl,1001434.0,luz,520.0
2028-02-19 12:20:00,sim@hotboat.cl,1001434.0,gas,10000.0
2028-02-19 12:30:00,sim@hotboat.cl,1001435.0,leña,1500.0
2028-02-19 12:30:00,sim@hotboat.cl,1001435.0,agua,700.0
2028-02-19 12:30:00,sim@hotboat.cl,1001435.0,luz,520.0
2028-02-19 12:30:00,sim@hotboat.cl,1001435.0,gas,10000.0
2028-02-19 12:30:00,sim@hotboat.cl,1001436.0,leña,1500.0
2028-02-19 12:30:00,sim@hotboat.cl,1001436.0,agua,700.0
2028-02-19 12:30:00,sim@hotboat.cl,1001436.0,luz,520.0
2028-02-19 12:30:00,sim@hotboat.cl,1001436.0,gas,10000.0
2028-02-19 12:40:00,sim@hotboat.cl,1001437.0,leña,1500.0
2028-02-19 12:40:00,sim@hotboat.cl,1001437.0,agua,700.0
2028-02-19 12:40:00,sim@hotboat.cl,1001437.0,luz,520.0
2028-02-19 12:40:00,sim@hotboat.cl,1001437.0,gas,10000.0
2028-02-19 12:40:00,sim@hotboat.cl,1001438.0,leña,1500.0
2028-02-19 12:40:00,sim@hotboat.cl,1001438.0,agua,700.0
2028-02-19 12:40:00,sim@hotboat.cl,1001438.0,luz,520.0
2028-02-19 12:40:00,sim@hotboat.cl,1001438.0,gas,10000.0
2028-02-19 12:50:00,sim@hotboat.cl,1001439.0,leña,1500.0
2028-02-19 12:50:00,sim@hotboat.cl,1001439.0,agua,700.0
2028-02-19 12:50:00,sim@hotboat.cl,1001439.0,luz,520.0
2028-02-19 12:50:00,sim@hotboat.cl,1001439.0,gas,10000.0
2028-02-19 12:50:00,sim@hotboat.cl,1001440.0,leña,1500.0
2028-02-19 12:50:00,sim@hotboat.cl,1001440.0,agua,700.0
2028-02-19 12:50:00,sim@hotboat.cl,1001440.0,luz,520.0
2028-02-19 12:50:00,sim@hotboat.cl,1001440.0,gas,10000.0
2028-02-20 12:00:00,sim@hotboat.cl,1001441.0,leña,1500.0
2028-02-20 12:00:00,sim@hotboat.cl,1001441.0,agua,700.0
2028-02-20 12:00:00,sim@hotboat.cl,1001441.0,luz,520.0
2028-02-20 12:00:00,sim@hotboat.cl,1001441.0,gas,10000.0
2028-02-20 12:00:00,sim@hotboat.cl,1001442.0,leña,1500.0
2028-02-20 12:00:00,sim@hotboat.cl,1001442.0,agua,700.0
2028-02-20 12:00:00,sim@hotboat.cl,1001442.0,luz,520.0
2028-02-20 12:00:00,sim@hotboat.cl,1001442.0,gas,10000.0
2028-02-20 12:00:00,sim@hotboat.cl,1001443.0,leña,1500.0
2028-02-20 12:00:00,sim@hotboat.cl,1001443.0,agua,700.0
2028-02-20 12:00:00,sim@hotboat.cl,1001443.0,luz,520.0
2028-02-20 12:00:00,sim@hotboat.cl,1001443.0,gas,10000.0
2028-02-20 12:10:00,sim@hotboat.cl,1001444.0,leña,1500.0
2028-02-20 12:10:00,sim@hotboat.cl,1001444.0,agua,700.0
2028-02-20 12:10:00,sim@hotboat.cl,1001444.0,luz,520.0
2028-02-20 12:10:00,sim@hotboat.cl,1001444.0,gas,10000.0
2028-02-20 12:10:00,sim@hotboat.cl,1001445.0,leña,1500.0
2028-02-20 12:10:00,sim@hotboat.cl,1001445.0,agua,700.0
2028-02-20 12:10:00,sim@hotboat.cl,1001445.0,luz,520.0
2028-02-20 12:10:00,sim@hotboat.cl,1001445.0,gas,10000.0
2028-02-20 12:10:00,sim@hotboat.cl,1001446.0,leña,1500.0
2028-02-20 12:10:00,sim@hotboat.cl,1001446.0,agua,700.0
2028-02-20 12:10:00,sim@hotboat.cl,1001446.0,luz,520.0
2028-02-20 12:10:00,sim@hotboat.cl,1001446.0,gas,10000.0
2028-02-20 12:20:00,sim@hotboat.cl,1001447.0,leña,1500.0
2028-02-20 12:20:00,sim@hotboat.cl,1001447.0,agua,700.0
2028-02-20 12:20:00,sim@hotboat.cl,1001447.0,luz,520.0
2028-02-20 12:20:00,sim@hotboat.cl,1001447.0,gas,10000.0
2028-02-20 12:20:00,sim@hotboat.cl,1001448.0,leña,1500.0
2028-02-20 12:20:00,sim@hotboat.cl,1001448.0,agua,700.0
2028-02-20 12:20:00,sim@hotboat.cl,1001448.0,luz,520.0
2028-02-20 12:20:00,sim@hotboat.cl,1001448.0,gas,10000.0
2028-02-20 12:20:00,sim@hotboat.cl,1001449.0,leña,1500.0
2028-02-20 12:20:00,sim@hotboat.cl,1001449.0,agua,700.0
2028-02-20 12:20:00,sim@hotboat.cl,1001449.0,luz,520.0
2028-02-20 12:20:00,sim@hotboat.cl,1001449.0,gas,10000.0
2028-02-20 12:30:00,sim@hotboat.cl,1001450.0,leña,1500.0
2028-02-20 12:30:00,sim@hotboat.cl,1001450.0,agua,700.0
2028-02-20 12:30:00,sim@hotboat.cl,1001450.0,luz,520.0
2028-02-20 12:30:00,sim@hotboat.cl,1001450.0,gas,10000.0
2028-02-20 12:30:00,sim@hotboat.cl,1001451.0,leña,1500.0
2028-02-20 12:30:00,sim@hotboat.cl,1001451.0,agua,700.0
2028-02-20 12:30:00,sim@hotboat.cl,1001451.0,luz,520.0
2028-02-20 12:30:00,sim@hotboat.cl,1001451.0,gas,10000.0
2028-02-20 12:30:00,sim@hotboat.cl,1001452.0,leña,1500.0
2028-02-20 12:30:00,sim@hotboat.cl,1001452.0,agua,700.0
2028-02-20 12:30:00,sim@hotboat.cl,1001452.0,luz,520.0
2028-02-20 12:30:00,sim@hotboat.cl,1001452.0,gas,10000.0
2028-02-20 12:40:00,sim@hotboat.cl,1001453.0,leña,1500.0
2028-02-20 12:40:00,sim@hotboat.cl,1001453.0,agua,700.0
2028-02-20 12:40:00,sim@hotboat.cl,1001453.0,luz,520.0
2028-02-20 12:40:00,sim@hotboat.cl,1001453.0,gas,10000.0
2028-02-20 12:40:00,sim@hotboat.cl,1001454.0,leña,1500.0
2028-02-20 12:40:00,sim@hotboat.cl,1001454.0,agua,700.0
2028-02-20 12:40:00,sim@hotboat.cl,1001454.0,luz,520.0
2028-02-20 12:40:00,sim@hotboat.cl,1001454.0,gas,10000.0
2028-02-20 12:50:00,sim@hotboat.cl,1001455.0,leña,1500.0
2028-02-20 12:50:00,sim@hotboat.cl,1001455.0,agua,700.0
2028-02-20 12:50:00,sim@hotboat.cl,1001455.0,luz,520.0
2028-02-20 12:50:00,sim@hotboat.cl,1001455.0,gas,10000.0
2028-02-20 12:50:00,sim@hotboat.cl,1001456.0,leña,1500.0
2028-02-20 12:50:00,sim@hotboat.cl,1001456.0,agua,700.0
2028-02-20 12:50:00,sim@hotboat.cl,1001456.0,luz,520.0
2028-02-20 12:50:00,sim@hotboat.cl,1001456.0,gas,10000.0
2028-02-21 12:00:00,sim@hotboat.cl,1001457.0,leña,1500.0
2028-02-21 12:00:00,sim@hotboat.cl,1001457.0,agua,700.0
2028-02-21 12:00:00,sim@hotboat.cl,1001457.0,luz,520.0
2028-02-21 12:00:00,sim@hotboat.cl,1001457.0,gas,10000.0
2028-02-21 12:10:00,sim@hotboat.cl,1001458.0,leña,1500.0
2028-02-21 12:10:00,sim@hotboat.cl,1001458.0,agua,700.0
2028-02-21 12:10:00,sim@hotboat.cl,1001458.0,luz,520.0
2028-02-21 12:10:00,sim@hotboat.cl,1001458.0,gas,10000.0
2028-02-21 12:20:00,sim@hotboat.cl,1001459.0,leña,1500.0
2028-02-21 12:20:00,sim@hotboat.cl,1001459.0,agua,700.0
2028-02-21 12:20:00,sim@hotboat.cl,1001459.0,luz,520.0
2028-02-21 12:20:00,sim@hotboat.cl,1001459.0,gas,10000.0
2028-02-21 12:30:00,sim@hotboat.cl,1001460.0,leña,1500.0
2028-02-21 12:30:00,sim@hotboat.cl,1001460.0,agua,700.0
2028-02-21 12:30:00,sim@hotboat.cl,1001460.0,luz,520.0
2028-02-21 12:30:00,sim@hotboat.cl,1001460.0,gas,10000.0
2028-02-22 12:00:00,sim@hotboat.cl,1001461.0,leña,1500.0
2028-02-22 12:00:00,sim@hotboat.cl,1001461.0,agua,700.0
2028-02-22 12:00:00,sim@hotboat.cl,1001461.0,luz,520.0
2028-02-22 12:00:00,sim@hotboat.cl,1001461.0,gas,10000.0
2028-02-22 12:10:00,sim@hotboat.cl,1001462.0,leña,1500.0
2028-02-22 12:10:00,sim@hotboat.cl,1001462.0,agua,700.0
2028-02-22 12:10:00,sim@hotboat.cl,1001462.0,luz,520.0
2028-02-22 12:10:00,sim@hotboat.cl,1001462.0,gas,10000.0
2028-02-23 12:00:00,sim@hotboat.cl,1001463.0,leña,1500.0
2028-02-23 12:00:00,sim@hotboat.cl,1001463.0,agua,700.0
2028-02-23 12:00:00,sim@hotboat.cl,1001463.0,luz,520.0
2028-02-23 12:00:00,sim@hotboat.cl,1001463.0,gas,10000.0
2028-02-23 12:10:00,sim@hotboat.cl,1001464.0,leña,1500.0
2028-02-23 12:10:00,sim@hotboat.cl,1001464.0,agua,700.0
2028-02-23 12:10:00,sim@hotboat.cl,1001464.0,luz,520.0
2028-02-23 12:10:00,sim@hotboat.cl,1001464.0,gas,10000.0
2028-02-23 12:20:00,sim@hotboat.cl,1001465.0,leña,1500.0
2028-02-23 12:20:00,sim@hotboat.cl,1001465.0,agua,700.0
2028-02-23 12:20:00,sim@hotboat.cl,1001465.0,luz,520.0
2028-02-23 12:20:00,sim@hotboat.cl,1001465.0,gas,10000.0
2028-02-23 12:30:00,sim@hotboat.cl,1001466.0,leña,1500.0
2028-02-23 12:30:00,sim@hotboat.cl,1001466.0,agua,700.0
2028-02-23 12:30:00,sim@hotboat.cl,1001466.0,luz,520.0
2028-02-23 12:30:00,sim@hotboat.cl,1001466.0,gas,10000.0
2028-02-24 12:00:00,sim@hotboat.cl,1001467.0,leña,1500.0
2028-02-24 12:00:00,sim@hotboat.cl,1001467.0,agua,700.0
2028-02-24 12:00:00,sim@hotboat.cl,1001467.0,luz,520.0
2028-02-24 12:00:00,sim@hotboat.cl,1001467.0,gas,10000.0
2028-02-24 12:10:00,sim@hotboat.cl,1001468.0,leña,1500.0
2028-02-24 12:10:00,sim@hotboat.cl,1001468.0,agua,700.0
2028-02-24 12:10:00,sim@hotboat.cl,1001468.0,luz,520.0
2028-02-24 12:10:00,sim@hotboat.cl,1001468.0,gas,10000.0
2028-02-24 12:20:00,sim@hotboat.cl,1001469.0,leña,1500.0
2028-02-24 12:20:00,sim@hotboat.cl,1001469.0,agua,700.0
2028-02-24 12:20:00,sim@hotboat.cl,1001469.0,luz,520.0
2028-02-24 12:20:00,sim@hotboat.cl,1001469.0,gas,10000.0
2028-02-24 12:30:00,sim@hotboat.cl,1001470.0,leña,1500.0
2028-02-24 12:30:00,sim@hotboat.cl,1001470.0,agua,700.0
2028-02-24 12:30:00,sim@hotboat.cl,1001470.0,luz,520.0
2028-02-24 12:30:00,sim@hotboat.cl,1001470.0,gas,10000.0
2028-02-24 12:40:00,sim@hotboat.cl,1001471.0,leña,1500.0
2028-02-24 12:40:00,sim@hotboat.cl,1001471.0,agua,700.0
2028-02-24 12:40:00,sim@hotboat.cl,1001471.0,luz,520.0
2028-02-24 12:40:00,sim@hotboat.cl,1001471.0,gas,10000.0
2028-02-25 12:00:00,sim@hotboat.cl,1001472.0,leña,1500.0
2028-02-25 12:00:00,sim@hotboat.cl,1001472.0,agua,700.0
2028-02-25 12:00:00,sim@hotboat.cl,1001472.0,luz,520.0
2028-02-25 12:00:00,sim@hotboat.cl,1001472.0,gas,10000.0
2028-02-25 12:00:00,sim@hotboat.cl,1001473.0,leña,1500.0
2028-02-25 12:00:00,sim@hotboat.cl,1001473.0,agua,700.0
2028-02-25 12:00:00,sim@hotboat.cl,1001473.0,luz,520.0
2028-02-25 12:00:00,sim@hotboat.cl,1001473.0,gas,10000.0
2028-02-25 12:10:00,sim@hotboat.cl,1001474.0,leña,1500.0
2028-02-25 12:10:00,sim@hotboat.cl,1001474.0,agua,700.0
2028-02-25 12:10:00,sim@hotboat.cl,1001474.0,luz,520.0
2028-02-25 12:10:00,sim@hotboat.cl,1001474.0,gas,10000.0
2028-02-25 12:20:00,sim@hotboat.cl,1001475.0,leña,1500.0
2028-02-25 12:20:00,sim@hotboat.cl,1001475.0,agua,700.0
2028-02-25 12:20:00,sim@hotboat.cl,1001475.0,luz,520.0
2028-02-25 12:20:00,sim@hotboat.cl,1001475.0,gas,10000.0
2028-02-25 12:30:00,sim@hotboat.cl,1001476.0,leña,1500.0
2028-02-25 12:30:00,sim@hotboat.cl,1001476.0,agua,700.0
2028-02-25 12:30:00,sim@hotboat.cl,1001476.0,luz,520.0
2028-02-25 12:30:00,sim@hotboat.cl,1001476.0,gas,10000.0
2028-02-25 12:40:00,sim@hotboat.cl,1001477.0,leña,1500.0
2028-02-25 12:40:00,sim@hotboat.cl,1001477.0,agua,700.0
2028-02-25 12:40:00,sim@hotboat.cl,1001477.0,luz,520.0
2028-02-25 12:40:00,sim@hotboat.cl,1001477.0,gas,10000.0
2028-02-25 12:50:00,sim@hotboat.cl,1001478.0,leña,1500.0
2028-02-25 12:50:00,sim@hotboat.cl,1001478.0,agua,700.0
2028-02-25 12:50:00,sim@hotboat.cl,1001478.0,luz,520.0
2028-02-25 12:50:00,sim@hotboat.cl,1001478.0,gas,10000.0
2028-02-26 12:00:00,sim@hotboat.cl,1001479.0,leña,1500.0
2028-02-26 12:00:00,sim@hotboat.cl,1001479.0,agua,700.0
2028-02-26 12:00:00,sim@hotboat.cl,1001479.0,luz,520.0
2028-02-26 12:00:00,sim@hotboat.cl,1001479.0,gas,10000.0
2028-02-26 12:00:00,sim@hotboat.cl,1001480.0,leña,1500.0
2028-02-26 12:00:00,sim@hotboat.cl,1001480.0,agua,700.0
2028-02-26 12:00:00,sim@hotboat.cl,1001480.0,luz,520.0
2028-02-26 12:00:00,sim@hotboat.cl,1001480.0,gas,10000.0
2028-02-26 12:00:00,sim@hotboat.cl,1001481.0,leña,1500.0
2028-02-26 12:00:00,sim@hotboat.cl,1001481.0,agua,700.0
2028-02-26 12:00:00,sim@hotboat.cl,1001481.0,luz,520.0
2028-02-26 12:00:00,sim@hotboat.cl,1001481.0,gas,10000.0
2028-02-26 12:10:00,sim@hotboat.cl,1001482.0,leña,1500.0
2028-02-26 12:10:00,sim@hotboat.cl,1001482.0,agua,700.0
2028-02-26 12:10:00,sim@hotboat.cl,1001482.0,luz,520.0
2028-02-26 12:10:00,sim@hotboat.cl,1001482.0,gas,10000.0
2028-02-26 12:10:00,sim@hotboat.cl,1001483.0,leña,1500.0
2028-02-26 12:10:00,sim@hotboat.cl,1001483.0,agua,700.0
2028-02-26 12:10:00,sim@hotboat.cl,1001483.0,luz,520.0
2028-02-26 12:10:00,sim@hotboat.cl,1001483.0,gas,10000.0
2028-02-26 12:10:00,sim@hotboat.cl,1001484.0,leña,1500.0
2028-02-26 12:10:00,sim@hotboat.cl,1001484.0,agua,700.0
2028-02-26 12:10:00,sim@hotboat.cl,1001484.0,luz,520.0
2028-02-26 12:10:00,sim@hotboat.cl,1001484.0,gas,10000.0
2028-02-26 12:20:00,sim@hotboat.cl,1001485.0,leña,1500.0
2028-02-26 12:20:00,sim@hotboat.cl,1001485.0,agua,700.0
2028-02-26 12:20:00,sim@hotboat.cl,1001485.0,luz,520.0
2028-02-26 12:20:00,sim@hotboat.cl,1001485.0,gas,10000.0
2028-02-26 12:20:00,sim@hotboat.cl,1001486.0,leña,1500.0
2028-02-26 12:20:00,sim@hotboat.cl,1001486.0,agua,700.0
2028-02-26 12:20:00,sim@hotboat.cl,1001486.0,luz,520.0
2028-02-26 12:20:00,sim@hotboat.cl,1001486.0,gas,10000.0
2028-02-26 12:20:00,sim@hotboat.cl,1001487.0,leña,1500.0
2028-02-26 12:20:00,sim@hotboat.cl,1001487.0,agua,700.0
2028-02-26 12:20:00,sim@hotboat.cl,1001487.0,luz,520.0
2028-02-26 12:20:00,sim@hotboat.cl,1001487.0,gas,10000.0
2028-02-26 12:30:00,sim@hotboat.cl,1001488.0,leña,1500.0
2028-02-26 12:30:00,sim@hotboat.cl,1001488.0,agua,700.0
2028-02-26 12:30:00,sim@hotboat.cl,1001488.0,luz,520.0
2028-02-26 12:30:00,sim@hotboat.cl,1001488.0,gas,10000.0
2028-02-26 12:30:00,sim@hotboat.cl,1001489.0,leña,1500.0
2028-02-26 12:30:00,sim@hotboat.cl,1001489.0,agua,700.0
2028-02-26 12:30:00,sim@hotboat.cl,1001489.0,luz,520.0
2028-02-26 12:30:00,sim@hotboat.cl,1001489.0,gas,10000.0
2028-02-26 12:30:00,sim@hotboat.cl,1001490.0,leña,1500.0
2028-02-26 12:30:00,sim@hotboat.cl,1001490.0,agua,700.0
2028-02-26 12:30:00,sim@hotboat.cl,1001490.0,luz,520.0
2028-02-26 12:30:00,sim@hotboat.cl,1001490.0,gas,10000.0
2028-02-26 12:40:00,sim@hotboat.cl,1001491.0,leña,1500.0
2028-02-26 12:40:00,sim@hotboat.cl,1001491.0,agua,700.0
2028-02-26 12:40:00,sim@hotboat.cl,1001491.0,luz,520.0
2028-02-26 12:40:00,sim@hotboat.cl,1001491.0,gas,10000.0
2028-02-26 12:40:00,sim@hotboat.cl,1001492.0,leña,1500.0
2028-02-26 12:40:00,sim@hotboat.cl,1001492.0,agua,700.0
2028-02-26 12:40:00,sim@hotboat.cl,1001492.0,luz,520.0
2028-02-26 12:40:00,sim@hotboat.cl,1001492.0,gas,10000.0
2028-02-26 12:40:00,sim@hotboat.cl,1001493.0,leña,1500.0
2028-02-26 12:40:00,sim@hotboat.cl,1001493.0,agua,700.0
2028-02-26 12:40:00,sim@hotboat.cl,1001493.0,luz,520.0
2028-02-26 12:40:00,sim@hotboat.cl,1001493.0,gas,10000.0
2028-02-26 12:50:00,sim@hotboat.cl,1001494.0,leña,1500.0
2028-02-26 12:50:00,sim@hotboat.cl,1001494.0,agua,700.0
2028-02-26 12:50:00,sim@hotboat.cl,1001494.0,luz,520.0
2028-02-26 12:50:00,sim@hotboat.cl,1001494.0,gas,10000.0
2028-02-26 12:50:00,sim@hotboat.cl,1001495.0,leña,1500.0
2028-02-26 12:50:00,sim@hotboat.cl,1001495.0,agua,700.0
2028-02-26 12:50:00,sim@hotboat.cl,1001495.0,luz,520.0
2028-02-26 12:50:00,sim@hotboat.cl,1001495.0,gas,10000.0
2028-02-26 12:50:00,sim@hotboat.cl,1001496.0,leña,1500.0
2028-02-26 12:50:00,sim@hotboat.cl,1001496.0,agua,700.0
2028-02-26 12:50:00,sim@hotboat.cl,1001496.0,luz,520.0
2028-02-26 12:50:00,sim@hotboat.cl,1001496.0,gas,10000.0
2028-02-27 12:00:00,sim@hotboat.cl,1001497.0,leña,1500.0
2028-02-27 12:00:00,sim@hotboat.cl,1001497.0,agua,700.0
2028-02-27 12:00:00,sim@hotboat.cl,1001497.0,luz,520.0
2028-02-27 12:00:00,sim@hotboat.cl,1001497.0,gas,10000.0
2028-02-27 12:00:00,sim@hotboat.cl,1001498.0,leña,1500.0
2028-02-27 12:00:00,sim@hotboat.cl,1001498.0,agua,700.0
2028-02-27 12:00:00,sim@hotboat.cl,1001498.0,luz,520.0
2028-02-27 12:00:00,sim@hotboat.cl,1001498.0,gas,10000.0
2028-02-27 12:10:00,sim@hotboat.cl,1001499.0,leña,1500.0
2028-02-27 12:10:00,sim@hotboat.cl,1001499.0,agua,700.0
2028-02-27 12:10:00,sim@hotboat.cl,1001499.0,luz,520.0
2028-02-27 12:10:00,sim@hotboat.cl,1001499.0,gas,10000.0
2028-02-27 12:10:00,sim@hotboat.cl,1001500.0,leña,1500.0
2028-02-27 12:10:00,sim@hotboat.cl,1001500.0,agua,700.0
2028-02-27 12:10:00,sim@hotboat.cl,1001500.0,luz,520.0
2028-02-27 12:10:00,sim@hotboat.cl,1001500.0,gas,10000.0
2028-02-27 12:20:00,sim@hotboat.cl,1001501.0,leña,1500.0
2028-02-27 12:20:00,sim@hotboat.cl,1001501.0,agua,700.0
2028-02-27 12:20:00,sim@hotboat.cl,1001501.0,luz,520.0
2028-02-27 12:20:00,sim@hotboat.cl,1001501.0,gas,10000.0
2028-02-27 12:20:00,sim@hotboat.cl,1001502.0,leña,1500.0
2028-02-27 12:20:00,sim@hotboat.cl,1001502.0,agua,700.0
2028-02-27 12:20:00,sim@hotboat.cl,1001502.0,luz,520.0
2028-02-27 12:20:00,sim@hotboat.cl,1001502.0,gas,10000.0
2028-02-27 12:30:00,sim@hotboat.cl,1001503.0,leña,1500.0
2028-02-27 12:30:00,sim@hotboat.cl,1001503.0,agua,700.0
2028-02-27 12:30:00,sim@hotboat.cl,1001503.0,luz,520.0
2028-02-27 12:30:00,sim@hotboat.cl,1001503.0,gas,10000.0
2028-02-27 12:30:00,sim@hotboat.cl,1001504.0,leña,1500.0
2028-02-27 12:30:00,sim@hotboat.cl,1001504.0,agua,700.0
2028-02-27 12:30:00,sim@hotboat.cl,1001504.0,luz,520.0
2028-02-27 12:30:00,sim@hotboat.cl,1001504.0,gas,10000.0
2028-02-27 12:40:00,sim@hotboat.cl,1001505.0,leña,1500.0
2028-02-27 12:40:00,sim@hotboat.cl,1001505.0,agua,700.0
2028-02-27 12:40:00,sim@hotboat.cl,1001505.0,luz,520.0
2028-02-27 12:40:00,sim@hotboat.cl,1001505.0,gas,10000.0
2028-02-27 12:50:00,sim@hotboat.cl,1001506.0,leña,1500.0
2028-02-27 12:50:00,sim@hotboat.cl,1001506.0,agua,700.0
2028-02-27 12:50:00,sim@hotboat.cl,1001506.0,luz,520.0
2028-02-27 12:50:00,sim@hotboat.cl,1001506.0,gas,10000.0
2028-02-28 12:00:00,sim@hotboat.cl,1001507.0,leña,1500.0
2028-02-28 12:00:00,sim@hotboat.cl,1001507.0,agua,700.0
2028-02-28 12:00:00,sim@hotboat.cl,1001507.0,luz,520.0
2028-02-28 12:00:00,sim@hotboat.cl,1001507.0,gas,10000.0
2028-02-28 12:10:00,sim@hotboat.cl,1001508.0,leña,1500.0
2028-02-28 12:10:00,sim@hotboat.cl,1001508.0,agua,700.0
2028-02-28 12:10:00,sim@hotboat.cl,1001508.0,luz,520.0
2028-02-28 12:10:00,sim@hotboat.cl,1001508.0,gas,10000.0
2028-02-28 12:20:00,sim@hotboat.cl,1001509.0,leña,1500.0
2028-02-28 12:20:00,sim@hotboat.cl,1001509.0,agua,700.0
2028-02-28 12:20:00,sim@hotboat.cl,1001509.0,luz,520.0
2028-02-28 12:20:00,sim@hotboat.cl,1001509.0,gas,10000.0
2028-02-28 12:30:00,sim@hotboat.cl,1001510.0,leña,1500.0
2028-02-28 12:30:00,sim@hotboat.cl,1001510.0,agua,700.0
2028-02-28 12:30:00,sim@hotboat.cl,1001510.0,luz,520.0
2028-02-28 12:30:00,sim@hotboat.cl,1001510.0,gas,10000.0
2028-02-29 12:00:00,sim@hotboat.cl,1001511.0,leña,1500.0
2028-02-29 12:00:00,sim@hotboat.cl,1001511.0,agua,700.0
2028-02-29 12:00:00,sim@hotboat.cl,1001511.0,luz,520.0
2028-02-29 12:00:00,sim@hotboat.cl,1001511.0,gas,10000.0
2028-02-29 12:10:00,sim@hotboat.cl,1001512.0,leña,1500.0
2028-02-29 12:10:00,sim@hotboat.cl,1001512.0,agua,700.0
2028-02-29 12:10:00,sim@hotboat.cl,1001512.0,luz,520.0
2028-02-29 12:10:00,sim@hotboat.cl,1001512.0,gas,10000.0
2028-02-29 12:20:00,sim@hotboat.cl,1001513.0,leña,1500.0
2028-02-29 12:20:00,sim@hotboat.cl,1001513.0,agua,700.0
2028-02-29 12:20:00,sim@hotboat.cl,1001513.0,luz,520.0
2028-02-29 12:20:00,sim@hotboat.cl,1001513.0,gas,10000.0
2028-02-01 20:00:00,sim@hotboat.cl,,pago extra ayudante (diario),90000.0
2028-02-02 20:00:00,sim@hotboat.cl,,pago extra ayudante (diario),90000.0
2028-02-03 20:00:00,sim@hotboat.cl,,pago extra ayudante (diario),210000.0
2028-02-04 20:00:00,sim@hotboat.cl,,pago extra ayudante (diario),150000.0
2028-02-05 20:00:00,sim@hotboat.cl,,pago extra ayudante (diario),210000.0
2028-02-06 20:00:00,sim@hotboat.cl,,pago extra ayudante (diario),210000.0
2028-02-07 20:00:00,sim@hotboat.cl,,pago extra ayudante (diario),120000.0
2028-02-08 20:00:00,sim@hotboat.cl,,pago extra ayudante (diario),150000.0
2028-02-09 20:00:00,sim@hotboat.cl,,pago extra ayudante (diario),60000.0
2028-02-10 20:00:00,sim@hotboat.cl,,pago extra ayudante (diario),90000.0
2028-02-11 20:00:00,sim@hotboat.cl,,pago extra ayudante (diario),30000.0
2028-02-12 20:00:00,sim@hotboat.cl,,pago extra ayudante (diario),210000.0
2028-02-13 20:00:00,sim@hotboat.cl,,pago extra ayudante (diario),210000.0
2028-02-14 20:00:00,sim@hotboat.cl,,pago extra ayudante (diario),120000.0
2028-02-15 20:00:00,sim@hotboat.cl,,pago extra ayudante (diario),180000.0
2028-02-16 20:00:00,sim@hotboat.cl,,pago extra ayudante (diario),150000.0
2028-02-17 20:00:00,sim@hotboat.cl,,pago extra ayudante (diario),180000.0
2028-02-18 20:00:00,sim@hotboat.cl,,pago extra ayudante (diario),30000.0
2028-02-19 20:00:00,sim@hotboat.cl,,pago extra ayudante (diario),210000.0
2028-02-20 20:00:00,sim@hotboat.cl,,pago extra ayudante (diario),210000.0
2028-02-21 20:00:00,sim@hotboat.cl,,pago extra ayudante (diario),120000.0
2028-02-22 20:00:00,sim@hotboat.cl,,pago extra ayudante (diario),60000.0
2028-02-23 20:00:00,sim@hotboat.cl,,pago extra ayudante (diario),120000.0
2028-02-24 20:00:00,sim@hotboat.cl,,pago extra ayudante (diario),150000.0
2028-02-25 20:00:00,sim@hotboat.cl,,pago extra ayudante (diario),210000.0
2028-02-26 20:00:00,sim@hotboat.cl,,pago extra ayudante (diario),210000.0
2028-02-27 20:00:00,sim@hotboat.cl,,pago extra ayudante (diario),210000.0
2028-02-28 20:00:00,sim@hotboat.cl,,pago extra ayudante (diario),120000.0
2028-02-29 20:00:00,sim@hotboat.cl,,pago extra ayudante (diario),90000.0
2028-03-02 12:00:00,sim@hotboat.cl,1001514.0,leña,1500.0
2028-03-02 12:00:00,sim@hotboat.cl,1001514.0,agua,700.0
2028-03-02 12:00:00,sim@hotboat.cl,1001514.0,luz,520.0
2028-03-02 12:00:00,sim@hotboat.cl,1001514.0,gas,10000.0
2028-03-03 12:00:00,sim@hotboat.cl,1001515.0,leña,1500.0
2028-03-03 12:00:00,sim@hotboat.cl,1001515.0,agua,700.0
2028-03-03 12:00:00,sim@hotboat.cl,1001515.0,luz,520.0
2028-03-03 12:00:00,sim@hotboat.cl,1001515.0,gas,10000.0
2028-03-04 12:00:00,sim@hotboat.cl,1001516.0,leña,1500.0
2028-03-04 12:00:00,sim@hotboat.cl,1001516.0,agua,700.0
2028-03-04 12:00:00,sim@hotboat.cl,1001516.0,luz,520.0
2028-03-04 12:00:00,sim@hotboat.cl,1001516.0,gas,10000.0
2028-03-04 12:10:00,sim@hotboat.cl,1001517.0,leña,1500.0
2028-03-04 12:10:00,sim@hotboat.cl,1001517.0,agua,700.0
2028-03-04 12:10:00,sim@hotboat.cl,1001517.0,luz,520.0
2028-03-04 12:10:00,sim@hotboat.cl,1001517.0,gas,10000.0
2028-03-04 12:20:00,sim@hotboat.cl,1001518.0,leña,1500.0
2028-03-04 12:20:00,sim@hotboat.cl,1001518.0,agua,700.0
2028-03-04 12:20:00,sim@hotboat.cl,1001518.0,luz,520.0
2028-03-04 12:20:00,sim@hotboat.cl,1001518.0,gas,10000.0
2028-03-04 12:30:00,sim@hotboat.cl,1001519.0,leña,1500.0
2028-03-04 12:30:00,sim@hotboat.cl,1001519.0,agua,700.0
2028-03-04 12:30:00,sim@hotboat.cl,1001519.0,luz,520.0
2028-03-04 12:30:00,sim@hotboat.cl,1001519.0,gas,10000.0
2028-03-04 12:40:00,sim@hotboat.cl,1001520.0,leña,1500.0
2028-03-04 12:40:00,sim@hotboat.cl,1001520.0,agua,700.0
2028-03-04 12:40:00,sim@hotboat.cl,1001520.0,luz,520.0
2028-03-04 12:40:00,sim@hotboat.cl,1001520.0,gas,10000.0
2028-03-05 12:00:00,sim@hotboat.cl,1001521.0,leña,1500.0
2028-03-05 12:00:00,sim@hotboat.cl,1001521.0,agua,700.0
2028-03-05 12:00:00,sim@hotboat.cl,1001521.0,luz,520.0
2028-03-05 12:00:00,sim@hotboat.cl,1001521.0,gas,10000.0
2028-03-05 12:10:00,sim@hotboat.cl,1001522.0,leña,1500.0
2028-03-05 12:10:00,sim@hotboat.cl,1001522.0,agua,700.0
2028-03-05 12:10:00,sim@hotboat.cl,1001522.0,luz,520.0
2028-03-05 12:10:00,sim@hotboat.cl,1001522.0,gas,10000.0
2028-03-05 12:20:00,sim@hotboat.cl,1001523.0,leña,1500.0
2028-03-05 12:20:00,sim@hotboat.cl,1001523.0,agua,700.0
2028-03-05 12:20:00,sim@hotboat.cl,1001523.0,luz,520.0
2028-03-05 12:20:00,sim@hotboat.cl,1001523.0,gas,10000.0
2028-03-07 12:00:00,sim@hotboat.cl,1001524.0,leña,1500.0
2028-03-07 12:00:00,sim@hotboat.cl,1001524.0,agua,700.0
2028-03-07 12:00:00,sim@hotboat.cl,1001524.0,luz,520.0
2028-03-07 12:00:00,sim@hotboat.cl,1001524.0,gas,10000.0
2028-03-10 12:00:00,sim@hotboat.cl,1001525.0,leña,1500.0
2028-03-10 12:00:00,sim@hotboat.cl,1001525.0,agua,700.0
2028-03-10 12:00:00,sim@hotboat.cl,1001525.0,luz,520.0
2028-03-10 12:00:00,sim@hotboat.cl,1001525.0,gas,10000.0
2028-03-11 12:00:00,sim@hotboat.cl,1001526.0,leña,1500.0
2028-03-11 12:00:00,sim@hotboat.cl,1001526.0,agua,700.0
2028-03-11 12:00:00,sim@hotboat.cl,1001526.0,luz,520.0
2028-03-11 12:00:00,sim@hotboat.cl,1001526.0,gas,10000.0
2028-03-11 12:10:00,sim@hotboat.cl,1001527.0,leña,1500.0
2028-03-11 12:10:00,sim@hotboat.cl,1001527.0,agua,700.0
2028-03-11 12:10:00,sim@hotboat.cl,1001527.0,luz,520.0
2028-03-11 12:10:00,sim@hotboat.cl,1001527.0,gas,10000.0
2028-03-12 12:00:00,sim@hotboat.cl,1001528.0,leña,1500.0
2028-03-12 12:00:00,sim@hotboat.cl,1001528.0,agua,700.0
2028-03-12 12:00:00,sim@hotboat.cl,1001528.0,luz,520.0
2028-03-12 12:00:00,sim@hotboat.cl,1001528.0,gas,10000.0
2028-03-17 12:00:00,sim@hotboat.cl,1001529.0,leña,1500.0
2028-03-17 12:00:00,sim@hotboat.cl,1001529.0,agua,700.0
2028-03-17 12:00:00,sim@hotboat.cl,1001529.0,luz,520.0
2028-03-17 12:00:00,sim@hotboat.cl,1001529.0,gas,10000.0
2028-03-18 12:00:00,sim@hotboat.cl,1001530.0,leña,1500.0
2028-03-18 12:00:00,sim@hotboat.cl,1001530.0,agua,700.0
2028-03-18 12:00:00,sim@hotboat.cl,1001530.0,luz,520.0
2028-03-18 12:00:00,sim@hotboat.cl,1001530.0,gas,10000.0
2028-03-19 12:00:00,sim@hotboat.cl,1001531.0,leña,1500.0
2028-03-19 12:00:00,sim@hotboat.cl,1001531.0,agua,700.0
2028-03-19 12:00:00,sim@hotboat.cl,1001531.0,luz,520.0
2028-03-19 12:00:00,sim@hotboat.cl,1001531.0,gas,10000.0
2028-03-19 12:10:00,sim@hotboat.cl,1001532.0,leña,1500.0
2028-03-19 12:10:00,sim@hotboat.cl,1001532.0,agua,700.0
2028-03-19 12:10:00,sim@hotboat.cl,1001532.0,luz,520.0
2028-03-19 12:10:00,sim@hotboat.cl,1001532.0,gas,10000.0
2028-03-23 12:00:00,sim@hotboat.cl,1001533.0,leña,1500.0
2028-03-23 12:00:00,sim@hotboat.cl,1001533.0,agua,700.0
2028-03-23 12:00:00,sim@hotboat.cl,1001533.0,luz,520.0
2028-03-23 12:00:00,sim@hotboat.cl,1001533.0,gas,10000.0
2028-03-24 12:00:00,sim@hotboat.cl,1001534.0,leña,1500.0
2028-03-24 12:00:00,sim@hotboat.cl,1001534.0,agua,700.0
2028-03-24 12:00:00,sim@hotboat.cl,1001534.0,luz,520.0
2028-03-24 12:00:00,sim@hotboat.cl,1001534.0,gas,10000.0
2028-03-25 12:00:00,sim@hotboat.cl,1001535.0,leña,1500.0
2028-03-25 12:00:00,sim@hotboat.cl,1001535.0,agua,700.0
2028-03-25 12:00:00,sim@hotboat.cl,1001535.0,luz,520.0
2028-03-25 12:00:00,sim@hotboat.cl,1001535.0,gas,10000.0
2028-03-27 12:00:00,sim@hotboat.cl,1001536.0,leña,1500.0
2028-03-27 12:00:00,sim@hotboat.cl,1001536.0,agua,700.0
2028-03-27 12:00:00,sim@hotboat.cl,1001536.0,luz,520.0
2028-03-27 12:00:00,sim@hotboat.cl,1001536.0,gas,10000.0
2028-03-27 12:10:00,sim@hotboat.cl,1001537.0,leña,1500.0
2028-03-27 12:10:00,sim@hotboat.cl,1001537.0,agua,700.0
2028-03-27 12:10:00,sim@hotboat.cl,1001537.0,luz,520.0
2028-03-27 12:10:00,sim@hotboat.cl,1001537.0,gas,10000.0
2028-03-27 12:20:00,sim@hotboat.cl,1001538.0,leña,1500.0
2028-03-27 12:20:00,sim@hotboat.cl,1001538.0,agua,700.0
2028-03-27 12:20:00,sim@hotboat.cl,1001538.0,luz,520.0
2028-03-27 12:20:00,sim@hotboat.cl,1001538.0,gas,10000.0
2028-03-29 12:00:00,sim@hotboat.cl,1001539.0,leña,1500.0
2028-03-29 12:00:00,sim@hotboat.cl,1001539.0,agua,700.0
2028-03-29 12:00:00,sim@hotboat.cl,1001539.0,luz,520.0
2028-03-29 12:00:00,sim@hotboat.cl,1001539.0,gas,10000.0
2028-03-02 20:00:00,sim@hotboat.cl,,pago extra ayudante (diario),30000.0
2028-03-03 20:00:00,sim@hotboat.cl,,pago extra ayudante (diario),30000.0
2028-03-04 20:00:00,sim@hotboat.cl,,pago extra ayudante (diario),150000.0
2028-03-05 20:00:00,sim@hotboat.cl,,pago extra ayudante (diario),90000.0
2028-03-07 20:00:00,sim@hotboat.cl,,pago extra ayudante (diario),30000.0
2028-03-10 20:00:00,sim@hotboat.cl,,pago extra ayudante (diario),30000.0
2028-03-11 20:00:00,sim@hotboat.cl,,pago extra ayudante (diario),60000.0
2028-03-12 20:00:00,sim@hotboat.cl,,pago extra ayudante (diario),30000.0
2028-03-17 20:00:00,sim@hotboat.cl,,pago extra ayudante (diario),30000.0
2028-03-18 20:00:00,sim@hotboat.cl,,pago extra ayudante (diario),30000.0
2028-03-19 20:00:00,sim@hotboat.cl,,pago extra ayudante (diario),60000.0
2028-03-23 20:00:00,sim@hotboat.cl,,pago extra ayudante (diario),30000.0
2028-03-24 20:00:00,sim@hotboat.cl,,pago extra ayudante (diario),30000.0
2028-03-25 20:00:00,sim@hotboat.cl,,pago extra ayudante (diario),30000.0
2028-03-27 20:00:00,sim@hotboat.cl,,pago extra ayudante (diario),90000.0
2028-03-29 20:00:00,sim@hotboat.cl,,pago extra ayudante (diario),30000.0
2028-04-01 12:00:00,sim@hotboat.cl,1001540.0,leña,1500.0
2028-04-01 12:00:00,sim@hotboat.cl,1001540.0,agua,700.0
2028-04-01 12:00:00,sim@hotboat.cl,1001540.0,luz,520.0
2028-04-01 12:00:00,sim@hotboat.cl,1001540.0,gas,10000.0
2028-04-01 12:10:00,sim@hotboat.cl,1001541.0,leña,1500.0
2028-04-01 12:10:00,sim@hotboat.cl,1001541.0,agua,700.0
2028-04-01 12:10:00,sim@hotboat.cl,1001541.0,luz,520.0
2028-04-01 12:10:00,sim@hotboat.cl,1001541.0,gas,10000.0
2028-04-01 12:20:00,sim@hotboat.cl,1001542.0,leña,1500.0
2028-04-01 12:20:00,sim@hotboat.cl,1001542.0,agua,700.0
2028-04-01 12:20:00,sim@hotboat.cl,1001542.0,luz,520.0
2028-04-01 12:20:00,sim@hotboat.cl,1001542.0,gas,10000.0
2028-04-01 12:30:00,sim@hotboat.cl,1001543.0,leña,1500.0
2028-04-01 12:30:00,sim@hotboat.cl,1001543.0,agua,700.0
2028-04-01 12:30:00,sim@hotboat.cl,1001543.0,luz,520.0
2028-04-01 12:30:00,sim@hotboat.cl,1001543.0,gas,10000.0
2028-04-01 12:40:00,sim@hotboat.cl,1001544.0,leña,1500.0
2028-04-01 12:40:00,sim@hotboat.cl,1001544.0,agua,700.0
2028-04-01 12:40:00,sim@hotboat.cl,1001544.0,luz,520.0
2028-04-01 12:40:00,sim@hotboat.cl,1001544.0,gas,10000.0
2028-04-02 12:00:00,sim@hotboat.cl,1001545.0,leña,1500.0
2028-04-02 12:00:00,sim@hotboat.cl,1001545.0,agua,700.0
2028-04-02 12:00:00,sim@hotboat.cl,1001545.0,luz,520.0
2028-04-02 12:00:00,sim@hotboat.cl,1001545.0,gas,10000.0
2028-04-02 12:10:00,sim@hotboat.cl,1001546.0,leña,1500.0
2028-04-02 12:10:00,sim@hotboat.cl,1001546.0,agua,700.0
2028-04-02 12:10:00,sim@hotboat.cl,1001546.0,luz,520.0
2028-04-02 12:10:00,sim@hotboat.cl,1001546.0,gas,10000.0
2028-04-03 12:00:00,sim@hotboat.cl,1001547.0,leña,1500.0
2028-04-03 12:00:00,sim@hotboat.cl,1001547.0,agua,700.0
2028-04-03 12:00:00,sim@hotboat.cl,1001547.0,luz,520.0
2028-04-03 12:00:00,sim@hotboat.cl,1001547.0,gas,10000.0
2028-04-04 12:00:00,sim@hotboat.cl,1001548.0,leña,1500.0
2028-04-04 12:00:00,sim@hotboat.cl,1001548.0,agua,700.0
2028-04-04 12:00:00,sim@hotboat.cl,1001548.0,luz,520.0
2028-04-04 12:00:00,sim@hotboat.cl,1001548.0,gas,10000.0
2028-04-04 12:10:00,sim@hotboat.cl,1001549.0,leña,1500.0
2028-04-04 12:10:00,sim@hotboat.cl,1001549.0,agua,700.0
2028-04-04 12:10:00,sim@hotboat.cl,1001549.0,luz,520.0
2028-04-04 12:10:00,sim@hotboat.cl,1001549.0,gas,10000.0
2028-04-05 12:00:00,sim@hotboat.cl,1001550.0,leña,1500.0
2028-04-05 12:00:00,sim@hotboat.cl,1001550.0,agua,700.0
2028-04-05 12:00:00,sim@hotboat.cl,1001550.0,luz,520.0
2028-04-05 12:00:00,sim@hotboat.cl,1001550.0,gas,10000.0
2028-04-05 12:10:00,sim@hotboat.cl,1001551.0,leña,1500.0
2028-04-05 12:10:00,sim@hotboat.cl,1001551.0,agua,700.0
2028-04-05 12:10:00,sim@hotboat.cl,1001551.0,luz,520.0
2028-04-05 12:10:00,sim@hotboat.cl,1001551.0,gas,10000.0
2028-04-07 12:00:00,sim@hotboat.cl,1001552.0,leña,1500.0
2028-04-07 12:00:00,sim@hotboat.cl,1001552.0,agua,700.0
2028-04-07 12:00:00,sim@hotboat.cl,1001552.0,luz,520.0
2028-04-07 12:00:00,sim@hotboat.cl,1001552.0,gas,10000.0
2028-04-08 12:00:00,sim@hotboat.cl,1001553.0,leña,1500.0
2028-04-08 12:00:00,sim@hotboat.cl,1001553.0,agua,700.0
2028-04-08 12:00:00,sim@hotboat.cl,1001553.0,luz,520.0
2028-04-08 12:00:00,sim@hotboat.cl,1001553.0,gas,10000.0
2028-04-08 12:10:00,sim@hotboat.cl,1001554.0,leña,1500.0
2028-04-08 12:10:00,sim@hotboat.cl,1001554.0,agua,700.0
2028-04-08 12:10:00,sim@hotboat.cl,1001554.0,luz,520.0
2028-04-08 12:10:00,sim@hotboat.cl,1001554.0,gas,10000.0
2028-04-09 12:00:00,sim@hotboat.cl,1001555.0,leña,1500.0
2028-04-09 12:00:00,sim@hotboat.cl,1001555.0,agua,700.0
2028-04-09 12:00:00,sim@hotboat.cl,1001555.0,luz,520.0
2028-04-09 12:00:00,sim@hotboat.cl,1001555.0,gas,10000.0
2028-04-12 12:00:00,sim@hotboat.cl,1001556.0,leña,1500.0
2028-04-12 12:00:00,sim@hotboat.cl,1001556.0,agua,700.0
2028-04-12 12:00:00,sim@hotboat.cl,1001556.0,luz,520.0
2028-04-12 12:00:00,sim@hotboat.cl,1001556.0,gas,10000.0
2028-04-16 12:00:00,sim@hotboat.cl,1001557.0,leña,1500.0
2028-04-16 12:00:00,sim@hotboat.cl,1001557.0,agua,700.0
2028-04-16 12:00:00,sim@hotboat.cl,1001557.0,luz,520.0
2028-04-16 12:00:00,sim@hotboat.cl,1001557.0,gas,10000.0
2028-04-17 12:00:00,sim@hotboat.cl,1001558.0,leña,1500.0
2028-04-17 12:00:00,sim@hotboat.cl,1001558.0,agua,700.0
2028-04-17 12:00:00,sim@hotboat.cl,1001558.0,luz,520.0
2028-04-17 12:00:00,sim@hotboat.cl,1001558.0,gas,10000.0
2028-04-19 12:00:00,sim@hotboat.cl,1001559.0,leña,1500.0
2028-04-19 12:00:00,sim@hotboat.cl,1001559.0,agua,700.0
2028-04-19 12:00:00,sim@hotboat.cl,1001559.0,luz,520.0
2028-04-19 12:00:00,sim@hotboat.cl,1001559.0,gas,10000.0
2028-04-22 12:00:00,sim@hotboat.cl,1001560.0,leña,1500.0
2028-04-22 12:00:00,sim@hotboat.cl,1001560.0,agua,700.0
2028-04-22 12:00:00,sim@hotboat.cl,1001560.0,luz,520.0
2028-04-22 12:00:00,sim@hotboat.cl,1001560.0,gas,10000.0
2028-04-25 12:00:00,sim@hotboat.cl,1001561.0,leña,1500.0
2028-04-25 12:00:00,sim@hotboat.cl,1001561.0,agua,700.0
2028-04-25 12:00:00,sim@hotboat.cl,1001561.0,luz,520.0
2028-04-25 12:00:00,sim@hotboat.cl,1001561.0,gas,10000.0
2028-04-26 12:00:00,sim@hotboat.cl,1001562.0,leña,1500.0
2028-04-26 12:00:00,sim@hotboat.cl,1001562.0,agua,700.0
2028-04-26 12:00:00,sim@hotboat.cl,1001562.0,luz,520.0
2028-04-26 12:00:00,sim@hotboat.cl,1001562.0,gas,10000.0
2028-04-27 12:00:00,sim@hotboat.cl,1001563.0,leña,1500.0
2028-04-27 12:00:00,sim@hotboat.cl,1001563.0,agua,700.0
2028-04-27 12:00:00,sim@hotboat.cl,1001563.0,luz,520.0
2028-04-27 12:00:00,sim@hotboat.cl,1001563.0,gas,10000.0
2028-04-27 12:10:00,sim@hotboat.cl,1001564.0,leña,1500.0
2028-04-27 12:10:00,sim@hotboat.cl,1001564.0,agua,700.0
2028-04-27 12:10:00,sim@hotboat.cl,1001564.0,luz,520.0
2028-04-27 12:10:00,sim@hotboat.cl,1001564.0,gas,10000.0
2028-04-27 12:20:00,sim@hotboat.cl,1001565.0,leña,1500.0
2028-04-27 12:20:00,sim@hotboat.cl,1001565.0,agua,700.0
2028-04-27 12:20:00,sim@hotboat.cl,1001565.0,luz,520.0
2028-04-27 12:20:00,sim@hotboat.cl,1001565.0,gas,10000.0
2028-04-29 12:00:00,sim@hotboat.cl,1001566.0,leña,1500.0
2028-04-29 12:00:00,sim@hotboat.cl,1001566.0,agua,700.0
2028-04-29 12:00:00,sim@hotboat.cl,1001566.0,luz,520.0
2028-04-29 12:00:00,sim@hotboat.cl,1001566.0,gas,10000.0
2028-04-29 12:10:00,sim@hotboat.cl,1001567.0,leña,1500.0
2028-04-29 12:10:00,sim@hotboat.cl,1001567.0,agua,700.0
2028-04-29 12:10:00,sim@hotboat.cl,1001567.0,luz,520.0
2028-04-29 12:10:00,sim@hotboat.cl,1001567.0,gas,10000.0
2028-04-29 12:20:00,sim@hotboat.cl,1001568.0,leña,1500.0
2028-04-29 12:20:00,sim@hotboat.cl,1001568.0,agua,700.0
2028-04-29 12:20:00,sim@hotboat.cl,1001568.0,luz,520.0
2028-04-29 12:20:00,sim@hotboat.cl,1001568.0,gas,10000.0
2028-04-30 12:00:00,sim@hotboat.cl,1001569.0,leña,1500.0
2028-04-30 12:00:00,sim@hotboat.cl,1001569.0,agua,700.0
2028-04-30 12:00:00,sim@hotboat.cl,1001569.0,luz,520.0
2028-04-30 12:00:00,sim@hotboat.cl,1001569.0,gas,10000.0
2028-04-30 12:10:00,sim@hotboat.cl,1001570.0,leña,1500.0
2028-04-30 12:10:00,sim@hotboat.cl,1001570.0,agua,700.0
2028-04-30 12:10:00,sim@hotboat.cl,1001570.0,luz,520.0
2028-04-30 12:10:00,sim@hotboat.cl,1001570.0,gas,10000.0
2028-04-30 12:20:00,sim@hotboat.cl,1001571.0,leña,1500.0
2028-04-30 12:20:00,sim@hotboat.cl,1001571.0,agua,700.0
2028-04-30 12:20:00,sim@hotboat.cl,1001571.0,luz,520.0
2028-04-30 12:20:00,sim@hotboat.cl,1001571.0,gas,10000.0
2028-04-01 20:00:00,sim@hotboat.cl,,pago extra ayudante (diario),150000.0
2028-04-02 20:00:00,sim@hotboat.cl,,pago extra ayudante (diario),60000.0
2028-04-03 20:00:00,sim@hotboat.cl,,pago extra ayudante (diario),30000.0
2028-04-04 20:00:00,sim@hotboat.cl,,pago extra ayudante (diario),60000.0
2028-04-05 20:00:00,sim@hotboat.cl,,pago extra ayudante (diario),60000.0
2028-04-07 20:00:00,sim@hotboat.cl,,pago extra ayudante (diario),30000.0
2028-04-08 20:00:00,sim@hotboat.cl,,pago extra ayudante (diario),60000.0
2028-04-09 20:00:00,sim@hotboat.cl,,pago extra ayudante (diario),30000.0
2028-04-12 20:00:00,sim@hotboat.cl,,pago extra ayudante (diario),30000.0
2028-04-16 20:00:00,sim@hotboat.cl,,pago extra ayudante (diario),30000.0
2028-04-17 20:00:00,sim@hotboat.cl,,pago extra ayudante (diario),30000.0
2028-04-19 20:00:00,sim@hotboat.cl,,pago extra ayudante (diario),30000.0
2028-04-22 20:00:00,sim@hotboat.cl,,pago extra ayudante (diario),30000.0
2028-04-25 20:00:00,sim@hotboat.cl,,pago extra ayudante (diario),30000.0
2028-04-26 20:00:00,sim@hotboat.cl,,pago extra ayudante (diario),30000.0
2028-04-27 20:00:00,sim@hotboat.cl,,pago extra ayudante (diario),90000.0
2028-04-29 20:00:00,sim@hotboat.cl,,pago extra ayudante (diario),90000.0
2028-04-30 20:00:00,sim@hotboat.cl,,pago extra ayudante (diario),90000.0
2028-05-02 12:00:00,sim@hotboat.cl,1001572.0,leña,1500.0
2028-05-02 12:00:00,sim@hotboat.cl,1001572.0,agua,700.0
2028-05-02 12:00:00,sim@hotboat.cl,1001572.0,luz,520.0
2028-05-02 12:00:00,sim@hotboat.cl,1001572.0,gas,10000.0
2028-05-02 12:10:00,sim@hotboat.cl,1001573.0,leña,1500.0
2028-05-02 12:10:00,sim@hotboat.cl,1001573.0,agua,700.0
2028-05-02 12:10:00,sim@hotboat.cl,1001573.0,luz,520.0
2028-05-02 12:10:00,sim@hotboat.cl,1001573.0,gas,10000.0
2028-05-03 12:00:00,sim@hotboat.cl,1001574.0,leña,1500.0
2028-05-03 12:00:00,sim@hotboat.cl,1001574.0,agua,700.0
2028-05-03 12:00:00,sim@hotboat.cl,1001574.0,luz,520.0
2028-05-03 12:00:00,sim@hotboat.cl,1001574.0,gas,10000.0
2028-05-05 12:00:00,sim@hotboat.cl,1001575.0,leña,1500.0
2028-05-05 12:00:00,sim@hotboat.cl,1001575.0,agua,700.0
2028-05-05 12:00:00,sim@hotboat.cl,1001575.0,luz,520.0
2028-05-05 12:00:00,sim@hotboat.cl,1001575.0,gas,10000.0
2028-05-06 12:00:00,sim@hotboat.cl,1001576.0,leña,1500.0
2028-05-06 12:00:00,sim@hotboat.cl,1001576.0,agua,700.0
2028-05-06 12:00:00,sim@hotboat.cl,1001576.0,luz,520.0
2028-05-06 12:00:00,sim@hotboat.cl,1001576.0,gas,10000.0
2028-05-06 12:10:00,sim@hotboat.cl,1001577.0,leña,1500.0
2028-05-06 12:10:00,sim@hotboat.cl,1001577.0,agua,700.0
2028-05-06 12:10:00,sim@hotboat.cl,1001577.0,luz,520.0
2028-05-06 12:10:00,sim@hotboat.cl,1001577.0,gas,10000.0
2028-05-06 12:20:00,sim@hotboat.cl,1001578.0,leña,1500.0
2028-05-06 12:20:00,sim@hotboat.cl,1001578.0,agua,700.0
2028-05-06 12:20:00,sim@hotboat.cl,1001578.0,luz,520.0
2028-05-06 12:20:00,sim@hotboat.cl,1001578.0,gas,10000.0
2028-05-06 12:30:00,sim@hotboat.cl,1001579.0,leña,1500.0
2028-05-06 12:30:00,sim@hotboat.cl,1001579.0,agua,700.0
2028-05-06 12:30:00,sim@hotboat.cl,1001579.0,luz,520.0
2028-05-06 12:30:00,sim@hotboat.cl,1001579.0,gas,10000.0
2028-05-06 12:40:00,sim@hotboat.cl,1001580.0,leña,1500.0
2028-05-06 12:40:00,sim@hotboat.cl,1001580.0,agua,700.0
2028-05-06 12:40:00,sim@hotboat.cl,1001580.0,luz,520.0
2028-05-06 12:40:00,sim@hotboat.cl,1001580.0,gas,10000.0
2028-05-07 12:00:00,sim@hotboat.cl,1001581.0,leña,1500.0
2028-05-07 12:00:00,sim@hotboat.cl,1001581.0,agua,700.0
2028-05-07 12:00:00,sim@hotboat.cl,1001581.0,luz,520.0
2028-05-07 12:00:00,sim@hotboat.cl,1001581.0,gas,10000.0
2028-05-07 12:10:00,sim@hotboat.cl,1001582.0,leña,1500.0
2028-05-07 12:10:00,sim@hotboat.cl,1001582.0,agua,700.0
2028-05-07 12:10:00,sim@hotboat.cl,1001582.0,luz,520.0
2028-05-07 12:10:00,sim@hotboat.cl,1001582.0,gas,10000.0
2028-05-07 12:20:00,sim@hotboat.cl,1001583.0,leña,1500.0
2028-05-07 12:20:00,sim@hotboat.cl,1001583.0,agua,700.0
2028-05-07 12:20:00,sim@hotboat.cl,1001583.0,luz,520.0
2028-05-07 12:20:00,sim@hotboat.cl,1001583.0,gas,10000.0
2028-05-10 12:00:00,sim@hotboat.cl,1001584.0,leña,1500.0
2028-05-10 12:00:00,sim@hotboat.cl,1001584.0,agua,700.0
2028-05-10 12:00:00,sim@hotboat.cl,1001584.0,luz,520.0
2028-05-10 12:00:00,sim@hotboat.cl,1001584.0,gas,10000.0
2028-05-13 12:00:00,sim@hotboat.cl,1001585.0,leña,1500.0
2028-05-13 12:00:00,sim@hotboat.cl,1001585.0,agua,700.0
2028-05-13 12:00:00,sim@hotboat.cl,1001585.0,luz,520.0
2028-05-13 12:00:00,sim@hotboat.cl,1001585.0,gas,10000.0
2028-05-13 12:10:00,sim@hotboat.cl,1001586.0,leña,1500.0
2028-05-13 12:10:00,sim@hotboat.cl,1001586.0,agua,700.0
2028-05-13 12:10:00,sim@hotboat.cl,1001586.0,luz,520.0
2028-05-13 12:10:00,sim@hotboat.cl,1001586.0,gas,10000.0
2028-05-14 12:00:00,sim@hotboat.cl,1001587.0,leña,1500.0
2028-05-14 12:00:00,sim@hotboat.cl,1001587.0,agua,700.0
2028-05-14 12:00:00,sim@hotboat.cl,1001587.0,luz,520.0
2028-05-14 12:00:00,sim@hotboat.cl,1001587.0,gas,10000.0
2028-05-17 12:00:00,sim@hotboat.cl,1001588.0,leña,1500.0
2028-05-17 12:00:00,sim@hotboat.cl,1001588.0,agua,700.0
2028-05-17 12:00:00,sim@hotboat.cl,1001588.0,luz,520.0
2028-05-17 12:00:00,sim@hotboat.cl,1001588.0,gas,10000.0
2028-05-20 12:00:00,sim@hotboat.cl,1001589.0,leña,1500.0
2028-05-20 12:00:00,sim@hotboat.cl,1001589.0,agua,700.0
2028-05-20 12:00:00,sim@hotboat.cl,1001589.0,luz,520.0
2028-05-20 12:00:00,sim@hotboat.cl,1001589.0,gas,10000.0
2028-05-21 12:00:00,sim@hotboat.cl,1001590.0,leña,1500.0
2028-05-21 12:00:00,sim@hotboat.cl,1001590.0,agua,700.0
2028-05-21 12:00:00,sim@hotboat.cl,1001590.0,luz,520.0
2028-05-21 12:00:00,sim@hotboat.cl,1001590.0,gas,10000.0
2028-05-21 12:10:00,sim@hotboat.cl,1001591.0,leña,1500.0
2028-05-21 12:10:00,sim@hotboat.cl,1001591.0,agua,700.0
2028-05-21 12:10:00,sim@hotboat.cl,1001591.0,luz,520.0
2028-05-21 12:10:00,sim@hotboat.cl,1001591.0,gas,10000.0
2028-05-23 12:00:00,sim@hotboat.cl,1001592.0,leña,1500.0
2028-05-23 12:00:00,sim@hotboat.cl,1001592.0,agua,700.0
2028-05-23 12:00:00,sim@hotboat.cl,1001592.0,luz,520.0
2028-05-23 12:00:00,sim@hotboat.cl,1001592.0,gas,10000.0
2028-05-24 12:00:00,sim@hotboat.cl,1001593.0,leña,1500.0
2028-05-24 12:00:00,sim@hotboat.cl,1001593.0,agua,700.0
2028-05-24 12:00:00,sim@hotboat.cl,1001593.0,luz,520.0
2028-05-24 12:00:00,sim@hotboat.cl,1001593.0,gas,10000.0
2028-05-25 12:00:00,sim@hotboat.cl,1001594.0,leña,1500.0
2028-05-25 12:00:00,sim@hotboat.cl,1001594.0,agua,700.0
2028-05-25 12:00:00,sim@hotboat.cl,1001594.0,luz,520.0
2028-05-25 12:00:00,sim@hotboat.cl,1001594.0,gas,10000.0
2028-05-25 12:10:00,sim@hotboat.cl,1001595.0,leña,1500.0
2028-05-25 12:10:00,sim@hotboat.cl,1001595.0,agua,700.0
2028-05-25 12:10:00,sim@hotboat.cl,1001595.0,luz,520.0
2028-05-25 12:10:00,sim@hotboat.cl,1001595.0,gas,10000.0
2028-05-25 12:20:00,sim@hotboat.cl,1001596.0,leña,1500.0
2028-05-25 12:20:00,sim@hotboat.cl,1001596.0,agua,700.0
2028-05-25 12:20:00,sim@hotboat.cl,1001596.0,luz,520.0
2028-05-25 12:20:00,sim@hotboat.cl,1001596.0,gas,10000.0
2028-05-27 12:00:00,sim@hotboat.cl,1001597.0,leña,1500.0
2028-05-27 12:00:00,sim@hotboat.cl,1001597.0,agua,700.0
2028-05-27 12:00:00,sim@hotboat.cl,1001597.0,luz,520.0
2028-05-27 12:00:00,sim@hotboat.cl,1001597.0,gas,10000.0
2028-05-27 12:10:00,sim@hotboat.cl,1001598.0,leña,1500.0
2028-05-27 12:10:00,sim@hotboat.cl,1001598.0,agua,700.0
2028-05-27 12:10:00,sim@hotboat.cl,1001598.0,luz,520.0
2028-05-27 12:10:00,sim@hotboat.cl,1001598.0,gas,10000.0
2028-05-28 12:00:00,sim@hotboat.cl,1001599.0,leña,1500.0
2028-05-28 12:00:00,sim@hotboat.cl,1001599.0,agua,700.0
2028-05-28 12:00:00,sim@hotboat.cl,1001599.0,luz,520.0
2028-05-28 12:00:00,sim@hotboat.cl,1001599.0,gas,10000.0
2028-05-29 12:00:00,sim@hotboat.cl,1001600.0,leña,1500.0
2028-05-29 12:00:00,sim@hotboat.cl,1001600.0,agua,700.0
2028-05-29 12:00:00,sim@hotboat.cl,1001600.0,luz,520.0
2028-05-29 12:00:00,sim@hotboat.cl,1001600.0,gas,10000.0
2028-05-02 20:00:00,sim@hotboat.cl,,pago extra ayudante (diario),60000.0
2028-05-03 20:00:00,sim@hotboat.cl,,pago extra ayudante (diario),30000.0
2028-05-05 20:00:00,sim@hotboat.cl,,pago extra ayudante (diario),30000.0
2028-05-06 20:00:00,sim@hotboat.cl,,pago extra ayudante (diario),150000.0
2028-05-07 20:00:00,sim@hotboat.cl,,pago extra ayudante (diario),90000.0
2028-05-10 20:00:00,sim@hotboat.cl,,pago extra ayudante (diario),30000.0
2028-05-13 20:00:00,sim@hotboat.cl,,pago extra ayudante (diario),60000.0
2028-05-14 20:00:00,sim@hotboat.cl,,pago extra ayudante (diario),30000.0
2028-05-17 20:00:00,sim@hotboat.cl,,pago extra ayudante (diario),30000.0
2028-05-20 20:00:00,sim@hotboat.cl,,pago extra ayudante (diario),30000.0
2028-05-21 20:00:00,sim@hotboat.cl,,pago extra ayudante (diario),60000.0
2028-05-23 20:00:00,sim@hotboat.cl,,pago extra ayudante (diario),30000.0
2028-05-24 20:00:00,sim@hotboat.cl,,pago extra ayudante (diario),30000.0
2028-05-25 20:00:00,sim@hotboat.cl,,pago extra ayudante (diario),90000.0
2028-05-27 20:00:00,sim@hotboat.cl,,pago extra ayudante (diario),60000.0
2028-05-28 20:00:00,sim@hotboat.cl,,pago extra ayudante (diario),30000.0
2028-05-29 20:00:00,sim@hotboat.cl,,pago extra ayudante (diario),30000.0
2028-06-02 12:00:00,sim@hotboat.cl,1001601.0,leña,1500.0
2028-06-02 12:00:00,sim@hotboat.cl,1001601.0,agua,700.0
2028-06-02 12:00:00,sim@hotboat.cl,1001601.0,luz,520.0
2028-06-02 12:00:00,sim@hotboat.cl,1001601.0,gas,10000.0
2028-06-03 12:00:00,sim@hotboat.cl,1001602.0,leña,1500.0
2028-06-03 12:00:00,sim@hotboat.cl,1001602.0,agua,700.0
2028-06-03 12:00:00,sim@hotboat.cl,1001602.0,luz,520.0
2028-06-03 12:00:00,sim@hotboat.cl,1001602.0,gas,10000.0
2028-06-03 12:10:00,sim@hotboat.cl,1001603.0,leña,1500.0
2028-06-03 12:10:00,sim@hotboat.cl,1001603.0,agua,700.0
2028-06-03 12:10:00,sim@hotboat.cl,1001603.0,luz,520.0
2028-06-03 12:10:00,sim@hotboat.cl,1001603.0,gas,10000.0
2028-06-03 12:20:00,sim@hotboat.cl,1001604.0,leña,1500.0
2028-06-03 12:20:00,sim@hotboat.cl,1001604.0,agua,700.0
2028-06-03 12:20:00,sim@hotboat.cl,1001604.0,luz,520.0
2028-06-03 12:20:00,sim@hotboat.cl,1001604.0,gas,10000.0
2028-06-03 12:30:00,sim@hotboat.cl,1001605.0,leña,1500.0
2028-06-03 12:30:00,sim@hotboat.cl,1001605.0,agua,700.0
2028-06-03 12:30:00,sim@hotboat.cl,1001605.0,luz,520.0
2028-06-03 12:30:00,sim@hotboat.cl,1001605.0,gas,10000.0
2028-06-03 12:40:00,sim@hotboat.cl,1001606.0,leña,1500.0
2028-06-03 12:40:00,sim@hotboat.cl,1001606.0,agua,700.0
2028-06-03 12:40:00,sim@hotboat.cl,1001606.0,luz,520.0
2028-06-03 12:40:00,sim@hotboat.cl,1001606.0,gas,10000.0
2028-06-04 12:00:00,sim@hotboat.cl,1001607.0,leña,1500.0
2028-06-04 12:00:00,sim@hotboat.cl,1001607.0,agua,700.0
2028-06-04 12:00:00,sim@hotboat.cl,1001607.0,luz,520.0
2028-06-04 12:00:00,sim@hotboat.cl,1001607.0,gas,10000.0
2028-06-04 12:10:00,sim@hotboat.cl,1001608.0,leña,1500.0
2028-06-04 12:10:00,sim@hotboat.cl,1001608.0,agua,700.0
2028-06-04 12:10:00,sim@hotboat.cl,1001608.0,luz,520.0
2028-06-04 12:10:00,sim@hotboat.cl,1001608.0,gas,10000.0
2028-06-05 12:00:00,sim@hotboat.cl,1001609.0,leña,1500.0
2028-06-05 12:00:00,sim@hotboat.cl,1001609.0,agua,700.0
2028-06-05 12:00:00,sim@hotboat.cl,1001609.0,luz,520.0
2028-06-05 12:00:00,sim@hotboat.cl,1001609.0,gas,10000.0
2028-06-10 12:00:00,sim@hotboat.cl,1001610.0,leña,1500.0
2028-06-10 12:00:00,sim@hotboat.cl,1001610.0,agua,700.0
2028-06-10 12:00:00,sim@hotboat.cl,1001610.0,luz,520.0
2028-06-10 12:00:00,sim@hotboat.cl,1001610.0,gas,10000.0
2028-06-11 12:00:00,sim@hotboat.cl,1001611.0,leña,1500.0
2028-06-11 12:00:00,sim@hotboat.cl,1001611.0,agua,700.0
2028-06-11 12:00:00,sim@hotboat.cl,1001611.0,luz,520.0
2028-06-11 12:00:00,sim@hotboat.cl,1001611.0,gas,10000.0
2028-06-12 12:00:00,sim@hotboat.cl,1001612.0,leña,1500.0
2028-06-12 12:00:00,sim@hotboat.cl,1001612.0,agua,700.0
2028-06-12 12:00:00,sim@hotboat.cl,1001612.0,luz,520.0
2028-06-12 12:00:00,sim@hotboat.cl,1001612.0,gas,10000.0
2028-06-18 12:00:00,sim@hotboat.cl,1001613.0,leña,1500.0
2028-06-18 12:00:00,sim@hotboat.cl,1001613.0,agua,700.0
2028-06-18 12:00:00,sim@hotboat.cl,1001613.0,luz,520.0
2028-06-18 12:00:00,sim@hotboat.cl,1001613.0,gas,10000.0
2028-06-19 12:00:00,sim@hotboat.cl,1001614.0,leña,1500.0
2028-06-19 12:00:00,sim@hotboat.cl,1001614.0,agua,700.0
2028-06-19 12:00:00,sim@hotboat.cl,1001614.0,luz,520.0
2028-06-19 12:00:00,sim@hotboat.cl,1001614.0,gas,10000.0
2028-06-23 12:00:00,sim@hotboat.cl,1001615.0,leña,1500.0
2028-06-23 12:00:00,sim@hotboat.cl,1001615.0,agua,700.0
2028-06-23 12:00:00,sim@hotboat.cl,1001615.0,luz,520.0
2028-06-23 12:00:00,sim@hotboat.cl,1001615.0,gas,10000.0
2028-06-24 12:00:00,sim@hotboat.cl,1001616.0,leña,1500.0
2028-06-24 12:00:00,sim@hotboat.cl,1001616.0,agua,700.0
2028-06-24 12:00:00,sim@hotboat.cl,1001616.0,luz,520.0
2028-06-24 12:00:00,sim@hotboat.cl,1001616.0,gas,10000.0
2028-06-27 12:00:00,sim@hotboat.cl,1001617.0,leña,1500.0
2028-06-27 12:00:00,sim@hotboat.cl,1001617.0,agua,700.0
2028-06-27 12:00:00,sim@hotboat.cl,1001617.0,luz,520.0
2028-06-27 12:00:00,sim@hotboat.cl,1001617.0,gas,10000.0
2028-06-27 12:10:00,sim@hotboat.cl,1001618.0,leña,1500.0
2028-06-27 12:10:00,sim@hotboat.cl,1001618.0,agua,700.0
2028-06-27 12:10:00,sim@hotboat.cl,1001618.0,luz,520.0
2028-06-27 12:10:00,sim@hotboat.cl,1001618.0,gas,10000.0
2028-06-29 12:00:00,sim@hotboat.cl,1001619.0,leña,1500.0
2028-06-29 12:00:00,sim@hotboat.cl,1001619.0,agua,700.0
2028-06-29 12:00:00,sim@hotboat.cl,1001619.0,luz,520.0
2028-06-29 12:00:00,sim@hotboat.cl,1001619.0,gas,10000.0
2028-06-02 20:00:00,sim@hotboat.cl,,pago extra ayudante (diario),30000.0
2028-06-03 20:00:00,sim@hotboat.cl,,pago extra ayudante (diario),150000.0
2028-06-04 20:00:00,sim@hotboat.cl,,pago extra ayudante (diario),60000.0
2028-06-05 20:00:00,sim@hotboat.cl,,pago extra ayudante (diario),30000.0
2028-06-10 20:00:00,sim@hotboat.cl,,pago extra ayudante (diario),30000.0
2028-06-11 20:00:00,sim@hotboat.cl,,pago extra ayudante (diario),30000.0
2028-06-12 20:00:00,sim@hotboat.cl,,pago extra ayudante (diario),30000.0
2028-06-18 20:00:00,sim@hotboat.cl,,pago extra ayudante (diario),30000.0
2028-06-19 20:00:00,sim@hotboat.cl,,pago extra ayudante (diario),30000.0
2028-06-23 20:00:00,sim@hotboat.cl,,pago extra ayudante (diario),30000.0
2028-06-24 20:00:00,sim@hotboat.cl,,pago extra ayudante (diario),30000.0
2028-06-27 20:00:00,sim@hotboat.cl,,pago extra ayudante (diario),60000.0
2028-06-29 20:00:00,sim@hotboat.cl,,pago extra ayudante (diario),30000.0
2028-07-01 12:00:00,sim@hotboat.cl,1001620.0,leña,1500.0
2028-07-01 12:00:00,sim@hotboat.cl,1001620.0,agua,700.0
2028-07-01 12:00:00,sim@hotboat.cl,1001620.0,luz,520.0
2028-07-01 12:00:00,sim@hotboat.cl,1001620.0,gas,10000.0
2028-07-01 12:10:00,sim@hotboat.cl,1001621.0,leña,1500.0
2028-07-01 12:10:00,sim@hotboat.cl,1001621.0,agua,700.0
2028-07-01 12:10:00,sim@hotboat.cl,1001621.0,luz,520.0
2028-07-01 12:10:00,sim@hotboat.cl,1001621.0,gas,10000.0
2028-07-01 12:20:00,sim@hotboat.cl,1001622.0,leña,1500.0
2028-07-01 12:20:00,sim@hotboat.cl,1001622.0,agua,700.0
2028-07-01 12:20:00,sim@hotboat.cl,1001622.0,luz,520.0
2028-07-01 12:20:00,sim@hotboat.cl,1001622.0,gas,10000.0
2028-07-01 12:30:00,sim@hotboat.cl,1001623.0,leña,1500.0
2028-07-01 12:30:00,sim@hotboat.cl,1001623.0,agua,700.0
2028-07-01 12:30:00,sim@hotboat.cl,1001623.0,luz,520.0
2028-07-01 12:30:00,sim@hotboat.cl,1001623.0,gas,10000.0
2028-07-01 12:40:00,sim@hotboat.cl,1001624.0,leña,1500.0
2028-07-01 12:40:00,sim@hotboat.cl,1001624.0,agua,700.0
2028-07-01 12:40:00,sim@hotboat.cl,1001624.0,luz,520.0
2028-07-01 12:40:00,sim@hotboat.cl,1001624.0,gas,10000.0
2028-07-02 12:00:00,sim@hotboat.cl,1001625.0,leña,1500.0
2028-07-02 12:00:00,sim@hotboat.cl,1001625.0,agua,700.0
2028-07-02 12:00:00,sim@hotboat.cl,1001625.0,luz,520.0
2028-07-02 12:00:00,sim@hotboat.cl,1001625.0,gas,10000.0
2028-07-02 12:10:00,sim@hotboat.cl,1001626.0,leña,1500.0
2028-07-02 12:10:00,sim@hotboat.cl,1001626.0,agua,700.0
2028-07-02 12:10:00,sim@hotboat.cl,1001626.0,luz,520.0
2028-07-02 12:10:00,sim@hotboat.cl,1001626.0,gas,10000.0
2028-07-02 12:20:00,sim@hotboat.cl,1001627.0,leña,1500.0
2028-07-02 12:20:00,sim@hotboat.cl,1001627.0,agua,700.0
2028-07-02 12:20:00,sim@hotboat.cl,1001627.0,luz,520.0
2028-07-02 12:20:00,sim@hotboat.cl,1001627.0,gas,10000.0
2028-07-02 12:30:00,sim@hotboat.cl,1001628.0,leña,1500.0
2028-07-02 12:30:00,sim@hotboat.cl,1001628.0,agua,700.0
2028-07-02 12:30:00,sim@hotboat.cl,1001628.0,luz,520.0
2028-07-02 12:30:00,sim@hotboat.cl,1001628.0,gas,10000.0
2028-07-03 12:00:00,sim@hotboat.cl,1001629.0,leña,1500.0
2028-07-03 12:00:00,sim@hotboat.cl,1001629.0,agua,700.0
2028-07-03 12:00:00,sim@hotboat.cl,1001629.0,luz,520.0
2028-07-03 12:00:00,sim@hotboat.cl,1001629.0,gas,10000.0
2028-07-03 12:10:00,sim@hotboat.cl,1001630.0,leña,1500.0
2028-07-03 12:10:00,sim@hotboat.cl,1001630.0,agua,700.0
2028-07-03 12:10:00,sim@hotboat.cl,1001630.0,luz,520.0
2028-07-03 12:10:00,sim@hotboat.cl,1001630.0,gas,10000.0
2028-07-04 12:00:00,sim@hotboat.cl,1001631.0,leña,1500.0
2028-07-04 12:00:00,sim@hotboat.cl,1001631.0,agua,700.0
2028-07-04 12:00:00,sim@hotboat.cl,1001631.0,luz,520.0
2028-07-04 12:00:00,sim@hotboat.cl,1001631.0,gas,10000.0
2028-07-04 12:10:00,sim@hotboat.cl,1001632.0,leña,1500.0
2028-07-04 12:10:00,sim@hotboat.cl,1001632.0,agua,700.0
2028-07-04 12:10:00,sim@hotboat.cl,1001632.0,luz,520.0
2028-07-04 12:10:00,sim@hotboat.cl,1001632.0,gas,10000.0
2028-07-04 12:20:00,sim@hotboat.cl,1001633.0,leña,1500.0
2028-07-04 12:20:00,sim@hotboat.cl,1001633.0,agua,700.0
2028-07-04 12:20:00,sim@hotboat.cl,1001633.0,luz,520.0
2028-07-04 12:20:00,sim@hotboat.cl,1001633.0,gas,10000.0
2028-07-05 12:00:00,sim@hotboat.cl,1001634.0,leña,1500.0
2028-07-05 12:00:00,sim@hotboat.cl,1001634.0,agua,700.0
2028-07-05 12:00:00,sim@hotboat.cl,1001634.0,luz,520.0
2028-07-05 12:00:00,sim@hotboat.cl,1001634.0,gas,10000.0
2028-07-05 12:10:00,sim@hotboat.cl,1001635.0,leña,1500.0
2028-07-05 12:10:00,sim@hotboat.cl,1001635.0,agua,700.0
2028-07-05 12:10:00,sim@hotboat.cl,1001635.0,luz,520.0
2028-07-05 12:10:00,sim@hotboat.cl,1001635.0,gas,10000.0
2028-07-07 12:00:00,sim@hotboat.cl,1001636.0,leña,1500.0
2028-07-07 12:00:00,sim@hotboat.cl,1001636.0,agua,700.0
2028-07-07 12:00:00,sim@hotboat.cl,1001636.0,luz,520.0
2028-07-07 12:00:00,sim@hotboat.cl,1001636.0,gas,10000.0
2028-07-07 12:10:00,sim@hotboat.cl,1001637.0,leña,1500.0
2028-07-07 12:10:00,sim@hotboat.cl,1001637.0,agua,700.0
2028-07-07 12:10:00,sim@hotboat.cl,1001637.0,luz,520.0
2028-07-07 12:10:00,sim@hotboat.cl,1001637.0,gas,10000.0
2028-07-08 12:00:00,sim@hotboat.cl,1001638.0,leña,1500.0
2028-07-08 12:00:00,sim@hotboat.cl,1001638.0,agua,700.0
2028-07-08 12:00:00,sim@hotboat.cl,1001638.0,luz,520.0
2028-07-08 12:00:00,sim@hotboat.cl,1001638.0,gas,10000.0
2028-07-08 12:10:00,sim@hotboat.cl,1001639.0,leña,1500.0
2028-07-08 12:10:00,sim@hotboat.cl,1001639.0,agua,700.0
2028-07-08 12:10:00,sim@hotboat.cl,1001639.0,luz,520.0
2028-07-08 12:10:00,sim@hotboat.cl,1001639.0,gas,10000.0
2028-07-08 12:20:00,sim@hotboat.cl,1001640.0,leña,1500.0
2028-07-08 12:20:00,sim@hotboat.cl,1001640.0,agua,700.0
2028-07-08 12:20:00,sim@hotboat.cl,1001640.0,luz,520.0
2028-07-08 12:20:00,sim@hotboat.cl,1001640.0,gas,10000.0
2028-07-09 12:00:00,sim@hotboat.cl,1001641.0,leña,1500.0
2028-07-09 12:00:00,sim@hotboat.cl,1001641.0,agua,700.0
2028-07-09 12:00:00,sim@hotboat.cl,1001641.0,luz,520.0
2028-07-09 12:00:00,sim@hotboat.cl,1001641.0,gas,10000.0
2028-07-12 12:00:00,sim@hotboat.cl,1001642.0,leña,1500.0
2028-07-12 12:00:00,sim@hotboat.cl,1001642.0,agua,700.0
2028-07-12 12:00:00,sim@hotboat.cl,1001642.0,luz,520.0
2028-07-12 12:00:00,sim@hotboat.cl,1001642.0,gas,10000.0
2028-07-14 12:00:00,sim@hotboat.cl,1001643.0,leña,1500.0
2028-07-14 12:00:00,sim@hotboat.cl,1001643.0,agua,700.0
2028-07-14 12:00:00,sim@hotboat.cl,1001643.0,luz,520.0
2028-07-14 12:00:00,sim@hotboat.cl,1001643.0,gas,10000.0
2028-07-15 12:00:00,sim@hotboat.cl,1001644.0,leña,1500.0
2028-07-15 12:00:00,sim@hotboat.cl,1001644.0,agua,700.0
2028-07-15 12:00:00,sim@hotboat.cl,1001644.0,luz,520.0
2028-07-15 12:00:00,sim@hotboat.cl,1001644.0,gas,10000.0
2028-07-16 12:00:00,sim@hotboat.cl,1001645.0,leña,1500.0
2028-07-16 12:00:00,sim@hotboat.cl,1001645.0,agua,700.0
2028-07-16 12:00:00,sim@hotboat.cl,1001645.0,luz,520.0
2028-07-16 12:00:00,sim@hotboat.cl,1001645.0,gas,10000.0
2028-07-16 12:10:00,sim@hotboat.cl,1001646.0,leña,1500.0
2028-07-16 12:10:00,sim@hotboat.cl,1001646.0,agua,700.0
2028-07-16 12:10:00,sim@hotboat.cl,1001646.0,luz,520.0
2028-07-16 12:10:00,sim@hotboat.cl,1001646.0,gas,10000.0
2028-07-16 12:20:00,sim@hotboat.cl,1001647.0,leña,1500.0
2028-07-16 12:20:00,sim@hotboat.cl,1001647.0,agua,700.0
2028-07-16 12:20:00,sim@hotboat.cl,1001647.0,luz,520.0
2028-07-16 12:20:00,sim@hotboat.cl,1001647.0,gas,10000.0
2028-07-17 12:00:00,sim@hotboat.cl,1001648.0,leña,1500.0
2028-07-17 12:00:00,sim@hotboat.cl,1001648.0,agua,700.0
2028-07-17 12:00:00,sim@hotboat.cl,1001648.0,luz,520.0
2028-07-17 12:00:00,sim@hotboat.cl,1001648.0,gas,10000.0
2028-07-17 12:10:00,sim@hotboat.cl,1001649.0,leña,1500.0
2028-07-17 12:10:00,sim@hotboat.cl,1001649.0,agua,700.0
2028-07-17 12:10:00,sim@hotboat.cl,1001649.0,luz,520.0
2028-07-17 12:10:00,sim@hotboat.cl,1001649.0,gas,10000.0
2028-07-19 12:00:00,sim@hotboat.cl,1001650.0,leña,1500.0
2028-07-19 12:00:00,sim@hotboat.cl,1001650.0,agua,700.0
2028-07-19 12:00:00,sim@hotboat.cl,1001650.0,luz,520.0
2028-07-19 12:00:00,sim@hotboat.cl,1001650.0,gas,10000.0
2028-07-22 12:00:00,sim@hotboat.cl,1001651.0,leña,1500.0
2028-07-22 12:00:00,sim@hotboat.cl,1001651.0,agua,700.0
2028-07-22 12:00:00,sim@hotboat.cl,1001651.0,luz,520.0
2028-07-22 12:00:00,sim@hotboat.cl,1001651.0,gas,10000.0
2028-07-22 12:10:00,sim@hotboat.cl,1001652.0,leña,1500.0
2028-07-22 12:10:00,sim@hotboat.cl,1001652.0,agua,700.0
2028-07-22 12:10:00,sim@hotboat.cl,1001652.0,luz,520.0
2028-07-22 12:10:00,sim@hotboat.cl,1001652.0,gas,10000.0
2028-07-23 12:00:00,sim@hotboat.cl,1001653.0,leña,1500.0
2028-07-23 12:00:00,sim@hotboat.cl,1001653.0,agua,700.0
2028-07-23 12:00:00,sim@hotboat.cl,1001653.0,luz,520.0
2028-07-23 12:00:00,sim@hotboat.cl,1001653.0,gas,10000.0
2028-07-23 12:10:00,sim@hotboat.cl,1001654.0,leña,1500.0
2028-07-23 12:10:00,sim@hotboat.cl,1001654.0,agua,700.0
2028-07-23 12:10:00,sim@hotboat.cl,1001654.0,luz,520.0
2028-07-23 12:10:00,sim@hotboat.cl,1001654.0,gas,10000.0
2028-07-23 12:20:00,sim@hotboat.cl,1001655.0,leña,1500.0
2028-07-23 12:20:00,sim@hotboat.cl,1001655.0,agua,700.0
2028-07-23 12:20:00,sim@hotboat.cl,1001655.0,luz,520.0
2028-07-23 12:20:00,sim@hotboat.cl,1001655.0,gas,10000.0
2028-07-23 12:30:00,sim@hotboat.cl,1001656.0,leña,1500.0
2028-07-23 12:30:00,sim@hotboat.cl,1001656.0,agua,700.0
2028-07-23 12:30:00,sim@hotboat.cl,1001656.0,luz,520.0
2028-07-23 12:30:00,sim@hotboat.cl,1001656.0,gas,10000.0
2028-07-25 12:00:00,sim@hotboat.cl,1001657.0,leña,1500.0
2028-07-25 12:00:00,sim@hotboat.cl,1001657.0,agua,700.0
2028-07-25 12:00:00,sim@hotboat.cl,1001657.0,luz,520.0
2028-07-25 12:00:00,sim@hotboat.cl,1001657.0,gas,10000.0
2028-07-25 12:10:00,sim@hotboat.cl,1001658.0,leña,1500.0
2028-07-25 12:10:00,sim@hotboat.cl,1001658.0,agua,700.0
2028-07-25 12:10:00,sim@hotboat.cl,1001658.0,luz,520.0
2028-07-25 12:10:00,sim@hotboat.cl,1001658.0,gas,10000.0
2028-07-26 12:00:00,sim@hotboat.cl,1001659.0,leña,1500.0
2028-07-26 12:00:00,sim@hotboat.cl,1001659.0,agua,700.0
2028-07-26 12:00:00,sim@hotboat.cl,1001659.0,luz,520.0
2028-07-26 12:00:00,sim@hotboat.cl,1001659.0,gas,10000.0
2028-07-26 12:10:00,sim@hotboat.cl,1001660.0,leña,1500.0
2028-07-26 12:10:00,sim@hotboat.cl,1001660.0,agua,700.0
2028-07-26 12:10:00,sim@hotboat.cl,1001660.0,luz,520.0
2028-07-26 12:10:00,sim@hotboat.cl,1001660.0,gas,10000.0
2028-07-27 12:00:00,sim@hotboat.cl,1001661.0,leña,1500.0
2028-07-27 12:00:00,sim@hotboat.cl,1001661.0,agua,700.0
2028-07-27 12:00:00,sim@hotboat.cl,1001661.0,luz,520.0
2028-07-27 12:00:00,sim@hotboat.cl,1001661.0,gas,10000.0
2028-07-27 12:10:00,sim@hotboat.cl,1001662.0,leña,1500.0
2028-07-27 12:10:00,sim@hotboat.cl,1001662.0,agua,700.0
2028-07-27 12:10:00,sim@hotboat.cl,1001662.0,luz,520.0
2028-07-27 12:10:00,sim@hotboat.cl,1001662.0,gas,10000.0
2028-07-27 12:20:00,sim@hotboat.cl,1001663.0,leña,1500.0
2028-07-27 12:20:00,sim@hotboat.cl,1001663.0,agua,700.0
2028-07-27 12:20:00,sim@hotboat.cl,1001663.0,luz,520.0
2028-07-27 12:20:00,sim@hotboat.cl,1001663.0,gas,10000.0
2028-07-29 12:00:00,sim@hotboat.cl,1001664.0,leña,1500.0
2028-07-29 12:00:00,sim@hotboat.cl,1001664.0,agua,700.0
2028-07-29 12:00:00,sim@hotboat.cl,1001664.0,luz,520.0
2028-07-29 12:00:00,sim@hotboat.cl,1001664.0,gas,10000.0
2028-07-29 12:10:00,sim@hotboat.cl,1001665.0,leña,1500.0
2028-07-29 12:10:00,sim@hotboat.cl,1001665.0,agua,700.0
2028-07-29 12:10:00,sim@hotboat.cl,1001665.0,luz,520.0
2028-07-29 12:10:00,sim@hotboat.cl,1001665.0,gas,10000.0
2028-07-29 12:20:00,sim@hotboat.cl,1001666.0,leña,1500.0
2028-07-29 12:20:00,sim@hotboat.cl,1001666.0,agua,700.0
2028-07-29 12:20:00,sim@hotboat.cl,1001666.0,luz,520.0
2028-07-29 12:20:00,sim@hotboat.cl,1001666.0,gas,10000.0
2028-07-29 12:30:00,sim@hotboat.cl,1001667.0,leña,1500.0
2028-07-29 12:30:00,sim@hotboat.cl,1001667.0,agua,700.0
2028-07-29 12:30:00,sim@hotboat.cl,1001667.0,luz,520.0
2028-07-29 12:30:00,sim@hotboat.cl,1001667.0,gas,10000.0
2028-07-30 12:00:00,sim@hotboat.cl,1001668.0,leña,1500.0
2028-07-30 12:00:00,sim@hotboat.cl,1001668.0,agua,700.0
2028-07-30 12:00:00,sim@hotboat.cl,1001668.0,luz,520.0
2028-07-30 12:00:00,sim@hotboat.cl,1001668.0,gas,10000.0
2028-07-30 12:10:00,sim@hotboat.cl,1001669.0,leña,1500.0
2028-07-30 12:10:00,sim@hotboat.cl,1001669.0,agua,700.0
2028-07-30 12:10:00,sim@hotboat.cl,1001669.0,luz,520.0
2028-07-30 12:10:00,sim@hotboat.cl,1001669.0,gas,10000.0
2028-07-30 12:20:00,sim@hotboat.cl,1001670.0,leña,1500.0
2028-07-30 12:20:00,sim@hotboat.cl,1001670.0,agua,700.0
2028-07-30 12:20:00,sim@hotboat.cl,1001670.0,luz,520.0
2028-07-30 12:20:00,sim@hotboat.cl,1001670.0,gas,10000.0
2028-07-31 12:00:00,sim@hotboat.cl,1001671.0,leña,1500.0
2028-07-31 12:00:00,sim@hotboat.cl,1001671.0,agua,700.0
2028-07-31 12:00:00,sim@hotboat.cl,1001671.0,luz,520.0
2028-07-31 12:00:00,sim@hotboat.cl,1001671.0,gas,10000.0
2028-07-31 12:10:00,sim@hotboat.cl,1001672.0,leña,1500.0
2028-07-31 12:10:00,sim@hotboat.cl,1001672.0,agua,700.0
2028-07-31 12:10:00,sim@hotboat.cl,1001672.0,luz,520.0
2028-07-31 12:10:00,sim@hotboat.cl,1001672.0,gas,10000.0
2028-07-01 20:00:00,sim@hotboat.cl,,pago extra ayudante (diario),150000.0
2028-07-02 20:00:00,sim@hotboat.cl,,pago extra ayudante (diario),120000.0
2028-07-03 20:00:00,sim@hotboat.cl,,pago extra ayudante (diario),60000.0
2028-07-04 20:00:00,sim@hotboat.cl,,pago extra ayudante (diario),90000.0
2028-07-05 20:00:00,sim@hotboat.cl,,pago extra ayudante (diario),60000.0
2028-07-07 20:00:00,sim@hotboat.cl,,pago extra ayudante (diario),60000.0
2028-07-08 20:00:00,sim@hotboat.cl,,pago extra ayudante (diario),90000.0
2028-07-09 20:00:00,sim@hotboat.cl,,pago extra ayudante (diario),30000.0
2028-07-12 20:00:00,sim@hotboat.cl,,pago extra ayudante (diario),30000.0
2028-07-14 20:00:00,sim@hotboat.cl,,pago extra ayudante (diario),30000.0
2028-07-15 20:00:00,sim@hotboat.cl,,pago extra ayudante (diario),30000.0
2028-07-16 20:00:00,sim@hotboat.cl,,pago extra ayudante (diario),90000.0
2028-07-17 20:00:00,sim@hotboat.cl,,pago extra ayudante (diario),60000.0
2028-07-19 20:00:00,sim@hotboat.cl,,pago extra ayudante (diario),30000.0
2028-07-22 20:00:00,sim@hotboat.cl,,pago extra ayudante (diario),60000.0
2028-07-23 20:00:00,sim@hotboat.cl,,pago extra ayudante (diario),120000.0
2028-07-25 20:00:00,sim@hotboat.cl,,pago extra ayudante (diario),60000.0
2028-07-26 20:00:00,sim@hotboat.cl,,pago extra ayudante (diario),60000.0
2028-07-27 20:00:00,sim@hotboat.cl,,pago extra ayudante (diario),90000.0
2028-07-29 20:00:00,sim@hotboat.cl,,pago extra ayudante (diario),120000.0
2028-07-30 20:00:00,sim@hotboat.cl,,pago extra ayudante (diario),90000.0
2028-07-31 20:00:00,sim@hotboat.cl,,pago extra ayudante (diario),60000.0
2028-08-02 12:00:00,sim@hotboat.cl,1001673.0,leña,1500.0
2028-08-02 12:00:00,sim@hotboat.cl,1001673.0,agua,700.0
2028-08-02 12:00:00,sim@hotboat.cl,1001673.0,luz,520.0
2028-08-02 12:00:00,sim@hotboat.cl,1001673.0,gas,10000.0
2028-08-03 12:00:00,sim@hotboat.cl,1001674.0,leña,1500.0
2028-08-03 12:00:00,sim@hotboat.cl,1001674.0,agua,700.0
2028-08-03 12:00:00,sim@hotboat.cl,1001674.0,luz,520.0
2028-08-03 12:00:00,sim@hotboat.cl,1001674.0,gas,10000.0
2028-08-05 12:00:00,sim@hotboat.cl,1001675.0,leña,1500.0
2028-08-05 12:00:00,sim@hotboat.cl,1001675.0,agua,700.0
2028-08-05 12:00:00,sim@hotboat.cl,1001675.0,luz,520.0
2028-08-05 12:00:00,sim@hotboat.cl,1001675.0,gas,10000.0
2028-08-05 12:10:00,sim@hotboat.cl,1001676.0,leña,1500.0
2028-08-05 12:10:00,sim@hotboat.cl,1001676.0,agua,700.0
2028-08-05 12:10:00,sim@hotboat.cl,1001676.0,luz,520.0
2028-08-05 12:10:00,sim@hotboat.cl,1001676.0,gas,10000.0
2028-08-05 12:20:00,sim@hotboat.cl,1001677.0,leña,1500.0
2028-08-05 12:20:00,sim@hotboat.cl,1001677.0,agua,700.0
2028-08-05 12:20:00,sim@hotboat.cl,1001677.0,luz,520.0
2028-08-05 12:20:00,sim@hotboat.cl,1001677.0,gas,10000.0
2028-08-05 12:30:00,sim@hotboat.cl,1001678.0,leña,1500.0
2028-08-05 12:30:00,sim@hotboat.cl,1001678.0,agua,700.0
2028-08-05 12:30:00,sim@hotboat.cl,1001678.0,luz,520.0
2028-08-05 12:30:00,sim@hotboat.cl,1001678.0,gas,10000.0
2028-08-06 12:00:00,sim@hotboat.cl,1001679.0,leña,1500.0
2028-08-06 12:00:00,sim@hotboat.cl,1001679.0,agua,700.0
2028-08-06 12:00:00,sim@hotboat.cl,1001679.0,luz,520.0
2028-08-06 12:00:00,sim@hotboat.cl,1001679.0,gas,10000.0
2028-08-06 12:10:00,sim@hotboat.cl,1001680.0,leña,1500.0
2028-08-06 12:10:00,sim@hotboat.cl,1001680.0,agua,700.0
2028-08-06 12:10:00,sim@hotboat.cl,1001680.0,luz,520.0
2028-08-06 12:10:00,sim@hotboat.cl,1001680.0,gas,10000.0
2028-08-10 12:00:00,sim@hotboat.cl,1001681.0,leña,1500.0
2028-08-10 12:00:00,sim@hotboat.cl,1001681.0,agua,700.0
2028-08-10 12:00:00,sim@hotboat.cl,1001681.0,luz,520.0
2028-08-10 12:00:00,sim@hotboat.cl,1001681.0,gas,10000.0
2028-08-12 12:00:00,sim@hotboat.cl,1001682.0,leña,1500.0
2028-08-12 12:00:00,sim@hotboat.cl,1001682.0,agua,700.0
2028-08-12 12:00:00,sim@hotboat.cl,1001682.0,luz,520.0
2028-08-12 12:00:00,sim@hotboat.cl,1001682.0,gas,10000.0
2028-08-13 12:00:00,sim@hotboat.cl,1001683.0,leña,1500.0
2028-08-13 12:00:00,sim@hotboat.cl,1001683.0,agua,700.0
2028-08-13 12:00:00,sim@hotboat.cl,1001683.0,luz,520.0
2028-08-13 12:00:00,sim@hotboat.cl,1001683.0,gas,10000.0
2028-08-17 12:00:00,sim@hotboat.cl,1001684.0,leña,1500.0
2028-08-17 12:00:00,sim@hotboat.cl,1001684.0,agua,700.0
2028-08-17 12:00:00,sim@hotboat.cl,1001684.0,luz,520.0
2028-08-17 12:00:00,sim@hotboat.cl,1001684.0,gas,10000.0
2028-08-20 12:00:00,sim@hotboat.cl,1001685.0,leña,1500.0
2028-08-20 12:00:00,sim@hotboat.cl,1001685.0,agua,700.0
2028-08-20 12:00:00,sim@hotboat.cl,1001685.0,luz,520.0
2028-08-20 12:00:00,sim@hotboat.cl,1001685.0,gas,10000.0
2028-08-23 12:00:00,sim@hotboat.cl,1001686.0,leña,1500.0
2028-08-23 12:00:00,sim@hotboat.cl,1001686.0,agua,700.0
2028-08-23 12:00:00,sim@hotboat.cl,1001686.0,luz,520.0
2028-08-23 12:00:00,sim@hotboat.cl,1001686.0,gas,10000.0
2028-08-25 12:00:00,sim@hotboat.cl,1001687.0,leña,1500.0
2028-08-25 12:00:00,sim@hotboat.cl,1001687.0,agua,700.0
2028-08-25 12:00:00,sim@hotboat.cl,1001687.0,luz,520.0
2028-08-25 12:00:00,sim@hotboat.cl,1001687.0,gas,10000.0
2028-08-25 12:10:00,sim@hotboat.cl,1001688.0,leña,1500.0
2028-08-25 12:10:00,sim@hotboat.cl,1001688.0,agua,700.0
2028-08-25 12:10:00,sim@hotboat.cl,1001688.0,luz,520.0
2028-08-25 12:10:00,sim@hotboat.cl,1001688.0,gas,10000.0
2028-08-26 12:00:00,sim@hotboat.cl,1001689.0,leña,1500.0
2028-08-26 12:00:00,sim@hotboat.cl,1001689.0,agua,700.0
2028-08-26 12:00:00,sim@hotboat.cl,1001689.0,luz,520.0
2028-08-26 12:00:00,sim@hotboat.cl,1001689.0,gas,10000.0
2028-08-29 12:00:00,sim@hotboat.cl,1001690.0,leña,1500.0
2028-08-29 12:00:00,sim@hotboat.cl,1001690.0,agua,700.0
2028-08-29 12:00:00,sim@hotboat.cl,1001690.0,luz,520.0
2028-08-29 12:00:00,sim@hotboat.cl,1001690.0,gas,10000.0
2028-08-02 20:00:00,sim@hotboat.cl,,pago extra ayudante (diario),30000.0
2028-08-03 20:00:00,sim@hotboat.cl,,pago extra ayudante (diario),30000.0
2028-08-05 20:00:00,sim@hotboat.cl,,pago extra ayudante (diario),120000.0
2028-08-06 20:00:00,sim@hotboat.cl,,pago extra ayudante (diario),60000.0
2028-08-10 20:00:00,sim@hotboat.cl,,pago extra ayudante (diario),30000.0
2028-08-12 20:00:00,sim@hotboat.cl,,pago extra ayudante (diario),30000.0
2028-08-13 20:00:00,sim@hotboat.cl,,pago extra ayudante (diario),30000.0
2028-08-17 20:00:00,sim@hotboat.cl,,pago extra ayudante (diario),30000.0
2028-08-20 20:00:00,sim@hotboat.cl,,pago extra ayudante (diario),30000.0
2028-08-23 20:00:00,sim@hotboat.cl,,pago extra ayudante (diario),30000.0
2028-08-25 20:00:00,sim@hotboat.cl,,pago extra ayudante (diario),60000.0
2028-08-26 20:00:00,sim@hotboat.cl,,pago extra ayudante (diario),30000.0
2028-08-29 20:00:00,sim@hotboat.cl,,pago extra ayudante (diario),30000.0
2028-09-02 12:00:00,sim@hotboat.cl,1001691.0,leña,1500.0
2028-09-02 12:00:00,sim@hotboat.cl,1001691.0,agua,700.0
2028-09-02 12:00:00,sim@hotboat.cl,1001691.0,luz,520.0
2028-09-02 12:00:00,sim@hotboat.cl,1001691.0,gas,10000.0
2028-09-02 12:10:00,sim@hotboat.cl,1001692.0,leña,1500.0
2028-09-02 12:10:00,sim@hotboat.cl,1001692.0,agua,700.0
2028-09-02 12:10:00,sim@hotboat.cl,1001692.0,luz,520.0
2028-09-02 12:10:00,sim@hotboat.cl,1001692.0,gas,10000.0
2028-09-02 12:20:00,sim@hotboat.cl,1001693.0,leña,1500.0
2028-09-02 12:20:00,sim@hotboat.cl,1001693.0,agua,700.0
2028-09-02 12:20:00,sim@hotboat.cl,1001693.0,luz,520.0
2028-09-02 12:20:00,sim@hotboat.cl,1001693.0,gas,10000.0
2028-09-02 12:30:00,sim@hotboat.cl,1001694.0,leña,1500.0
2028-09-02 12:30:00,sim@hotboat.cl,1001694.0,agua,700.0
2028-09-02 12:30:00,sim@hotboat.cl,1001694.0,luz,520.0
2028-09-02 12:30:00,sim@hotboat.cl,1001694.0,gas,10000.0
2028-09-02 12:40:00,sim@hotboat.cl,1001695.0,leña,1500.0
2028-09-02 12:40:00,sim@hotboat.cl,1001695.0,agua,700.0
2028-09-02 12:40:00,sim@hotboat.cl,1001695.0,luz,520.0
2028-09-02 12:40:00,sim@hotboat.cl,1001695.0,gas,10000.0
2028-09-03 12:00:00,sim@hotboat.cl,1001696.0,leña,1500.0
2028-09-03 12:00:00,sim@hotboat.cl,1001696.0,agua,700.0
2028-09-03 12:00:00,sim@hotboat.cl,1001696.0,luz,520.0
2028-09-03 12:00:00,sim@hotboat.cl,1001696.0,gas,10000.0
2028-09-03 12:10:00,sim@hotboat.cl,1001697.0,leña,1500.0
2028-09-03 12:10:00,sim@hotboat.cl,1001697.0,agua,700.0
2028-09-03 12:10:00,sim@hotboat.cl,1001697.0,luz,520.0
2028-09-03 12:10:00,sim@hotboat.cl,1001697.0,gas,10000.0
2028-09-04 12:00:00,sim@hotboat.cl,1001698.0,leña,1500.0
2028-09-04 12:00:00,sim@hotboat.cl,1001698.0,agua,700.0
2028-09-04 12:00:00,sim@hotboat.cl,1001698.0,luz,520.0
2028-09-04 12:00:00,sim@hotboat.cl,1001698.0,gas,10000.0
2028-09-04 12:10:00,sim@hotboat.cl,1001699.0,leña,1500.0
2028-09-04 12:10:00,sim@hotboat.cl,1001699.0,agua,700.0
2028-09-04 12:10:00,sim@hotboat.cl,1001699.0,luz,520.0
2028-09-04 12:10:00,sim@hotboat.cl,1001699.0,gas,10000.0
2028-09-05 12:00:00,sim@hotboat.cl,1001700.0,leña,1500.0
2028-09-05 12:00:00,sim@hotboat.cl,1001700.0,agua,700.0
2028-09-05 12:00:00,sim@hotboat.cl,1001700.0,luz,520.0
2028-09-05 12:00:00,sim@hotboat.cl,1001700.0,gas,10000.0
2028-09-07 12:00:00,sim@hotboat.cl,1001701.0,leña,1500.0
2028-09-07 12:00:00,sim@hotboat.cl,1001701.0,agua,700.0
2028-09-07 12:00:00,sim@hotboat.cl,1001701.0,luz,520.0
2028-09-07 12:00:00,sim@hotboat.cl,1001701.0,gas,10000.0
2028-09-09 12:00:00,sim@hotboat.cl,1001702.0,leña,1500.0
2028-09-09 12:00:00,sim@hotboat.cl,1001702.0,agua,700.0
2028-09-09 12:00:00,sim@hotboat.cl,1001702.0,luz,520.0
2028-09-09 12:00:00,sim@hotboat.cl,1001702.0,gas,10000.0
2028-09-09 12:10:00,sim@hotboat.cl,1001703.0,leña,1500.0
2028-09-09 12:10:00,sim@hotboat.cl,1001703.0,agua,700.0
2028-09-09 12:10:00,sim@hotboat.cl,1001703.0,luz,520.0
2028-09-09 12:10:00,sim@hotboat.cl,1001703.0,gas,10000.0
2028-09-10 12:00:00,sim@hotboat.cl,1001704.0,leña,1500.0
2028-09-10 12:00:00,sim@hotboat.cl,1001704.0,agua,700.0
2028-09-10 12:00:00,sim@hotboat.cl,1001704.0,luz,520.0
2028-09-10 12:00:00,sim@hotboat.cl,1001704.0,gas,10000.0
2028-09-12 12:00:00,sim@hotboat.cl,1001705.0,leña,1500.0
2028-09-12 12:00:00,sim@hotboat.cl,1001705.0,agua,700.0
2028-09-12 12:00:00,sim@hotboat.cl,1001705.0,luz,520.0
2028-09-12 12:00:00,sim@hotboat.cl,1001705.0,gas,10000.0
2028-09-16 12:00:00,sim@hotboat.cl,1001706.0,leña,1500.0
2028-09-16 12:00:00,sim@hotboat.cl,1001706.0,agua,700.0
2028-09-16 12:00:00,sim@hotboat.cl,1001706.0,luz,520.0
2028-09-16 12:00:00,sim@hotboat.cl,1001706.0,gas,10000.0
2028-09-17 12:00:00,sim@hotboat.cl,1001707.0,leña,1500.0
2028-09-17 12:00:00,sim@hotboat.cl,1001707.0,agua,700.0
2028-09-17 12:00:00,sim@hotboat.cl,1001707.0,luz,520.0
2028-09-17 12:00:00,sim@hotboat.cl,1001707.0,gas,10000.0
2028-09-19 12:00:00,sim@hotboat.cl,1001708.0,leña,1500.0
2028-09-19 12:00:00,sim@hotboat.cl,1001708.0,agua,700.0
2028-09-19 12:00:00,sim@hotboat.cl,1001708.0,luz,520.0
2028-09-19 12:00:00,sim@hotboat.cl,1001708.0,gas,10000.0
2028-09-23 12:00:00,sim@hotboat.cl,1001709.0,leña,1500.0
2028-09-23 12:00:00,sim@hotboat.cl,1001709.0,agua,700.0
2028-09-23 12:00:00,sim@hotboat.cl,1001709.0,luz,520.0
2028-09-23 12:00:00,sim@hotboat.cl,1001709.0,gas,10000.0
2028-09-25 12:00:00,sim@hotboat.cl,1001710.0,leña,1500.0
2028-09-25 12:00:00,sim@hotboat.cl,1001710.0,agua,700.0
2028-09-25 12:00:00,sim@hotboat.cl,1001710.0,luz,520.0
2028-09-25 12:00:00,sim@hotboat.cl,1001710.0,gas,10000.0
2028-09-26 12:00:00,sim@hotboat.cl,1001711.0,leña,1500.0
2028-09-26 12:00:00,sim@hotboat.cl,1001711.0,agua,700.0
2028-09-26 12:00:00,sim@hotboat.cl,1001711.0,luz,520.0
2028-09-26 12:00:00,sim@hotboat.cl,1001711.0,gas,10000.0
2028-09-27 12:00:00,sim@hotboat.cl,1001712.0,leña,1500.0
2028-09-27 12:00:00,sim@hotboat.cl,1001712.0,agua,700.0
2028-09-27 12:00:00,sim@hotboat.cl,1001712.0,luz,520.0
2028-09-27 12:00:00,sim@hotboat.cl,1001712.0,gas,10000.0
2028-09-27 12:10:00,sim@hotboat.cl,1001713.0,leña,1500.0
2028-09-27 12:10:00,sim@hotboat.cl,1001713.0,agua,700.0
2028-09-27 12:10:00,sim@hotboat.cl,1001713.0,luz,520.0
2028-09-27 12:10:00,sim@hotboat.cl,1001713.0,gas,10000.0
2028-09-27 12:20:00,sim@hotboat.cl,1001714.0,leña,1500.0
2028-09-27 12:20:00,sim@hotboat.cl,1001714.0,agua,700.0
2028-09-27 12:20:00,sim@hotboat.cl,1001714.0,luz,520.0
2028-09-27 12:20:00,sim@hotboat.cl,1001714.0,gas,10000.0
2028-09-29 12:00:00,sim@hotboat.cl,1001715.0,leña,1500.0
2028-09-29 12:00:00,sim@hotboat.cl,1001715.0,agua,700.0
2028-09-29 12:00:00,sim@hotboat.cl,1001715.0,luz,520.0
2028-09-29 12:00:00,sim@hotboat.cl,1001715.0,gas,10000.0
2028-09-30 12:00:00,sim@hotboat.cl,1001716.0,leña,1500.0
2028-09-30 12:00:00,sim@hotboat.cl,1001716.0,agua,700.0
2028-09-30 12:00:00,sim@hotboat.cl,1001716.0,luz,520.0
2028-09-30 12:00:00,sim@hotboat.cl,1001716.0,gas,10000.0
2028-09-30 12:10:00,sim@hotboat.cl,1001717.0,leña,1500.0
2028-09-30 12:10:00,sim@hotboat.cl,1001717.0,agua,700.0
2028-09-30 12:10:00,sim@hotboat.cl,1001717.0,luz,520.0
2028-09-30 12:10:00,sim@hotboat.cl,1001717.0,gas,10000.0
2028-09-30 12:20:00,sim@hotboat.cl,1001718.0,leña,1500.0
2028-09-30 12:20:00,sim@hotboat.cl,1001718.0,agua,700.0
2028-09-30 12:20:00,sim@hotboat.cl,1001718.0,luz,520.0
2028-09-30 12:20:00,sim@hotboat.cl,1001718.0,gas,10000.0
2028-09-02 20:00:00,sim@hotboat.cl,,pago extra ayudante (diario),150000.0
2028-09-03 20:00:00,sim@hotboat.cl,,pago extra ayudante (diario),60000.0
2028-09-04 20:00:00,sim@hotboat.cl,,pago extra ayudante (diario),60000.0
2028-09-05 20:00:00,sim@hotboat.cl,,pago extra ayudante (diario),30000.0
2028-09-07 20:00:00,sim@hotboat.cl,,pago extra ayudante (diario),30000.0
2028-09-09 20:00:00,sim@hotboat.cl,,pago extra ayudante (diario),60000.0
2028-09-10 20:00:00,sim@hotboat.cl,,pago extra ayudante (diario),30000.0
2028-09-12 20:00:00,sim@hotboat.cl,,pago extra ayudante (diario),30000.0
2028-09-16 20:00:00,sim@hotboat.cl,,pago extra ayudante (diario),30000.0
2028-09-17 20:00:00,sim@hotboat.cl,,pago extra ayudante (diario),30000.0
2028-09-19 20:00:00,sim@hotboat.cl,,pago extra ayudante (diario),30000.0
2028-09-23 20:00:00,sim@hotboat.cl,,pago extra ayudante (diario),30000.0
2028-09-25 20:00:00,sim@hotboat.cl,,pago extra ayudante (diario),30000.0
2028-09-26 20:00:00,sim@hotboat.cl,,pago extra ayudante (diario),30000.0
2028-09-27 20:00:00,sim@hotboat.cl,,pago extra ayudante (diario),90000.0
2028-09-29 20:00:00,sim@hotboat.cl,,pago extra ayudante (diario),30000.0
2028-09-30 20:00:00,sim@hotboat.cl,,pago extra ayudante (diario),90000.0
2028-10-01 12:00:00,sim@hotboat.cl,1001719.0,leña,1500.0
2028-10-01 12:00:00,sim@hotboat.cl,1001719.0,agua,700.0
2028-10-01 12:00:00,sim@hotboat.cl,1001719.0,luz,520.0
2028-10-01 12:00:00,sim@hotboat.cl,1001719.0,gas,10000.0
2028-10-01 12:10:00,sim@hotboat.cl,1001720.0,leña,1500.0
2028-10-01 12:10:00,sim@hotboat.cl,1001720.0,agua,700.0
2028-10-01 12:10:00,sim@hotboat.cl,1001720.0,luz,520.0
2028-10-01 12:10:00,sim@hotboat.cl,1001720.0,gas,10000.0
2028-10-01 12:20:00,sim@hotboat.cl,1001721.0,leña,1500.0
2028-10-01 12:20:00,sim@hotboat.cl,1001721.0,agua,700.0
2028-10-01 12:20:00,sim@hotboat.cl,1001721.0,luz,520.0
2028-10-01 12:20:00,sim@hotboat.cl,1001721.0,gas,10000.0
2028-10-01 12:30:00,sim@hotboat.cl,1001722.0,leña,1500.0
2028-10-01 12:30:00,sim@hotboat.cl,1001722.0,agua,700.0
2028-10-01 12:30:00,sim@hotboat.cl,1001722.0,luz,520.0
2028-10-01 12:30:00,sim@hotboat.cl,1001722.0,gas,10000.0
2028-10-01 12:40:00,sim@hotboat.cl,1001723.0,leña,1500.0
2028-10-01 12:40:00,sim@hotboat.cl,1001723.0,agua,700.0
2028-10-01 12:40:00,sim@hotboat.cl,1001723.0,luz,520.0
2028-10-01 12:40:00,sim@hotboat.cl,1001723.0,gas,10000.0
2028-10-03 12:00:00,sim@hotboat.cl,1001724.0,leña,1500.0
2028-10-03 12:00:00,sim@hotboat.cl,1001724.0,agua,700.0
2028-10-03 12:00:00,sim@hotboat.cl,1001724.0,luz,520.0
2028-10-03 12:00:00,sim@hotboat.cl,1001724.0,gas,10000.0
2028-10-04 12:00:00,sim@hotboat.cl,1001725.0,leña,1500.0
2028-10-04 12:00:00,sim@hotboat.cl,1001725.0,agua,700.0
2028-10-04 12:00:00,sim@hotboat.cl,1001725.0,luz,520.0
2028-10-04 12:00:00,sim@hotboat.cl,1001725.0,gas,10000.0
2028-10-06 12:00:00,sim@hotboat.cl,1001726.0,leña,1500.0
2028-10-06 12:00:00,sim@hotboat.cl,1001726.0,agua,700.0
2028-10-06 12:00:00,sim@hotboat.cl,1001726.0,luz,520.0
2028-10-06 12:00:00,sim@hotboat.cl,1001726.0,gas,10000.0
2028-10-07 12:00:00,sim@hotboat.cl,1001727.0,leña,1500.0
2028-10-07 12:00:00,sim@hotboat.cl,1001727.0,agua,700.0
2028-10-07 12:00:00,sim@hotboat.cl,1001727.0,luz,520.0
2028-10-07 12:00:00,sim@hotboat.cl,1001727.0,gas,10000.0
2028-10-07 12:10:00,sim@hotboat.cl,1001728.0,leña,1500.0
2028-10-07 12:10:00,sim@hotboat.cl,1001728.0,agua,700.0
2028-10-07 12:10:00,sim@hotboat.cl,1001728.0,luz,520.0
2028-10-07 12:10:00,sim@hotboat.cl,1001728.0,gas,10000.0
2028-10-08 12:00:00,sim@hotboat.cl,1001729.0,leña,1500.0
2028-10-08 12:00:00,sim@hotboat.cl,1001729.0,agua,700.0
2028-10-08 12:00:00,sim@hotboat.cl,1001729.0,luz,520.0
2028-10-08 12:00:00,sim@hotboat.cl,1001729.0,gas,10000.0
2028-10-11 12:00:00,sim@hotboat.cl,1001730.0,leña,1500.0
2028-10-11 12:00:00,sim@hotboat.cl,1001730.0,agua,700.0
2028-10-11 12:00:00,sim@hotboat.cl,1001730.0,luz,520.0
2028-10-11 12:00:00,sim@hotboat.cl,1001730.0,gas,10000.0
2028-10-14 12:00:00,sim@hotboat.cl,1001731.0,leña,1500.0
2028-10-14 12:00:00,sim@hotboat.cl,1001731.0,agua,700.0
2028-10-14 12:00:00,sim@hotboat.cl,1001731.0,luz,520.0
2028-10-14 12:00:00,sim@hotboat.cl,1001731.0,gas,10000.0
2028-10-18 12:00:00,sim@hotboat.cl,1001732.0,leña,1500.0
2028-10-18 12:00:00,sim@hotboat.cl,1001732.0,agua,700.0
2028-10-18 12:00:00,sim@hotboat.cl,1001732.0,luz,520.0
2028-10-18 12:00:00,sim@hotboat.cl,1001732.0,gas,10000.0
2028-10-21 12:00:00,sim@hotboat.cl,1001733.0,leña,1500.0
2028-10-21 12:00:00,sim@hotboat.cl,1001733.0,agua,700.0
2028-10-21 12:00:00,sim@hotboat.cl,1001733.0,luz,520.0
2028-10-21 12:00:00,sim@hotboat.cl,1001733.0,gas,10000.0
2028-10-22 12:00:00,sim@hotboat.cl,1001734.0,leña,1500.0
2028-10-22 12:00:00,sim@hotboat.cl,1001734.0,agua,700.0
2028-10-22 12:00:00,sim@hotboat.cl,1001734.0,luz,520.0
2028-10-22 12:00:00,sim@hotboat.cl,1001734.0,gas,10000.0
2028-10-24 12:00:00,sim@hotboat.cl,1001735.0,leña,1500.0
2028-10-24 12:00:00,sim@hotboat.cl,1001735.0,agua,700.0
2028-10-24 12:00:00,sim@hotboat.cl,1001735.0,luz,520.0
2028-10-24 12:00:00,sim@hotboat.cl,1001735.0,gas,10000.0
2028-10-26 12:00:00,sim@hotboat.cl,1001736.0,leña,1500.0
2028-10-26 12:00:00,sim@hotboat.cl,1001736.0,agua,700.0
2028-10-26 12:00:00,sim@hotboat.cl,1001736.0,luz,520.0
2028-10-26 12:00:00,sim@hotboat.cl,1001736.0,gas,10000.0
2028-10-26 12:10:00,sim@hotboat.cl,1001737.0,leña,1500.0
2028-10-26 12:10:00,sim@hotboat.cl,1001737.0,agua,700.0
2028-10-26 12:10:00,sim@hotboat.cl,1001737.0,luz,520.0
2028-10-26 12:10:00,sim@hotboat.cl,1001737.0,gas,10000.0
2028-10-29 12:00:00,sim@hotboat.cl,1001738.0,leña,1500.0
2028-10-29 12:00:00,sim@hotboat.cl,1001738.0,agua,700.0
2028-10-29 12:00:00,sim@hotboat.cl,1001738.0,luz,520.0
2028-10-29 12:00:00,sim@hotboat.cl,1001738.0,gas,10000.0
2028-10-29 12:10:00,sim@hotboat.cl,1001739.0,leña,1500.0
2028-10-29 12:10:00,sim@hotboat.cl,1001739.0,agua,700.0
2028-10-29 12:10:00,sim@hotboat.cl,1001739.0,luz,520.0
2028-10-29 12:10:00,sim@hotboat.cl,1001739.0,gas,10000.0
2028-10-30 12:00:00,sim@hotboat.cl,1001740.0,leña,1500.0
2028-10-30 12:00:00,sim@hotboat.cl,1001740.0,agua,700.0
2028-10-30 12:00:00,sim@hotboat.cl,1001740.0,luz,520.0
2028-10-30 12:00:00,sim@hotboat.cl,1001740.0,gas,10000.0
2028-10-01 20:00:00,sim@hotboat.cl,,pago extra ayudante (diario),150000.0
2028-10-03 20:00:00,sim@hotboat.cl,,pago extra ayudante (diario),30000.0
2028-10-04 20:00:00,sim@hotboat.cl,,pago extra ayudante (diario),30000.0
2028-10-06 20:00:00,sim@hotboat.cl,,pago extra ayudante (diario),30000.0
2028-10-07 20:00:00,sim@hotboat.cl,,pago extra ayudante (diario),60000.0
2028-10-08 20:00:00,sim@hotboat.cl,,pago extra ayudante (diario),30000.0
2028-10-11 20:00:00,sim@hotboat.cl,,pago extra ayudante (diario),30000.0
2028-10-14 20:00:00,sim@hotboat.cl,,pago extra ayudante (diario),30000.0
2028-10-18 20:00:00,sim@hotboat.cl,,pago extra ayudante (diario),30000.0
2028-10-21 20:00:00,sim@hotboat.cl,,pago extra ayudante (diario),30000.0
2028-10-22 20:00:00,sim@hotboat.cl,,pago extra ayudante (diario),30000.0
2028-10-24 20:00:00,sim@hotboat.cl,,pago extra ayudante (diario),30000.0
2028-10-26 20:00:00,sim@hotboat.cl,,pago extra ayudante (diario),60000.0
2028-10-29 20:00:00,sim@hotboat.cl,,pago extra ayudante (diario),60000.0
2028-10-30 20:00:00,sim@hotboat.cl,,pago extra ayudante (diario),30000.0
2028-11-01 12:00:00,sim@hotboat.cl,1001741.0,leña,1500.0
2028-11-01 12:00:00,sim@hotboat.cl,1001741.0,agua,700.0
2028-11-01 12:00:00,sim@hotboat.cl,1001741.0,luz,520.0
2028-11-01 12:00:00,sim@hotboat.cl,1001741.0,gas,10000.0
2028-11-02 12:00:00,sim@hotboat.cl,1001742.0,leña,1500.0
2028-11-02 12:00:00,sim@hotboat.cl,1001742.0,agua,700.0
2028-11-02 12:00:00,sim@hotboat.cl,1001742.0,luz,520.0
2028-11-02 12:00:00,sim@hotboat.cl,1001742.0,gas,10000.0
2028-11-02 12:10:00,sim@hotboat.cl,1001743.0,leña,1500.0
2028-11-02 12:10:00,sim@hotboat.cl,1001743.0,agua,700.0
2028-11-02 12:10:00,sim@hotboat.cl,1001743.0,luz,520.0
2028-11-02 12:10:00,sim@hotboat.cl,1001743.0,gas,10000.0
2028-11-03 12:00:00,sim@hotboat.cl,1001744.0,leña,1500.0
2028-11-03 12:00:00,sim@hotboat.cl,1001744.0,agua,700.0
2028-11-03 12:00:00,sim@hotboat.cl,1001744.0,luz,520.0
2028-11-03 12:00:00,sim@hotboat.cl,1001744.0,gas,10000.0
2028-11-03 12:10:00,sim@hotboat.cl,1001745.0,leña,1500.0
2028-11-03 12:10:00,sim@hotboat.cl,1001745.0,agua,700.0
2028-11-03 12:10:00,sim@hotboat.cl,1001745.0,luz,520.0
2028-11-03 12:10:00,sim@hotboat.cl,1001745.0,gas,10000.0
2028-11-04 12:00:00,sim@hotboat.cl,1001746.0,leña,1500.0
2028-11-04 12:00:00,sim@hotboat.cl,1001746.0,agua,700.0
2028-11-04 12:00:00,sim@hotboat.cl,1001746.0,luz,520.0
2028-11-04 12:00:00,sim@hotboat.cl,1001746.0,gas,10000.0
2028-11-04 12:10:00,sim@hotboat.cl,1001747.0,leña,1500.0
2028-11-04 12:10:00,sim@hotboat.cl,1001747.0,agua,700.0
2028-11-04 12:10:00,sim@hotboat.cl,1001747.0,luz,520.0
2028-11-04 12:10:00,sim@hotboat.cl,1001747.0,gas,10000.0
2028-11-04 12:20:00,sim@hotboat.cl,1001748.0,leña,1500.0
2028-11-04 12:20:00,sim@hotboat.cl,1001748.0,agua,700.0
2028-11-04 12:20:00,sim@hotboat.cl,1001748.0,luz,520.0
2028-11-04 12:20:00,sim@hotboat.cl,1001748.0,gas,10000.0
2028-11-04 12:30:00,sim@hotboat.cl,1001749.0,leña,1500.0
2028-11-04 12:30:00,sim@hotboat.cl,1001749.0,agua,700.0
2028-11-04 12:30:00,sim@hotboat.cl,1001749.0,luz,520.0
2028-11-04 12:30:00,sim@hotboat.cl,1001749.0,gas,10000.0
2028-11-04 12:40:00,sim@hotboat.cl,1001750.0,leña,1500.0
2028-11-04 12:40:00,sim@hotboat.cl,1001750.0,agua,700.0
2028-11-04 12:40:00,sim@hotboat.cl,1001750.0,luz,520.0
2028-11-04 12:40:00,sim@hotboat.cl,1001750.0,gas,10000.0
2028-11-05 12:00:00,sim@hotboat.cl,1001751.0,leña,1500.0
2028-11-05 12:00:00,sim@hotboat.cl,1001751.0,agua,700.0
2028-11-05 12:00:00,sim@hotboat.cl,1001751.0,luz,520.0
2028-11-05 12:00:00,sim@hotboat.cl,1001751.0,gas,10000.0
2028-11-05 12:10:00,sim@hotboat.cl,1001752.0,leña,1500.0
2028-11-05 12:10:00,sim@hotboat.cl,1001752.0,agua,700.0
2028-11-05 12:10:00,sim@hotboat.cl,1001752.0,luz,520.0
2028-11-05 12:10:00,sim@hotboat.cl,1001752.0,gas,10000.0
2028-11-05 12:20:00,sim@hotboat.cl,1001753.0,leña,1500.0
2028-11-05 12:20:00,sim@hotboat.cl,1001753.0,agua,700.0
2028-11-05 12:20:00,sim@hotboat.cl,1001753.0,luz,520.0
2028-11-05 12:20:00,sim@hotboat.cl,1001753.0,gas,10000.0
2028-11-07 12:00:00,sim@hotboat.cl,1001754.0,leña,1500.0
2028-11-07 12:00:00,sim@hotboat.cl,1001754.0,agua,700.0
2028-11-07 12:00:00,sim@hotboat.cl,1001754.0,luz,520.0
2028-11-07 12:00:00,sim@hotboat.cl,1001754.0,gas,10000.0
2028-11-10 12:00:00,sim@hotboat.cl,1001755.0,leña,1500.0
2028-11-10 12:00:00,sim@hotboat.cl,1001755.0,agua,700.0
2028-11-10 12:00:00,sim@hotboat.cl,1001755.0,luz,520.0
2028-11-10 12:00:00,sim@hotboat.cl,1001755.0,gas,10000.0
2028-11-11 12:00:00,sim@hotboat.cl,1001756.0,leña,1500.0
2028-11-11 12:00:00,sim@hotboat.cl,1001756.0,agua,700.0
2028-11-11 12:00:00,sim@hotboat.cl,1001756.0,luz,520.0
2028-11-11 12:00:00,sim@hotboat.cl,1001756.0,gas,10000.0
2028-11-11 12:10:00,sim@hotboat.cl,1001757.0,leña,1500.0
2028-11-11 12:10:00,sim@hotboat.cl,1001757.0,agua,700.0
2028-11-11 12:10:00,sim@hotboat.cl,1001757.0,luz,520.0
2028-11-11 12:10:00,sim@hotboat.cl,1001757.0,gas,10000.0
2028-11-12 12:00:00,sim@hotboat.cl,1001758.0,leña,1500.0
2028-11-12 12:00:00,sim@hotboat.cl,1001758.0,agua,700.0
2028-11-12 12:00:00,sim@hotboat.cl,1001758.0,luz,520.0
2028-11-12 12:00:00,sim@hotboat.cl,1001758.0,gas,10000.0
2028-11-17 12:00:00,sim@hotboat.cl,1001759.0,leña,1500.0
2028-11-17 12:00:00,sim@hotboat.cl,1001759.0,agua,700.0
2028-11-17 12:00:00,sim@hotboat.cl,1001759.0,luz,520.0
2028-11-17 12:00:00,sim@hotboat.cl,1001759.0,gas,10000.0
2028-11-18 12:00:00,sim@hotboat.cl,1001760.0,leña,1500.0
2028-11-18 12:00:00,sim@hotboat.cl,1001760.0,agua,700.0
2028-11-18 12:00:00,sim@hotboat.cl,1001760.0,luz,520.0
2028-11-18 12:00:00,sim@hotboat.cl,1001760.0,gas,10000.0
2028-11-19 12:00:00,sim@hotboat.cl,1001761.0,leña,1500.0
2028-11-19 12:00:00,sim@hotboat.cl,1001761.0,agua,700.0
2028-11-19 12:00:00,sim@hotboat.cl,1001761.0,luz,520.0
2028-11-19 12:00:00,sim@hotboat.cl,1001761.0,gas,10000.0
2028-11-19 12:10:00,sim@hotboat.cl,1001762.0,leña,1500.0
2028-11-19 12:10:00,sim@hotboat.cl,1001762.0,agua,700.0
2028-11-19 12:10:00,sim@hotboat.cl,1001762.0,luz,520.0
2028-11-19 12:10:00,sim@hotboat.cl,1001762.0,gas,10000.0
2028-11-19 12:20:00,sim@hotboat.cl,1001763.0,leña,1500.0
2028-11-19 12:20:00,sim@hotboat.cl,1001763.0,agua,700.0
2028-11-19 12:20:00,sim@hotboat.cl,1001763.0,luz,520.0
2028-11-19 12:20:00,sim@hotboat.cl,1001763.0,gas,10000.0
2028-11-23 12:00:00,sim@hotboat.cl,1001764.0,leña,1500.0
2028-11-23 12:00:00,sim@hotboat.cl,1001764.0,agua,700.0
2028-11-23 12:00:00,sim@hotboat.cl,1001764.0,luz,520.0
2028-11-23 12:00:00,sim@hotboat.cl,1001764.0,gas,10000.0
2028-11-24 12:00:00,sim@hotboat.cl,1001765.0,leña,1500.0
2028-11-24 12:00:00,sim@hotboat.cl,1001765.0,agua,700.0
2028-11-24 12:00:00,sim@hotboat.cl,1001765.0,luz,520.0
2028-11-24 12:00:00,sim@hotboat.cl,1001765.0,gas,10000.0
2028-11-25 12:00:00,sim@hotboat.cl,1001766.0,leña,1500.0
2028-11-25 12:00:00,sim@hotboat.cl,1001766.0,agua,700.0
2028-11-25 12:00:00,sim@hotboat.cl,1001766.0,luz,520.0
2028-11-25 12:00:00,sim@hotboat.cl,1001766.0,gas,10000.0
2028-11-25 12:10:00,sim@hotboat.cl,1001767.0,leña,1500.0
2028-11-25 12:10:00,sim@hotboat.cl,1001767.0,agua,700.0
2028-11-25 12:10:00,sim@hotboat.cl,1001767.0,luz,520.0
2028-11-25 12:10:00,sim@hotboat.cl,1001767.0,gas,10000.0
2028-11-26 12:00:00,sim@hotboat.cl,1001768.0,leña,1500.0
2028-11-26 12:00:00,sim@hotboat.cl,1001768.0,agua,700.0
2028-11-26 12:00:00,sim@hotboat.cl,1001768.0,luz,520.0
2028-11-26 12:00:00,sim@hotboat.cl,1001768.0,gas,10000.0
2028-11-27 12:00:00,sim@hotboat.cl,1001769.0,leña,1500.0
2028-11-27 12:00:00,sim@hotboat.cl,1001769.0,agua,700.0
2028-11-27 12:00:00,sim@hotboat.cl,1001769.0,luz,520.0
2028-11-27 12:00:00,sim@hotboat.cl,1001769.0,gas,10000.0
2028-11-27 12:10:00,sim@hotboat.cl,1001770.0,leña,1500.0
2028-11-27 12:10:00,sim@hotboat.cl,1001770.0,agua,700.0
2028-11-27 12:10:00,sim@hotboat.cl,1001770.0,luz,520.0
2028-11-27 12:10:00,sim@hotboat.cl,1001770.0,gas,10000.0
2028-11-27 12:20:00,sim@hotboat.cl,1001771.0,leña,1500.0
2028-11-27 12:20:00,sim@hotboat.cl,1001771.0,agua,700.0
2028-11-27 12:20:00,sim@hotboat.cl,1001771.0,luz,520.0
2028-11-27 12:20:00,sim@hotboat.cl,1001771.0,gas,10000.0
2028-11-29 12:00:00,sim@hotboat.cl,1001772.0,leña,1500.0
2028-11-29 12:00:00,sim@hotboat.cl,1001772.0,agua,700.0
2028-11-29 12:00:00,sim@hotboat.cl,1001772.0,luz,520.0
2028-11-29 12:00:00,sim@hotboat.cl,1001772.0,gas,10000.0
2028-11-01 20:00:00,sim@hotboat.cl,,pago extra ayudante (diario),30000.0
2028-11-02 20:00:00,sim@hotboat.cl,,pago extra ayudante (diario),60000.0
2028-11-03 20:00:00,sim@hotboat.cl,,pago extra ayudante (diario),60000.0
2028-11-04 20:00:00,sim@hotboat.cl,,pago extra ayudante (diario),150000.0
2028-11-05 20:00:00,sim@hotboat.cl,,pago extra ayudante (diario),90000.0
2028-11-07 20:00:00,sim@hotboat.cl,,pago extra ayudante (diario),30000.0
2028-11-10 20:00:00,sim@hotboat.cl,,pago extra ayudante (diario),30000.0
2028-11-11 20:00:00,sim@hotboat.cl,,pago extra ayudante (diario),60000.0
2028-11-12 20:00:00,sim@hotboat.cl,,pago extra ayudante (diario),30000.0
2028-11-17 20:00:00,sim@hotboat.cl,,pago extra ayudante (diario),30000.0
2028-11-18 20:00:00,sim@hotboat.cl,,pago extra ayudante (diario),30000.0
2028-11-19 20:00:00,sim@hotboat.cl,,pago extra ayudante (diario),90000.0
2028-11-23 20:00:00,sim@hotboat.cl,,pago extra ayudante (diario),30000.0
2028-11-24 20:00:00,sim@hotboat.cl,,pago extra ayudante (diario),30000.0
2028-11-25 20:00:00,sim@hotboat.cl,,pago extra ayudante (diario),60000.0
2028-11-26 20:00:00,sim@hotboat.cl,,pago extra ayudante (diario),30000.0
2028-11-27 20:00:00,sim@hotboat.cl,,pago extra ayudante (diario),90000.0
2028-11-29 20:00:00,sim@hotboat.cl,,pago extra ayudante (diario),30000.0
2028-12-01 12:00:00,sim@hotboat.cl,1001773.0,leña,1500.0
2028-12-01 12:00:00,sim@hotboat.cl,1001773.0,agua,700.0
2028-12-01 12:00:00,sim@hotboat.cl,1001773.0,luz,520.0
2028-12-01 12:00:00,sim@hotboat.cl,1001773.0,gas,10000.0
2028-12-02 12:00:00,sim@hotboat.cl,1001774.0,leña,1500.0
2028-12-02 12:00:00,sim@hotboat.cl,1001774.0,agua,700.0
2028-12-02 12:00:00,sim@hotboat.cl,1001774.0,luz,520.0
2028-12-02 12:00:00,sim@hotboat.cl,1001774.0,gas,10000.0
2028-12-02 12:10:00,sim@hotboat.cl,1001775.0,leña,1500.0
2028-12-02 12:10:00,sim@hotboat.cl,1001775.0,agua,700.0
2028-12-02 12:10:00,sim@hotboat.cl,1001775.0,luz,520.0
2028-12-02 12:10:00,sim@hotboat.cl,1001775.0,gas,10000.0
2028-12-02 12:20:00,sim@hotboat.cl,1001776.0,leña,1500.0
2028-12-02 12:20:00,sim@hotboat.cl,1001776.0,agua,700.0
2028-12-02 12:20:00,sim@hotboat.cl,1001776.0,luz,520.0
2028-12-02 12:20:00,sim@hotboat.cl,1001776.0,gas,10000.0
2028-12-02 12:30:00,sim@hotboat.cl,1001777.0,leña,1500.0
2028-12-02 12:30:00,sim@hotboat.cl,1001777.0,agua,700.0
2028-12-02 12:30:00,sim@hotboat.cl,1001777.0,luz,520.0
2028-12-02 12:30:00,sim@hotboat.cl,1001777.0,gas,10000.0
2028-12-02 12:40:00,sim@hotboat.cl,1001778.0,leña,1500.0
2028-12-02 12:40:00,sim@hotboat.cl,1001778.0,agua,700.0
2028-12-02 12:40:00,sim@hotboat.cl,1001778.0,luz,520.0
2028-12-02 12:40:00,sim@hotboat.cl,1001778.0,gas,10000.0
2028-12-03 12:00:00,sim@hotboat.cl,1001779.0,leña,1500.0
2028-12-03 12:00:00,sim@hotboat.cl,1001779.0,agua,700.0
2028-12-03 12:00:00,sim@hotboat.cl,1001779.0,luz,520.0
2028-12-03 12:00:00,sim@hotboat.cl,1001779.0,gas,10000.0
2028-12-03 12:10:00,sim@hotboat.cl,1001780.0,leña,1500.0
2028-12-03 12:10:00,sim@hotboat.cl,1001780.0,agua,700.0
2028-12-03 12:10:00,sim@hotboat.cl,1001780.0,luz,520.0
2028-12-03 12:10:00,sim@hotboat.cl,1001780.0,gas,10000.0
2028-12-03 12:20:00,sim@hotboat.cl,1001781.0,leña,1500.0
2028-12-03 12:20:00,sim@hotboat.cl,1001781.0,agua,700.0
2028-12-03 12:20:00,sim@hotboat.cl,1001781.0,luz,520.0
2028-12-03 12:20:00,sim@hotboat.cl,1001781.0,gas,10000.0
2028-12-04 12:00:00,sim@hotboat.cl,1001782.0,leña,1500.0
2028-12-04 12:00:00,sim@hotboat.cl,1001782.0,agua,700.0
2028-12-04 12:00:00,sim@hotboat.cl,1001782.0,luz,520.0
2028-12-04 12:00:00,sim@hotboat.cl,1001782.0,gas,10000.0
2028-12-04 12:10:00,sim@hotboat.cl,1001783.0,leña,1500.0
2028-12-04 12:10:00,sim@hotboat.cl,1001783.0,agua,700.0
2028-12-04 12:10:00,sim@hotboat.cl,1001783.0,luz,520.0
2028-12-04 12:10:00,sim@hotboat.cl,1001783.0,gas,10000.0
2028-12-04 12:20:00,sim@hotboat.cl,1001784.0,leña,1500.0
2028-12-04 12:20:00,sim@hotboat.cl,1001784.0,agua,700.0
2028-12-04 12:20:00,sim@hotboat.cl,1001784.0,luz,520.0
2028-12-04 12:20:00,sim@hotboat.cl,1001784.0,gas,10000.0
2028-12-05 12:00:00,sim@hotboat.cl,1001785.0,leña,1500.0
2028-12-05 12:00:00,sim@hotboat.cl,1001785.0,agua,700.0
2028-12-05 12:00:00,sim@hotboat.cl,1001785.0,luz,520.0
2028-12-05 12:00:00,sim@hotboat.cl,1001785.0,gas,10000.0
2028-12-05 12:10:00,sim@hotboat.cl,1001786.0,leña,1500.0
2028-12-05 12:10:00,sim@hotboat.cl,1001786.0,agua,700.0
2028-12-05 12:10:00,sim@hotboat.cl,1001786.0,luz,520.0
2028-12-05 12:10:00,sim@hotboat.cl,1001786.0,gas,10000.0
2028-12-07 12:00:00,sim@hotboat.cl,1001787.0,leña,1500.0
2028-12-07 12:00:00,sim@hotboat.cl,1001787.0,agua,700.0
2028-12-07 12:00:00,sim@hotboat.cl,1001787.0,luz,520.0
2028-12-07 12:00:00,sim@hotboat.cl,1001787.0,gas,10000.0
2028-12-09 12:00:00,sim@hotboat.cl,1001788.0,leña,1500.0
2028-12-09 12:00:00,sim@hotboat.cl,1001788.0,agua,700.0
2028-12-09 12:00:00,sim@hotboat.cl,1001788.0,luz,520.0
2028-12-09 12:00:00,sim@hotboat.cl,1001788.0,gas,10000.0
2028-12-09 12:10:00,sim@hotboat.cl,1001789.0,leña,1500.0
2028-12-09 12:10:00,sim@hotboat.cl,1001789.0,agua,700.0
2028-12-09 12:10:00,sim@hotboat.cl,1001789.0,luz,520.0
2028-12-09 12:10:00,sim@hotboat.cl,1001789.0,gas,10000.0
2028-12-10 12:00:00,sim@hotboat.cl,1001790.0,leña,1500.0
2028-12-10 12:00:00,sim@hotboat.cl,1001790.0,agua,700.0
2028-12-10 12:00:00,sim@hotboat.cl,1001790.0,luz,520.0
2028-12-10 12:00:00,sim@hotboat.cl,1001790.0,gas,10000.0
2028-12-12 12:00:00,sim@hotboat.cl,1001791.0,leña,1500.0
2028-12-12 12:00:00,sim@hotboat.cl,1001791.0,agua,700.0
2028-12-12 12:00:00,sim@hotboat.cl,1001791.0,luz,520.0
2028-12-12 12:00:00,sim@hotboat.cl,1001791.0,gas,10000.0
2028-12-15 12:00:00,sim@hotboat.cl,1001792.0,leña,1500.0
2028-12-15 12:00:00,sim@hotboat.cl,1001792.0,agua,700.0
2028-12-15 12:00:00,sim@hotboat.cl,1001792.0,luz,520.0
2028-12-15 12:00:00,sim@hotboat.cl,1001792.0,gas,10000.0
2028-12-16 12:00:00,sim@hotboat.cl,1001793.0,leña,1500.0
2028-12-16 12:00:00,sim@hotboat.cl,1001793.0,agua,700.0
2028-12-16 12:00:00,sim@hotboat.cl,1001793.0,luz,520.0
2028-12-16 12:00:00,sim@hotboat.cl,1001793.0,gas,10000.0
2028-12-17 12:00:00,sim@hotboat.cl,1001794.0,leña,1500.0
2028-12-17 12:00:00,sim@hotboat.cl,1001794.0,agua,700.0
2028-12-17 12:00:00,sim@hotboat.cl,1001794.0,luz,520.0
2028-12-17 12:00:00,sim@hotboat.cl,1001794.0,gas,10000.0
2028-12-17 12:10:00,sim@hotboat.cl,1001795.0,leña,1500.0
2028-12-17 12:10:00,sim@hotboat.cl,1001795.0,agua,700.0
2028-12-17 12:10:00,sim@hotboat.cl,1001795.0,luz,520.0
2028-12-17 12:10:00,sim@hotboat.cl,1001795.0,gas,10000.0
2028-12-19 12:00:00,sim@hotboat.cl,1001796.0,leña,1500.0
2028-12-19 12:00:00,sim@hotboat.cl,1001796.0,agua,700.0
2028-12-19 12:00:00,sim@hotboat.cl,1001796.0,luz,520.0
2028-12-19 12:00:00,sim@hotboat.cl,1001796.0,gas,10000.0
2028-12-23 12:00:00,sim@hotboat.cl,1001797.0,leña,1500.0
2028-12-23 12:00:00,sim@hotboat.cl,1001797.0,agua,700.0
2028-12-23 12:00:00,sim@hotboat.cl,1001797.0,luz,520.0
2028-12-23 12:00:00,sim@hotboat.cl,1001797.0,gas,10000.0
2028-12-23 12:10:00,sim@hotboat.cl,1001798.0,leña,1500.0
2028-12-23 12:10:00,sim@hotboat.cl,1001798.0,agua,700.0
2028-12-23 12:10:00,sim@hotboat.cl,1001798.0,luz,520.0
2028-12-23 12:10:00,sim@hotboat.cl,1001798.0,gas,10000.0
2028-12-25 12:00:00,sim@hotboat.cl,1001799.0,leña,1500.0
2028-12-25 12:00:00,sim@hotboat.cl,1001799.0,agua,700.0
2028-12-25 12:00:00,sim@hotboat.cl,1001799.0,luz,520.0
2028-12-25 12:00:00,sim@hotboat.cl,1001799.0,gas,10000.0
2028-12-26 12:00:00,sim@hotboat.cl,1001800.0,leña,1500.0
2028-12-26 12:00:00,sim@hotboat.cl,1001800.0,agua,700.0
2028-12-26 12:00:00,sim@hotboat.cl,1001800.0,luz,520.0
2028-12-26 12:00:00,sim@hotboat.cl,1001800.0,gas,10000.0
2028-12-27 12:00:00,sim@hotboat.cl,1001801.0,leña,1500.0
2028-12-27 12:00:00,sim@hotboat.cl,1001801.0,agua,700.0
2028-12-27 12:00:00,sim@hotboat.cl,1001801.0,luz,520.0
2028-12-27 12:00:00,sim@hotboat.cl,1001801.0,gas,10000.0
2028-12-27 12:10:00,sim@hotboat.cl,1001802.0,leña,1500.0
2028-12-27 12:10:00,sim@hotboat.cl,1001802.0,agua,700.0
2028-12-27 12:10:00,sim@hotboat.cl,1001802.0,luz,520.0
2028-12-27 12:10:00,sim@hotboat.cl,1001802.0,gas,10000.0
2028-12-27 12:20:00,sim@hotboat.cl,1001803.0,leña,1500.0
2028-12-27 12:20:00,sim@hotboat.cl,1001803.0,agua,700.0
2028-12-27 12:20:00,sim@hotboat.cl,1001803.0,luz,520.0
2028-12-27 12:20:00,sim@hotboat.cl,1001803.0,gas,10000.0
2028-12-29 12:00:00,sim@hotboat.cl,1001804.0,leña,1500.0
2028-12-29 12:00:00,sim@hotboat.cl,1001804.0,agua,700.0
2028-12-29 12:00:00,sim@hotboat.cl,1001804.0,luz,520.0
2028-12-29 12:00:00,sim@hotboat.cl,1001804.0,gas,10000.0
2028-12-29 12:10:00,sim@hotboat.cl,1001805.0,leña,1500.0
2028-12-29 12:10:00,sim@hotboat.cl,1001805.0,agua,700.0
2028-12-29 12:10:00,sim@hotboat.cl,1001805.0,luz,520.0
2028-12-29 12:10:00,sim@hotboat.cl,1001805.0,gas,10000.0
2028-12-30 12:00:00,sim@hotboat.cl,1001806.0,leña,1500.0
2028-12-30 12:00:00,sim@hotboat.cl,1001806.0,agua,700.0
2028-12-30 12:00:00,sim@hotboat.cl,1001806.0,luz,520.0
2028-12-30 12:00:00,sim@hotboat.cl,1001806.0,gas,10000.0
2028-12-30 12:10:00,sim@hotboat.cl,1001807.0,leña,1500.0
2028-12-30 12:10:00,sim@hotboat.cl,1001807.0,agua,700.0
2028-12-30 12:10:00,sim@hotboat.cl,1001807.0,luz,520.0
2028-12-30 12:10:00,sim@hotboat.cl,1001807.0,gas,10000.0
2028-12-30 12:20:00,sim@hotboat.cl,1001808.0,leña,1500.0
2028-12-30 12:20:00,sim@hotboat.cl,1001808.0,agua,700.0
2028-12-30 12:20:00,sim@hotboat.cl,1001808.0,luz,520.0
2028-12-30 12:20:00,sim@hotboat.cl,1001808.0,gas,10000.0
2028-12-30 12:30:00,sim@hotboat.cl,1001809.0,leña,1500.0
2028-12-30 12:30:00,sim@hotboat.cl,1001809.0,agua,700.0
2028-12-30 12:30:00,sim@hotboat.cl,1001809.0,luz,520.0
2028-12-30 12:30:00,sim@hotboat.cl,1001809.0,gas,10000.0
2028-12-31 12:00:00,sim@hotboat.cl,1001810.0,leña,1500.0
2028-12-31 12:00:00,sim@hotboat.cl,1001810.0,agua,700.0
2028-12-31 12:00:00,sim@hotboat.cl,1001810.0,luz,520.0
2028-12-31 12:00:00,sim@hotboat.cl,1001810.0,gas,10000.0
2028-12-31 12:10:00,sim@hotboat.cl,1001811.0,leña,1500.0
2028-12-31 12:10:00,sim@hotboat.cl,1001811.0,agua,700.0
2028-12-31 12:10:00,sim@hotboat.cl,1001811.0,luz,520.0
2028-12-31 12:10:00,sim@hotboat.cl,1001811.0,gas,10000.0
2028-12-31 12:20:00,sim@hotboat.cl,1001812.0,leña,1500.0
2028-12-31 12:20:00,sim@hotboat.cl,1001812.0,agua,700.0
2028-12-31 12:20:00,sim@hotboat.cl,1001812.0,luz,520.0
2028-12-31 12:20:00,sim@hotboat.cl,1001812.0,gas,10000.0
2028-12-01 20:00:00,sim@hotboat.cl,,pago extra ayudante (diario),30000.0
2028-12-02 20:00:00,sim@hotboat.cl,,pago extra ayudante (diario),150000.0
2028-12-03 20:00:00,sim@hotboat.cl,,pago extra ayudante (diario),90000.0
2028-12-04 20:00:00,sim@hotboat.cl,,pago extra ayudante (diario),90000.0
2028-12-05 20:00:00,sim@hotboat.cl,,pago extra ayudante (diario),60000.0
2028-12-07 20:00:00,sim@hotboat.cl,,pago extra ayudante (diario),30000.0
2028-12-09 20:00:00,sim@hotboat.cl,,pago extra ayudante (diario),60000.0
2028-12-10 20:00:00,sim@hotboat.cl,,pago extra ayudante (diario),30000.0
2028-12-12 20:00:00,sim@hotboat.cl,,pago extra ayudante (diario),30000.0
2028-12-15 20:00:00,sim@hotboat.cl,,pago extra ayudante (diario),30000.0
2028-12-16 20:00:00,sim@hotboat.cl,,pago extra ayudante (diario),30000.0
2028-12-17 20:00:00,sim@hotboat.cl,,pago extra ayudante (diario),60000.0
2028-12-19 20:00:00,sim@hotboat.cl,,pago extra ayudante (diario),30000.0
2028-12-23 20:00:00,sim@hotboat.cl,,pago extra ayudante (diario),60000.0
2028-12-25 20:00:00,sim@hotboat.cl,,pago extra ayudante (diario),30000.0
2028-12-26 20:00:00,sim@hotboat.cl,,pago extra ayudante (diario),30000.0
2028-12-27 20:00:00,sim@hotboat.cl,,pago extra ayudante (diario),90000.0
2028-12-29 20:00:00,sim@hotboat.cl,,pago extra ayudante (diario),60000.0
2028-12-30 20:00:00,sim@hotboat.cl,,pago extra ayudante (diario),120000.0
2028-12-31 20:00:00,sim@hotboat.cl,,pago extra ayudante (diario),90000.0
2029-01-01 12:00:00,sim@hotboat.cl,1001813.0,leña,1500.0
2029-01-01 12:00:00,sim@hotboat.cl,1001813.0,agua,700.0
2029-01-01 12:00:00,sim@hotboat.cl,1001813.0,luz,520.0
2029-01-01 12:00:00,sim@hotboat.cl,1001813.0,gas,10000.0
2029-01-01 12:10:00,sim@hotboat.cl,1001814.0,leña,1500.0
2029-01-01 12:10:00,sim@hotboat.cl,1001814.0,agua,700.0
2029-01-01 12:10:00,sim@hotboat.cl,1001814.0,luz,520.0
2029-01-01 12:10:00,sim@hotboat.cl,1001814.0,gas,10000.0
2029-01-02 12:00:00,sim@hotboat.cl,1001815.0,leña,1500.0
2029-01-02 12:00:00,sim@hotboat.cl,1001815.0,agua,700.0
2029-01-02 12:00:00,sim@hotboat.cl,1001815.0,luz,520.0
2029-01-02 12:00:00,sim@hotboat.cl,1001815.0,gas,10000.0
2029-01-02 12:10:00,sim@hotboat.cl,1001816.0,leña,1500.0
2029-01-02 12:10:00,sim@hotboat.cl,1001816.0,agua,700.0
2029-01-02 12:10:00,sim@hotboat.cl,1001816.0,luz,520.0
2029-01-02 12:10:00,sim@hotboat.cl,1001816.0,gas,10000.0
2029-01-02 12:20:00,sim@hotboat.cl,1001817.0,leña,1500.0
2029-01-02 12:20:00,sim@hotboat.cl,1001817.0,agua,700.0
2029-01-02 12:20:00,sim@hotboat.cl,1001817.0,luz,520.0
2029-01-02 12:20:00,sim@hotboat.cl,1001817.0,gas,10000.0
2029-01-03 12:00:00,sim@hotboat.cl,1001818.0,leña,1500.0
2029-01-03 12:00:00,sim@hotboat.cl,1001818.0,agua,700.0
2029-01-03 12:00:00,sim@hotboat.cl,1001818.0,luz,520.0
2029-01-03 12:00:00,sim@hotboat.cl,1001818.0,gas,10000.0
2029-01-03 12:10:00,sim@hotboat.cl,1001819.0,leña,1500.0
2029-01-03 12:10:00,sim@hotboat.cl,1001819.0,agua,700.0
2029-01-03 12:10:00,sim@hotboat.cl,1001819.0,luz,520.0
2029-01-03 12:10:00,sim@hotboat.cl,1001819.0,gas,10000.0
2029-01-03 12:20:00,sim@hotboat.cl,1001820.0,leña,1500.0
2029-01-03 12:20:00,sim@hotboat.cl,1001820.0,agua,700.0
2029-01-03 12:20:00,sim@hotboat.cl,1001820.0,luz,520.0
2029-01-03 12:20:00,sim@hotboat.cl,1001820.0,gas,10000.0
2029-01-03 12:30:00,sim@hotboat.cl,1001821.0,leña,1500.0
2029-01-03 12:30:00,sim@hotboat.cl,1001821.0,agua,700.0
2029-01-03 12:30:00,sim@hotboat.cl,1001821.0,luz,520.0
2029-01-03 12:30:00,sim@hotboat.cl,1001821.0,gas,10000.0
2029-01-03 12:40:00,sim@hotboat.cl,1001822.0,leña,1500.0
2029-01-03 12:40:00,sim@hotboat.cl,1001822.0,agua,700.0
2029-01-03 12:40:00,sim@hotboat.cl,1001822.0,luz,520.0
2029-01-03 12:40:00,sim@hotboat.cl,1001822.0,gas,10000.0
2029-01-03 12:50:00,sim@hotboat.cl,1001823.0,leña,1500.0
2029-01-03 12:50:00,sim@hotboat.cl,1001823.0,agua,700.0
2029-01-03 12:50:00,sim@hotboat.cl,1001823.0,luz,520.0
2029-01-03 12:50:00,sim@hotboat.cl,1001823.0,gas,10000.0
2029-01-04 12:00:00,sim@hotboat.cl,1001824.0,leña,1500.0
2029-01-04 12:00:00,sim@hotboat.cl,1001824.0,agua,700.0
2029-01-04 12:00:00,sim@hotboat.cl,1001824.0,luz,520.0
2029-01-04 12:00:00,sim@hotboat.cl,1001824.0,gas,10000.0
2029-01-04 12:10:00,sim@hotboat.cl,1001825.0,leña,1500.0
2029-01-04 12:10:00,sim@hotboat.cl,1001825.0,agua,700.0
2029-01-04 12:10:00,sim@hotboat.cl,1001825.0,luz,520.0
2029-01-04 12:10:00,sim@hotboat.cl,1001825.0,gas,10000.0
2029-01-04 12:20:00,sim@hotboat.cl,1001826.0,leña,1500.0
2029-01-04 12:20:00,sim@hotboat.cl,1001826.0,agua,700.0
2029-01-04 12:20:00,sim@hotboat.cl,1001826.0,luz,520.0
2029-01-04 12:20:00,sim@hotboat.cl,1001826.0,gas,10000.0
2029-01-04 12:30:00,sim@hotboat.cl,1001827.0,leña,1500.0
2029-01-04 12:30:00,sim@hotboat.cl,1001827.0,agua,700.0
2029-01-04 12:30:00,sim@hotboat.cl,1001827.0,luz,520.0
2029-01-04 12:30:00,sim@hotboat.cl,1001827.0,gas,10000.0
2029-01-05 12:00:00,sim@hotboat.cl,1001828.0,leña,1500.0
2029-01-05 12:00:00,sim@hotboat.cl,1001828.0,agua,700.0
2029-01-05 12:00:00,sim@hotboat.cl,1001828.0,luz,520.0
2029-01-05 12:00:00,sim@hotboat.cl,1001828.0,gas,10000.0
2029-01-05 12:10:00,sim@hotboat.cl,1001829.0,leña,1500.0
2029-01-05 12:10:00,sim@hotboat.cl,1001829.0,agua,700.0
2029-01-05 12:10:00,sim@hotboat.cl,1001829.0,luz,520.0
2029-01-05 12:10:00,sim@hotboat.cl,1001829.0,gas,10000.0
2029-01-05 12:20:00,sim@hotboat.cl,1001830.0,leña,1500.0
2029-01-05 12:20:00,sim@hotboat.cl,1001830.0,agua,700.0
2029-01-05 12:20:00,sim@hotboat.cl,1001830.0,luz,520.0
2029-01-05 12:20:00,sim@hotboat.cl,1001830.0,gas,10000.0
2029-01-05 12:30:00,sim@hotboat.cl,1001831.0,leña,1500.0
2029-01-05 12:30:00,sim@hotboat.cl,1001831.0,agua,700.0
2029-01-05 12:30:00,sim@hotboat.cl,1001831.0,luz,520.0
2029-01-05 12:30:00,sim@hotboat.cl,1001831.0,gas,10000.0
2029-01-06 12:00:00,sim@hotboat.cl,1001832.0,leña,1500.0
2029-01-06 12:00:00,sim@hotboat.cl,1001832.0,agua,700.0
2029-01-06 12:00:00,sim@hotboat.cl,1001832.0,luz,520.0
2029-01-06 12:00:00,sim@hotboat.cl,1001832.0,gas,10000.0
2029-01-06 12:00:00,sim@hotboat.cl,1001833.0,leña,1500.0
2029-01-06 12:00:00,sim@hotboat.cl,1001833.0,agua,700.0
2029-01-06 12:00:00,sim@hotboat.cl,1001833.0,luz,520.0
2029-01-06 12:00:00,sim@hotboat.cl,1001833.0,gas,10000.0
2029-01-06 12:00:00,sim@hotboat.cl,1001834.0,leña,1500.0
2029-01-06 12:00:00,sim@hotboat.cl,1001834.0,agua,700.0
2029-01-06 12:00:00,sim@hotboat.cl,1001834.0,luz,520.0
2029-01-06 12:00:00,sim@hotboat.cl,1001834.0,gas,10000.0
2029-01-06 12:10:00,sim@hotboat.cl,1001835.0,leña,1500.0
2029-01-06 12:10:00,sim@hotboat.cl,1001835.0,agua,700.0
2029-01-06 12:10:00,sim@hotboat.cl,1001835.0,luz,520.0
2029-01-06 12:10:00,sim@hotboat.cl,1001835.0,gas,10000.0
2029-01-06 12:10:00,sim@hotboat.cl,1001836.0,leña,1500.0
2029-01-06 12:10:00,sim@hotboat.cl,1001836.0,agua,700.0
2029-01-06 12:10:00,sim@hotboat.cl,1001836.0,luz,520.0
2029-01-06 12:10:00,sim@hotboat.cl,1001836.0,gas,10000.0
2029-01-06 12:20:00,sim@hotboat.cl,1001837.0,leña,1500.0
2029-01-06 12:20:00,sim@hotboat.cl,1001837.0,agua,700.0
2029-01-06 12:20:00,sim@hotboat.cl,1001837.0,luz,520.0
2029-01-06 12:20:00,sim@hotboat.cl,1001837.0,gas,10000.0
2029-01-06 12:20:00,sim@hotboat.cl,1001838.0,leña,1500.0
2029-01-06 12:20:00,sim@hotboat.cl,1001838.0,agua,700.0
2029-01-06 12:20:00,sim@hotboat.cl,1001838.0,luz,520.0
2029-01-06 12:20:00,sim@hotboat.cl,1001838.0,gas,10000.0
2029-01-06 12:30:00,sim@hotboat.cl,1001839.0,leña,1500.0
2029-01-06 12:30:00,sim@hotboat.cl,1001839.0,agua,700.0
2029-01-06 12:30:00,sim@hotboat.cl,1001839.0,luz,520.0
2029-01-06 12:30:00,sim@hotboat.cl,1001839.0,gas,10000.0
2029-01-06 12:30:00,sim@hotboat.cl,1001840.0,leña,1500.0
2029-01-06 12:30:00,sim@hotboat.cl,1001840.0,agua,700.0
2029-01-06 12:30:00,sim@hotboat.cl,1001840.0,luz,520.0
2029-01-06 12:30:00,sim@hotboat.cl,1001840.0,gas,10000.0
2029-01-06 12:40:00,sim@hotboat.cl,1001841.0,leña,1500.0
2029-01-06 12:40:00,sim@hotboat.cl,1001841.0,agua,700.0
2029-01-06 12:40:00,sim@hotboat.cl,1001841.0,luz,520.0
2029-01-06 12:40:00,sim@hotboat.cl,1001841.0,gas,10000.0
2029-01-06 12:40:00,sim@hotboat.cl,1001842.0,leña,1500.0
2029-01-06 12:40:00,sim@hotboat.cl,1001842.0,agua,700.0
2029-01-06 12:40:00,sim@hotboat.cl,1001842.0,luz,520.0
2029-01-06 12:40:00,sim@hotboat.cl,1001842.0,gas,10000.0
2029-01-06 12:50:00,sim@hotboat.cl,1001843.0,leña,1500.0
2029-01-06 12:50:00,sim@hotboat.cl,1001843.0,agua,700.0
2029-01-06 12:50:00,sim@hotboat.cl,1001843.0,luz,520.0
2029-01-06 12:50:00,sim@hotboat.cl,1001843.0,gas,10000.0
2029-01-06 12:50:00,sim@hotboat.cl,1001844.0,leña,1500.0
2029-01-06 12:50:00,sim@hotboat.cl,1001844.0,agua,700.0
2029-01-06 12:50:00,sim@hotboat.cl,1001844.0,luz,520.0
2029-01-06 12:50:00,sim@hotboat.cl,1001844.0,gas,10000.0
2029-01-07 12:00:00,sim@hotboat.cl,1001845.0,leña,1500.0
2029-01-07 12:00:00,sim@hotboat.cl,1001845.0,agua,700.0
2029-01-07 12:00:00,sim@hotboat.cl,1001845.0,luz,520.0
2029-01-07 12:00:00,sim@hotboat.cl,1001845.0,gas,10000.0
2029-01-07 12:00:00,sim@hotboat.cl,1001846.0,leña,1500.0
2029-01-07 12:00:00,sim@hotboat.cl,1001846.0,agua,700.0
2029-01-07 12:00:00,sim@hotboat.cl,1001846.0,luz,520.0
2029-01-07 12:00:00,sim@hotboat.cl,1001846.0,gas,10000.0
2029-01-07 12:00:00,sim@hotboat.cl,1001847.0,leña,1500.0
2029-01-07 12:00:00,sim@hotboat.cl,1001847.0,agua,700.0
2029-01-07 12:00:00,sim@hotboat.cl,1001847.0,luz,520.0
2029-01-07 12:00:00,sim@hotboat.cl,1001847.0,gas,10000.0
2029-01-07 12:10:00,sim@hotboat.cl,1001848.0,leña,1500.0
2029-01-07 12:10:00,sim@hotboat.cl,1001848.0,agua,700.0
2029-01-07 12:10:00,sim@hotboat.cl,1001848.0,luz,520.0
2029-01-07 12:10:00,sim@hotboat.cl,1001848.0,gas,10000.0
2029-01-07 12:10:00,sim@hotboat.cl,1001849.0,leña,1500.0
2029-01-07 12:10:00,sim@hotboat.cl,1001849.0,agua,700.0
2029-01-07 12:10:00,sim@hotboat.cl,1001849.0,luz,520.0
2029-01-07 12:10:00,sim@hotboat.cl,1001849.0,gas,10000.0
2029-01-07 12:10:00,sim@hotboat.cl,1001850.0,leña,1500.0
2029-01-07 12:10:00,sim@hotboat.cl,1001850.0,agua,700.0
2029-01-07 12:10:00,sim@hotboat.cl,1001850.0,luz,520.0
2029-01-07 12:10:00,sim@hotboat.cl,1001850.0,gas,10000.0
2029-01-07 12:20:00,sim@hotboat.cl,1001851.0,leña,1500.0
2029-01-07 12:20:00,sim@hotboat.cl,1001851.0,agua,700.0
2029-01-07 12:20:00,sim@hotboat.cl,1001851.0,luz,520.0
2029-01-07 12:20:00,sim@hotboat.cl,1001851.0,gas,10000.0
2029-01-07 12:20:00,sim@hotboat.cl,1001852.0,leña,1500.0
2029-01-07 12:20:00,sim@hotboat.cl,1001852.0,agua,700.0
2029-01-07 12:20:00,sim@hotboat.cl,1001852.0,luz,520.0
2029-01-07 12:20:00,sim@hotboat.cl,1001852.0,gas,10000.0
2029-01-07 12:20:00,sim@hotboat.cl,1001853.0,leña,1500.0
2029-01-07 12:20:00,sim@hotboat.cl,1001853.0,agua,700.0
2029-01-07 12:20:00,sim@hotboat.cl,1001853.0,luz,520.0
2029-01-07 12:20:00,sim@hotboat.cl,1001853.0,gas,10000.0
2029-01-07 12:30:00,sim@hotboat.cl,1001854.0,leña,1500.0
2029-01-07 12:30:00,sim@hotboat.cl,1001854.0,agua,700.0
2029-01-07 12:30:00,sim@hotboat.cl,1001854.0,luz,520.0
2029-01-07 12:30:00,sim@hotboat.cl,1001854.0,gas,10000.0
2029-01-07 12:30:00,sim@hotboat.cl,1001855.0,leña,1500.0
2029-01-07 12:30:00,sim@hotboat.cl,1001855.0,agua,700.0
2029-01-07 12:30:00,sim@hotboat.cl,1001855.0,luz,520.0
2029-01-07 12:30:00,sim@hotboat.cl,1001855.0,gas,10000.0
2029-01-07 12:30:00,sim@hotboat.cl,1001856.0,leña,1500.0
2029-01-07 12:30:00,sim@hotboat.cl,1001856.0,agua,700.0
2029-01-07 12:30:00,sim@hotboat.cl,1001856.0,luz,520.0
2029-01-07 12:30:00,sim@hotboat.cl,1001856.0,gas,10000.0
2029-01-07 12:40:00,sim@hotboat.cl,1001857.0,leña,1500.0
2029-01-07 12:40:00,sim@hotboat.cl,1001857.0,agua,700.0
2029-01-07 12:40:00,sim@hotboat.cl,1001857.0,luz,520.0
2029-01-07 12:40:00,sim@hotboat.cl,1001857.0,gas,10000.0
2029-01-07 12:40:00,sim@hotboat.cl,1001858.0,leña,1500.0
2029-01-07 12:40:00,sim@hotboat.cl,1001858.0,agua,700.0
2029-01-07 12:40:00,sim@hotboat.cl,1001858.0,luz,520.0
2029-01-07 12:40:00,sim@hotboat.cl,1001858.0,gas,10000.0
2029-01-07 12:50:00,sim@hotboat.cl,1001859.0,leña,1500.0
2029-01-07 12:50:00,sim@hotboat.cl,1001859.0,agua,700.0
2029-01-07 12:50:00,sim@hotboat.cl,1001859.0,luz,520.0
2029-01-07 12:50:00,sim@hotboat.cl,1001859.0,gas,10000.0
2029-01-07 12:50:00,sim@hotboat.cl,1001860.0,leña,1500.0
2029-01-07 12:50:00,sim@hotboat.cl,1001860.0,agua,700.0
2029-01-07 12:50:00,sim@hotboat.cl,1001860.0,luz,520.0
2029-01-07 12:50:00,sim@hotboat.cl,1001860.0,gas,10000.0
2029-01-08 12:00:00,sim@hotboat.cl,1001861.0,leña,1500.0
2029-01-08 12:00:00,sim@hotboat.cl,1001861.0,agua,700.0
2029-01-08 12:00:00,sim@hotboat.cl,1001861.0,luz,520.0
2029-01-08 12:00:00,sim@hotboat.cl,1001861.0,gas,10000.0
2029-01-08 12:10:00,sim@hotboat.cl,1001862.0,leña,1500.0
2029-01-08 12:10:00,sim@hotboat.cl,1001862.0,agua,700.0
2029-01-08 12:10:00,sim@hotboat.cl,1001862.0,luz,520.0
2029-01-08 12:10:00,sim@hotboat.cl,1001862.0,gas,10000.0
2029-01-09 12:00:00,sim@hotboat.cl,1001863.0,leña,1500.0
2029-01-09 12:00:00,sim@hotboat.cl,1001863.0,agua,700.0
2029-01-09 12:00:00,sim@hotboat.cl,1001863.0,luz,520.0
2029-01-09 12:00:00,sim@hotboat.cl,1001863.0,gas,10000.0
2029-01-10 12:00:00,sim@hotboat.cl,1001864.0,leña,1500.0
2029-01-10 12:00:00,sim@hotboat.cl,1001864.0,agua,700.0
2029-01-10 12:00:00,sim@hotboat.cl,1001864.0,luz,520.0
2029-01-10 12:00:00,sim@hotboat.cl,1001864.0,gas,10000.0
2029-01-10 12:10:00,sim@hotboat.cl,1001865.0,leña,1500.0
2029-01-10 12:10:00,sim@hotboat.cl,1001865.0,agua,700.0
2029-01-10 12:10:00,sim@hotboat.cl,1001865.0,luz,520.0
2029-01-10 12:10:00,sim@hotboat.cl,1001865.0,gas,10000.0
2029-01-10 12:20:00,sim@hotboat.cl,1001866.0,leña,1500.0
2029-01-10 12:20:00,sim@hotboat.cl,1001866.0,agua,700.0
2029-01-10 12:20:00,sim@hotboat.cl,1001866.0,luz,520.0
2029-01-10 12:20:00,sim@hotboat.cl,1001866.0,gas,10000.0
2029-01-11 12:00:00,sim@hotboat.cl,1001867.0,leña,1500.0
2029-01-11 12:00:00,sim@hotboat.cl,1001867.0,agua,700.0
2029-01-11 12:00:00,sim@hotboat.cl,1001867.0,luz,520.0
2029-01-11 12:00:00,sim@hotboat.cl,1001867.0,gas,10000.0
2029-01-12 12:00:00,sim@hotboat.cl,1001868.0,leña,1500.0
2029-01-12 12:00:00,sim@hotboat.cl,1001868.0,agua,700.0
2029-01-12 12:00:00,sim@hotboat.cl,1001868.0,luz,520.0
2029-01-12 12:00:00,sim@hotboat.cl,1001868.0,gas,10000.0
2029-01-12 12:10:00,sim@hotboat.cl,1001869.0,leña,1500.0
2029-01-12 12:10:00,sim@hotboat.cl,1001869.0,agua,700.0
2029-01-12 12:10:00,sim@hotboat.cl,1001869.0,luz,520.0
2029-01-12 12:10:00,sim@hotboat.cl,1001869.0,gas,10000.0
2029-01-12 12:20:00,sim@hotboat.cl,1001870.0,leña,1500.0
2029-01-12 12:20:00,sim@hotboat.cl,1001870.0,agua,700.0
2029-01-12 12:20:00,sim@hotboat.cl,1001870.0,luz,520.0
2029-01-12 12:20:00,sim@hotboat.cl,1001870.0,gas,10000.0
2029-01-13 12:00:00,sim@hotboat.cl,1001871.0,leña,1500.0
2029-01-13 12:00:00,sim@hotboat.cl,1001871.0,agua,700.0
2029-01-13 12:00:00,sim@hotboat.cl,1001871.0,luz,520.0
2029-01-13 12:00:00,sim@hotboat.cl,1001871.0,gas,10000.0
2029-01-13 12:00:00,sim@hotboat.cl,1001872.0,leña,1500.0
2029-01-13 12:00:00,sim@hotboat.cl,1001872.0,agua,700.0
2029-01-13 12:00:00,sim@hotboat.cl,1001872.0,luz,520.0
2029-01-13 12:00:00,sim@hotboat.cl,1001872.0,gas,10000.0
2029-01-13 12:00:00,sim@hotboat.cl,1001873.0,leña,1500.0
2029-01-13 12:00:00,sim@hotboat.cl,1001873.0,agua,700.0
2029-01-13 12:00:00,sim@hotboat.cl,1001873.0,luz,520.0
2029-01-13 12:00:00,sim@hotboat.cl,1001873.0,gas,10000.0
2029-01-13 12:10:00,sim@hotboat.cl,1001874.0,leña,1500.0
2029-01-13 12:10:00,sim@hotboat.cl,1001874.0,agua,700.0
2029-01-13 12:10:00,sim@hotboat.cl,1001874.0,luz,520.0
2029-01-13 12:10:00,sim@hotboat.cl,1001874.0,gas,10000.0
2029-01-13 12:10:00,sim@hotboat.cl,1001875.0,leña,1500.0
2029-01-13 12:10:00,sim@hotboat.cl,1001875.0,agua,700.0
2029-01-13 12:10:00,sim@hotboat.cl,1001875.0,luz,520.0
2029-01-13 12:10:00,sim@hotboat.cl,1001875.0,gas,10000.0
2029-01-13 12:20:00,sim@hotboat.cl,1001876.0,leña,1500.0
2029-01-13 12:20:00,sim@hotboat.cl,1001876.0,agua,700.0
2029-01-13 12:20:00,sim@hotboat.cl,1001876.0,luz,520.0
2029-01-13 12:20:00,sim@hotboat.cl,1001876.0,gas,10000.0
2029-01-13 12:20:00,sim@hotboat.cl,1001877.0,leña,1500.0
2029-01-13 12:20:00,sim@hotboat.cl,1001877.0,agua,700.0
2029-01-13 12:20:00,sim@hotboat.cl,1001877.0,luz,520.0
2029-01-13 12:20:00,sim@hotboat.cl,1001877.0,gas,10000.0
2029-01-13 12:30:00,sim@hotboat.cl,1001878.0,leña,1500.0
2029-01-13 12:30:00,sim@hotboat.cl,1001878.0,agua,700.0
2029-01-13 12:30:00,sim@hotboat.cl,1001878.0,luz,520.0
2029-01-13 12:30:00,sim@hotboat.cl,1001878.0,gas,10000.0
2029-01-13 12:30:00,sim@hotboat.cl,1001879.0,leña,1500.0
2029-01-13 12:30:00,sim@hotboat.cl,1001879.0,agua,700.0
2029-01-13 12:30:00,sim@hotboat.cl,1001879.0,luz,520.0
2029-01-13 12:30:00,sim@hotboat.cl,1001879.0,gas,10000.0
2029-01-13 12:40:00,sim@hotboat.cl,1001880.0,leña,1500.0
2029-01-13 12:40:00,sim@hotboat.cl,1001880.0,agua,700.0
2029-01-13 12:40:00,sim@hotboat.cl,1001880.0,luz,520.0
2029-01-13 12:40:00,sim@hotboat.cl,1001880.0,gas,10000.0
2029-01-13 12:40:00,sim@hotboat.cl,1001881.0,leña,1500.0
2029-01-13 12:40:00,sim@hotboat.cl,1001881.0,agua,700.0
2029-01-13 12:40:00,sim@hotboat.cl,1001881.0,luz,520.0
2029-01-13 12:40:00,sim@hotboat.cl,1001881.0,gas,10000.0
2029-01-13 12:50:00,sim@hotboat.cl,1001882.0,leña,1500.0
2029-01-13 12:50:00,sim@hotboat.cl,1001882.0,agua,700.0
2029-01-13 12:50:00,sim@hotboat.cl,1001882.0,luz,520.0
2029-01-13 12:50:00,sim@hotboat.cl,1001882.0,gas,10000.0
2029-01-13 12:50:00,sim@hotboat.cl,1001883.0,leña,1500.0
2029-01-13 12:50:00,sim@hotboat.cl,1001883.0,agua,700.0
2029-01-13 12:50:00,sim@hotboat.cl,1001883.0,luz,520.0
2029-01-13 12:50:00,sim@hotboat.cl,1001883.0,gas,10000.0
2029-01-14 12:00:00,sim@hotboat.cl,1001884.0,leña,1500.0
2029-01-14 12:00:00,sim@hotboat.cl,1001884.0,agua,700.0
2029-01-14 12:00:00,sim@hotboat.cl,1001884.0,luz,520.0
2029-01-14 12:00:00,sim@hotboat.cl,1001884.0,gas,10000.0
2029-01-14 12:00:00,sim@hotboat.cl,1001885.0,leña,1500.0
2029-01-14 12:00:00,sim@hotboat.cl,1001885.0,agua,700.0
2029-01-14 12:00:00,sim@hotboat.cl,1001885.0,luz,520.0
2029-01-14 12:00:00,sim@hotboat.cl,1001885.0,gas,10000.0
2029-01-14 12:10:00,sim@hotboat.cl,1001886.0,leña,1500.0
2029-01-14 12:10:00,sim@hotboat.cl,1001886.0,agua,700.0
2029-01-14 12:10:00,sim@hotboat.cl,1001886.0,luz,520.0
2029-01-14 12:10:00,sim@hotboat.cl,1001886.0,gas,10000.0
2029-01-14 12:10:00,sim@hotboat.cl,1001887.0,leña,1500.0
2029-01-14 12:10:00,sim@hotboat.cl,1001887.0,agua,700.0
2029-01-14 12:10:00,sim@hotboat.cl,1001887.0,luz,520.0
2029-01-14 12:10:00,sim@hotboat.cl,1001887.0,gas,10000.0
2029-01-14 12:20:00,sim@hotboat.cl,1001888.0,leña,1500.0
2029-01-14 12:20:00,sim@hotboat.cl,1001888.0,agua,700.0
2029-01-14 12:20:00,sim@hotboat.cl,1001888.0,luz,520.0
2029-01-14 12:20:00,sim@hotboat.cl,1001888.0,gas,10000.0
2029-01-14 12:20:00,sim@hotboat.cl,1001889.0,leña,1500.0
2029-01-14 12:20:00,sim@hotboat.cl,1001889.0,agua,700.0
2029-01-14 12:20:00,sim@hotboat.cl,1001889.0,luz,520.0
2029-01-14 12:20:00,sim@hotboat.cl,1001889.0,gas,10000.0
2029-01-14 12:30:00,sim@hotboat.cl,1001890.0,leña,1500.0
2029-01-14 12:30:00,sim@hotboat.cl,1001890.0,agua,700.0
2029-01-14 12:30:00,sim@hotboat.cl,1001890.0,luz,520.0
2029-01-14 12:30:00,sim@hotboat.cl,1001890.0,gas,10000.0
2029-01-14 12:30:00,sim@hotboat.cl,1001891.0,leña,1500.0
2029-01-14 12:30:00,sim@hotboat.cl,1001891.0,agua,700.0
2029-01-14 12:30:00,sim@hotboat.cl,1001891.0,luz,520.0
2029-01-14 12:30:00,sim@hotboat.cl,1001891.0,gas,10000.0
2029-01-14 12:40:00,sim@hotboat.cl,1001892.0,leña,1500.0
2029-01-14 12:40:00,sim@hotboat.cl,1001892.0,agua,700.0
2029-01-14 12:40:00,sim@hotboat.cl,1001892.0,luz,520.0
2029-01-14 12:40:00,sim@hotboat.cl,1001892.0,gas,10000.0
2029-01-14 12:50:00,sim@hotboat.cl,1001893.0,leña,1500.0
2029-01-14 12:50:00,sim@hotboat.cl,1001893.0,agua,700.0
2029-01-14 12:50:00,sim@hotboat.cl,1001893.0,luz,520.0
2029-01-14 12:50:00,sim@hotboat.cl,1001893.0,gas,10000.0
2029-01-15 12:00:00,sim@hotboat.cl,1001894.0,leña,1500.0
2029-01-15 12:00:00,sim@hotboat.cl,1001894.0,agua,700.0
2029-01-15 12:00:00,sim@hotboat.cl,1001894.0,luz,520.0
2029-01-15 12:00:00,sim@hotboat.cl,1001894.0,gas,10000.0
2029-01-15 12:10:00,sim@hotboat.cl,1001895.0,leña,1500.0
2029-01-15 12:10:00,sim@hotboat.cl,1001895.0,agua,700.0
2029-01-15 12:10:00,sim@hotboat.cl,1001895.0,luz,520.0
2029-01-15 12:10:00,sim@hotboat.cl,1001895.0,gas,10000.0
2029-01-15 12:20:00,sim@hotboat.cl,1001896.0,leña,1500.0
2029-01-15 12:20:00,sim@hotboat.cl,1001896.0,agua,700.0
2029-01-15 12:20:00,sim@hotboat.cl,1001896.0,luz,520.0
2029-01-15 12:20:00,sim@hotboat.cl,1001896.0,gas,10000.0
2029-01-15 12:30:00,sim@hotboat.cl,1001897.0,leña,1500.0
2029-01-15 12:30:00,sim@hotboat.cl,1001897.0,agua,700.0
2029-01-15 12:30:00,sim@hotboat.cl,1001897.0,luz,520.0
2029-01-15 12:30:00,sim@hotboat.cl,1001897.0,gas,10000.0
2029-01-15 12:40:00,sim@hotboat.cl,1001898.0,leña,1500.0
2029-01-15 12:40:00,sim@hotboat.cl,1001898.0,agua,700.0
2029-01-15 12:40:00,sim@hotboat.cl,1001898.0,luz,520.0
2029-01-15 12:40:00,sim@hotboat.cl,1001898.0,gas,10000.0
2029-01-16 12:00:00,sim@hotboat.cl,1001899.0,leña,1500.0
2029-01-16 12:00:00,sim@hotboat.cl,1001899.0,agua,700.0
2029-01-16 12:00:00,sim@hotboat.cl,1001899.0,luz,520.0
2029-01-16 12:00:00,sim@hotboat.cl,1001899.0,gas,10000.0
2029-01-16 12:10:00,sim@hotboat.cl,1001900.0,leña,1500.0
2029-01-16 12:10:00,sim@hotboat.cl,1001900.0,agua,700.0
2029-01-16 12:10:00,sim@hotboat.cl,1001900.0,luz,520.0
2029-01-16 12:10:00,sim@hotboat.cl,1001900.0,gas,10000.0
2029-01-16 12:20:00,sim@hotboat.cl,1001901.0,leña,1500.0
2029-01-16 12:20:00,sim@hotboat.cl,1001901.0,agua,700.0
2029-01-16 12:20:00,sim@hotboat.cl,1001901.0,luz,520.0
2029-01-16 12:20:00,sim@hotboat.cl,1001901.0,gas,10000.0
2029-01-16 12:30:00,sim@hotboat.cl,1001902.0,leña,1500.0
2029-01-16 12:30:00,sim@hotboat.cl,1001902.0,agua,700.0
2029-01-16 12:30:00,sim@hotboat.cl,1001902.0,luz,520.0
2029-01-16 12:30:00,sim@hotboat.cl,1001902.0,gas,10000.0
2029-01-16 12:40:00,sim@hotboat.cl,1001903.0,leña,1500.0
2029-01-16 12:40:00,sim@hotboat.cl,1001903.0,agua,700.0
2029-01-16 12:40:00,sim@hotboat.cl,1001903.0,luz,520.0
2029-01-16 12:40:00,sim@hotboat.cl,1001903.0,gas,10000.0
2029-01-17 12:00:00,sim@hotboat.cl,1001904.0,leña,1500.0
2029-01-17 12:00:00,sim@hotboat.cl,1001904.0,agua,700.0
2029-01-17 12:00:00,sim@hotboat.cl,1001904.0,luz,520.0
2029-01-17 12:00:00,sim@hotboat.cl,1001904.0,gas,10000.0
2029-01-17 12:10:00,sim@hotboat.cl,1001905.0,leña,1500.0
2029-01-17 12:10:00,sim@hotboat.cl,1001905.0,agua,700.0
2029-01-17 12:10:00,sim@hotboat.cl,1001905.0,luz,520.0
2029-01-17 12:10:00,sim@hotboat.cl,1001905.0,gas,10000.0
2029-01-17 12:20:00,sim@hotboat.cl,1001906.0,leña,1500.0
2029-01-17 12:20:00,sim@hotboat.cl,1001906.0,agua,700.0
2029-01-17 12:20:00,sim@hotboat.cl,1001906.0,luz,520.0
2029-01-17 12:20:00,sim@hotboat.cl,1001906.0,gas,10000.0
2029-01-17 12:30:00,sim@hotboat.cl,1001907.0,leña,1500.0
2029-01-17 12:30:00,sim@hotboat.cl,1001907.0,agua,700.0
2029-01-17 12:30:00,sim@hotboat.cl,1001907.0,luz,520.0
2029-01-17 12:30:00,sim@hotboat.cl,1001907.0,gas,10000.0
2029-01-18 12:00:00,sim@hotboat.cl,1001908.0,leña,1500.0
2029-01-18 12:00:00,sim@hotboat.cl,1001908.0,agua,700.0
2029-01-18 12:00:00,sim@hotboat.cl,1001908.0,luz,520.0
2029-01-18 12:00:00,sim@hotboat.cl,1001908.0,gas,10000.0
2029-01-19 12:00:00,sim@hotboat.cl,1001909.0,leña,1500.0
2029-01-19 12:00:00,sim@hotboat.cl,1001909.0,agua,700.0
2029-01-19 12:00:00,sim@hotboat.cl,1001909.0,luz,520.0
2029-01-19 12:00:00,sim@hotboat.cl,1001909.0,gas,10000.0
2029-01-19 12:10:00,sim@hotboat.cl,1001910.0,leña,1500.0
2029-01-19 12:10:00,sim@hotboat.cl,1001910.0,agua,700.0
2029-01-19 12:10:00,sim@hotboat.cl,1001910.0,luz,520.0
2029-01-19 12:10:00,sim@hotboat.cl,1001910.0,gas,10000.0
2029-01-19 12:20:00,sim@hotboat.cl,1001911.0,leña,1500.0
2029-01-19 12:20:00,sim@hotboat.cl,1001911.0,agua,700.0
2029-01-19 12:20:00,sim@hotboat.cl,1001911.0,luz,520.0
2029-01-19 12:20:00,sim@hotboat.cl,1001911.0,gas,10000.0
2029-01-19 12:30:00,sim@hotboat.cl,1001912.0,leña,1500.0
2029-01-19 12:30:00,sim@hotboat.cl,1001912.0,agua,700.0
2029-01-19 12:30:00,sim@hotboat.cl,1001912.0,luz,520.0
2029-01-19 12:30:00,sim@hotboat.cl,1001912.0,gas,10000.0
2029-01-20 12:00:00,sim@hotboat.cl,1001913.0,leña,1500.0
2029-01-20 12:00:00,sim@hotboat.cl,1001913.0,agua,700.0
2029-01-20 12:00:00,sim@hotboat.cl,1001913.0,luz,520.0
2029-01-20 12:00:00,sim@hotboat.cl,1001913.0,gas,10000.0
2029-01-20 12:00:00,sim@hotboat.cl,1001914.0,leña,1500.0
2029-01-20 12:00:00,sim@hotboat.cl,1001914.0,agua,700.0
2029-01-20 12:00:00,sim@hotboat.cl,1001914.0,luz,520.0
2029-01-20 12:00:00,sim@hotboat.cl,1001914.0,gas,10000.0
2029-01-20 12:10:00,sim@hotboat.cl,1001915.0,leña,1500.0
2029-01-20 12:10:00,sim@hotboat.cl,1001915.0,agua,700.0
2029-01-20 12:10:00,sim@hotboat.cl,1001915.0,luz,520.0
2029-01-20 12:10:00,sim@hotboat.cl,1001915.0,gas,10000.0
2029-01-20 12:10:00,sim@hotboat.cl,1001916.0,leña,1500.0
2029-01-20 12:10:00,sim@hotboat.cl,1001916.0,agua,700.0
2029-01-20 12:10:00,sim@hotboat.cl,1001916.0,luz,520.0
2029-01-20 12:10:00,sim@hotboat.cl,1001916.0,gas,10000.0
2029-01-20 12:20:00,sim@hotboat.cl,1001917.0,leña,1500.0
2029-01-20 12:20:00,sim@hotboat.cl,1001917.0,agua,700.0
2029-01-20 12:20:00,sim@hotboat.cl,1001917.0,luz,520.0
2029-01-20 12:20:00,sim@hotboat.cl,1001917.0,gas,10000.0
2029-01-20 12:20:00,sim@hotboat.cl,1001918.0,leña,1500.0
2029-01-20 12:20:00,sim@hotboat.cl,1001918.0,agua,700.0
2029-01-20 12:20:00,sim@hotboat.cl,1001918.0,luz,520.0
2029-01-20 12:20:00,sim@hotboat.cl,1001918.0,gas,10000.0
2029-01-20 12:30:00,sim@hotboat.cl,1001919.0,leña,1500.0
2029-01-20 12:30:00,sim@hotboat.cl,1001919.0,agua,700.0
2029-01-20 12:30:00,sim@hotboat.cl,1001919.0,luz,520.0
2029-01-20 12:30:00,sim@hotboat.cl,1001919.0,gas,10000.0
2029-01-20 12:30:00,sim@hotboat.cl,1001920.0,leña,1500.0
2029-01-20 12:30:00,sim@hotboat.cl,1001920.0,agua,700.0
2029-01-20 12:30:00,sim@hotboat.cl,1001920.0,luz,520.0
2029-01-20 12:30:00,sim@hotboat.cl,1001920.0,gas,10000.0
2029-01-20 12:40:00,sim@hotboat.cl,1001921.0,leña,1500.0
2029-01-20 12:40:00,sim@hotboat.cl,1001921.0,agua,700.0
2029-01-20 12:40:00,sim@hotboat.cl,1001921.0,luz,520.0
2029-01-20 12:40:00,sim@hotboat.cl,1001921.0,gas,10000.0
2029-01-20 12:40:00,sim@hotboat.cl,1001922.0,leña,1500.0
2029-01-20 12:40:00,sim@hotboat.cl,1001922.0,agua,700.0
2029-01-20 12:40:00,sim@hotboat.cl,1001922.0,luz,520.0
2029-01-20 12:40:00,sim@hotboat.cl,1001922.0,gas,10000.0
2029-01-20 12:50:00,sim@hotboat.cl,1001923.0,leña,1500.0
2029-01-20 12:50:00,sim@hotboat.cl,1001923.0,agua,700.0
2029-01-20 12:50:00,sim@hotboat.cl,1001923.0,luz,520.0
2029-01-20 12:50:00,sim@hotboat.cl,1001923.0,gas,10000.0
2029-01-21 12:00:00,sim@hotboat.cl,1001924.0,leña,1500.0
2029-01-21 12:00:00,sim@hotboat.cl,1001924.0,agua,700.0
2029-01-21 12:00:00,sim@hotboat.cl,1001924.0,luz,520.0
2029-01-21 12:00:00,sim@hotboat.cl,1001924.0,gas,10000.0
2029-01-21 12:00:00,sim@hotboat.cl,1001925.0,leña,1500.0
2029-01-21 12:00:00,sim@hotboat.cl,1001925.0,agua,700.0
2029-01-21 12:00:00,sim@hotboat.cl,1001925.0,luz,520.0
2029-01-21 12:00:00,sim@hotboat.cl,1001925.0,gas,10000.0
2029-01-21 12:00:00,sim@hotboat.cl,1001926.0,leña,1500.0
2029-01-21 12:00:00,sim@hotboat.cl,1001926.0,agua,700.0
2029-01-21 12:00:00,sim@hotboat.cl,1001926.0,luz,520.0
2029-01-21 12:00:00,sim@hotboat.cl,1001926.0,gas,10000.0
2029-01-21 12:10:00,sim@hotboat.cl,1001927.0,leña,1500.0
2029-01-21 12:10:00,sim@hotboat.cl,1001927.0,agua,700.0
2029-01-21 12:10:00,sim@hotboat.cl,1001927.0,luz,520.0
2029-01-21 12:10:00,sim@hotboat.cl,1001927.0,gas,10000.0
2029-01-21 12:10:00,sim@hotboat.cl,1001928.0,leña,1500.0
2029-01-21 12:10:00,sim@hotboat.cl,1001928.0,agua,700.0
2029-01-21 12:10:00,sim@hotboat.cl,1001928.0,luz,520.0
2029-01-21 12:10:00,sim@hotboat.cl,1001928.0,gas,10000.0
2029-01-21 12:10:00,sim@hotboat.cl,1001929.0,leña,1500.0
2029-01-21 12:10:00,sim@hotboat.cl,1001929.0,agua,700.0
2029-01-21 12:10:00,sim@hotboat.cl,1001929.0,luz,520.0
2029-01-21 12:10:00,sim@hotboat.cl,1001929.0,gas,10000.0
2029-01-21 12:20:00,sim@hotboat.cl,1001930.0,leña,1500.0
2029-01-21 12:20:00,sim@hotboat.cl,1001930.0,agua,700.0
2029-01-21 12:20:00,sim@hotboat.cl,1001930.0,luz,520.0
2029-01-21 12:20:00,sim@hotboat.cl,1001930.0,gas,10000.0
2029-01-21 12:20:00,sim@hotboat.cl,1001931.0,leña,1500.0
2029-01-21 12:20:00,sim@hotboat.cl,1001931.0,agua,700.0
2029-01-21 12:20:00,sim@hotboat.cl,1001931.0,luz,520.0
2029-01-21 12:20:00,sim@hotboat.cl,1001931.0,gas,10000.0
2029-01-21 12:20:00,sim@hotboat.cl,1001932.0,leña,1500.0
2029-01-21 12:20:00,sim@hotboat.cl,1001932.0,agua,700.0
2029-01-21 12:20:00,sim@hotboat.cl,1001932.0,luz,520.0
2029-01-21 12:20:00,sim@hotboat.cl,1001932.0,gas,10000.0
2029-01-21 12:30:00,sim@hotboat.cl,1001933.0,leña,1500.0
2029-01-21 12:30:00,sim@hotboat.cl,1001933.0,agua,700.0
2029-01-21 12:30:00,sim@hotboat.cl,1001933.0,luz,520.0
2029-01-21 12:30:00,sim@hotboat.cl,1001933.0,gas,10000.0
2029-01-21 12:30:00,sim@hotboat.cl,1001934.0,leña,1500.0
2029-01-21 12:30:00,sim@hotboat.cl,1001934.0,agua,700.0
2029-01-21 12:30:00,sim@hotboat.cl,1001934.0,luz,520.0
2029-01-21 12:30:00,sim@hotboat.cl,1001934.0,gas,10000.0
2029-01-21 12:40:00,sim@hotboat.cl,1001935.0,leña,1500.0
2029-01-21 12:40:00,sim@hotboat.cl,1001935.0,agua,700.0
2029-01-21 12:40:00,sim@hotboat.cl,1001935.0,luz,520.0
2029-01-21 12:40:00,sim@hotboat.cl,1001935.0,gas,10000.0
2029-01-21 12:40:00,sim@hotboat.cl,1001936.0,leña,1500.0
2029-01-21 12:40:00,sim@hotboat.cl,1001936.0,agua,700.0
2029-01-21 12:40:00,sim@hotboat.cl,1001936.0,luz,520.0
2029-01-21 12:40:00,sim@hotboat.cl,1001936.0,gas,10000.0
2029-01-21 12:50:00,sim@hotboat.cl,1001937.0,leña,1500.0
2029-01-21 12:50:00,sim@hotboat.cl,1001937.0,agua,700.0
2029-01-21 12:50:00,sim@hotboat.cl,1001937.0,luz,520.0
2029-01-21 12:50:00,sim@hotboat.cl,1001937.0,gas,10000.0
2029-01-21 12:50:00,sim@hotboat.cl,1001938.0,leña,1500.0
2029-01-21 12:50:00,sim@hotboat.cl,1001938.0,agua,700.0
2029-01-21 12:50:00,sim@hotboat.cl,1001938.0,luz,520.0
2029-01-21 12:50:00,sim@hotboat.cl,1001938.0,gas,10000.0
2029-01-22 12:00:00,sim@hotboat.cl,1001939.0,leña,1500.0
2029-01-22 12:00:00,sim@hotboat.cl,1001939.0,agua,700.0
2029-01-22 12:00:00,sim@hotboat.cl,1001939.0,luz,520.0
2029-01-22 12:00:00,sim@hotboat.cl,1001939.0,gas,10000.0
2029-01-22 12:10:00,sim@hotboat.cl,1001940.0,leña,1500.0
2029-01-22 12:10:00,sim@hotboat.cl,1001940.0,agua,700.0
2029-01-22 12:10:00,sim@hotboat.cl,1001940.0,luz,520.0
2029-01-22 12:10:00,sim@hotboat.cl,1001940.0,gas,10000.0
2029-01-23 12:00:00,sim@hotboat.cl,1001941.0,leña,1500.0
2029-01-23 12:00:00,sim@hotboat.cl,1001941.0,agua,700.0
2029-01-23 12:00:00,sim@hotboat.cl,1001941.0,luz,520.0
2029-01-23 12:00:00,sim@hotboat.cl,1001941.0,gas,10000.0
2029-01-23 12:10:00,sim@hotboat.cl,1001942.0,leña,1500.0
2029-01-23 12:10:00,sim@hotboat.cl,1001942.0,agua,700.0
2029-01-23 12:10:00,sim@hotboat.cl,1001942.0,luz,520.0
2029-01-23 12:10:00,sim@hotboat.cl,1001942.0,gas,10000.0
2029-01-23 12:20:00,sim@hotboat.cl,1001943.0,leña,1500.0
2029-01-23 12:20:00,sim@hotboat.cl,1001943.0,agua,700.0
2029-01-23 12:20:00,sim@hotboat.cl,1001943.0,luz,520.0
2029-01-23 12:20:00,sim@hotboat.cl,1001943.0,gas,10000.0
2029-01-23 12:30:00,sim@hotboat.cl,1001944.0,leña,1500.0
2029-01-23 12:30:00,sim@hotboat.cl,1001944.0,agua,700.0
2029-01-23 12:30:00,sim@hotboat.cl,1001944.0,luz,520.0
2029-01-23 12:30:00,sim@hotboat.cl,1001944.0,gas,10000.0
2029-01-24 12:00:00,sim@hotboat.cl,1001945.0,leña,1500.0
2029-01-24 12:00:00,sim@hotboat.cl,1001945.0,agua,700.0
2029-01-24 12:00:00,sim@hotboat.cl,1001945.0,luz,520.0
2029-01-24 12:00:00,sim@hotboat.cl,1001945.0,gas,10000.0
2029-01-24 12:10:00,sim@hotboat.cl,1001946.0,leña,1500.0
2029-01-24 12:10:00,sim@hotboat.cl,1001946.0,agua,700.0
2029-01-24 12:10:00,sim@hotboat.cl,1001946.0,luz,520.0
2029-01-24 12:10:00,sim@hotboat.cl,1001946.0,gas,10000.0
2029-01-24 12:20:00,sim@hotboat.cl,1001947.0,leña,1500.0
2029-01-24 12:20:00,sim@hotboat.cl,1001947.0,agua,700.0
2029-01-24 12:20:00,sim@hotboat.cl,1001947.0,luz,520.0
2029-01-24 12:20:00,sim@hotboat.cl,1001947.0,gas,10000.0
2029-01-24 12:30:00,sim@hotboat.cl,1001948.0,leña,1500.0
2029-01-24 12:30:00,sim@hotboat.cl,1001948.0,agua,700.0
2029-01-24 12:30:00,sim@hotboat.cl,1001948.0,luz,520.0
2029-01-24 12:30:00,sim@hotboat.cl,1001948.0,gas,10000.0
2029-01-25 12:00:00,sim@hotboat.cl,1001949.0,leña,1500.0
2029-01-25 12:00:00,sim@hotboat.cl,1001949.0,agua,700.0
2029-01-25 12:00:00,sim@hotboat.cl,1001949.0,luz,520.0
2029-01-25 12:00:00,sim@hotboat.cl,1001949.0,gas,10000.0
2029-01-25 12:10:00,sim@hotboat.cl,1001950.0,leña,1500.0
2029-01-25 12:10:00,sim@hotboat.cl,1001950.0,agua,700.0
2029-01-25 12:10:00,sim@hotboat.cl,1001950.0,luz,520.0
2029-01-25 12:10:00,sim@hotboat.cl,1001950.0,gas,10000.0
2029-01-25 12:20:00,sim@hotboat.cl,1001951.0,leña,1500.0
2029-01-25 12:20:00,sim@hotboat.cl,1001951.0,agua,700.0
2029-01-25 12:20:00,sim@hotboat.cl,1001951.0,luz,520.0
2029-01-25 12:20:00,sim@hotboat.cl,1001951.0,gas,10000.0
2029-01-25 12:30:00,sim@hotboat.cl,1001952.0,leña,1500.0
2029-01-25 12:30:00,sim@hotboat.cl,1001952.0,agua,700.0
2029-01-25 12:30:00,sim@hotboat.cl,1001952.0,luz,520.0
2029-01-25 12:30:00,sim@hotboat.cl,1001952.0,gas,10000.0
2029-01-25 12:40:00,sim@hotboat.cl,1001953.0,leña,1500.0
2029-01-25 12:40:00,sim@hotboat.cl,1001953.0,agua,700.0
2029-01-25 12:40:00,sim@hotboat.cl,1001953.0,luz,520.0
2029-01-25 12:40:00,sim@hotboat.cl,1001953.0,gas,10000.0
2029-01-26 12:00:00,sim@hotboat.cl,1001954.0,leña,1500.0
2029-01-26 12:00:00,sim@hotboat.cl,1001954.0,agua,700.0
2029-01-26 12:00:00,sim@hotboat.cl,1001954.0,luz,520.0
2029-01-26 12:00:00,sim@hotboat.cl,1001954.0,gas,10000.0
2029-01-26 12:10:00,sim@hotboat.cl,1001955.0,leña,1500.0
2029-01-26 12:10:00,sim@hotboat.cl,1001955.0,agua,700.0
2029-01-26 12:10:00,sim@hotboat.cl,1001955.0,luz,520.0
2029-01-26 12:10:00,sim@hotboat.cl,1001955.0,gas,10000.0
2029-01-26 12:20:00,sim@hotboat.cl,1001956.0,leña,1500.0
2029-01-26 12:20:00,sim@hotboat.cl,1001956.0,agua,700.0
2029-01-26 12:20:00,sim@hotboat.cl,1001956.0,luz,520.0
2029-01-26 12:20:00,sim@hotboat.cl,1001956.0,gas,10000.0
2029-01-26 12:30:00,sim@hotboat.cl,1001957.0,leña,1500.0
2029-01-26 12:30:00,sim@hotboat.cl,1001957.0,agua,700.0
2029-01-26 12:30:00,sim@hotboat.cl,1001957.0,luz,520.0
2029-01-26 12:30:00,sim@hotboat.cl,1001957.0,gas,10000.0
2029-01-27 12:00:00,sim@hotboat.cl,1001958.0,leña,1500.0
2029-01-27 12:00:00,sim@hotboat.cl,1001958.0,agua,700.0
2029-01-27 12:00:00,sim@hotboat.cl,1001958.0,luz,520.0
2029-01-27 12:00:00,sim@hotboat.cl,1001958.0,gas,10000.0
2029-01-27 12:00:00,sim@hotboat.cl,1001959.0,leña,1500.0
2029-01-27 12:00:00,sim@hotboat.cl,1001959.0,agua,700.0
2029-01-27 12:00:00,sim@hotboat.cl,1001959.0,luz,520.0
2029-01-27 12:00:00,sim@hotboat.cl,1001959.0,gas,10000.0
2029-01-27 12:00:00,sim@hotboat.cl,1001960.0,leña,1500.0
2029-01-27 12:00:00,sim@hotboat.cl,1001960.0,agua,700.0
2029-01-27 12:00:00,sim@hotboat.cl,1001960.0,luz,520.0
2029-01-27 12:00:00,sim@hotboat.cl,1001960.0,gas,10000.0
2029-01-27 12:10:00,sim@hotboat.cl,1001961.0,leña,1500.0
2029-01-27 12:10:00,sim@hotboat.cl,1001961.0,agua,700.0
2029-01-27 12:10:00,sim@hotboat.cl,1001961.0,luz,520.0
2029-01-27 12:10:00,sim@hotboat.cl,1001961.0,gas,10000.0
2029-01-27 12:10:00,sim@hotboat.cl,1001962.0,leña,1500.0
2029-01-27 12:10:00,sim@hotboat.cl,1001962.0,agua,700.0
2029-01-27 12:10:00,sim@hotboat.cl,1001962.0,luz,520.0
2029-01-27 12:10:00,sim@hotboat.cl,1001962.0,gas,10000.0
2029-01-27 12:10:00,sim@hotboat.cl,1001963.0,leña,1500.0
2029-01-27 12:10:00,sim@hotboat.cl,1001963.0,agua,700.0
2029-01-27 12:10:00,sim@hotboat.cl,1001963.0,luz,520.0
2029-01-27 12:10:00,sim@hotboat.cl,1001963.0,gas,10000.0
2029-01-27 12:20:00,sim@hotboat.cl,1001964.0,leña,1500.0
2029-01-27 12:20:00,sim@hotboat.cl,1001964.0,agua,700.0
2029-01-27 12:20:00,sim@hotboat.cl,1001964.0,luz,520.0
2029-01-27 12:20:00,sim@hotboat.cl,1001964.0,gas,10000.0
2029-01-27 12:20:00,sim@hotboat.cl,1001965.0,leña,1500.0
2029-01-27 12:20:00,sim@hotboat.cl,1001965.0,agua,700.0
2029-01-27 12:20:00,sim@hotboat.cl,1001965.0,luz,520.0
2029-01-27 12:20:00,sim@hotboat.cl,1001965.0,gas,10000.0
2029-01-27 12:20:00,sim@hotboat.cl,1001966.0,leña,1500.0
2029-01-27 12:20:00,sim@hotboat.cl,1001966.0,agua,700.0
2029-01-27 12:20:00,sim@hotboat.cl,1001966.0,luz,520.0
2029-01-27 12:20:00,sim@hotboat.cl,1001966.0,gas,10000.0
2029-01-27 12:30:00,sim@hotboat.cl,1001967.0,leña,1500.0
2029-01-27 12:30:00,sim@hotboat.cl,1001967.0,agua,700.0
2029-01-27 12:30:00,sim@hotboat.cl,1001967.0,luz,520.0
2029-01-27 12:30:00,sim@hotboat.cl,1001967.0,gas,10000.0
2029-01-27 12:30:00,sim@hotboat.cl,1001968.0,leña,1500.0
2029-01-27 12:30:00,sim@hotboat.cl,1001968.0,agua,700.0
2029-01-27 12:30:00,sim@hotboat.cl,1001968.0,luz,520.0
2029-01-27 12:30:00,sim@hotboat.cl,1001968.0,gas,10000.0
2029-01-27 12:30:00,sim@hotboat.cl,1001969.0,leña,1500.0
2029-01-27 12:30:00,sim@hotboat.cl,1001969.0,agua,700.0
2029-01-27 12:30:00,sim@hotboat.cl,1001969.0,luz,520.0
2029-01-27 12:30:00,sim@hotboat.cl,1001969.0,gas,10000.0
2029-01-27 12:40:00,sim@hotboat.cl,1001970.0,leña,1500.0
2029-01-27 12:40:00,sim@hotboat.cl,1001970.0,agua,700.0
2029-01-27 12:40:00,sim@hotboat.cl,1001970.0,luz,520.0
2029-01-27 12:40:00,sim@hotboat.cl,1001970.0,gas,10000.0
2029-01-27 12:40:00,sim@hotboat.cl,1001971.0,leña,1500.0
2029-01-27 12:40:00,sim@hotboat.cl,1001971.0,agua,700.0
2029-01-27 12:40:00,sim@hotboat.cl,1001971.0,luz,520.0
2029-01-27 12:40:00,sim@hotboat.cl,1001971.0,gas,10000.0
2029-01-27 12:40:00,sim@hotboat.cl,1001972.0,leña,1500.0
2029-01-27 12:40:00,sim@hotboat.cl,1001972.0,agua,700.0
2029-01-27 12:40:00,sim@hotboat.cl,1001972.0,luz,520.0
2029-01-27 12:40:00,sim@hotboat.cl,1001972.0,gas,10000.0
2029-01-27 12:50:00,sim@hotboat.cl,1001973.0,leña,1500.0
2029-01-27 12:50:00,sim@hotboat.cl,1001973.0,agua,700.0
2029-01-27 12:50:00,sim@hotboat.cl,1001973.0,luz,520.0
2029-01-27 12:50:00,sim@hotboat.cl,1001973.0,gas,10000.0
2029-01-27 12:50:00,sim@hotboat.cl,1001974.0,leña,1500.0
2029-01-27 12:50:00,sim@hotboat.cl,1001974.0,agua,700.0
2029-01-27 12:50:00,sim@hotboat.cl,1001974.0,luz,520.0
2029-01-27 12:50:00,sim@hotboat.cl,1001974.0,gas,10000.0
2029-01-28 12:00:00,sim@hotboat.cl,1001975.0,leña,1500.0
2029-01-28 12:00:00,sim@hotboat.cl,1001975.0,agua,700.0
2029-01-28 12:00:00,sim@hotboat.cl,1001975.0,luz,520.0
2029-01-28 12:00:00,sim@hotboat.cl,1001975.0,gas,10000.0
2029-01-28 12:00:00,sim@hotboat.cl,1001976.0,leña,1500.0
2029-01-28 12:00:00,sim@hotboat.cl,1001976.0,agua,700.0
2029-01-28 12:00:00,sim@hotboat.cl,1001976.0,luz,520.0
2029-01-28 12:00:00,sim@hotboat.cl,1001976.0,gas,10000.0
2029-01-28 12:10:00,sim@hotboat.cl,1001977.0,leña,1500.0
2029-01-28 12:10:00,sim@hotboat.cl,1001977.0,agua,700.0
2029-01-28 12:10:00,sim@hotboat.cl,1001977.0,luz,520.0
2029-01-28 12:10:00,sim@hotboat.cl,1001977.0,gas,10000.0
2029-01-28 12:10:00,sim@hotboat.cl,1001978.0,leña,1500.0
2029-01-28 12:10:00,sim@hotboat.cl,1001978.0,agua,700.0
2029-01-28 12:10:00,sim@hotboat.cl,1001978.0,luz,520.0
2029-01-28 12:10:00,sim@hotboat.cl,1001978.0,gas,10000.0
2029-01-28 12:20:00,sim@hotboat.cl,1001979.0,leña,1500.0
2029-01-28 12:20:00,sim@hotboat.cl,1001979.0,agua,700.0
2029-01-28 12:20:00,sim@hotboat.cl,1001979.0,luz,520.0
2029-01-28 12:20:00,sim@hotboat.cl,1001979.0,gas,10000.0
2029-01-28 12:20:00,sim@hotboat.cl,1001980.0,leña,1500.0
2029-01-28 12:20:00,sim@hotboat.cl,1001980.0,agua,700.0
2029-01-28 12:20:00,sim@hotboat.cl,1001980.0,luz,520.0
2029-01-28 12:20:00,sim@hotboat.cl,1001980.0,gas,10000.0
2029-01-28 12:30:00,sim@hotboat.cl,1001981.0,leña,1500.0
2029-01-28 12:30:00,sim@hotboat.cl,1001981.0,agua,700.0
2029-01-28 12:30:00,sim@hotboat.cl,1001981.0,luz,520.0
2029-01-28 12:30:00,sim@hotboat.cl,1001981.0,gas,10000.0
2029-01-28 12:40:00,sim@hotboat.cl,1001982.0,leña,1500.0
2029-01-28 12:40:00,sim@hotboat.cl,1001982.0,agua,700.0
2029-01-28 12:40:00,sim@hotboat.cl,1001982.0,luz,520.0
2029-01-28 12:40:00,sim@hotboat.cl,1001982.0,gas,10000.0
2029-01-28 12:50:00,sim@hotboat.cl,1001983.0,leña,1500.0
2029-01-28 12:50:00,sim@hotboat.cl,1001983.0,agua,700.0
2029-01-28 12:50:00,sim@hotboat.cl,1001983.0,luz,520.0
2029-01-28 12:50:00,sim@hotboat.cl,1001983.0,gas,10000.0
2029-01-29 12:00:00,sim@hotboat.cl,1001984.0,leña,1500.0
2029-01-29 12:00:00,sim@hotboat.cl,1001984.0,agua,700.0
2029-01-29 12:00:00,sim@hotboat.cl,1001984.0,luz,520.0
2029-01-29 12:00:00,sim@hotboat.cl,1001984.0,gas,10000.0
2029-01-29 12:10:00,sim@hotboat.cl,1001985.0,leña,1500.0
2029-01-29 12:10:00,sim@hotboat.cl,1001985.0,agua,700.0
2029-01-29 12:10:00,sim@hotboat.cl,1001985.0,luz,520.0
2029-01-29 12:10:00,sim@hotboat.cl,1001985.0,gas,10000.0
2029-01-30 12:00:00,sim@hotboat.cl,1001986.0,leña,1500.0
2029-01-30 12:00:00,sim@hotboat.cl,1001986.0,agua,700.0
2029-01-30 12:00:00,sim@hotboat.cl,1001986.0,luz,520.0
2029-01-30 12:00:00,sim@hotboat.cl,1001986.0,gas,10000.0
2029-01-30 12:10:00,sim@hotboat.cl,1001987.0,leña,1500.0
2029-01-30 12:10:00,sim@hotboat.cl,1001987.0,agua,700.0
2029-01-30 12:10:00,sim@hotboat.cl,1001987.0,luz,520.0
2029-01-30 12:10:00,sim@hotboat.cl,1001987.0,gas,10000.0
2029-01-31 12:00:00,sim@hotboat.cl,1001988.0,leña,1500.0
2029-01-31 12:00:00,sim@hotboat.cl,1001988.0,agua,700.0
2029-01-31 12:00:00,sim@hotboat.cl,1001988.0,luz,520.0
2029-01-31 12:00:00,sim@hotboat.cl,1001988.0,gas,10000.0
2029-01-31 12:00:00,sim@hotboat.cl,1001989.0,leña,1500.0
2029-01-31 12:00:00,sim@hotboat.cl,1001989.0,agua,700.0
2029-01-31 12:00:00,sim@hotboat.cl,1001989.0,luz,520.0
2029-01-31 12:00:00,sim@hotboat.cl,1001989.0,gas,10000.0
2029-01-31 12:10:00,sim@hotboat.cl,1001990.0,leña,1500.0
2029-01-31 12:10:00,sim@hotboat.cl,1001990.0,agua,700.0
2029-01-31 12:10:00,sim@hotboat.cl,1001990.0,luz,520.0
2029-01-31 12:10:00,sim@hotboat.cl,1001990.0,gas,10000.0
2029-01-31 12:20:00,sim@hotboat.cl,1001991.0,leña,1500.0
2029-01-31 12:20:00,sim@hotboat.cl,1001991.0,agua,700.0
2029-01-31 12:20:00,sim@hotboat.cl,1001991.0,luz,520.0
2029-01-31 12:20:00,sim@hotboat.cl,1001991.0,gas,10000.0
2029-01-31 12:30:00,sim@hotboat.cl,1001992.0,leña,1500.0
2029-01-31 12:30:00,sim@hotboat.cl,1001992.0,agua,700.0
2029-01-31 12:30:00,sim@hotboat.cl,1001992.0,luz,520.0
2029-01-31 12:30:00,sim@hotboat.cl,1001992.0,gas,10000.0
2029-01-31 12:40:00,sim@hotboat.cl,1001993.0,leña,1500.0
2029-01-31 12:40:00,sim@hotboat.cl,1001993.0,agua,700.0
2029-01-31 12:40:00,sim@hotboat.cl,1001993.0,luz,520.0
2029-01-31 12:40:00,sim@hotboat.cl,1001993.0,gas,10000.0
2029-01-31 12:50:00,sim@hotboat.cl,1001994.0,leña,1500.0
2029-01-31 12:50:00,sim@hotboat.cl,1001994.0,agua,700.0
2029-01-31 12:50:00,sim@hotboat.cl,1001994.0,luz,520.0
2029-01-31 12:50:00,sim@hotboat.cl,1001994.0,gas,10000.0
2029-01-01 20:00:00,sim@hotboat.cl,,pago extra ayudante (diario),60000.0
2029-01-02 20:00:00,sim@hotboat.cl,,pago extra ayudante (diario),90000.0
2029-01-03 20:00:00,sim@hotboat.cl,,pago extra ayudante (diario),180000.0
2029-01-04 20:00:00,sim@hotboat.cl,,pago extra ayudante (diario),120000.0
2029-01-05 20:00:00,sim@hotboat.cl,,pago extra ayudante (diario),120000.0
2029-01-06 20:00:00,sim@hotboat.cl,,pago extra ayudante (diario),210000.0
2029-01-07 20:00:00,sim@hotboat.cl,,pago extra ayudante (diario),210000.0
2029-01-08 20:00:00,sim@hotboat.cl,,pago extra ayudante (diario),60000.0
2029-01-09 20:00:00,sim@hotboat.cl,,pago extra ayudante (diario),30000.0
2029-01-10 20:00:00,sim@hotboat.cl,,pago extra ayudante (diario),90000.0
2029-01-11 20:00:00,sim@hotboat.cl,,pago extra ayudante (diario),30000.0
2029-01-12 20:00:00,sim@hotboat.cl,,pago extra ayudante (diario),90000.0
2029-01-13 20:00:00,sim@hotboat.cl,,pago extra ayudante (diario),210000.0
2029-01-14 20:00:00,sim@hotboat.cl,,pago extra ayudante (diario),210000.0
2029-01-15 20:00:00,sim@hotboat.cl,,pago extra ayudante (diario),150000.0
2029-01-16 20:00:00,sim@hotboat.cl,,pago extra ayudante (diario),150000.0
2029-01-17 20:00:00,sim@hotboat.cl,,pago extra ayudante (diario),120000.0
2029-01-18 20:00:00,sim@hotboat.cl,,pago extra ayudante (diario),30000.0
2029-01-19 20:00:00,sim@hotboat.cl,,pago extra ayudante (diario),120000.0
2029-01-20 20:00:00,sim@hotboat.cl,,pago extra ayudante (diario),210000.0
2029-01-21 20:00:00,sim@hotboat.cl,,pago extra ayudante (diario),210000.0
2029-01-22 20:00:00,sim@hotboat.cl,,pago extra ayudante (diario),60000.0
2029-01-23 20:00:00,sim@hotboat.cl,,pago extra ayudante (diario),120000.0
2029-01-24 20:00:00,sim@hotboat.cl,,pago extra ayudante (diario),120000.0
2029-01-25 20:00:00,sim@hotboat.cl,,pago extra ayudante (diario),150000.0
2029-01-26 20:00:00,sim@hotboat.cl,,pago extra ayudante (diario),120000.0
2029-01-27 20:00:00,sim@hotboat.cl,,pago extra ayudante (diario),210000.0
2029-01-28 20:00:00,sim@hotboat.cl,,pago extra ayudante (diario),210000.0
2029-01-29 20:00:00,sim@hotboat.cl,,pago extra ayudante (diario),60000.0
2029-01-30 20:00:00,sim@hotboat.cl,,pago extra ayudante (diario),60000.0
2029-01-31 20:00:00,sim@hotboat.cl,,pago extra ayudante (diario),210000.0
2029-02-01 12:00:00,sim@hotboat.cl,1001995.0,leña,1500.0
2029-02-01 12:00:00,sim@hotboat.cl,1001995.0,agua,700.0
2029-02-01 12:00:00,sim@hotboat.cl,1001995.0,luz,520.0
2029-02-01 12:00:00,sim@hotboat.cl,1001995.0,gas,10000.0
2029-02-01 12:10:00,sim@hotboat.cl,1001996.0,leña,1500.0
2029-02-01 12:10:00,sim@hotboat.cl,1001996.0,agua,700.0
2029-02-01 12:10:00,sim@hotboat.cl,1001996.0,luz,520.0
2029-02-01 12:10:00,sim@hotboat.cl,1001996.0,gas,10000.0
2029-02-01 12:20:00,sim@hotboat.cl,1001997.0,leña,1500.0
2029-02-01 12:20:00,sim@hotboat.cl,1001997.0,agua,700.0
2029-02-01 12:20:00,sim@hotboat.cl,1001997.0,luz,520.0
2029-02-01 12:20:00,sim@hotboat.cl,1001997.0,gas,10000.0
2029-02-01 12:30:00,sim@hotboat.cl,1001998.0,leña,1500.0
2029-02-01 12:30:00,sim@hotboat.cl,1001998.0,agua,700.0
2029-02-01 12:30:00,sim@hotboat.cl,1001998.0,luz,520.0
2029-02-01 12:30:00,sim@hotboat.cl,1001998.0,gas,10000.0
2029-02-02 12:00:00,sim@hotboat.cl,1001999.0,leña,1500.0
2029-02-02 12:00:00,sim@hotboat.cl,1001999.0,agua,700.0
2029-02-02 12:00:00,sim@hotboat.cl,1001999.0,luz,520.0
2029-02-02 12:00:00,sim@hotboat.cl,1001999.0,gas,10000.0
2029-02-02 12:10:00,sim@hotboat.cl,1002000.0,leña,1500.0
2029-02-02 12:10:00,sim@hotboat.cl,1002000.0,agua,700.0
2029-02-02 12:10:00,sim@hotboat.cl,1002000.0,luz,520.0
2029-02-02 12:10:00,sim@hotboat.cl,1002000.0,gas,10000.0
2029-02-02 12:20:00,sim@hotboat.cl,1002001.0,leña,1500.0
2029-02-02 12:20:00,sim@hotboat.cl,1002001.0,agua,700.0
2029-02-02 12:20:00,sim@hotboat.cl,1002001.0,luz,520.0
2029-02-02 12:20:00,sim@hotboat.cl,1002001.0,gas,10000.0
2029-02-02 12:30:00,sim@hotboat.cl,1002002.0,leña,1500.0
2029-02-02 12:30:00,sim@hotboat.cl,1002002.0,agua,700.0
2029-02-02 12:30:00,sim@hotboat.cl,1002002.0,luz,520.0
2029-02-02 12:30:00,sim@hotboat.cl,1002002.0,gas,10000.0
2029-02-03 12:00:00,sim@hotboat.cl,1002003.0,leña,1500.0
2029-02-03 12:00:00,sim@hotboat.cl,1002003.0,agua,700.0
2029-02-03 12:00:00,sim@hotboat.cl,1002003.0,luz,520.0
2029-02-03 12:00:00,sim@hotboat.cl,1002003.0,gas,10000.0
2029-02-03 12:00:00,sim@hotboat.cl,1002004.0,leña,1500.0
2029-02-03 12:00:00,sim@hotboat.cl,1002004.0,agua,700.0
2029-02-03 12:00:00,sim@hotboat.cl,1002004.0,luz,520.0
2029-02-03 12:00:00,sim@hotboat.cl,1002004.0,gas,10000.0
2029-02-03 12:00:00,sim@hotboat.cl,1002005.0,leña,1500.0
2029-02-03 12:00:00,sim@hotboat.cl,1002005.0,agua,700.0
2029-02-03 12:00:00,sim@hotboat.cl,1002005.0,luz,520.0
2029-02-03 12:00:00,sim@hotboat.cl,1002005.0,gas,10000.0
2029-02-03 12:00:00,sim@hotboat.cl,1002006.0,leña,1500.0
2029-02-03 12:00:00,sim@hotboat.cl,1002006.0,agua,700.0
2029-02-03 12:00:00,sim@hotboat.cl,1002006.0,luz,520.0
2029-02-03 12:00:00,sim@hotboat.cl,1002006.0,gas,10000.0
2029-02-03 12:10:00,sim@hotboat.cl,1002007.0,leña,1500.0
2029-02-03 12:10:00,sim@hotboat.cl,1002007.0,agua,700.0
2029-02-03 12:10:00,sim@hotboat.cl,1002007.0,luz,520.0
2029-02-03 12:10:00,sim@hotboat.cl,1002007.0,gas,10000.0
2029-02-03 12:10:00,sim@hotboat.cl,1002008.0,leña,1500.0
2029-02-03 12:10:00,sim@hotboat.cl,1002008.0,agua,700.0
2029-02-03 12:10:00,sim@hotboat.cl,1002008.0,luz,520.0
2029-02-03 12:10:00,sim@hotboat.cl,1002008.0,gas,10000.0
2029-02-03 12:10:00,sim@hotboat.cl,1002009.0,leña,1500.0
2029-02-03 12:10:00,sim@hotboat.cl,1002009.0,agua,700.0
2029-02-03 12:10:00,sim@hotboat.cl,1002009.0,luz,520.0
2029-02-03 12:10:00,sim@hotboat.cl,1002009.0,gas,10000.0
2029-02-03 12:10:00,sim@hotboat.cl,1002010.0,leña,1500.0
2029-02-03 12:10:00,sim@hotboat.cl,1002010.0,agua,700.0
2029-02-03 12:10:00,sim@hotboat.cl,1002010.0,luz,520.0
2029-02-03 12:10:00,sim@hotboat.cl,1002010.0,gas,10000.0
2029-02-03 12:20:00,sim@hotboat.cl,1002011.0,leña,1500.0
2029-02-03 12:20:00,sim@hotboat.cl,1002011.0,agua,700.0
2029-02-03 12:20:00,sim@hotboat.cl,1002011.0,luz,520.0
2029-02-03 12:20:00,sim@hotboat.cl,1002011.0,gas,10000.0
2029-02-03 12:20:00,sim@hotboat.cl,1002012.0,leña,1500.0
2029-02-03 12:20:00,sim@hotboat.cl,1002012.0,agua,700.0
2029-02-03 12:20:00,sim@hotboat.cl,1002012.0,luz,520.0
2029-02-03 12:20:00,sim@hotboat.cl,1002012.0,gas,10000.0
2029-02-03 12:20:00,sim@hotboat.cl,1002013.0,leña,1500.0
2029-02-03 12:20:00,sim@hotboat.cl,1002013.0,agua,700.0
2029-02-03 12:20:00,sim@hotboat.cl,1002013.0,luz,520.0
2029-02-03 12:20:00,sim@hotboat.cl,1002013.0,gas,10000.0
2029-02-03 12:20:00,sim@hotboat.cl,1002014.0,leña,1500.0
2029-02-03 12:20:00,sim@hotboat.cl,1002014.0,agua,700.0
2029-02-03 12:20:00,sim@hotboat.cl,1002014.0,luz,520.0
2029-02-03 12:20:00,sim@hotboat.cl,1002014.0,gas,10000.0
2029-02-03 12:30:00,sim@hotboat.cl,1002015.0,leña,1500.0
2029-02-03 12:30:00,sim@hotboat.cl,1002015.0,agua,700.0
2029-02-03 12:30:00,sim@hotboat.cl,1002015.0,luz,520.0
2029-02-03 12:30:00,sim@hotboat.cl,1002015.0,gas,10000.0
2029-02-03 12:30:00,sim@hotboat.cl,1002016.0,leña,1500.0
2029-02-03 12:30:00,sim@hotboat.cl,1002016.0,agua,700.0
2029-02-03 12:30:00,sim@hotboat.cl,1002016.0,luz,520.0
2029-02-03 12:30:00,sim@hotboat.cl,1002016.0,gas,10000.0
2029-02-03 12:30:00,sim@hotboat.cl,1002017.0,leña,1500.0
2029-02-03 12:30:00,sim@hotboat.cl,1002017.0,agua,700.0
2029-02-03 12:30:00,sim@hotboat.cl,1002017.0,luz,520.0
2029-02-03 12:30:00,sim@hotboat.cl,1002017.0,gas,10000.0
2029-02-03 12:40:00,sim@hotboat.cl,1002018.0,leña,1500.0
2029-02-03 12:40:00,sim@hotboat.cl,1002018.0,agua,700.0
2029-02-03 12:40:00,sim@hotboat.cl,1002018.0,luz,520.0
2029-02-03 12:40:00,sim@hotboat.cl,1002018.0,gas,10000.0
2029-02-03 12:40:00,sim@hotboat.cl,1002019.0,leña,1500.0
2029-02-03 12:40:00,sim@hotboat.cl,1002019.0,agua,700.0
2029-02-03 12:40:00,sim@hotboat.cl,1002019.0,luz,520.0
2029-02-03 12:40:00,sim@hotboat.cl,1002019.0,gas,10000.0
2029-02-03 12:40:00,sim@hotboat.cl,1002020.0,leña,1500.0
2029-02-03 12:40:00,sim@hotboat.cl,1002020.0,agua,700.0
2029-02-03 12:40:00,sim@hotboat.cl,1002020.0,luz,520.0
2029-02-03 12:40:00,sim@hotboat.cl,1002020.0,gas,10000.0
2029-02-03 12:50:00,sim@hotboat.cl,1002021.0,leña,1500.0
2029-02-03 12:50:00,sim@hotboat.cl,1002021.0,agua,700.0
2029-02-03 12:50:00,sim@hotboat.cl,1002021.0,luz,520.0
2029-02-03 12:50:00,sim@hotboat.cl,1002021.0,gas,10000.0
2029-02-03 12:50:00,sim@hotboat.cl,1002022.0,leña,1500.0
2029-02-03 12:50:00,sim@hotboat.cl,1002022.0,agua,700.0
2029-02-03 12:50:00,sim@hotboat.cl,1002022.0,luz,520.0
2029-02-03 12:50:00,sim@hotboat.cl,1002022.0,gas,10000.0
2029-02-03 12:50:00,sim@hotboat.cl,1002023.0,leña,1500.0
2029-02-03 12:50:00,sim@hotboat.cl,1002023.0,agua,700.0
2029-02-03 12:50:00,sim@hotboat.cl,1002023.0,luz,520.0
2029-02-03 12:50:00,sim@hotboat.cl,1002023.0,gas,10000.0
2029-02-04 12:00:00,sim@hotboat.cl,1002024.0,leña,1500.0
2029-02-04 12:00:00,sim@hotboat.cl,1002024.0,agua,700.0
2029-02-04 12:00:00,sim@hotboat.cl,1002024.0,luz,520.0
2029-02-04 12:00:00,sim@hotboat.cl,1002024.0,gas,10000.0
2029-02-04 12:00:00,sim@hotboat.cl,1002025.0,leña,1500.0
2029-02-04 12:00:00,sim@hotboat.cl,1002025.0,agua,700.0
2029-02-04 12:00:00,sim@hotboat.cl,1002025.0,luz,520.0
2029-02-04 12:00:00,sim@hotboat.cl,1002025.0,gas,10000.0
2029-02-04 12:00:00,sim@hotboat.cl,1002026.0,leña,1500.0
2029-02-04 12:00:00,sim@hotboat.cl,1002026.0,agua,700.0
2029-02-04 12:00:00,sim@hotboat.cl,1002026.0,luz,520.0
2029-02-04 12:00:00,sim@hotboat.cl,1002026.0,gas,10000.0
2029-02-04 12:00:00,sim@hotboat.cl,1002027.0,leña,1500.0
2029-02-04 12:00:00,sim@hotboat.cl,1002027.0,agua,700.0
2029-02-04 12:00:00,sim@hotboat.cl,1002027.0,luz,520.0
2029-02-04 12:00:00,sim@hotboat.cl,1002027.0,gas,10000.0
2029-02-04 12:10:00,sim@hotboat.cl,1002028.0,leña,1500.0
2029-02-04 12:10:00,sim@hotboat.cl,1002028.0,agua,700.0
2029-02-04 12:10:00,sim@hotboat.cl,1002028.0,luz,520.0
2029-02-04 12:10:00,sim@hotboat.cl,1002028.0,gas,10000.0
2029-02-04 12:10:00,sim@hotboat.cl,1002029.0,leña,1500.0
2029-02-04 12:10:00,sim@hotboat.cl,1002029.0,agua,700.0
2029-02-04 12:10:00,sim@hotboat.cl,1002029.0,luz,520.0
2029-02-04 12:10:00,sim@hotboat.cl,1002029.0,gas,10000.0
2029-02-04 12:10:00,sim@hotboat.cl,1002030.0,leña,1500.0
2029-02-04 12:10:00,sim@hotboat.cl,1002030.0,agua,700.0
2029-02-04 12:10:00,sim@hotboat.cl,1002030.0,luz,520.0
2029-02-04 12:10:00,sim@hotboat.cl,1002030.0,gas,10000.0
2029-02-04 12:10:00,sim@hotboat.cl,1002031.0,leña,1500.0
2029-02-04 12:10:00,sim@hotboat.cl,1002031.0,agua,700.0
2029-02-04 12:10:00,sim@hotboat.cl,1002031.0,luz,520.0
2029-02-04 12:10:00,sim@hotboat.cl,1002031.0,gas,10000.0
2029-02-04 12:20:00,sim@hotboat.cl,1002032.0,leña,1500.0
2029-02-04 12:20:00,sim@hotboat.cl,1002032.0,agua,700.0
2029-02-04 12:20:00,sim@hotboat.cl,1002032.0,luz,520.0
2029-02-04 12:20:00,sim@hotboat.cl,1002032.0,gas,10000.0
2029-02-04 12:20:00,sim@hotboat.cl,1002033.0,leña,1500.0
2029-02-04 12:20:00,sim@hotboat.cl,1002033.0,agua,700.0
2029-02-04 12:20:00,sim@hotboat.cl,1002033.0,luz,520.0
2029-02-04 12:20:00,sim@hotboat.cl,1002033.0,gas,10000.0
2029-02-04 12:20:00,sim@hotboat.cl,1002034.0,leña,1500.0
2029-02-04 12:20:00,sim@hotboat.cl,1002034.0,agua,700.0
2029-02-04 12:20:00,sim@hotboat.cl,1002034.0,luz,520.0
2029-02-04 12:20:00,sim@hotboat.cl,1002034.0,gas,10000.0
2029-02-04 12:30:00,sim@hotboat.cl,1002035.0,leña,1500.0
2029-02-04 12:30:00,sim@hotboat.cl,1002035.0,agua,700.0
2029-02-04 12:30:00,sim@hotboat.cl,1002035.0,luz,520.0
2029-02-04 12:30:00,sim@hotboat.cl,1002035.0,gas,10000.0
2029-02-04 12:30:00,sim@hotboat.cl,1002036.0,leña,1500.0
2029-02-04 12:30:00,sim@hotboat.cl,1002036.0,agua,700.0
2029-02-04 12:30:00,sim@hotboat.cl,1002036.0,luz,520.0
2029-02-04 12:30:00,sim@hotboat.cl,1002036.0,gas,10000.0
2029-02-04 12:30:00,sim@hotboat.cl,1002037.0,leña,1500.0
2029-02-04 12:30:00,sim@hotboat.cl,1002037.0,agua,700.0
2029-02-04 12:30:00,sim@hotboat.cl,1002037.0,luz,520.0
2029-02-04 12:30:00,sim@hotboat.cl,1002037.0,gas,10000.0
2029-02-04 12:40:00,sim@hotboat.cl,1002038.0,leña,1500.0
2029-02-04 12:40:00,sim@hotboat.cl,1002038.0,agua,700.0
2029-02-04 12:40:00,sim@hotboat.cl,1002038.0,luz,520.0
2029-02-04 12:40:00,sim@hotboat.cl,1002038.0,gas,10000.0
2029-02-04 12:40:00,sim@hotboat.cl,1002039.0,leña,1500.0
2029-02-04 12:40:00,sim@hotboat.cl,1002039.0,agua,700.0
2029-02-04 12:40:00,sim@hotboat.cl,1002039.0,luz,520.0
2029-02-04 12:40:00,sim@hotboat.cl,1002039.0,gas,10000.0
2029-02-04 12:40:00,sim@hotboat.cl,1002040.0,leña,1500.0
2029-02-04 12:40:00,sim@hotboat.cl,1002040.0,agua,700.0
2029-02-04 12:40:00,sim@hotboat.cl,1002040.0,luz,520.0
2029-02-04 12:40:00,sim@hotboat.cl,1002040.0,gas,10000.0
2029-02-04 12:50:00,sim@hotboat.cl,1002041.0,leña,1500.0
2029-02-04 12:50:00,sim@hotboat.cl,1002041.0,agua,700.0
2029-02-04 12:50:00,sim@hotboat.cl,1002041.0,luz,520.0
2029-02-04 12:50:00,sim@hotboat.cl,1002041.0,gas,10000.0
2029-02-04 12:50:00,sim@hotboat.cl,1002042.0,leña,1500.0
2029-02-04 12:50:00,sim@hotboat.cl,1002042.0,agua,700.0
2029-02-04 12:50:00,sim@hotboat.cl,1002042.0,luz,520.0
2029-02-04 12:50:00,sim@hotboat.cl,1002042.0,gas,10000.0
2029-02-04 12:50:00,sim@hotboat.cl,1002043.0,leña,1500.0
2029-02-04 12:50:00,sim@hotboat.cl,1002043.0,agua,700.0
2029-02-04 12:50:00,sim@hotboat.cl,1002043.0,luz,520.0
2029-02-04 12:50:00,sim@hotboat.cl,1002043.0,gas,10000.0
2029-02-05 12:00:00,sim@hotboat.cl,1002044.0,leña,1500.0
2029-02-05 12:00:00,sim@hotboat.cl,1002044.0,agua,700.0
2029-02-05 12:00:00,sim@hotboat.cl,1002044.0,luz,520.0
2029-02-05 12:00:00,sim@hotboat.cl,1002044.0,gas,10000.0
2029-02-05 12:00:00,sim@hotboat.cl,1002045.0,leña,1500.0
2029-02-05 12:00:00,sim@hotboat.cl,1002045.0,agua,700.0
2029-02-05 12:00:00,sim@hotboat.cl,1002045.0,luz,520.0
2029-02-05 12:00:00,sim@hotboat.cl,1002045.0,gas,10000.0
2029-02-05 12:10:00,sim@hotboat.cl,1002046.0,leña,1500.0
2029-02-05 12:10:00,sim@hotboat.cl,1002046.0,agua,700.0
2029-02-05 12:10:00,sim@hotboat.cl,1002046.0,luz,520.0
2029-02-05 12:10:00,sim@hotboat.cl,1002046.0,gas,10000.0
2029-02-05 12:10:00,sim@hotboat.cl,1002047.0,leña,1500.0
2029-02-05 12:10:00,sim@hotboat.cl,1002047.0,agua,700.0
2029-02-05 12:10:00,sim@hotboat.cl,1002047.0,luz,520.0
2029-02-05 12:10:00,sim@hotboat.cl,1002047.0,gas,10000.0
2029-02-05 12:20:00,sim@hotboat.cl,1002048.0,leña,1500.0
2029-02-05 12:20:00,sim@hotboat.cl,1002048.0,agua,700.0
2029-02-05 12:20:00,sim@hotboat.cl,1002048.0,luz,520.0
2029-02-05 12:20:00,sim@hotboat.cl,1002048.0,gas,10000.0
2029-02-05 12:20:00,sim@hotboat.cl,1002049.0,leña,1500.0
2029-02-05 12:20:00,sim@hotboat.cl,1002049.0,agua,700.0
2029-02-05 12:20:00,sim@hotboat.cl,1002049.0,luz,520.0
2029-02-05 12:20:00,sim@hotboat.cl,1002049.0,gas,10000.0
2029-02-05 12:30:00,sim@hotboat.cl,1002050.0,leña,1500.0
2029-02-05 12:30:00,sim@hotboat.cl,1002050.0,agua,700.0
2029-02-05 12:30:00,sim@hotboat.cl,1002050.0,luz,520.0
2029-02-05 12:30:00,sim@hotboat.cl,1002050.0,gas,10000.0
2029-02-05 12:40:00,sim@hotboat.cl,1002051.0,leña,1500.0
2029-02-05 12:40:00,sim@hotboat.cl,1002051.0,agua,700.0
2029-02-05 12:40:00,sim@hotboat.cl,1002051.0,luz,520.0
2029-02-05 12:40:00,sim@hotboat.cl,1002051.0,gas,10000.0
2029-02-05 12:50:00,sim@hotboat.cl,1002052.0,leña,1500.0
2029-02-05 12:50:00,sim@hotboat.cl,1002052.0,agua,700.0
2029-02-05 12:50:00,sim@hotboat.cl,1002052.0,luz,520.0
2029-02-05 12:50:00,sim@hotboat.cl,1002052.0,gas,10000.0
2029-02-06 12:00:00,sim@hotboat.cl,1002053.0,leña,1500.0
2029-02-06 12:00:00,sim@hotboat.cl,1002053.0,agua,700.0
2029-02-06 12:00:00,sim@hotboat.cl,1002053.0,luz,520.0
2029-02-06 12:00:00,sim@hotboat.cl,1002053.0,gas,10000.0
2029-02-06 12:10:00,sim@hotboat.cl,1002054.0,leña,1500.0
2029-02-06 12:10:00,sim@hotboat.cl,1002054.0,agua,700.0
2029-02-06 12:10:00,sim@hotboat.cl,1002054.0,luz,520.0
2029-02-06 12:10:00,sim@hotboat.cl,1002054.0,gas,10000.0
2029-02-06 12:20:00,sim@hotboat.cl,1002055.0,leña,1500.0
2029-02-06 12:20:00,sim@hotboat.cl,1002055.0,agua,700.0
2029-02-06 12:20:00,sim@hotboat.cl,1002055.0,luz,520.0
2029-02-06 12:20:00,sim@hotboat.cl,1002055.0,gas,10000.0
2029-02-06 12:30:00,sim@hotboat.cl,1002056.0,leña,1500.0
2029-02-06 12:30:00,sim@hotboat.cl,1002056.0,agua,700.0
2029-02-06 12:30:00,sim@hotboat.cl,1002056.0,luz,520.0
2029-02-06 12:30:00,sim@hotboat.cl,1002056.0,gas,10000.0
2029-02-06 12:40:00,sim@hotboat.cl,1002057.0,leña,1500.0
2029-02-06 12:40:00,sim@hotboat.cl,1002057.0,agua,700.0
2029-02-06 12:40:00,sim@hotboat.cl,1002057.0,luz,520.0
2029-02-06 12:40:00,sim@hotboat.cl,1002057.0,gas,10000.0
2029-02-07 12:00:00,sim@hotboat.cl,1002058.0,leña,1500.0
2029-02-07 12:00:00,sim@hotboat.cl,1002058.0,agua,700.0
2029-02-07 12:00:00,sim@hotboat.cl,1002058.0,luz,520.0
2029-02-07 12:00:00,sim@hotboat.cl,1002058.0,gas,10000.0
2029-02-07 12:00:00,sim@hotboat.cl,1002059.0,leña,1500.0
2029-02-07 12:00:00,sim@hotboat.cl,1002059.0,agua,700.0
2029-02-07 12:00:00,sim@hotboat.cl,1002059.0,luz,520.0
2029-02-07 12:00:00,sim@hotboat.cl,1002059.0,gas,10000.0
2029-02-07 12:10:00,sim@hotboat.cl,1002060.0,leña,1500.0
2029-02-07 12:10:00,sim@hotboat.cl,1002060.0,agua,700.0
2029-02-07 12:10:00,sim@hotboat.cl,1002060.0,luz,520.0
2029-02-07 12:10:00,sim@hotboat.cl,1002060.0,gas,10000.0
2029-02-07 12:20:00,sim@hotboat.cl,1002061.0,leña,1500.0
2029-02-07 12:20:00,sim@hotboat.cl,1002061.0,agua,700.0
2029-02-07 12:20:00,sim@hotboat.cl,1002061.0,luz,520.0
2029-02-07 12:20:00,sim@hotboat.cl,1002061.0,gas,10000.0
2029-02-07 12:30:00,sim@hotboat.cl,1002062.0,leña,1500.0
2029-02-07 12:30:00,sim@hotboat.cl,1002062.0,agua,700.0
2029-02-07 12:30:00,sim@hotboat.cl,1002062.0,luz,520.0
2029-02-07 12:30:00,sim@hotboat.cl,1002062.0,gas,10000.0
2029-02-07 12:40:00,sim@hotboat.cl,1002063.0,leña,1500.0
2029-02-07 12:40:00,sim@hotboat.cl,1002063.0,agua,700.0
2029-02-07 12:40:00,sim@hotboat.cl,1002063.0,luz,520.0
2029-02-07 12:40:00,sim@hotboat.cl,1002063.0,gas,10000.0
2029-02-07 12:50:00,sim@hotboat.cl,1002064.0,leña,1500.0
2029-02-07 12:50:00,sim@hotboat.cl,1002064.0,agua,700.0
2029-02-07 12:50:00,sim@hotboat.cl,1002064.0,luz,520.0
2029-02-07 12:50:00,sim@hotboat.cl,1002064.0,gas,10000.0
2029-02-08 12:00:00,sim@hotboat.cl,1002065.0,leña,1500.0
2029-02-08 12:00:00,sim@hotboat.cl,1002065.0,agua,700.0
2029-02-08 12:00:00,sim@hotboat.cl,1002065.0,luz,520.0
2029-02-08 12:00:00,sim@hotboat.cl,1002065.0,gas,10000.0
2029-02-08 12:10:00,sim@hotboat.cl,1002066.0,leña,1500.0
2029-02-08 12:10:00,sim@hotboat.cl,1002066.0,agua,700.0
2029-02-08 12:10:00,sim@hotboat.cl,1002066.0,luz,520.0
2029-02-08 12:10:00,sim@hotboat.cl,1002066.0,gas,10000.0
2029-02-08 12:20:00,sim@hotboat.cl,1002067.0,leña,1500.0
2029-02-08 12:20:00,sim@hotboat.cl,1002067.0,agua,700.0
2029-02-08 12:20:00,sim@hotboat.cl,1002067.0,luz,520.0
2029-02-08 12:20:00,sim@hotboat.cl,1002067.0,gas,10000.0
2029-02-08 12:30:00,sim@hotboat.cl,1002068.0,leña,1500.0
2029-02-08 12:30:00,sim@hotboat.cl,1002068.0,agua,700.0
2029-02-08 12:30:00,sim@hotboat.cl,1002068.0,luz,520.0
2029-02-08 12:30:00,sim@hotboat.cl,1002068.0,gas,10000.0
2029-02-08 12:40:00,sim@hotboat.cl,1002069.0,leña,1500.0
2029-02-08 12:40:00,sim@hotboat.cl,1002069.0,agua,700.0
2029-02-08 12:40:00,sim@hotboat.cl,1002069.0,luz,520.0
2029-02-08 12:40:00,sim@hotboat.cl,1002069.0,gas,10000.0
2029-02-08 12:50:00,sim@hotboat.cl,1002070.0,leña,1500.0
2029-02-08 12:50:00,sim@hotboat.cl,1002070.0,agua,700.0
2029-02-08 12:50:00,sim@hotboat.cl,1002070.0,luz,520.0
2029-02-08 12:50:00,sim@hotboat.cl,1002070.0,gas,10000.0
2029-02-09 12:00:00,sim@hotboat.cl,1002071.0,leña,1500.0
2029-02-09 12:00:00,sim@hotboat.cl,1002071.0,agua,700.0
2029-02-09 12:00:00,sim@hotboat.cl,1002071.0,luz,520.0
2029-02-09 12:00:00,sim@hotboat.cl,1002071.0,gas,10000.0
2029-02-09 12:10:00,sim@hotboat.cl,1002072.0,leña,1500.0
2029-02-09 12:10:00,sim@hotboat.cl,1002072.0,agua,700.0
2029-02-09 12:10:00,sim@hotboat.cl,1002072.0,luz,520.0
2029-02-09 12:10:00,sim@hotboat.cl,1002072.0,gas,10000.0
2029-02-09 12:20:00,sim@hotboat.cl,1002073.0,leña,1500.0
2029-02-09 12:20:00,sim@hotboat.cl,1002073.0,agua,700.0
2029-02-09 12:20:00,sim@hotboat.cl,1002073.0,luz,520.0
2029-02-09 12:20:00,sim@hotboat.cl,1002073.0,gas,10000.0
2029-02-10 12:00:00,sim@hotboat.cl,1002074.0,leña,1500.0
2029-02-10 12:00:00,sim@hotboat.cl,1002074.0,agua,700.0
2029-02-10 12:00:00,sim@hotboat.cl,1002074.0,luz,520.0
2029-02-10 12:00:00,sim@hotboat.cl,1002074.0,gas,10000.0
2029-02-10 12:00:00,sim@hotboat.cl,1002075.0,leña,1500.0
2029-02-10 12:00:00,sim@hotboat.cl,1002075.0,agua,700.0
2029-02-10 12:00:00,sim@hotboat.cl,1002075.0,luz,520.0
2029-02-10 12:00:00,sim@hotboat.cl,1002075.0,gas,10000.0
2029-02-10 12:00:00,sim@hotboat.cl,1002076.0,leña,1500.0
2029-02-10 12:00:00,sim@hotboat.cl,1002076.0,agua,700.0
2029-02-10 12:00:00,sim@hotboat.cl,1002076.0,luz,520.0
2029-02-10 12:00:00,sim@hotboat.cl,1002076.0,gas,10000.0
2029-02-10 12:10:00,sim@hotboat.cl,1002077.0,leña,1500.0
2029-02-10 12:10:00,sim@hotboat.cl,1002077.0,agua,700.0
2029-02-10 12:10:00,sim@hotboat.cl,1002077.0,luz,520.0
2029-02-10 12:10:00,sim@hotboat.cl,1002077.0,gas,10000.0
2029-02-10 12:10:00,sim@hotboat.cl,1002078.0,leña,1500.0
2029-02-10 12:10:00,sim@hotboat.cl,1002078.0,agua,700.0
2029-02-10 12:10:00,sim@hotboat.cl,1002078.0,luz,520.0
2029-02-10 12:10:00,sim@hotboat.cl,1002078.0,gas,10000.0
2029-02-10 12:10:00,sim@hotboat.cl,1002079.0,leña,1500.0
2029-02-10 12:10:00,sim@hotboat.cl,1002079.0,agua,700.0
2029-02-10 12:10:00,sim@hotboat.cl,1002079.0,luz,520.0
2029-02-10 12:10:00,sim@hotboat.cl,1002079.0,gas,10000.0
2029-02-10 12:20:00,sim@hotboat.cl,1002080.0,leña,1500.0
2029-02-10 12:20:00,sim@hotboat.cl,1002080.0,agua,700.0
2029-02-10 12:20:00,sim@hotboat.cl,1002080.0,luz,520.0
2029-02-10 12:20:00,sim@hotboat.cl,1002080.0,gas,10000.0
2029-02-10 12:20:00,sim@hotboat.cl,1002081.0,leña,1500.0
2029-02-10 12:20:00,sim@hotboat.cl,1002081.0,agua,700.0
2029-02-10 12:20:00,sim@hotboat.cl,1002081.0,luz,520.0
2029-02-10 12:20:00,sim@hotboat.cl,1002081.0,gas,10000.0
2029-02-10 12:20:00,sim@hotboat.cl,1002082.0,leña,1500.0
2029-02-10 12:20:00,sim@hotboat.cl,1002082.0,agua,700.0
2029-02-10 12:20:00,sim@hotboat.cl,1002082.0,luz,520.0
2029-02-10 12:20:00,sim@hotboat.cl,1002082.0,gas,10000.0
2029-02-10 12:30:00,sim@hotboat.cl,1002083.0,leña,1500.0
2029-02-10 12:30:00,sim@hotboat.cl,1002083.0,agua,700.0
2029-02-10 12:30:00,sim@hotboat.cl,1002083.0,luz,520.0
2029-02-10 12:30:00,sim@hotboat.cl,1002083.0,gas,10000.0
2029-02-10 12:30:00,sim@hotboat.cl,1002084.0,leña,1500.0
2029-02-10 12:30:00,sim@hotboat.cl,1002084.0,agua,700.0
2029-02-10 12:30:00,sim@hotboat.cl,1002084.0,luz,520.0
2029-02-10 12:30:00,sim@hotboat.cl,1002084.0,gas,10000.0
2029-02-10 12:30:00,sim@hotboat.cl,1002085.0,leña,1500.0
2029-02-10 12:30:00,sim@hotboat.cl,1002085.0,agua,700.0
2029-02-10 12:30:00,sim@hotboat.cl,1002085.0,luz,520.0
2029-02-10 12:30:00,sim@hotboat.cl,1002085.0,gas,10000.0
2029-02-10 12:40:00,sim@hotboat.cl,1002086.0,leña,1500.0
2029-02-10 12:40:00,sim@hotboat.cl,1002086.0,agua,700.0
2029-02-10 12:40:00,sim@hotboat.cl,1002086.0,luz,520.0
2029-02-10 12:40:00,sim@hotboat.cl,1002086.0,gas,10000.0
2029-02-10 12:40:00,sim@hotboat.cl,1002087.0,leña,1500.0
2029-02-10 12:40:00,sim@hotboat.cl,1002087.0,agua,700.0
2029-02-10 12:40:00,sim@hotboat.cl,1002087.0,luz,520.0
2029-02-10 12:40:00,sim@hotboat.cl,1002087.0,gas,10000.0
2029-02-10 12:40:00,sim@hotboat.cl,1002088.0,leña,1500.0
2029-02-10 12:40:00,sim@hotboat.cl,1002088.0,agua,700.0
2029-02-10 12:40:00,sim@hotboat.cl,1002088.0,luz,520.0
2029-02-10 12:40:00,sim@hotboat.cl,1002088.0,gas,10000.0
2029-02-10 12:50:00,sim@hotboat.cl,1002089.0,leña,1500.0
2029-02-10 12:50:00,sim@hotboat.cl,1002089.0,agua,700.0
2029-02-10 12:50:00,sim@hotboat.cl,1002089.0,luz,520.0
2029-02-10 12:50:00,sim@hotboat.cl,1002089.0,gas,10000.0
2029-02-10 12:50:00,sim@hotboat.cl,1002090.0,leña,1500.0
2029-02-10 12:50:00,sim@hotboat.cl,1002090.0,agua,700.0
2029-02-10 12:50:00,sim@hotboat.cl,1002090.0,luz,520.0
2029-02-10 12:50:00,sim@hotboat.cl,1002090.0,gas,10000.0
2029-02-10 12:50:00,sim@hotboat.cl,1002091.0,leña,1500.0
2029-02-10 12:50:00,sim@hotboat.cl,1002091.0,agua,700.0
2029-02-10 12:50:00,sim@hotboat.cl,1002091.0,luz,520.0
2029-02-10 12:50:00,sim@hotboat.cl,1002091.0,gas,10000.0
2029-02-11 12:00:00,sim@hotboat.cl,1002092.0,leña,1500.0
2029-02-11 12:00:00,sim@hotboat.cl,1002092.0,agua,700.0
2029-02-11 12:00:00,sim@hotboat.cl,1002092.0,luz,520.0
2029-02-11 12:00:00,sim@hotboat.cl,1002092.0,gas,10000.0
2029-02-11 12:00:00,sim@hotboat.cl,1002093.0,leña,1500.0
2029-02-11 12:00:00,sim@hotboat.cl,1002093.0,agua,700.0
2029-02-11 12:00:00,sim@hotboat.cl,1002093.0,luz,520.0
2029-02-11 12:00:00,sim@hotboat.cl,1002093.0,gas,10000.0
2029-02-11 12:00:00,sim@hotboat.cl,1002094.0,leña,1500.0
2029-02-11 12:00:00,sim@hotboat.cl,1002094.0,agua,700.0
2029-02-11 12:00:00,sim@hotboat.cl,1002094.0,luz,520.0
2029-02-11 12:00:00,sim@hotboat.cl,1002094.0,gas,10000.0
2029-02-11 12:10:00,sim@hotboat.cl,1002095.0,leña,1500.0
2029-02-11 12:10:00,sim@hotboat.cl,1002095.0,agua,700.0
2029-02-11 12:10:00,sim@hotboat.cl,1002095.0,luz,520.0
2029-02-11 12:10:00,sim@hotboat.cl,1002095.0,gas,10000.0
2029-02-11 12:10:00,sim@hotboat.cl,1002096.0,leña,1500.0
2029-02-11 12:10:00,sim@hotboat.cl,1002096.0,agua,700.0
2029-02-11 12:10:00,sim@hotboat.cl,1002096.0,luz,520.0
2029-02-11 12:10:00,sim@hotboat.cl,1002096.0,gas,10000.0
2029-02-11 12:20:00,sim@hotboat.cl,1002097.0,leña,1500.0
2029-02-11 12:20:00,sim@hotboat.cl,1002097.0,agua,700.0
2029-02-11 12:20:00,sim@hotboat.cl,1002097.0,luz,520.0
2029-02-11 12:20:00,sim@hotboat.cl,1002097.0,gas,10000.0
2029-02-11 12:20:00,sim@hotboat.cl,1002098.0,leña,1500.0
2029-02-11 12:20:00,sim@hotboat.cl,1002098.0,agua,700.0
2029-02-11 12:20:00,sim@hotboat.cl,1002098.0,luz,520.0
2029-02-11 12:20:00,sim@hotboat.cl,1002098.0,gas,10000.0
2029-02-11 12:30:00,sim@hotboat.cl,1002099.0,leña,1500.0
2029-02-11 12:30:00,sim@hotboat.cl,1002099.0,agua,700.0
2029-02-11 12:30:00,sim@hotboat.cl,1002099.0,luz,520.0
2029-02-11 12:30:00,sim@hotboat.cl,1002099.0,gas,10000.0
2029-02-11 12:30:00,sim@hotboat.cl,1002100.0,leña,1500.0
2029-02-11 12:30:00,sim@hotboat.cl,1002100.0,agua,700.0
2029-02-11 12:30:00,sim@hotboat.cl,1002100.0,luz,520.0
2029-02-11 12:30:00,sim@hotboat.cl,1002100.0,gas,10000.0
2029-02-11 12:40:00,sim@hotboat.cl,1002101.0,leña,1500.0
2029-02-11 12:40:00,sim@hotboat.cl,1002101.0,agua,700.0
2029-02-11 12:40:00,sim@hotboat.cl,1002101.0,luz,520.0
2029-02-11 12:40:00,sim@hotboat.cl,1002101.0,gas,10000.0
2029-02-11 12:40:00,sim@hotboat.cl,1002102.0,leña,1500.0
2029-02-11 12:40:00,sim@hotboat.cl,1002102.0,agua,700.0
2029-02-11 12:40:00,sim@hotboat.cl,1002102.0,luz,520.0
2029-02-11 12:40:00,sim@hotboat.cl,1002102.0,gas,10000.0
2029-02-11 12:50:00,sim@hotboat.cl,1002103.0,leña,1500.0
2029-02-11 12:50:00,sim@hotboat.cl,1002103.0,agua,700.0
2029-02-11 12:50:00,sim@hotboat.cl,1002103.0,luz,520.0
2029-02-11 12:50:00,sim@hotboat.cl,1002103.0,gas,10000.0
2029-02-11 12:50:00,sim@hotboat.cl,1002104.0,leña,1500.0
2029-02-11 12:50:00,sim@hotboat.cl,1002104.0,agua,700.0
2029-02-11 12:50:00,sim@hotboat.cl,1002104.0,luz,520.0
2029-02-11 12:50:00,sim@hotboat.cl,1002104.0,gas,10000.0
2029-02-12 12:00:00,sim@hotboat.cl,1002105.0,leña,1500.0
2029-02-12 12:00:00,sim@hotboat.cl,1002105.0,agua,700.0
2029-02-12 12:00:00,sim@hotboat.cl,1002105.0,luz,520.0
2029-02-12 12:00:00,sim@hotboat.cl,1002105.0,gas,10000.0
2029-02-12 12:10:00,sim@hotboat.cl,1002106.0,leña,1500.0
2029-02-12 12:10:00,sim@hotboat.cl,1002106.0,agua,700.0
2029-02-12 12:10:00,sim@hotboat.cl,1002106.0,luz,520.0
2029-02-12 12:10:00,sim@hotboat.cl,1002106.0,gas,10000.0
2029-02-12 12:20:00,sim@hotboat.cl,1002107.0,leña,1500.0
2029-02-12 12:20:00,sim@hotboat.cl,1002107.0,agua,700.0
2029-02-12 12:20:00,sim@hotboat.cl,1002107.0,luz,520.0
2029-02-12 12:20:00,sim@hotboat.cl,1002107.0,gas,10000.0
2029-02-12 12:30:00,sim@hotboat.cl,1002108.0,leña,1500.0
2029-02-12 12:30:00,sim@hotboat.cl,1002108.0,agua,700.0
2029-02-12 12:30:00,sim@hotboat.cl,1002108.0,luz,520.0
2029-02-12 12:30:00,sim@hotboat.cl,1002108.0,gas,10000.0
2029-02-13 12:00:00,sim@hotboat.cl,1002109.0,leña,1500.0
2029-02-13 12:00:00,sim@hotboat.cl,1002109.0,agua,700.0
2029-02-13 12:00:00,sim@hotboat.cl,1002109.0,luz,520.0
2029-02-13 12:00:00,sim@hotboat.cl,1002109.0,gas,10000.0
2029-02-13 12:10:00,sim@hotboat.cl,1002110.0,leña,1500.0
2029-02-13 12:10:00,sim@hotboat.cl,1002110.0,agua,700.0
2029-02-13 12:10:00,sim@hotboat.cl,1002110.0,luz,520.0
2029-02-13 12:10:00,sim@hotboat.cl,1002110.0,gas,10000.0
2029-02-14 12:00:00,sim@hotboat.cl,1002111.0,leña,1500.0
2029-02-14 12:00:00,sim@hotboat.cl,1002111.0,agua,700.0
2029-02-14 12:00:00,sim@hotboat.cl,1002111.0,luz,520.0
2029-02-14 12:00:00,sim@hotboat.cl,1002111.0,gas,10000.0
2029-02-14 12:10:00,sim@hotboat.cl,1002112.0,leña,1500.0
2029-02-14 12:10:00,sim@hotboat.cl,1002112.0,agua,700.0
2029-02-14 12:10:00,sim@hotboat.cl,1002112.0,luz,520.0
2029-02-14 12:10:00,sim@hotboat.cl,1002112.0,gas,10000.0
2029-02-14 12:20:00,sim@hotboat.cl,1002113.0,leña,1500.0
2029-02-14 12:20:00,sim@hotboat.cl,1002113.0,agua,700.0
2029-02-14 12:20:00,sim@hotboat.cl,1002113.0,luz,520.0
2029-02-14 12:20:00,sim@hotboat.cl,1002113.0,gas,10000.0
2029-02-14 12:30:00,sim@hotboat.cl,1002114.0,leña,1500.0
2029-02-14 12:30:00,sim@hotboat.cl,1002114.0,agua,700.0
2029-02-14 12:30:00,sim@hotboat.cl,1002114.0,luz,520.0
2029-02-14 12:30:00,sim@hotboat.cl,1002114.0,gas,10000.0
2029-02-14 12:40:00,sim@hotboat.cl,1002115.0,leña,1500.0
2029-02-14 12:40:00,sim@hotboat.cl,1002115.0,agua,700.0
2029-02-14 12:40:00,sim@hotboat.cl,1002115.0,luz,520.0
2029-02-14 12:40:00,sim@hotboat.cl,1002115.0,gas,10000.0
2029-02-15 12:00:00,sim@hotboat.cl,1002116.0,leña,1500.0
2029-02-15 12:00:00,sim@hotboat.cl,1002116.0,agua,700.0
2029-02-15 12:00:00,sim@hotboat.cl,1002116.0,luz,520.0
2029-02-15 12:00:00,sim@hotboat.cl,1002116.0,gas,10000.0
2029-02-15 12:10:00,sim@hotboat.cl,1002117.0,leña,1500.0
2029-02-15 12:10:00,sim@hotboat.cl,1002117.0,agua,700.0
2029-02-15 12:10:00,sim@hotboat.cl,1002117.0,luz,520.0
2029-02-15 12:10:00,sim@hotboat.cl,1002117.0,gas,10000.0
2029-02-15 12:20:00,sim@hotboat.cl,1002118.0,leña,1500.0
2029-02-15 12:20:00,sim@hotboat.cl,1002118.0,agua,700.0
2029-02-15 12:20:00,sim@hotboat.cl,1002118.0,luz,520.0
2029-02-15 12:20:00,sim@hotboat.cl,1002118.0,gas,10000.0
2029-02-15 12:30:00,sim@hotboat.cl,1002119.0,leña,1500.0
2029-02-15 12:30:00,sim@hotboat.cl,1002119.0,agua,700.0
2029-02-15 12:30:00,sim@hotboat.cl,1002119.0,luz,520.0
2029-02-15 12:30:00,sim@hotboat.cl,1002119.0,gas,10000.0
2029-02-15 12:40:00,sim@hotboat.cl,1002120.0,leña,1500.0
2029-02-15 12:40:00,sim@hotboat.cl,1002120.0,agua,700.0
2029-02-15 12:40:00,sim@hotboat.cl,1002120.0,luz,520.0
2029-02-15 12:40:00,sim@hotboat.cl,1002120.0,gas,10000.0
2029-02-15 12:50:00,sim@hotboat.cl,1002121.0,leña,1500.0
2029-02-15 12:50:00,sim@hotboat.cl,1002121.0,agua,700.0
2029-02-15 12:50:00,sim@hotboat.cl,1002121.0,luz,520.0
2029-02-15 12:50:00,sim@hotboat.cl,1002121.0,gas,10000.0
2029-02-16 12:00:00,sim@hotboat.cl,1002122.0,leña,1500.0
2029-02-16 12:00:00,sim@hotboat.cl,1002122.0,agua,700.0
2029-02-16 12:00:00,sim@hotboat.cl,1002122.0,luz,520.0
2029-02-16 12:00:00,sim@hotboat.cl,1002122.0,gas,10000.0
2029-02-16 12:10:00,sim@hotboat.cl,1002123.0,leña,1500.0
2029-02-16 12:10:00,sim@hotboat.cl,1002123.0,agua,700.0
2029-02-16 12:10:00,sim@hotboat.cl,1002123.0,luz,520.0
2029-02-16 12:10:00,sim@hotboat.cl,1002123.0,gas,10000.0
2029-02-16 12:20:00,sim@hotboat.cl,1002124.0,leña,1500.0
2029-02-16 12:20:00,sim@hotboat.cl,1002124.0,agua,700.0
2029-02-16 12:20:00,sim@hotboat.cl,1002124.0,luz,520.0
2029-02-16 12:20:00,sim@hotboat.cl,1002124.0,gas,10000.0
2029-02-16 12:30:00,sim@hotboat.cl,1002125.0,leña,1500.0
2029-02-16 12:30:00,sim@hotboat.cl,1002125.0,agua,700.0
2029-02-16 12:30:00,sim@hotboat.cl,1002125.0,luz,520.0
2029-02-16 12:30:00,sim@hotboat.cl,1002125.0,gas,10000.0
2029-02-16 12:40:00,sim@hotboat.cl,1002126.0,leña,1500.0
2029-02-16 12:40:00,sim@hotboat.cl,1002126.0,agua,700.0
2029-02-16 12:40:00,sim@hotboat.cl,1002126.0,luz,520.0
2029-02-16 12:40:00,sim@hotboat.cl,1002126.0,gas,10000.0
2029-02-16 12:50:00,sim@hotboat.cl,1002127.0,leña,1500.0
2029-02-16 12:50:00,sim@hotboat.cl,1002127.0,agua,700.0
2029-02-16 12:50:00,sim@hotboat.cl,1002127.0,luz,520.0
2029-02-16 12:50:00,sim@hotboat.cl,1002127.0,gas,10000.0
2029-02-17 12:00:00,sim@hotboat.cl,1002128.0,leña,1500.0
2029-02-17 12:00:00,sim@hotboat.cl,1002128.0,agua,700.0
2029-02-17 12:00:00,sim@hotboat.cl,1002128.0,luz,520.0
2029-02-17 12:00:00,sim@hotboat.cl,1002128.0,gas,10000.0
2029-02-17 12:00:00,sim@hotboat.cl,1002129.0,leña,1500.0
2029-02-17 12:00:00,sim@hotboat.cl,1002129.0,agua,700.0
2029-02-17 12:00:00,sim@hotboat.cl,1002129.0,luz,520.0
2029-02-17 12:00:00,sim@hotboat.cl,1002129.0,gas,10000.0
2029-02-17 12:00:00,sim@hotboat.cl,1002130.0,leña,1500.0
2029-02-17 12:00:00,sim@hotboat.cl,1002130.0,agua,700.0
2029-02-17 12:00:00,sim@hotboat.cl,1002130.0,luz,520.0
2029-02-17 12:00:00,sim@hotboat.cl,1002130.0,gas,10000.0
2029-02-17 12:10:00,sim@hotboat.cl,1002131.0,leña,1500.0
2029-02-17 12:10:00,sim@hotboat.cl,1002131.0,agua,700.0
2029-02-17 12:10:00,sim@hotboat.cl,1002131.0,luz,520.0
2029-02-17 12:10:00,sim@hotboat.cl,1002131.0,gas,10000.0
2029-02-17 12:10:00,sim@hotboat.cl,1002132.0,leña,1500.0
2029-02-17 12:10:00,sim@hotboat.cl,1002132.0,agua,700.0
2029-02-17 12:10:00,sim@hotboat.cl,1002132.0,luz,520.0
2029-02-17 12:10:00,sim@hotboat.cl,1002132.0,gas,10000.0
2029-02-17 12:10:00,sim@hotboat.cl,1002133.0,leña,1500.0
2029-02-17 12:10:00,sim@hotboat.cl,1002133.0,agua,700.0
2029-02-17 12:10:00,sim@hotboat.cl,1002133.0,luz,520.0
2029-02-17 12:10:00,sim@hotboat.cl,1002133.0,gas,10000.0
2029-02-17 12:20:00,sim@hotboat.cl,1002134.0,leña,1500.0
2029-02-17 12:20:00,sim@hotboat.cl,1002134.0,agua,700.0
2029-02-17 12:20:00,sim@hotboat.cl,1002134.0,luz,520.0
2029-02-17 12:20:00,sim@hotboat.cl,1002134.0,gas,10000.0
2029-02-17 12:20:00,sim@hotboat.cl,1002135.0,leña,1500.0
2029-02-17 12:20:00,sim@hotboat.cl,1002135.0,agua,700.0
2029-02-17 12:20:00,sim@hotboat.cl,1002135.0,luz,520.0
2029-02-17 12:20:00,sim@hotboat.cl,1002135.0,gas,10000.0
2029-02-17 12:20:00,sim@hotboat.cl,1002136.0,leña,1500.0
2029-02-17 12:20:00,sim@hotboat.cl,1002136.0,agua,700.0
2029-02-17 12:20:00,sim@hotboat.cl,1002136.0,luz,520.0
2029-02-17 12:20:00,sim@hotboat.cl,1002136.0,gas,10000.0
2029-02-17 12:30:00,sim@hotboat.cl,1002137.0,leña,1500.0
2029-02-17 12:30:00,sim@hotboat.cl,1002137.0,agua,700.0
2029-02-17 12:30:00,sim@hotboat.cl,1002137.0,luz,520.0
2029-02-17 12:30:00,sim@hotboat.cl,1002137.0,gas,10000.0
2029-02-17 12:30:00,sim@hotboat.cl,1002138.0,leña,1500.0
2029-02-17 12:30:00,sim@hotboat.cl,1002138.0,agua,700.0
2029-02-17 12:30:00,sim@hotboat.cl,1002138.0,luz,520.0
2029-02-17 12:30:00,sim@hotboat.cl,1002138.0,gas,10000.0
2029-02-17 12:30:00,sim@hotboat.cl,1002139.0,leña,1500.0
2029-02-17 12:30:00,sim@hotboat.cl,1002139.0,agua,700.0
2029-02-17 12:30:00,sim@hotboat.cl,1002139.0,luz,520.0
2029-02-17 12:30:00,sim@hotboat.cl,1002139.0,gas,10000.0
2029-02-17 12:40:00,sim@hotboat.cl,1002140.0,leña,1500.0
2029-02-17 12:40:00,sim@hotboat.cl,1002140.0,agua,700.0
2029-02-17 12:40:00,sim@hotboat.cl,1002140.0,luz,520.0
2029-02-17 12:40:00,sim@hotboat.cl,1002140.0,gas,10000.0
2029-02-17 12:40:00,sim@hotboat.cl,1002141.0,leña,1500.0
2029-02-17 12:40:00,sim@hotboat.cl,1002141.0,agua,700.0
2029-02-17 12:40:00,sim@hotboat.cl,1002141.0,luz,520.0
2029-02-17 12:40:00,sim@hotboat.cl,1002141.0,gas,10000.0
2029-02-17 12:50:00,sim@hotboat.cl,1002142.0,leña,1500.0
2029-02-17 12:50:00,sim@hotboat.cl,1002142.0,agua,700.0
2029-02-17 12:50:00,sim@hotboat.cl,1002142.0,luz,520.0
2029-02-17 12:50:00,sim@hotboat.cl,1002142.0,gas,10000.0
2029-02-17 12:50:00,sim@hotboat.cl,1002143.0,leña,1500.0
2029-02-17 12:50:00,sim@hotboat.cl,1002143.0,agua,700.0
2029-02-17 12:50:00,sim@hotboat.cl,1002143.0,luz,520.0
2029-02-17 12:50:00,sim@hotboat.cl,1002143.0,gas,10000.0
2029-02-18 12:00:00,sim@hotboat.cl,1002144.0,leña,1500.0
2029-02-18 12:00:00,sim@hotboat.cl,1002144.0,agua,700.0
2029-02-18 12:00:00,sim@hotboat.cl,1002144.0,luz,520.0
2029-02-18 12:00:00,sim@hotboat.cl,1002144.0,gas,10000.0
2029-02-18 12:00:00,sim@hotboat.cl,1002145.0,leña,1500.0
2029-02-18 12:00:00,sim@hotboat.cl,1002145.0,agua,700.0
2029-02-18 12:00:00,sim@hotboat.cl,1002145.0,luz,520.0
2029-02-18 12:00:00,sim@hotboat.cl,1002145.0,gas,10000.0
2029-02-18 12:00:00,sim@hotboat.cl,1002146.0,leña,1500.0
2029-02-18 12:00:00,sim@hotboat.cl,1002146.0,agua,700.0
2029-02-18 12:00:00,sim@hotboat.cl,1002146.0,luz,520.0
2029-02-18 12:00:00,sim@hotboat.cl,1002146.0,gas,10000.0
2029-02-18 12:00:00,sim@hotboat.cl,1002147.0,leña,1500.0
2029-02-18 12:00:00,sim@hotboat.cl,1002147.0,agua,700.0
2029-02-18 12:00:00,sim@hotboat.cl,1002147.0,luz,520.0
2029-02-18 12:00:00,sim@hotboat.cl,1002147.0,gas,10000.0
2029-02-18 12:10:00,sim@hotboat.cl,1002148.0,leña,1500.0
2029-02-18 12:10:00,sim@hotboat.cl,1002148.0,agua,700.0
2029-02-18 12:10:00,sim@hotboat.cl,1002148.0,luz,520.0
2029-02-18 12:10:00,sim@hotboat.cl,1002148.0,gas,10000.0
2029-02-18 12:10:00,sim@hotboat.cl,1002149.0,leña,1500.0
2029-02-18 12:10:00,sim@hotboat.cl,1002149.0,agua,700.0
2029-02-18 12:10:00,sim@hotboat.cl,1002149.0,luz,520.0
2029-02-18 12:10:00,sim@hotboat.cl,1002149.0,gas,10000.0
2029-02-18 12:10:00,sim@hotboat.cl,1002150.0,leña,1500.0
2029-02-18 12:10:00,sim@hotboat.cl,1002150.0,agua,700.0
2029-02-18 12:10:00,sim@hotboat.cl,1002150.0,luz,520.0
2029-02-18 12:10:00,sim@hotboat.cl,1002150.0,gas,10000.0
2029-02-18 12:20:00,sim@hotboat.cl,1002151.0,leña,1500.0
2029-02-18 12:20:00,sim@hotboat.cl,1002151.0,agua,700.0
2029-02-18 12:20:00,sim@hotboat.cl,1002151.0,luz,520.0
2029-02-18 12:20:00,sim@hotboat.cl,1002151.0,gas,10000.0
2029-02-18 12:20:00,sim@hotboat.cl,1002152.0,leña,1500.0
2029-02-18 12:20:00,sim@hotboat.cl,1002152.0,agua,700.0
2029-02-18 12:20:00,sim@hotboat.cl,1002152.0,luz,520.0
2029-02-18 12:20:00,sim@hotboat.cl,1002152.0,gas,10000.0
2029-02-18 12:20:00,sim@hotboat.cl,1002153.0,leña,1500.0
2029-02-18 12:20:00,sim@hotboat.cl,1002153.0,agua,700.0
2029-02-18 12:20:00,sim@hotboat.cl,1002153.0,luz,520.0
2029-02-18 12:20:00,sim@hotboat.cl,1002153.0,gas,10000.0
2029-02-18 12:30:00,sim@hotboat.cl,1002154.0,leña,1500.0
2029-02-18 12:30:00,sim@hotboat.cl,1002154.0,agua,700.0
2029-02-18 12:30:00,sim@hotboat.cl,1002154.0,luz,520.0
2029-02-18 12:30:00,sim@hotboat.cl,1002154.0,gas,10000.0
2029-02-18 12:30:00,sim@hotboat.cl,1002155.0,leña,1500.0
2029-02-18 12:30:00,sim@hotboat.cl,1002155.0,agua,700.0
2029-02-18 12:30:00,sim@hotboat.cl,1002155.0,luz,520.0
2029-02-18 12:30:00,sim@hotboat.cl,1002155.0,gas,10000.0
2029-02-18 12:30:00,sim@hotboat.cl,1002156.0,leña,1500.0
2029-02-18 12:30:00,sim@hotboat.cl,1002156.0,agua,700.0
2029-02-18 12:30:00,sim@hotboat.cl,1002156.0,luz,520.0
2029-02-18 12:30:00,sim@hotboat.cl,1002156.0,gas,10000.0
2029-02-18 12:40:00,sim@hotboat.cl,1002157.0,leña,1500.0
2029-02-18 12:40:00,sim@hotboat.cl,1002157.0,agua,700.0
2029-02-18 12:40:00,sim@hotboat.cl,1002157.0,luz,520.0
2029-02-18 12:40:00,sim@hotboat.cl,1002157.0,gas,10000.0
2029-02-18 12:40:00,sim@hotboat.cl,1002158.0,leña,1500.0
2029-02-18 12:40:00,sim@hotboat.cl,1002158.0,agua,700.0
2029-02-18 12:40:00,sim@hotboat.cl,1002158.0,luz,520.0
2029-02-18 12:40:00,sim@hotboat.cl,1002158.0,gas,10000.0
2029-02-18 12:40:00,sim@hotboat.cl,1002159.0,leña,1500.0
2029-02-18 12:40:00,sim@hotboat.cl,1002159.0,agua,700.0
2029-02-18 12:40:00,sim@hotboat.cl,1002159.0,luz,520.0
2029-02-18 12:40:00,sim@hotboat.cl,1002159.0,gas,10000.0
2029-02-18 12:50:00,sim@hotboat.cl,1002160.0,leña,1500.0
2029-02-18 12:50:00,sim@hotboat.cl,1002160.0,agua,700.0
2029-02-18 12:50:00,sim@hotboat.cl,1002160.0,luz,520.0
2029-02-18 12:50:00,sim@hotboat.cl,1002160.0,gas,10000.0
2029-02-18 12:50:00,sim@hotboat.cl,1002161.0,leña,1500.0
2029-02-18 12:50:00,sim@hotboat.cl,1002161.0,agua,700.0
2029-02-18 12:50:00,sim@hotboat.cl,1002161.0,luz,520.0
2029-02-18 12:50:00,sim@hotboat.cl,1002161.0,gas,10000.0
2029-02-18 12:50:00,sim@hotboat.cl,1002162.0,leña,1500.0
2029-02-18 12:50:00,sim@hotboat.cl,1002162.0,agua,700.0
2029-02-18 12:50:00,sim@hotboat.cl,1002162.0,luz,520.0
2029-02-18 12:50:00,sim@hotboat.cl,1002162.0,gas,10000.0
2029-02-19 12:00:00,sim@hotboat.cl,1002163.0,leña,1500.0
2029-02-19 12:00:00,sim@hotboat.cl,1002163.0,agua,700.0
2029-02-19 12:00:00,sim@hotboat.cl,1002163.0,luz,520.0
2029-02-19 12:00:00,sim@hotboat.cl,1002163.0,gas,10000.0
2029-02-19 12:00:00,sim@hotboat.cl,1002164.0,leña,1500.0
2029-02-19 12:00:00,sim@hotboat.cl,1002164.0,agua,700.0
2029-02-19 12:00:00,sim@hotboat.cl,1002164.0,luz,520.0
2029-02-19 12:00:00,sim@hotboat.cl,1002164.0,gas,10000.0
2029-02-19 12:10:00,sim@hotboat.cl,1002165.0,leña,1500.0
2029-02-19 12:10:00,sim@hotboat.cl,1002165.0,agua,700.0
2029-02-19 12:10:00,sim@hotboat.cl,1002165.0,luz,520.0
2029-02-19 12:10:00,sim@hotboat.cl,1002165.0,gas,10000.0
2029-02-19 12:10:00,sim@hotboat.cl,1002166.0,leña,1500.0
2029-02-19 12:10:00,sim@hotboat.cl,1002166.0,agua,700.0
2029-02-19 12:10:00,sim@hotboat.cl,1002166.0,luz,520.0
2029-02-19 12:10:00,sim@hotboat.cl,1002166.0,gas,10000.0
2029-02-19 12:20:00,sim@hotboat.cl,1002167.0,leña,1500.0
2029-02-19 12:20:00,sim@hotboat.cl,1002167.0,agua,700.0
2029-02-19 12:20:00,sim@hotboat.cl,1002167.0,luz,520.0
2029-02-19 12:20:00,sim@hotboat.cl,1002167.0,gas,10000.0
2029-02-19 12:20:00,sim@hotboat.cl,1002168.0,leña,1500.0
2029-02-19 12:20:00,sim@hotboat.cl,1002168.0,agua,700.0
2029-02-19 12:20:00,sim@hotboat.cl,1002168.0,luz,520.0
2029-02-19 12:20:00,sim@hotboat.cl,1002168.0,gas,10000.0
2029-02-19 12:30:00,sim@hotboat.cl,1002169.0,leña,1500.0
2029-02-19 12:30:00,sim@hotboat.cl,1002169.0,agua,700.0
2029-02-19 12:30:00,sim@hotboat.cl,1002169.0,luz,520.0
2029-02-19 12:30:00,sim@hotboat.cl,1002169.0,gas,10000.0
2029-02-19 12:30:00,sim@hotboat.cl,1002170.0,leña,1500.0
2029-02-19 12:30:00,sim@hotboat.cl,1002170.0,agua,700.0
2029-02-19 12:30:00,sim@hotboat.cl,1002170.0,luz,520.0
2029-02-19 12:30:00,sim@hotboat.cl,1002170.0,gas,10000.0
2029-02-19 12:40:00,sim@hotboat.cl,1002171.0,leña,1500.0
2029-02-19 12:40:00,sim@hotboat.cl,1002171.0,agua,700.0
2029-02-19 12:40:00,sim@hotboat.cl,1002171.0,luz,520.0
2029-02-19 12:40:00,sim@hotboat.cl,1002171.0,gas,10000.0
2029-02-19 12:40:00,sim@hotboat.cl,1002172.0,leña,1500.0
2029-02-19 12:40:00,sim@hotboat.cl,1002172.0,agua,700.0
2029-02-19 12:40:00,sim@hotboat.cl,1002172.0,luz,520.0
2029-02-19 12:40:00,sim@hotboat.cl,1002172.0,gas,10000.0
2029-02-19 12:50:00,sim@hotboat.cl,1002173.0,leña,1500.0
2029-02-19 12:50:00,sim@hotboat.cl,1002173.0,agua,700.0
2029-02-19 12:50:00,sim@hotboat.cl,1002173.0,luz,520.0
2029-02-19 12:50:00,sim@hotboat.cl,1002173.0,gas,10000.0
2029-02-19 12:50:00,sim@hotboat.cl,1002174.0,leña,1500.0
2029-02-19 12:50:00,sim@hotboat.cl,1002174.0,agua,700.0
2029-02-19 12:50:00,sim@hotboat.cl,1002174.0,luz,520.0
2029-02-19 12:50:00,sim@hotboat.cl,1002174.0,gas,10000.0
2029-02-20 12:00:00,sim@hotboat.cl,1002175.0,leña,1500.0
2029-02-20 12:00:00,sim@hotboat.cl,1002175.0,agua,700.0
2029-02-20 12:00:00,sim@hotboat.cl,1002175.0,luz,520.0
2029-02-20 12:00:00,sim@hotboat.cl,1002175.0,gas,10000.0
2029-02-21 12:00:00,sim@hotboat.cl,1002176.0,leña,1500.0
2029-02-21 12:00:00,sim@hotboat.cl,1002176.0,agua,700.0
2029-02-21 12:00:00,sim@hotboat.cl,1002176.0,luz,520.0
2029-02-21 12:00:00,sim@hotboat.cl,1002176.0,gas,10000.0
2029-02-21 12:10:00,sim@hotboat.cl,1002177.0,leña,1500.0
2029-02-21 12:10:00,sim@hotboat.cl,1002177.0,agua,700.0
2029-02-21 12:10:00,sim@hotboat.cl,1002177.0,luz,520.0
2029-02-21 12:10:00,sim@hotboat.cl,1002177.0,gas,10000.0
2029-02-21 12:20:00,sim@hotboat.cl,1002178.0,leña,1500.0
2029-02-21 12:20:00,sim@hotboat.cl,1002178.0,agua,700.0
2029-02-21 12:20:00,sim@hotboat.cl,1002178.0,luz,520.0
2029-02-21 12:20:00,sim@hotboat.cl,1002178.0,gas,10000.0
2029-02-21 12:30:00,sim@hotboat.cl,1002179.0,leña,1500.0
2029-02-21 12:30:00,sim@hotboat.cl,1002179.0,agua,700.0
2029-02-21 12:30:00,sim@hotboat.cl,1002179.0,luz,520.0
2029-02-21 12:30:00,sim@hotboat.cl,1002179.0,gas,10000.0
2029-02-21 12:40:00,sim@hotboat.cl,1002180.0,leña,1500.0
2029-02-21 12:40:00,sim@hotboat.cl,1002180.0,agua,700.0
2029-02-21 12:40:00,sim@hotboat.cl,1002180.0,luz,520.0
2029-02-21 12:40:00,sim@hotboat.cl,1002180.0,gas,10000.0
2029-02-22 12:00:00,sim@hotboat.cl,1002181.0,leña,1500.0
2029-02-22 12:00:00,sim@hotboat.cl,1002181.0,agua,700.0
2029-02-22 12:00:00,sim@hotboat.cl,1002181.0,luz,520.0
2029-02-22 12:00:00,sim@hotboat.cl,1002181.0,gas,10000.0
2029-02-22 12:10:00,sim@hotboat.cl,1002182.0,leña,1500.0
2029-02-22 12:10:00,sim@hotboat.cl,1002182.0,agua,700.0
2029-02-22 12:10:00,sim@hotboat.cl,1002182.0,luz,520.0
2029-02-22 12:10:00,sim@hotboat.cl,1002182.0,gas,10000.0
2029-02-22 12:20:00,sim@hotboat.cl,1002183.0,leña,1500.0
2029-02-22 12:20:00,sim@hotboat.cl,1002183.0,agua,700.0
2029-02-22 12:20:00,sim@hotboat.cl,1002183.0,luz,520.0
2029-02-22 12:20:00,sim@hotboat.cl,1002183.0,gas,10000.0
2029-02-23 12:00:00,sim@hotboat.cl,1002184.0,leña,1500.0
2029-02-23 12:00:00,sim@hotboat.cl,1002184.0,agua,700.0
2029-02-23 12:00:00,sim@hotboat.cl,1002184.0,luz,520.0
2029-02-23 12:00:00,sim@hotboat.cl,1002184.0,gas,10000.0
2029-02-23 12:10:00,sim@hotboat.cl,1002185.0,leña,1500.0
2029-02-23 12:10:00,sim@hotboat.cl,1002185.0,agua,700.0
2029-02-23 12:10:00,sim@hotboat.cl,1002185.0,luz,520.0
2029-02-23 12:10:00,sim@hotboat.cl,1002185.0,gas,10000.0
2029-02-23 12:20:00,sim@hotboat.cl,1002186.0,leña,1500.0
2029-02-23 12:20:00,sim@hotboat.cl,1002186.0,agua,700.0
2029-02-23 12:20:00,sim@hotboat.cl,1002186.0,luz,520.0
2029-02-23 12:20:00,sim@hotboat.cl,1002186.0,gas,10000.0
2029-02-23 12:30:00,sim@hotboat.cl,1002187.0,leña,1500.0
2029-02-23 12:30:00,sim@hotboat.cl,1002187.0,agua,700.0
2029-02-23 12:30:00,sim@hotboat.cl,1002187.0,luz,520.0
2029-02-23 12:30:00,sim@hotboat.cl,1002187.0,gas,10000.0
2029-02-23 12:40:00,sim@hotboat.cl,1002188.0,leña,1500.0
2029-02-23 12:40:00,sim@hotboat.cl,1002188.0,agua,700.0
2029-02-23 12:40:00,sim@hotboat.cl,1002188.0,luz,520.0
2029-02-23 12:40:00,sim@hotboat.cl,1002188.0,gas,10000.0
2029-02-24 12:00:00,sim@hotboat.cl,1002189.0,leña,1500.0
2029-02-24 12:00:00,sim@hotboat.cl,1002189.0,agua,700.0
2029-02-24 12:00:00,sim@hotboat.cl,1002189.0,luz,520.0
2029-02-24 12:00:00,sim@hotboat.cl,1002189.0,gas,10000.0
2029-02-24 12:00:00,sim@hotboat.cl,1002190.0,leña,1500.0
2029-02-24 12:00:00,sim@hotboat.cl,1002190.0,agua,700.0
2029-02-24 12:00:00,sim@hotboat.cl,1002190.0,luz,520.0
2029-02-24 12:00:00,sim@hotboat.cl,1002190.0,gas,10000.0
2029-02-24 12:00:00,sim@hotboat.cl,1002191.0,leña,1500.0
2029-02-24 12:00:00,sim@hotboat.cl,1002191.0,agua,700.0
2029-02-24 12:00:00,sim@hotboat.cl,1002191.0,luz,520.0
2029-02-24 12:00:00,sim@hotboat.cl,1002191.0,gas,10000.0
2029-02-24 12:00:00,sim@hotboat.cl,1002192.0,leña,1500.0
2029-02-24 12:00:00,sim@hotboat.cl,1002192.0,agua,700.0
2029-02-24 12:00:00,sim@hotboat.cl,1002192.0,luz,520.0
2029-02-24 12:00:00,sim@hotboat.cl,1002192.0,gas,10000.0
2029-02-24 12:10:00,sim@hotboat.cl,1002193.0,leña,1500.0
2029-02-24 12:10:00,sim@hotboat.cl,1002193.0,agua,700.0
2029-02-24 12:10:00,sim@hotboat.cl,1002193.0,luz,520.0
2029-02-24 12:10:00,sim@hotboat.cl,1002193.0,gas,10000.0
2029-02-24 12:10:00,sim@hotboat.cl,1002194.0,leña,1500.0
2029-02-24 12:10:00,sim@hotboat.cl,1002194.0,agua,700.0
2029-02-24 12:10:00,sim@hotboat.cl,1002194.0,luz,520.0
2029-02-24 12:10:00,sim@hotboat.cl,1002194.0,gas,10000.0
2029-02-24 12:10:00,sim@hotboat.cl,1002195.0,leña,1500.0
2029-02-24 12:10:00,sim@hotboat.cl,1002195.0,agua,700.0
2029-02-24 12:10:00,sim@hotboat.cl,1002195.0,luz,520.0
2029-02-24 12:10:00,sim@hotboat.cl,1002195.0,gas,10000.0
2029-02-24 12:10:00,sim@hotboat.cl,1002196.0,leña,1500.0
2029-02-24 12:10:00,sim@hotboat.cl,1002196.0,agua,700.0
2029-02-24 12:10:00,sim@hotboat.cl,1002196.0,luz,520.0
2029-02-24 12:10:00,sim@hotboat.cl,1002196.0,gas,10000.0
2029-02-24 12:20:00,sim@hotboat.cl,1002197.0,leña,1500.0
2029-02-24 12:20:00,sim@hotboat.cl,1002197.0,agua,700.0
2029-02-24 12:20:00,sim@hotboat.cl,1002197.0,luz,520.0
2029-02-24 12:20:00,sim@hotboat.cl,1002197.0,gas,10000.0
2029-02-24 12:20:00,sim@hotboat.cl,1002198.0,leña,1500.0
2029-02-24 12:20:00,sim@hotboat.cl,1002198.0,agua,700.0
2029-02-24 12:20:00,sim@hotboat.cl,1002198.0,luz,520.0
2029-02-24 12:20:00,sim@hotboat.cl,1002198.0,gas,10000.0
2029-02-24 12:20:00,sim@hotboat.cl,1002199.0,leña,1500.0
2029-02-24 12:20:00,sim@hotboat.cl,1002199.0,agua,700.0
2029-02-24 12:20:00,sim@hotboat.cl,1002199.0,luz,520.0
2029-02-24 12:20:00,sim@hotboat.cl,1002199.0,gas,10000.0
2029-02-24 12:20:00,sim@hotboat.cl,1002200.0,leña,1500.0
2029-02-24 12:20:00,sim@hotboat.cl,1002200.0,agua,700.0
2029-02-24 12:20:00,sim@hotboat.cl,1002200.0,luz,520.0
2029-02-24 12:20:00,sim@hotboat.cl,1002200.0,gas,10000.0
2029-02-24 12:30:00,sim@hotboat.cl,1002201.0,leña,1500.0
2029-02-24 12:30:00,sim@hotboat.cl,1002201.0,agua,700.0
2029-02-24 12:30:00,sim@hotboat.cl,1002201.0,luz,520.0
2029-02-24 12:30:00,sim@hotboat.cl,1002201.0,gas,10000.0
2029-02-24 12:30:00,sim@hotboat.cl,1002202.0,leña,1500.0
2029-02-24 12:30:00,sim@hotboat.cl,1002202.0,agua,700.0
2029-02-24 12:30:00,sim@hotboat.cl,1002202.0,luz,520.0
2029-02-24 12:30:00,sim@hotboat.cl,1002202.0,gas,10000.0
2029-02-24 12:30:00,sim@hotboat.cl,1002203.0,leña,1500.0
2029-02-24 12:30:00,sim@hotboat.cl,1002203.0,agua,700.0
2029-02-24 12:30:00,sim@hotboat.cl,1002203.0,luz,520.0
2029-02-24 12:30:00,sim@hotboat.cl,1002203.0,gas,10000.0
2029-02-24 12:40:00,sim@hotboat.cl,1002204.0,leña,1500.0
2029-02-24 12:40:00,sim@hotboat.cl,1002204.0,agua,700.0
2029-02-24 12:40:00,sim@hotboat.cl,1002204.0,luz,520.0
2029-02-24 12:40:00,sim@hotboat.cl,1002204.0,gas,10000.0
2029-02-24 12:40:00,sim@hotboat.cl,1002205.0,leña,1500.0
2029-02-24 12:40:00,sim@hotboat.cl,1002205.0,agua,700.0
2029-02-24 12:40:00,sim@hotboat.cl,1002205.0,luz,520.0
2029-02-24 12:40:00,sim@hotboat.cl,1002205.0,gas,10000.0
2029-02-24 12:40:00,sim@hotboat.cl,1002206.0,leña,1500.0
2029-02-24 12:40:00,sim@hotboat.cl,1002206.0,agua,700.0
2029-02-24 12:40:00,sim@hotboat.cl,1002206.0,luz,520.0
2029-02-24 12:40:00,sim@hotboat.cl,1002206.0,gas,10000.0
2029-02-24 12:50:00,sim@hotboat.cl,1002207.0,leña,1500.0
2029-02-24 12:50:00,sim@hotboat.cl,1002207.0,agua,700.0
2029-02-24 12:50:00,sim@hotboat.cl,1002207.0,luz,520.0
2029-02-24 12:50:00,sim@hotboat.cl,1002207.0,gas,10000.0
2029-02-24 12:50:00,sim@hotboat.cl,1002208.0,leña,1500.0
2029-02-24 12:50:00,sim@hotboat.cl,1002208.0,agua,700.0
2029-02-24 12:50:00,sim@hotboat.cl,1002208.0,luz,520.0
2029-02-24 12:50:00,sim@hotboat.cl,1002208.0,gas,10000.0
2029-02-24 12:50:00,sim@hotboat.cl,1002209.0,leña,1500.0
2029-02-24 12:50:00,sim@hotboat.cl,1002209.0,agua,700.0
2029-02-24 12:50:00,sim@hotboat.cl,1002209.0,luz,520.0
2029-02-24 12:50:00,sim@hotboat.cl,1002209.0,gas,10000.0
2029-02-25 12:00:00,sim@hotboat.cl,1002210.0,leña,1500.0
2029-02-25 12:00:00,sim@hotboat.cl,1002210.0,agua,700.0
2029-02-25 12:00:00,sim@hotboat.cl,1002210.0,luz,520.0
2029-02-25 12:00:00,sim@hotboat.cl,1002210.0,gas,10000.0
2029-02-25 12:00:00,sim@hotboat.cl,1002211.0,leña,1500.0
2029-02-25 12:00:00,sim@hotboat.cl,1002211.0,agua,700.0
2029-02-25 12:00:00,sim@hotboat.cl,1002211.0,luz,520.0
2029-02-25 12:00:00,sim@hotboat.cl,1002211.0,gas,10000.0
2029-02-25 12:10:00,sim@hotboat.cl,1002212.0,leña,1500.0
2029-02-25 12:10:00,sim@hotboat.cl,1002212.0,agua,700.0
2029-02-25 12:10:00,sim@hotboat.cl,1002212.0,luz,520.0
2029-02-25 12:10:00,sim@hotboat.cl,1002212.0,gas,10000.0
2029-02-25 12:10:00,sim@hotboat.cl,1002213.0,leña,1500.0
2029-02-25 12:10:00,sim@hotboat.cl,1002213.0,agua,700.0
2029-02-25 12:10:00,sim@hotboat.cl,1002213.0,luz,520.0
2029-02-25 12:10:00,sim@hotboat.cl,1002213.0,gas,10000.0
2029-02-25 12:20:00,sim@hotboat.cl,1002214.0,leña,1500.0
2029-02-25 12:20:00,sim@hotboat.cl,1002214.0,agua,700.0
2029-02-25 12:20:00,sim@hotboat.cl,1002214.0,luz,520.0
2029-02-25 12:20:00,sim@hotboat.cl,1002214.0,gas,10000.0
2029-02-25 12:20:00,sim@hotboat.cl,1002215.0,leña,1500.0
2029-02-25 12:20:00,sim@hotboat.cl,1002215.0,agua,700.0
2029-02-25 12:20:00,sim@hotboat.cl,1002215.0,luz,520.0
2029-02-25 12:20:00,sim@hotboat.cl,1002215.0,gas,10000.0
2029-02-25 12:30:00,sim@hotboat.cl,1002216.0,leña,1500.0
2029-02-25 12:30:00,sim@hotboat.cl,1002216.0,agua,700.0
2029-02-25 12:30:00,sim@hotboat.cl,1002216.0,luz,520.0
2029-02-25 12:30:00,sim@hotboat.cl,1002216.0,gas,10000.0
2029-02-25 12:30:00,sim@hotboat.cl,1002217.0,leña,1500.0
2029-02-25 12:30:00,sim@hotboat.cl,1002217.0,agua,700.0
2029-02-25 12:30:00,sim@hotboat.cl,1002217.0,luz,520.0
2029-02-25 12:30:00,sim@hotboat.cl,1002217.0,gas,10000.0
2029-02-25 12:40:00,sim@hotboat.cl,1002218.0,leña,1500.0
2029-02-25 12:40:00,sim@hotboat.cl,1002218.0,agua,700.0
2029-02-25 12:40:00,sim@hotboat.cl,1002218.0,luz,520.0
2029-02-25 12:40:00,sim@hotboat.cl,1002218.0,gas,10000.0
2029-02-25 12:40:00,sim@hotboat.cl,1002219.0,leña,1500.0
2029-02-25 12:40:00,sim@hotboat.cl,1002219.0,agua,700.0
2029-02-25 12:40:00,sim@hotboat.cl,1002219.0,luz,520.0
2029-02-25 12:40:00,sim@hotboat.cl,1002219.0,gas,10000.0
2029-02-25 12:50:00,sim@hotboat.cl,1002220.0,leña,1500.0
2029-02-25 12:50:00,sim@hotboat.cl,1002220.0,agua,700.0
2029-02-25 12:50:00,sim@hotboat.cl,1002220.0,luz,520.0
2029-02-25 12:50:00,sim@hotboat.cl,1002220.0,gas,10000.0
2029-02-26 12:00:00,sim@hotboat.cl,1002221.0,leña,1500.0
2029-02-26 12:00:00,sim@hotboat.cl,1002221.0,agua,700.0
2029-02-26 12:00:00,sim@hotboat.cl,1002221.0,luz,520.0
2029-02-26 12:00:00,sim@hotboat.cl,1002221.0,gas,10000.0
2029-02-26 12:10:00,sim@hotboat.cl,1002222.0,leña,1500.0
2029-02-26 12:10:00,sim@hotboat.cl,1002222.0,agua,700.0
2029-02-26 12:10:00,sim@hotboat.cl,1002222.0,luz,520.0
2029-02-26 12:10:00,sim@hotboat.cl,1002222.0,gas,10000.0
2029-02-26 12:20:00,sim@hotboat.cl,1002223.0,leña,1500.0
2029-02-26 12:20:00,sim@hotboat.cl,1002223.0,agua,700.0
2029-02-26 12:20:00,sim@hotboat.cl,1002223.0,luz,520.0
2029-02-26 12:20:00,sim@hotboat.cl,1002223.0,gas,10000.0
2029-02-26 12:30:00,sim@hotboat.cl,1002224.0,leña,1500.0
2029-02-26 12:30:00,sim@hotboat.cl,1002224.0,agua,700.0
2029-02-26 12:30:00,sim@hotboat.cl,1002224.0,luz,520.0
2029-02-26 12:30:00,sim@hotboat.cl,1002224.0,gas,10000.0
2029-02-26 12:40:00,sim@hotboat.cl,1002225.0,leña,1500.0
2029-02-26 12:40:00,sim@hotboat.cl,1002225.0,agua,700.0
2029-02-26 12:40:00,sim@hotboat.cl,1002225.0,luz,520.0
2029-02-26 12:40:00,sim@hotboat.cl,1002225.0,gas,10000.0
2029-02-26 12:50:00,sim@hotboat.cl,1002226.0,leña,1500.0
2029-02-26 12:50:00,sim@hotboat.cl,1002226.0,agua,700.0
2029-02-26 12:50:00,sim@hotboat.cl,1002226.0,luz,520.0
2029-02-26 12:50:00,sim@hotboat.cl,1002226.0,gas,10000.0
2029-02-27 12:00:00,sim@hotboat.cl,1002227.0,leña,1500.0
2029-02-27 12:00:00,sim@hotboat.cl,1002227.0,agua,700.0
2029-02-27 12:00:00,sim@hotboat.cl,1002227.0,luz,520.0
2029-02-27 12:00:00,sim@hotboat.cl,1002227.0,gas,10000.0
2029-02-27 12:00:00,sim@hotboat.cl,1002228.0,leña,1500.0
2029-02-27 12:00:00,sim@hotboat.cl,1002228.0,agua,700.0
2029-02-27 12:00:00,sim@hotboat.cl,1002228.0,luz,520.0
2029-02-27 12:00:00,sim@hotboat.cl,1002228.0,gas,10000.0
2029-02-27 12:10:00,sim@hotboat.cl,1002229.0,leña,1500.0
2029-02-27 12:10:00,sim@hotboat.cl,1002229.0,agua,700.0
2029-02-27 12:10:00,sim@hotboat.cl,1002229.0,luz,520.0
2029-02-27 12:10:00,sim@hotboat.cl,1002229.0,gas,10000.0
2029-02-27 12:10:00,sim@hotboat.cl,1002230.0,leña,1500.0
2029-02-27 12:10:00,sim@hotboat.cl,1002230.0,agua,700.0
2029-02-27 12:10:00,sim@hotboat.cl,1002230.0,luz,520.0
2029-02-27 12:10:00,sim@hotboat.cl,1002230.0,gas,10000.0
2029-02-27 12:20:00,sim@hotboat.cl,1002231.0,leña,1500.0
2029-02-27 12:20:00,sim@hotboat.cl,1002231.0,agua,700.0
2029-02-27 12:20:00,sim@hotboat.cl,1002231.0,luz,520.0
2029-02-27 12:20:00,sim@hotboat.cl,1002231.0,gas,10000.0
2029-02-27 12:30:00,sim@hotboat.cl,1002232.0,leña,1500.0
2029-02-27 12:30:00,sim@hotboat.cl,1002232.0,agua,700.0
2029-02-27 12:30:00,sim@hotboat.cl,1002232.0,luz,520.0
2029-02-27 12:30:00,sim@hotboat.cl,1002232.0,gas,10000.0
2029-02-27 12:40:00,sim@hotboat.cl,1002233.0,leña,1500.0
2029-02-27 12:40:00,sim@hotboat.cl,1002233.0,agua,700.0
2029-02-27 12:40:00,sim@hotboat.cl,1002233.0,luz,520.0
2029-02-27 12:40:00,sim@hotboat.cl,1002233.0,gas,10000.0
2029-02-27 12:50:00,sim@hotboat.cl,1002234.0,leña,1500.0
2029-02-27 12:50:00,sim@hotboat.cl,1002234.0,agua,700.0
2029-02-27 12:50:00,sim@hotboat.cl,1002234.0,luz,520.0
2029-02-27 12:50:00,sim@hotboat.cl,1002234.0,gas,10000.0
2029-02-28 12:00:00,sim@hotboat.cl,1002235.0,leña,1500.0
2029-02-28 12:00:00,sim@hotboat.cl,1002235.0,agua,700.0
2029-02-28 12:00:00,sim@hotboat.cl,1002235.0,luz,520.0
2029-02-28 12:00:00,sim@hotboat.cl,1002235.0,gas,10000.0
2029-02-28 12:10:00,sim@hotboat.cl,1002236.0,leña,1500.0
2029-02-28 12:10:00,sim@hotboat.cl,1002236.0,agua,700.0
2029-02-28 12:10:00,sim@hotboat.cl,1002236.0,luz,520.0
2029-02-28 12:10:00,sim@hotboat.cl,1002236.0,gas,10000.0
2029-02-28 12:20:00,sim@hotboat.cl,1002237.0,leña,1500.0
2029-02-28 12:20:00,sim@hotboat.cl,1002237.0,agua,700.0
2029-02-28 12:20:00,sim@hotboat.cl,1002237.0,luz,520.0
2029-02-28 12:20:00,sim@hotboat.cl,1002237.0,gas,10000.0
2029-02-28 12:30:00,sim@hotboat.cl,1002238.0,leña,1500.0
2029-02-28 12:30:00,sim@hotboat.cl,1002238.0,agua,700.0
2029-02-28 12:30:00,sim@hotboat.cl,1002238.0,luz,520.0
2029-02-28 12:30:00,sim@hotboat.cl,1002238.0,gas,10000.0
2029-02-01 20:00:00,sim@hotboat.cl,,pago extra ayudante (diario),120000.0
2029-02-02 20:00:00,sim@hotboat.cl,,pago extra ayudante (diario),120000.0
2029-02-03 20:00:00,sim@hotboat.cl,,pago extra ayudante (diario),210000.0
2029-02-04 20:00:00,sim@hotboat.cl,,pago extra ayudante (diario),210000.0
2029-02-05 20:00:00,sim@hotboat.cl,,pago extra ayudante (diario),210000.0
2029-02-06 20:00:00,sim@hotboat.cl,,pago extra ayudante (diario),150000.0
2029-02-07 20:00:00,sim@hotboat.cl,,pago extra ayudante (diario),210000.0
2029-02-08 20:00:00,sim@hotboat.cl,,pago extra ayudante (diario),180000.0
2029-02-09 20:00:00,sim@hotboat.cl,,pago extra ayudante (diario),90000.0
2029-02-10 20:00:00,sim@hotboat.cl,,pago extra ayudante (diario),210000.0
2029-02-11 20:00:00,sim@hotboat.cl,,pago extra ayudante (diario),210000.0
2029-02-12 20:00:00,sim@hotboat.cl,,pago extra ayudante (diario),120000.0
2029-02-13 20:00:00,sim@hotboat.cl,,pago extra ayudante (diario),60000.0
2029-02-14 20:00:00,sim@hotboat.cl,,pago extra ayudante (diario),150000.0
2029-02-15 20:00:00,sim@hotboat.cl,,pago extra ayudante (diario),180000.0
2029-02-16 20:00:00,sim@hotboat.cl,,pago extra ayudante (diario),180000.0
2029-02-17 20:00:00,sim@hotboat.cl,,pago extra ayudante (diario),210000.0
2029-02-18 20:00:00,sim@hotboat.cl,,pago extra ayudante (diario),210000.0
2029-02-19 20:00:00,sim@hotboat.cl,,pago extra ayudante (diario),210000.0
2029-02-20 20:00:00,sim@hotboat.cl,,pago extra ayudante (diario),30000.0
2029-02-21 20:00:00,sim@hotboat.cl,,pago extra ayudante (diario),150000.0
2029-02-22 20:00:00,sim@hotboat.cl,,pago extra ayudante (diario),90000.0
2029-02-23 20:00:00,sim@hotboat.cl,,pago extra ayudante (diario),150000.0
2029-02-24 20:00:00,sim@hotboat.cl,,pago extra ayudante (diario),210000.0
2029-02-25 20:00:00,sim@hotboat.cl,,pago extra ayudante (diario),210000.0
2029-02-26 20:00:00,sim@hotboat.cl,,pago extra ayudante (diario),180000.0
2029-02-27 20:00:00,sim@hotboat.cl,,pago extra ayudante (diario),210000.0
2029-02-28 20:00:00,sim@hotboat.cl,,pago extra ayudante (diario),120000.0
2029-03-01 12:00:00,sim@hotboat.cl,1002239.0,leña,1500.0
2029-03-01 12:00:00,sim@hotboat.cl,1002239.0,agua,700.0
2029-03-01 12:00:00,sim@hotboat.cl,1002239.0,luz,520.0
2029-03-01 12:00:00,sim@hotboat.cl,1002239.0,gas,10000.0
2029-03-02 12:00:00,sim@hotboat.cl,1002240.0,leña,1500.0
2029-03-02 12:00:00,sim@hotboat.cl,1002240.0,agua,700.0
2029-03-02 12:00:00,sim@hotboat.cl,1002240.0,luz,520.0
2029-03-02 12:00:00,sim@hotboat.cl,1002240.0,gas,10000.0
2029-03-02 12:10:00,sim@hotboat.cl,1002241.0,leña,1500.0
2029-03-02 12:10:00,sim@hotboat.cl,1002241.0,agua,700.0
2029-03-02 12:10:00,sim@hotboat.cl,1002241.0,luz,520.0
2029-03-02 12:10:00,sim@hotboat.cl,1002241.0,gas,10000.0
2029-03-03 12:00:00,sim@hotboat.cl,1002242.0,leña,1500.0
2029-03-03 12:00:00,sim@hotboat.cl,1002242.0,agua,700.0
2029-03-03 12:00:00,sim@hotboat.cl,1002242.0,luz,520.0
2029-03-03 12:00:00,sim@hotboat.cl,1002242.0,gas,10000.0
2029-03-03 12:10:00,sim@hotboat.cl,1002243.0,leña,1500.0
2029-03-03 12:10:00,sim@hotboat.cl,1002243.0,agua,700.0
2029-03-03 12:10:00,sim@hotboat.cl,1002243.0,luz,520.0
2029-03-03 12:10:00,sim@hotboat.cl,1002243.0,gas,10000.0
2029-03-03 12:20:00,sim@hotboat.cl,1002244.0,leña,1500.0
2029-03-03 12:20:00,sim@hotboat.cl,1002244.0,agua,700.0
2029-03-03 12:20:00,sim@hotboat.cl,1002244.0,luz,520.0
2029-03-03 12:20:00,sim@hotboat.cl,1002244.0,gas,10000.0
2029-03-03 12:30:00,sim@hotboat.cl,1002245.0,leña,1500.0
2029-03-03 12:30:00,sim@hotboat.cl,1002245.0,agua,700.0
2029-03-03 12:30:00,sim@hotboat.cl,1002245.0,luz,520.0
2029-03-03 12:30:00,sim@hotboat.cl,1002245.0,gas,10000.0
2029-03-03 12:40:00,sim@hotboat.cl,1002246.0,leña,1500.0
2029-03-03 12:40:00,sim@hotboat.cl,1002246.0,agua,700.0
2029-03-03 12:40:00,sim@hotboat.cl,1002246.0,luz,520.0
2029-03-03 12:40:00,sim@hotboat.cl,1002246.0,gas,10000.0
2029-03-04 12:00:00,sim@hotboat.cl,1002247.0,leña,1500.0
2029-03-04 12:00:00,sim@hotboat.cl,1002247.0,agua,700.0
2029-03-04 12:00:00,sim@hotboat.cl,1002247.0,luz,520.0
2029-03-04 12:00:00,sim@hotboat.cl,1002247.0,gas,10000.0
2029-03-04 12:10:00,sim@hotboat.cl,1002248.0,leña,1500.0
2029-03-04 12:10:00,sim@hotboat.cl,1002248.0,agua,700.0
2029-03-04 12:10:00,sim@hotboat.cl,1002248.0,luz,520.0
2029-03-04 12:10:00,sim@hotboat.cl,1002248.0,gas,10000.0
2029-03-05 12:00:00,sim@hotboat.cl,1002249.0,leña,1500.0
2029-03-05 12:00:00,sim@hotboat.cl,1002249.0,agua,700.0
2029-03-05 12:00:00,sim@hotboat.cl,1002249.0,luz,520.0
2029-03-05 12:00:00,sim@hotboat.cl,1002249.0,gas,10000.0
2029-03-07 12:00:00,sim@hotboat.cl,1002250.0,leña,1500.0
2029-03-07 12:00:00,sim@hotboat.cl,1002250.0,agua,700.0
2029-03-07 12:00:00,sim@hotboat.cl,1002250.0,luz,520.0
2029-03-07 12:00:00,sim@hotboat.cl,1002250.0,gas,10000.0
2029-03-10 12:00:00,sim@hotboat.cl,1002251.0,leña,1500.0
2029-03-10 12:00:00,sim@hotboat.cl,1002251.0,agua,700.0
2029-03-10 12:00:00,sim@hotboat.cl,1002251.0,luz,520.0
2029-03-10 12:00:00,sim@hotboat.cl,1002251.0,gas,10000.0
2029-03-10 12:10:00,sim@hotboat.cl,1002252.0,leña,1500.0
2029-03-10 12:10:00,sim@hotboat.cl,1002252.0,agua,700.0
2029-03-10 12:10:00,sim@hotboat.cl,1002252.0,luz,520.0
2029-03-10 12:10:00,sim@hotboat.cl,1002252.0,gas,10000.0
2029-03-11 12:00:00,sim@hotboat.cl,1002253.0,leña,1500.0
2029-03-11 12:00:00,sim@hotboat.cl,1002253.0,agua,700.0
2029-03-11 12:00:00,sim@hotboat.cl,1002253.0,luz,520.0
2029-03-11 12:00:00,sim@hotboat.cl,1002253.0,gas,10000.0
2029-03-12 12:00:00,sim@hotboat.cl,1002254.0,leña,1500.0
2029-03-12 12:00:00,sim@hotboat.cl,1002254.0,agua,700.0
2029-03-12 12:00:00,sim@hotboat.cl,1002254.0,luz,520.0
2029-03-12 12:00:00,sim@hotboat.cl,1002254.0,gas,10000.0
2029-03-17 12:00:00,sim@hotboat.cl,1002255.0,leña,1500.0
2029-03-17 12:00:00,sim@hotboat.cl,1002255.0,agua,700.0
2029-03-17 12:00:00,sim@hotboat.cl,1002255.0,luz,520.0
2029-03-17 12:00:00,sim@hotboat.cl,1002255.0,gas,10000.0
2029-03-18 12:00:00,sim@hotboat.cl,1002256.0,leña,1500.0
2029-03-18 12:00:00,sim@hotboat.cl,1002256.0,agua,700.0
2029-03-18 12:00:00,sim@hotboat.cl,1002256.0,luz,520.0
2029-03-18 12:00:00,sim@hotboat.cl,1002256.0,gas,10000.0
2029-03-19 12:00:00,sim@hotboat.cl,1002257.0,leña,1500.0
2029-03-19 12:00:00,sim@hotboat.cl,1002257.0,agua,700.0
2029-03-19 12:00:00,sim@hotboat.cl,1002257.0,luz,520.0
2029-03-19 12:00:00,sim@hotboat.cl,1002257.0,gas,10000.0
2029-03-23 12:00:00,sim@hotboat.cl,1002258.0,leña,1500.0
2029-03-23 12:00:00,sim@hotboat.cl,1002258.0,agua,700.0
2029-03-23 12:00:00,sim@hotboat.cl,1002258.0,luz,520.0
2029-03-23 12:00:00,sim@hotboat.cl,1002258.0,gas,10000.0
2029-03-24 12:00:00,sim@hotboat.cl,1002259.0,leña,1500.0
2029-03-24 12:00:00,sim@hotboat.cl,1002259.0,agua,700.0
2029-03-24 12:00:00,sim@hotboat.cl,1002259.0,luz,520.0
2029-03-24 12:00:00,sim@hotboat.cl,1002259.0,gas,10000.0
2029-03-26 12:00:00,sim@hotboat.cl,1002260.0,leña,1500.0
2029-03-26 12:00:00,sim@hotboat.cl,1002260.0,agua,700.0
2029-03-26 12:00:00,sim@hotboat.cl,1002260.0,luz,520.0
2029-03-26 12:00:00,sim@hotboat.cl,1002260.0,gas,10000.0
2029-03-27 12:00:00,sim@hotboat.cl,1002261.0,leña,1500.0
2029-03-27 12:00:00,sim@hotboat.cl,1002261.0,agua,700.0
2029-03-27 12:00:00,sim@hotboat.cl,1002261.0,luz,520.0
2029-03-27 12:00:00,sim@hotboat.cl,1002261.0,gas,10000.0
2029-03-27 12:10:00,sim@hotboat.cl,1002262.0,leña,1500.0
2029-03-27 12:10:00,sim@hotboat.cl,1002262.0,agua,700.0
2029-03-27 12:10:00,sim@hotboat.cl,1002262.0,luz,520.0
2029-03-27 12:10:00,sim@hotboat.cl,1002262.0,gas,10000.0
2029-03-27 12:20:00,sim@hotboat.cl,1002263.0,leña,1500.0
2029-03-27 12:20:00,sim@hotboat.cl,1002263.0,agua,700.0
2029-03-27 12:20:00,sim@hotboat.cl,1002263.0,luz,520.0
2029-03-27 12:20:00,sim@hotboat.cl,1002263.0,gas,10000.0
2029-03-29 12:00:00,sim@hotboat.cl,1002264.0,leña,1500.0
2029-03-29 12:00:00,sim@hotboat.cl,1002264.0,agua,700.0
2029-03-29 12:00:00,sim@hotboat.cl,1002264.0,luz,520.0
2029-03-29 12:00:00,sim@hotboat.cl,1002264.0,gas,10000.0
2029-03-31 12:00:00,sim@hotboat.cl,1002265.0,leña,1500.0
2029-03-31 12:00:00,sim@hotboat.cl,1002265.0,agua,700.0
2029-03-31 12:00:00,sim@hotboat.cl,1002265.0,luz,520.0
2029-03-31 12:00:00,sim@hotboat.cl,1002265.0,gas,10000.0
2029-03-31 12:10:00,sim@hotboat.cl,1002266.0,leña,1500.0
2029-03-31 12:10:00,sim@hotboat.cl,1002266.0,agua,700.0
2029-03-31 12:10:00,sim@hotboat.cl,1002266.0,luz,520.0
2029-03-31 12:10:00,sim@hotboat.cl,1002266.0,gas,10000.0
2029-03-31 12:20:00,sim@hotboat.cl,1002267.0,leña,1500.0
2029-03-31 12:20:00,sim@hotboat.cl,1002267.0,agua,700.0
2029-03-31 12:20:00,sim@hotboat.cl,1002267.0,luz,520.0
2029-03-31 12:20:00,sim@hotboat.cl,1002267.0,gas,10000.0
2029-03-31 12:30:00,sim@hotboat.cl,1002268.0,leña,1500.0
2029-03-31 12:30:00,sim@hotboat.cl,1002268.0,agua,700.0
2029-03-31 12:30:00,sim@hotboat.cl,1002268.0,luz,520.0
2029-03-31 12:30:00,sim@hotboat.cl,1002268.0,gas,10000.0
2029-03-01 20:00:00,sim@hotboat.cl,,pago extra ayudante (diario),30000.0
2029-03-02 20:00:00,sim@hotboat.cl,,pago extra ayudante (diario),60000.0
2029-03-03 20:00:00,sim@hotboat.cl,,pago extra ayudante (diario),150000.0
2029-03-04 20:00:00,sim@hotboat.cl,,pago extra ayudante (diario),60000.0
2029-03-05 20:00:00,sim@hotboat.cl,,pago extra ayudante (diario),30000.0
2029-03-07 20:00:00,sim@hotboat.cl,,pago extra ayudante (diario),30000.0
2029-03-10 20:00:00,sim@hotboat.cl,,pago extra ayudante (diario),60000.0
2029-03-11 20:00:00,sim@hotboat.cl,,pago extra ayudante (diario),30000.0
2029-03-12 20:00:00,sim@hotboat.cl,,pago extra ayudante (diario),30000.0
2029-03-17 20:00:00,sim@hotboat.cl,,pago extra ayudante (diario),30000.0
2029-03-18 20:00:00,sim@hotboat.cl,,pago extra ayudante (diario),30000.0
2029-03-19 20:00:00,sim@hotboat.cl,,pago extra ayudante (diario),30000.0
2029-03-23 20:00:00,sim@hotboat.cl,,pago extra ayudante (diario),30000.0
2029-03-24 20:00:00,sim@hotboat.cl,,pago extra ayudante (diario),30000.0
2029-03-26 20:00:00,sim@hotboat.cl,,pago extra ayudante (diario),30000.0
2029-03-27 20:00:00,sim@hotboat.cl,,pago extra ayudante (diario),90000.0
2029-03-29 20:00:00,sim@hotboat.cl,,pago extra ayudante (diario),30000.0
2029-03-31 20:00:00,sim@hotboat.cl,,pago extra ayudante (diario),120000.0
2029-04-01 12:00:00,sim@hotboat.cl,1002269.0,leña,1500.0
2029-04-01 12:00:00,sim@hotboat.cl,1002269.0,agua,700.0
2029-04-01 12:00:00,sim@hotboat.cl,1002269.0,luz,520.0
2029-04-01 12:00:00,sim@hotboat.cl,1002269.0,gas,10000.0
2029-04-01 12:10:00,sim@hotboat.cl,1002270.0,leña,1500.0
2029-04-01 12:10:00,sim@hotboat.cl,1002270.0,agua,700.0
2029-04-01 12:10:00,sim@hotboat.cl,1002270.0,luz,520.0
2029-04-01 12:10:00,sim@hotboat.cl,1002270.0,gas,10000.0
2029-04-01 12:20:00,sim@hotboat.cl,1002271.0,leña,1500.0
2029-04-01 12:20:00,sim@hotboat.cl,1002271.0,agua,700.0
2029-04-01 12:20:00,sim@hotboat.cl,1002271.0,luz,520.0
2029-04-01 12:20:00,sim@hotboat.cl,1002271.0,gas,10000.0
2029-04-01 12:30:00,sim@hotboat.cl,1002272.0,leña,1500.0
2029-04-01 12:30:00,sim@hotboat.cl,1002272.0,agua,700.0
2029-04-01 12:30:00,sim@hotboat.cl,1002272.0,luz,520.0
2029-04-01 12:30:00,sim@hotboat.cl,1002272.0,gas,10000.0
2029-04-01 12:40:00,sim@hotboat.cl,1002273.0,leña,1500.0
2029-04-01 12:40:00,sim@hotboat.cl,1002273.0,agua,700.0
2029-04-01 12:40:00,sim@hotboat.cl,1002273.0,luz,520.0
2029-04-01 12:40:00,sim@hotboat.cl,1002273.0,gas,10000.0
2029-04-02 12:00:00,sim@hotboat.cl,1002274.0,leña,1500.0
2029-04-02 12:00:00,sim@hotboat.cl,1002274.0,agua,700.0
2029-04-02 12:00:00,sim@hotboat.cl,1002274.0,luz,520.0
2029-04-02 12:00:00,sim@hotboat.cl,1002274.0,gas,10000.0
2029-04-03 12:00:00,sim@hotboat.cl,1002275.0,leña,1500.0
2029-04-03 12:00:00,sim@hotboat.cl,1002275.0,agua,700.0
2029-04-03 12:00:00,sim@hotboat.cl,1002275.0,luz,520.0
2029-04-03 12:00:00,sim@hotboat.cl,1002275.0,gas,10000.0
2029-04-03 12:10:00,sim@hotboat.cl,1002276.0,leña,1500.0
2029-04-03 12:10:00,sim@hotboat.cl,1002276.0,agua,700.0
2029-04-03 12:10:00,sim@hotboat.cl,1002276.0,luz,520.0
2029-04-03 12:10:00,sim@hotboat.cl,1002276.0,gas,10000.0
2029-04-04 12:00:00,sim@hotboat.cl,1002277.0,leña,1500.0
2029-04-04 12:00:00,sim@hotboat.cl,1002277.0,agua,700.0
2029-04-04 12:00:00,sim@hotboat.cl,1002277.0,luz,520.0
2029-04-04 12:00:00,sim@hotboat.cl,1002277.0,gas,10000.0
2029-04-04 12:10:00,sim@hotboat.cl,1002278.0,leña,1500.0
2029-04-04 12:10:00,sim@hotboat.cl,1002278.0,agua,700.0
2029-04-04 12:10:00,sim@hotboat.cl,1002278.0,luz,520.0
2029-04-04 12:10:00,sim@hotboat.cl,1002278.0,gas,10000.0
2029-04-06 12:00:00,sim@hotboat.cl,1002279.0,leña,1500.0
2029-04-06 12:00:00,sim@hotboat.cl,1002279.0,agua,700.0
2029-04-06 12:00:00,sim@hotboat.cl,1002279.0,luz,520.0
2029-04-06 12:00:00,sim@hotboat.cl,1002279.0,gas,10000.0
2029-04-07 12:00:00,sim@hotboat.cl,1002280.0,leña,1500.0
2029-04-07 12:00:00,sim@hotboat.cl,1002280.0,agua,700.0
2029-04-07 12:00:00,sim@hotboat.cl,1002280.0,luz,520.0
2029-04-07 12:00:00,sim@hotboat.cl,1002280.0,gas,10000.0
2029-04-07 12:10:00,sim@hotboat.cl,1002281.0,leña,1500.0
2029-04-07 12:10:00,sim@hotboat.cl,1002281.0,agua,700.0
2029-04-07 12:10:00,sim@hotboat.cl,1002281.0,luz,520.0
2029-04-07 12:10:00,sim@hotboat.cl,1002281.0,gas,10000.0
2029-04-07 12:20:00,sim@hotboat.cl,1002282.0,leña,1500.0
2029-04-07 12:20:00,sim@hotboat.cl,1002282.0,agua,700.0
2029-04-07 12:20:00,sim@hotboat.cl,1002282.0,luz,520.0
2029-04-07 12:20:00,sim@hotboat.cl,1002282.0,gas,10000.0
2029-04-08 12:00:00,sim@hotboat.cl,1002283.0,leña,1500.0
2029-04-08 12:00:00,sim@hotboat.cl,1002283.0,agua,700.0
2029-04-08 12:00:00,sim@hotboat.cl,1002283.0,luz,520.0
2029-04-08 12:00:00,sim@hotboat.cl,1002283.0,gas,10000.0
2029-04-08 12:10:00,sim@hotboat.cl,1002284.0,leña,1500.0
2029-04-08 12:10:00,sim@hotboat.cl,1002284.0,agua,700.0
2029-04-08 12:10:00,sim@hotboat.cl,1002284.0,luz,520.0
2029-04-08 12:10:00,sim@hotboat.cl,1002284.0,gas,10000.0
2029-04-11 12:00:00,sim@hotboat.cl,1002285.0,leña,1500.0
2029-04-11 12:00:00,sim@hotboat.cl,1002285.0,agua,700.0
2029-04-11 12:00:00,sim@hotboat.cl,1002285.0,luz,520.0
2029-04-11 12:00:00,sim@hotboat.cl,1002285.0,gas,10000.0
2029-04-14 12:00:00,sim@hotboat.cl,1002286.0,leña,1500.0
2029-04-14 12:00:00,sim@hotboat.cl,1002286.0,agua,700.0
2029-04-14 12:00:00,sim@hotboat.cl,1002286.0,luz,520.0
2029-04-14 12:00:00,sim@hotboat.cl,1002286.0,gas,10000.0
2029-04-15 12:00:00,sim@hotboat.cl,1002287.0,leña,1500.0
2029-04-15 12:00:00,sim@hotboat.cl,1002287.0,agua,700.0
2029-04-15 12:00:00,sim@hotboat.cl,1002287.0,luz,520.0
2029-04-15 12:00:00,sim@hotboat.cl,1002287.0,gas,10000.0
2029-04-16 12:00:00,sim@hotboat.cl,1002288.0,leña,1500.0
2029-04-16 12:00:00,sim@hotboat.cl,1002288.0,agua,700.0
2029-04-16 12:00:00,sim@hotboat.cl,1002288.0,luz,520.0
2029-04-16 12:00:00,sim@hotboat.cl,1002288.0,gas,10000.0
2029-04-18 12:00:00,sim@hotboat.cl,1002289.0,leña,1500.0
2029-04-18 12:00:00,sim@hotboat.cl,1002289.0,agua,700.0
2029-04-18 12:00:00,sim@hotboat.cl,1002289.0,luz,520.0
2029-04-18 12:00:00,sim@hotboat.cl,1002289.0,gas,10000.0
2029-04-21 12:00:00,sim@hotboat.cl,1002290.0,leña,1500.0
2029-04-21 12:00:00,sim@hotboat.cl,1002290.0,agua,700.0
2029-04-21 12:00:00,sim@hotboat.cl,1002290.0,luz,520.0
2029-04-21 12:00:00,sim@hotboat.cl,1002290.0,gas,10000.0
2029-04-21 12:10:00,sim@hotboat.cl,1002291.0,leña,1500.0
2029-04-21 12:10:00,sim@hotboat.cl,1002291.0,agua,700.0
2029-04-21 12:10:00,sim@hotboat.cl,1002291.0,luz,520.0
2029-04-21 12:10:00,sim@hotboat.cl,1002291.0,gas,10000.0
2029-04-22 12:00:00,sim@hotboat.cl,1002292.0,leña,1500.0
2029-04-22 12:00:00,sim@hotboat.cl,1002292.0,agua,700.0
2029-04-22 12:00:00,sim@hotboat.cl,1002292.0,luz,520.0
2029-04-22 12:00:00,sim@hotboat.cl,1002292.0,gas,10000.0
2029-04-22 12:10:00,sim@hotboat.cl,1002293.0,leña,1500.0
2029-04-22 12:10:00,sim@hotboat.cl,1002293.0,agua,700.0
2029-04-22 12:10:00,sim@hotboat.cl,1002293.0,luz,520.0
2029-04-22 12:10:00,sim@hotboat.cl,1002293.0,gas,10000.0
2029-04-24 12:00:00,sim@hotboat.cl,1002294.0,leña,1500.0
2029-04-24 12:00:00,sim@hotboat.cl,1002294.0,agua,700.0
2029-04-24 12:00:00,sim@hotboat.cl,1002294.0,luz,520.0
2029-04-24 12:00:00,sim@hotboat.cl,1002294.0,gas,10000.0
2029-04-25 12:00:00,sim@hotboat.cl,1002295.0,leña,1500.0
2029-04-25 12:00:00,sim@hotboat.cl,1002295.0,agua,700.0
2029-04-25 12:00:00,sim@hotboat.cl,1002295.0,luz,520.0
2029-04-25 12:00:00,sim@hotboat.cl,1002295.0,gas,10000.0
2029-04-26 12:00:00,sim@hotboat.cl,1002296.0,leña,1500.0
2029-04-26 12:00:00,sim@hotboat.cl,1002296.0,agua,700.0
2029-04-26 12:00:00,sim@hotboat.cl,1002296.0,luz,520.0
2029-04-26 12:00:00,sim@hotboat.cl,1002296.0,gas,10000.0
2029-04-26 12:10:00,sim@hotboat.cl,1002297.0,leña,1500.0
2029-04-26 12:10:00,sim@hotboat.cl,1002297.0,agua,700.0
2029-04-26 12:10:00,sim@hotboat.cl,1002297.0,luz,520.0
2029-04-26 12:10:00,sim@hotboat.cl,1002297.0,gas,10000.0
2029-04-26 12:20:00,sim@hotboat.cl,1002298.0,leña,1500.0
2029-04-26 12:20:00,sim@hotboat.cl,1002298.0,agua,700.0
2029-04-26 12:20:00,sim@hotboat.cl,1002298.0,luz,520.0
2029-04-26 12:20:00,sim@hotboat.cl,1002298.0,gas,10000.0
2029-04-28 12:00:00,sim@hotboat.cl,1002299.0,leña,1500.0
2029-04-28 12:00:00,sim@hotboat.cl,1002299.0,agua,700.0
2029-04-28 12:00:00,sim@hotboat.cl,1002299.0,luz,520.0
2029-04-28 12:00:00,sim@hotboat.cl,1002299.0,gas,10000.0
2029-04-29 12:00:00,sim@hotboat.cl,1002300.0,leña,1500.0
2029-04-29 12:00:00,sim@hotboat.cl,1002300.0,agua,700.0
2029-04-29 12:00:00,sim@hotboat.cl,1002300.0,luz,520.0
2029-04-29 12:00:00,sim@hotboat.cl,1002300.0,gas,10000.0
2029-04-29 12:10:00,sim@hotboat.cl,1002301.0,leña,1500.0
2029-04-29 12:10:00,sim@hotboat.cl,1002301.0,agua,700.0
2029-04-29 12:10:00,sim@hotboat.cl,1002301.0,luz,520.0
2029-04-29 12:10:00,sim@hotboat.cl,1002301.0,gas,10000.0
2029-04-29 12:20:00,sim@hotboat.cl,1002302.0,leña,1500.0
2029-04-29 12:20:00,sim@hotboat.cl,1002302.0,agua,700.0
2029-04-29 12:20:00,sim@hotboat.cl,1002302.0,luz,520.0
2029-04-29 12:20:00,sim@hotboat.cl,1002302.0,gas,10000.0
2029-04-29 12:30:00,sim@hotboat.cl,1002303.0,leña,1500.0
2029-04-29 12:30:00,sim@hotboat.cl,1002303.0,agua,700.0
2029-04-29 12:30:00,sim@hotboat.cl,1002303.0,luz,520.0
2029-04-29 12:30:00,sim@hotboat.cl,1002303.0,gas,10000.0
2029-04-30 12:00:00,sim@hotboat.cl,1002304.0,leña,1500.0
2029-04-30 12:00:00,sim@hotboat.cl,1002304.0,agua,700.0
2029-04-30 12:00:00,sim@hotboat.cl,1002304.0,luz,520.0
2029-04-30 12:00:00,sim@hotboat.cl,1002304.0,gas,10000.0
2029-04-01 20:00:00,sim@hotboat.cl,,pago extra ayudante (diario),150000.0
2029-04-02 20:00:00,sim@hotboat.cl,,pago extra ayudante (diario),30000.0
2029-04-03 20:00:00,sim@hotboat.cl,,pago extra ayudante (diario),60000.0
2029-04-04 20:00:00,sim@hotboat.cl,,pago extra ayudante (diario),60000.0
2029-04-06 20:00:00,sim@hotboat.cl,,pago extra ayudante (diario),30000.0
2029-04-07 20:00:00,sim@hotboat.cl,,pago extra ayudante (diario),90000.0
2029-04-08 20:00:00,sim@hotboat.cl,,pago extra ayudante (diario),60000.0
2029-04-11 20:00:00,sim@hotboat.cl,,pago extra ayudante (diario),30000.0
2029-04-14 20:00:00,sim@hotboat.cl,,pago extra ayudante (diario),30000.0
2029-04-15 20:00:00,sim@hotboat.cl,,pago extra ayudante (diario),30000.0
2029-04-16 20:00:00,sim@hotboat.cl,,pago extra ayudante (diario),30000.0
2029-04-18 20:00:00,sim@hotboat.cl,,pago extra ayudante (diario),30000.0
2029-04-21 20:00:00,sim@hotboat.cl,,pago extra ayudante (diario),60000.0
2029-04-22 20:00:00,sim@hotboat.cl,,pago extra ayudante (diario),60000.0
2029-04-24 20:00:00,sim@hotboat.cl,,pago extra ayudante (diario),30000.0
2029-04-25 20:00:00,sim@hotboat.cl,,pago extra ayudante (diario),30000.0
2029-04-26 20:00:00,sim@hotboat.cl,,pago extra ayudante (diario),90000.0
2029-04-28 20:00:00,sim@hotboat.cl,,pago extra ayudante (diario),30000.0
2029-04-29 20:00:00,sim@hotboat.cl,,pago extra ayudante (diario),120000.0
2029-04-30 20:00:00,sim@hotboat.cl,,pago extra ayudante (diario),30000.0
2029-05-02 12:00:00,sim@hotboat.cl,1002305.0,leña,1500.0
2029-05-02 12:00:00,sim@hotboat.cl,1002305.0,agua,700.0
2029-05-02 12:00:00,sim@hotboat.cl,1002305.0,luz,520.0
2029-05-02 12:00:00,sim@hotboat.cl,1002305.0,gas,10000.0
2029-05-02 12:10:00,sim@hotboat.cl,1002306.0,leña,1500.0
2029-05-02 12:10:00,sim@hotboat.cl,1002306.0,agua,700.0
2029-05-02 12:10:00,sim@hotboat.cl,1002306.0,luz,520.0
2029-05-02 12:10:00,sim@hotboat.cl,1002306.0,gas,10000.0
2029-05-03 12:00:00,sim@hotboat.cl,1002307.0,leña,1500.0
2029-05-03 12:00:00,sim@hotboat.cl,1002307.0,agua,700.0
2029-05-03 12:00:00,sim@hotboat.cl,1002307.0,luz,520.0
2029-05-03 12:00:00,sim@hotboat.cl,1002307.0,gas,10000.0
2029-05-05 12:00:00,sim@hotboat.cl,1002308.0,leña,1500.0
2029-05-05 12:00:00,sim@hotboat.cl,1002308.0,agua,700.0
2029-05-05 12:00:00,sim@hotboat.cl,1002308.0,luz,520.0
2029-05-05 12:00:00,sim@hotboat.cl,1002308.0,gas,10000.0
2029-05-05 12:10:00,sim@hotboat.cl,1002309.0,leña,1500.0
2029-05-05 12:10:00,sim@hotboat.cl,1002309.0,agua,700.0
2029-05-05 12:10:00,sim@hotboat.cl,1002309.0,luz,520.0
2029-05-05 12:10:00,sim@hotboat.cl,1002309.0,gas,10000.0
2029-05-05 12:20:00,sim@hotboat.cl,1002310.0,leña,1500.0
2029-05-05 12:20:00,sim@hotboat.cl,1002310.0,agua,700.0
2029-05-05 12:20:00,sim@hotboat.cl,1002310.0,luz,520.0
2029-05-05 12:20:00,sim@hotboat.cl,1002310.0,gas,10000.0
2029-05-05 12:30:00,sim@hotboat.cl,1002311.0,leña,1500.0
2029-05-05 12:30:00,sim@hotboat.cl,1002311.0,agua,700.0
2029-05-05 12:30:00,sim@hotboat.cl,1002311.0,luz,520.0
2029-05-05 12:30:00,sim@hotboat.cl,1002311.0,gas,10000.0
2029-05-05 12:40:00,sim@hotboat.cl,1002312.0,leña,1500.0
2029-05-05 12:40:00,sim@hotboat.cl,1002312.0,agua,700.0
2029-05-05 12:40:00,sim@hotboat.cl,1002312.0,luz,520.0
2029-05-05 12:40:00,sim@hotboat.cl,1002312.0,gas,10000.0
2029-05-06 12:00:00,sim@hotboat.cl,1002313.0,leña,1500.0
2029-05-06 12:00:00,sim@hotboat.cl,1002313.0,agua,700.0
2029-05-06 12:00:00,sim@hotboat.cl,1002313.0,luz,520.0
2029-05-06 12:00:00,sim@hotboat.cl,1002313.0,gas,10000.0
2029-05-06 12:10:00,sim@hotboat.cl,1002314.0,leña,1500.0
2029-05-06 12:10:00,sim@hotboat.cl,1002314.0,agua,700.0
2029-05-06 12:10:00,sim@hotboat.cl,1002314.0,luz,520.0
2029-05-06 12:10:00,sim@hotboat.cl,1002314.0,gas,10000.0
2029-05-06 12:20:00,sim@hotboat.cl,1002315.0,leña,1500.0
2029-05-06 12:20:00,sim@hotboat.cl,1002315.0,agua,700.0
2029-05-06 12:20:00,sim@hotboat.cl,1002315.0,luz,520.0
2029-05-06 12:20:00,sim@hotboat.cl,1002315.0,gas,10000.0
2029-05-07 12:00:00,sim@hotboat.cl,1002316.0,leña,1500.0
2029-05-07 12:00:00,sim@hotboat.cl,1002316.0,agua,700.0
2029-05-07 12:00:00,sim@hotboat.cl,1002316.0,luz,520.0
2029-05-07 12:00:00,sim@hotboat.cl,1002316.0,gas,10000.0
2029-05-10 12:00:00,sim@hotboat.cl,1002317.0,leña,1500.0
2029-05-10 12:00:00,sim@hotboat.cl,1002317.0,agua,700.0
2029-05-10 12:00:00,sim@hotboat.cl,1002317.0,luz,520.0
2029-05-10 12:00:00,sim@hotboat.cl,1002317.0,gas,10000.0
2029-05-12 12:00:00,sim@hotboat.cl,1002318.0,leña,1500.0
2029-05-12 12:00:00,sim@hotboat.cl,1002318.0,agua,700.0
2029-05-12 12:00:00,sim@hotboat.cl,1002318.0,luz,520.0
2029-05-12 12:00:00,sim@hotboat.cl,1002318.0,gas,10000.0
2029-05-12 12:10:00,sim@hotboat.cl,1002319.0,leña,1500.0
2029-05-12 12:10:00,sim@hotboat.cl,1002319.0,agua,700.0
2029-05-12 12:10:00,sim@hotboat.cl,1002319.0,luz,520.0
2029-05-12 12:10:00,sim@hotboat.cl,1002319.0,gas,10000.0
2029-05-13 12:00:00,sim@hotboat.cl,1002320.0,leña,1500.0
2029-05-13 12:00:00,sim@hotboat.cl,1002320.0,agua,700.0
2029-05-13 12:00:00,sim@hotboat.cl,1002320.0,luz,520.0
2029-05-13 12:00:00,sim@hotboat.cl,1002320.0,gas,10000.0
2029-05-17 12:00:00,sim@hotboat.cl,1002321.0,leña,1500.0
2029-05-17 12:00:00,sim@hotboat.cl,1002321.0,agua,700.0
2029-05-17 12:00:00,sim@hotboat.cl,1002321.0,luz,520.0
2029-05-17 12:00:00,sim@hotboat.cl,1002321.0,gas,10000.0
2029-05-19 12:00:00,sim@hotboat.cl,1002322.0,leña,1500.0
2029-05-19 12:00:00,sim@hotboat.cl,1002322.0,agua,700.0
2029-05-19 12:00:00,sim@hotboat.cl,1002322.0,luz,520.0
2029-05-19 12:00:00,sim@hotboat.cl,1002322.0,gas,10000.0
2029-05-20 12:00:00,sim@hotboat.cl,1002323.0,leña,1500.0
2029-05-20 12:00:00,sim@hotboat.cl,1002323.0,agua,700.0
2029-05-20 12:00:00,sim@hotboat.cl,1002323.0,luz,520.0
2029-05-20 12:00:00,sim@hotboat.cl,1002323.0,gas,10000.0
2029-05-20 12:10:00,sim@hotboat.cl,1002324.0,leña,1500.0
2029-05-20 12:10:00,sim@hotboat.cl,1002324.0,agua,700.0
2029-05-20 12:10:00,sim@hotboat.cl,1002324.0,luz,520.0
2029-05-20 12:10:00,sim@hotboat.cl,1002324.0,gas,10000.0
2029-05-23 12:00:00,sim@hotboat.cl,1002325.0,leña,1500.0
2029-05-23 12:00:00,sim@hotboat.cl,1002325.0,agua,700.0
2029-05-23 12:00:00,sim@hotboat.cl,1002325.0,luz,520.0
2029-05-23 12:00:00,sim@hotboat.cl,1002325.0,gas,10000.0
2029-05-24 12:00:00,sim@hotboat.cl,1002326.0,leña,1500.0
2029-05-24 12:00:00,sim@hotboat.cl,1002326.0,agua,700.0
2029-05-24 12:00:00,sim@hotboat.cl,1002326.0,luz,520.0
2029-05-24 12:00:00,sim@hotboat.cl,1002326.0,gas,10000.0
2029-05-25 12:00:00,sim@hotboat.cl,1002327.0,leña,1500.0
2029-05-25 12:00:00,sim@hotboat.cl,1002327.0,agua,700.0
2029-05-25 12:00:00,sim@hotboat.cl,1002327.0,luz,520.0
2029-05-25 12:00:00,sim@hotboat.cl,1002327.0,gas,10000.0
2029-05-25 12:10:00,sim@hotboat.cl,1002328.0,leña,1500.0
2029-05-25 12:10:00,sim@hotboat.cl,1002328.0,agua,700.0
2029-05-25 12:10:00,sim@hotboat.cl,1002328.0,luz,520.0
2029-05-25 12:10:00,sim@hotboat.cl,1002328.0,gas,10000.0
2029-05-25 12:20:00,sim@hotboat.cl,1002329.0,leña,1500.0
2029-05-25 12:20:00,sim@hotboat.cl,1002329.0,agua,700.0
2029-05-25 12:20:00,sim@hotboat.cl,1002329.0,luz,520.0
2029-05-25 12:20:00,sim@hotboat.cl,1002329.0,gas,10000.0
2029-05-26 12:00:00,sim@hotboat.cl,1002330.0,leña,1500.0
2029-05-26 12:00:00,sim@hotboat.cl,1002330.0,agua,700.0
2029-05-26 12:00:00,sim@hotboat.cl,1002330.0,luz,520.0
2029-05-26 12:00:00,sim@hotboat.cl,1002330.0,gas,10000.0
2029-05-26 12:10:00,sim@hotboat.cl,1002331.0,leña,1500.0
2029-05-26 12:10:00,sim@hotboat.cl,1002331.0,agua,700.0
2029-05-26 12:10:00,sim@hotboat.cl,1002331.0,luz,520.0
2029-05-26 12:10:00,sim@hotboat.cl,1002331.0,gas,10000.0
2029-05-27 12:00:00,sim@hotboat.cl,1002332.0,leña,1500.0
2029-05-27 12:00:00,sim@hotboat.cl,1002332.0,agua,700.0
2029-05-27 12:00:00,sim@hotboat.cl,1002332.0,luz,520.0
2029-05-27 12:00:00,sim@hotboat.cl,1002332.0,gas,10000.0
2029-05-29 12:00:00,sim@hotboat.cl,1002333.0,leña,1500.0
2029-05-29 12:00:00,sim@hotboat.cl,1002333.0,agua,700.0
2029-05-29 12:00:00,sim@hotboat.cl,1002333.0,luz,520.0
2029-05-29 12:00:00,sim@hotboat.cl,1002333.0,gas,10000.0
2029-05-02 20:00:00,sim@hotboat.cl,,pago extra ayudante (diario),60000.0
2029-05-03 20:00:00,sim@hotboat.cl,,pago extra ayudante (diario),30000.0
2029-05-05 20:00:00,sim@hotboat.cl,,pago extra ayudante (diario),150000.0
2029-05-06 20:00:00,sim@hotboat.cl,,pago extra ayudante (diario),90000.0
2029-05-07 20:00:00,sim@hotboat.cl,,pago extra ayudante (diario),30000.0
2029-05-10 20:00:00,sim@hotboat.cl,,pago extra ayudante (diario),30000.0
2029-05-12 20:00:00,sim@hotboat.cl,,pago extra ayudante (diario),60000.0
2029-05-13 20:00:00,sim@hotboat.cl,,pago extra ayudante (diario),30000.0
2029-05-17 20:00:00,sim@hotboat.cl,,pago extra ayudante (diario),30000.0
2029-05-19 20:00:00,sim@hotboat.cl,,pago extra ayudante (diario),30000.0
2029-05-20 20:00:00,sim@hotboat.cl,,pago extra ayudante (diario),60000.0
2029-05-23 20:00:00,sim@hotboat.cl,,pago extra ayudante (diario),30000.0
2029-05-24 20:00:00,sim@hotboat.cl,,pago extra ayudante (diario),30000.0
2029-05-25 20:00:00,sim@hotboat.cl,,pago extra ayudante (diario),90000.0
2029-05-26 20:00:00,sim@hotboat.cl,,pago extra ayudante (diario),60000.0
2029-05-27 20:00:00,sim@hotboat.cl,,pago extra ayudante (diario),30000.0
2029-05-29 20:00:00,sim@hotboat.cl,,pago extra ayudante (diario),30000.0
2029-06-02 12:00:00,sim@hotboat.cl,1002334.0,leña,1500.0
2029-06-02 12:00:00,sim@hotboat.cl,1002334.0,agua,700.0
2029-06-02 12:00:00,sim@hotboat.cl,1002334.0,luz,520.0
2029-06-02 12:00:00,sim@hotboat.cl,1002334.0,gas,10000.0
2029-06-02 12:10:00,sim@hotboat.cl,1002335.0,leña,1500.0
2029-06-02 12:10:00,sim@hotboat.cl,1002335.0,agua,700.0
2029-06-02 12:10:00,sim@hotboat.cl,1002335.0,luz,520.0
2029-06-02 12:10:00,sim@hotboat.cl,1002335.0,gas,10000.0
2029-06-02 12:20:00,sim@hotboat.cl,1002336.0,leña,1500.0
2029-06-02 12:20:00,sim@hotboat.cl,1002336.0,agua,700.0
2029-06-02 12:20:00,sim@hotboat.cl,1002336.0,luz,520.0
2029-06-02 12:20:00,sim@hotboat.cl,1002336.0,gas,10000.0
2029-06-02 12:30:00,sim@hotboat.cl,1002337.0,leña,1500.0
2029-06-02 12:30:00,sim@hotboat.cl,1002337.0,agua,700.0
2029-06-02 12:30:00,sim@hotboat.cl,1002337.0,luz,520.0
2029-06-02 12:30:00,sim@hotboat.cl,1002337.0,gas,10000.0
2029-06-03 12:00:00,sim@hotboat.cl,1002338.0,leña,1500.0
2029-06-03 12:00:00,sim@hotboat.cl,1002338.0,agua,700.0
2029-06-03 12:00:00,sim@hotboat.cl,1002338.0,luz,520.0
2029-06-03 12:00:00,sim@hotboat.cl,1002338.0,gas,10000.0
2029-06-03 12:10:00,sim@hotboat.cl,1002339.0,leña,1500.0
2029-06-03 12:10:00,sim@hotboat.cl,1002339.0,agua,700.0
2029-06-03 12:10:00,sim@hotboat.cl,1002339.0,luz,520.0
2029-06-03 12:10:00,sim@hotboat.cl,1002339.0,gas,10000.0
2029-06-04 12:00:00,sim@hotboat.cl,1002340.0,leña,1500.0
2029-06-04 12:00:00,sim@hotboat.cl,1002340.0,agua,700.0
2029-06-04 12:00:00,sim@hotboat.cl,1002340.0,luz,520.0
2029-06-04 12:00:00,sim@hotboat.cl,1002340.0,gas,10000.0
2029-06-05 12:00:00,sim@hotboat.cl,1002341.0,leña,1500.0
2029-06-05 12:00:00,sim@hotboat.cl,1002341.0,agua,700.0
2029-06-05 12:00:00,sim@hotboat.cl,1002341.0,luz,520.0
2029-06-05 12:00:00,sim@hotboat.cl,1002341.0,gas,10000.0
2029-06-07 12:00:00,sim@hotboat.cl,1002342.0,leña,1500.0
2029-06-07 12:00:00,sim@hotboat.cl,1002342.0,agua,700.0
2029-06-07 12:00:00,sim@hotboat.cl,1002342.0,luz,520.0
2029-06-07 12:00:00,sim@hotboat.cl,1002342.0,gas,10000.0
2029-06-09 12:00:00,sim@hotboat.cl,1002343.0,leña,1500.0
2029-06-09 12:00:00,sim@hotboat.cl,1002343.0,agua,700.0
2029-06-09 12:00:00,sim@hotboat.cl,1002343.0,luz,520.0
2029-06-09 12:00:00,sim@hotboat.cl,1002343.0,gas,10000.0
2029-06-10 12:00:00,sim@hotboat.cl,1002344.0,leña,1500.0
2029-06-10 12:00:00,sim@hotboat.cl,1002344.0,agua,700.0
2029-06-10 12:00:00,sim@hotboat.cl,1002344.0,luz,520.0
2029-06-10 12:00:00,sim@hotboat.cl,1002344.0,gas,10000.0
2029-06-12 12:00:00,sim@hotboat.cl,1002345.0,leña,1500.0
2029-06-12 12:00:00,sim@hotboat.cl,1002345.0,agua,700.0
2029-06-12 12:00:00,sim@hotboat.cl,1002345.0,luz,520.0
2029-06-12 12:00:00,sim@hotboat.cl,1002345.0,gas,10000.0
2029-06-17 12:00:00,sim@hotboat.cl,1002346.0,leña,1500.0
2029-06-17 12:00:00,sim@hotboat.cl,1002346.0,agua,700.0
2029-06-17 12:00:00,sim@hotboat.cl,1002346.0,luz,520.0
2029-06-17 12:00:00,sim@hotboat.cl,1002346.0,gas,10000.0
2029-06-19 12:00:00,sim@hotboat.cl,1002347.0,leña,1500.0
2029-06-19 12:00:00,sim@hotboat.cl,1002347.0,agua,700.0
2029-06-19 12:00:00,sim@hotboat.cl,1002347.0,luz,520.0
2029-06-19 12:00:00,sim@hotboat.cl,1002347.0,gas,10000.0
2029-06-23 12:00:00,sim@hotboat.cl,1002348.0,leña,1500.0
2029-06-23 12:00:00,sim@hotboat.cl,1002348.0,agua,700.0
2029-06-23 12:00:00,sim@hotboat.cl,1002348.0,luz,520.0
2029-06-23 12:00:00,sim@hotboat.cl,1002348.0,gas,10000.0
2029-06-25 12:00:00,sim@hotboat.cl,1002349.0,leña,1500.0
2029-06-25 12:00:00,sim@hotboat.cl,1002349.0,agua,700.0
2029-06-25 12:00:00,sim@hotboat.cl,1002349.0,luz,520.0
2029-06-25 12:00:00,sim@hotboat.cl,1002349.0,gas,10000.0
2029-06-27 12:00:00,sim@hotboat.cl,1002350.0,leña,1500.0
2029-06-27 12:00:00,sim@hotboat.cl,1002350.0,agua,700.0
2029-06-27 12:00:00,sim@hotboat.cl,1002350.0,luz,520.0
2029-06-27 12:00:00,sim@hotboat.cl,1002350.0,gas,10000.0
2029-06-27 12:10:00,sim@hotboat.cl,1002351.0,leña,1500.0
2029-06-27 12:10:00,sim@hotboat.cl,1002351.0,agua,700.0
2029-06-27 12:10:00,sim@hotboat.cl,1002351.0,luz,520.0
2029-06-27 12:10:00,sim@hotboat.cl,1002351.0,gas,10000.0
2029-06-29 12:00:00,sim@hotboat.cl,1002352.0,leña,1500.0
2029-06-29 12:00:00,sim@hotboat.cl,1002352.0,agua,700.0
2029-06-29 12:00:00,sim@hotboat.cl,1002352.0,luz,520.0
2029-06-29 12:00:00,sim@hotboat.cl,1002352.0,gas,10000.0
2029-06-30 12:00:00,sim@hotboat.cl,1002353.0,leña,1500.0
2029-06-30 12:00:00,sim@hotboat.cl,1002353.0,agua,700.0
2029-06-30 12:00:00,sim@hotboat.cl,1002353.0,luz,520.0
2029-06-30 12:00:00,sim@hotboat.cl,1002353.0,gas,10000.0
2029-06-30 12:10:00,sim@hotboat.cl,1002354.0,leña,1500.0
2029-06-30 12:10:00,sim@hotboat.cl,1002354.0,agua,700.0
2029-06-30 12:10:00,sim@hotboat.cl,1002354.0,luz,520.0
2029-06-30 12:10:00,sim@hotboat.cl,1002354.0,gas,10000.0
2029-06-02 20:00:00,sim@hotboat.cl,,pago extra ayudante (diario),120000.0
2029-06-03 20:00:00,sim@hotboat.cl,,pago extra ayudante (diario),60000.0
2029-06-04 20:00:00,sim@hotboat.cl,,pago extra ayudante (diario),30000.0
2029-06-05 20:00:00,sim@hotboat.cl,,pago extra ayudante (diario),30000.0
2029-06-07 20:00:00,sim@hotboat.cl,,pago extra ayudante (diario),30000.0
2029-06-09 20:00:00,sim@hotboat.cl,,pago extra ayudante (diario),30000.0
2029-06-10 20:00:00,sim@hotboat.cl,,pago extra ayudante (diario),30000.0
2029-06-12 20:00:00,sim@hotboat.cl,,pago extra ayudante (diario),30000.0
2029-06-17 20:00:00,sim@hotboat.cl,,pago extra ayudante (diario),30000.0
2029-06-19 20:00:00,sim@hotboat.cl,,pago extra ayudante (diario),30000.0
2029-06-23 20:00:00,sim@hotboat.cl,,pago extra ayudante (diario),30000.0
2029-06-25 20:00:00,sim@hotboat.cl,,pago extra ayudante (diario),30000.0
2029-06-27 20:00:00,sim@hotboat.cl,,pago extra ayudante (diario),60000.0
2029-06-29 20:00:00,sim@hotboat.cl,,pago extra ayudante (diario),30000.0
2029-06-30 20:00:00,sim@hotboat.cl,,pago extra ayudante (diario),60000.0
2029-07-01 12:00:00,sim@hotboat.cl,1002355.0,leña,1500.0
2029-07-01 12:00:00,sim@hotboat.cl,1002355.0,agua,700.0
2029-07-01 12:00:00,sim@hotboat.cl,1002355.0,luz,520.0
2029-07-01 12:00:00,sim@hotboat.cl,1002355.0,gas,10000.0
2029-07-01 12:10:00,sim@hotboat.cl,1002356.0,leña,1500.0
2029-07-01 12:10:00,sim@hotboat.cl,1002356.0,agua,700.0
2029-07-01 12:10:00,sim@hotboat.cl,1002356.0,luz,520.0
2029-07-01 12:10:00,sim@hotboat.cl,1002356.0,gas,10000.0
2029-07-01 12:20:00,sim@hotboat.cl,1002357.0,leña,1500.0
2029-07-01 12:20:00,sim@hotboat.cl,1002357.0,agua,700.0
2029-07-01 12:20:00,sim@hotboat.cl,1002357.0,luz,520.0
2029-07-01 12:20:00,sim@hotboat.cl,1002357.0,gas,10000.0
2029-07-01 12:30:00,sim@hotboat.cl,1002358.0,leña,1500.0
2029-07-01 12:30:00,sim@hotboat.cl,1002358.0,agua,700.0
2029-07-01 12:30:00,sim@hotboat.cl,1002358.0,luz,520.0
2029-07-01 12:30:00,sim@hotboat.cl,1002358.0,gas,10000.0
2029-07-01 12:40:00,sim@hotboat.cl,1002359.0,leña,1500.0
2029-07-01 12:40:00,sim@hotboat.cl,1002359.0,agua,700.0
2029-07-01 12:40:00,sim@hotboat.cl,1002359.0,luz,520.0
2029-07-01 12:40:00,sim@hotboat.cl,1002359.0,gas,10000.0
2029-07-02 12:00:00,sim@hotboat.cl,1002360.0,leña,1500.0
2029-07-02 12:00:00,sim@hotboat.cl,1002360.0,agua,700.0
2029-07-02 12:00:00,sim@hotboat.cl,1002360.0,luz,520.0
2029-07-02 12:00:00,sim@hotboat.cl,1002360.0,gas,10000.0
2029-07-02 12:10:00,sim@hotboat.cl,1002361.0,leña,1500.0
2029-07-02 12:10:00,sim@hotboat.cl,1002361.0,agua,700.0
2029-07-02 12:10:00,sim@hotboat.cl,1002361.0,luz,520.0
2029-07-02 12:10:00,sim@hotboat.cl,1002361.0,gas,10000.0
2029-07-03 12:00:00,sim@hotboat.cl,1002362.0,leña,1500.0
2029-07-03 12:00:00,sim@hotboat.cl,1002362.0,agua,700.0
2029-07-03 12:00:00,sim@hotboat.cl,1002362.0,luz,520.0
2029-07-03 12:00:00,sim@hotboat.cl,1002362.0,gas,10000.0
2029-07-03 12:10:00,sim@hotboat.cl,1002363.0,leña,1500.0
2029-07-03 12:10:00,sim@hotboat.cl,1002363.0,agua,700.0
2029-07-03 12:10:00,sim@hotboat.cl,1002363.0,luz,520.0
2029-07-03 12:10:00,sim@hotboat.cl,1002363.0,gas,10000.0
2029-07-03 12:20:00,sim@hotboat.cl,1002364.0,leña,1500.0
2029-07-03 12:20:00,sim@hotboat.cl,1002364.0,agua,700.0
2029-07-03 12:20:00,sim@hotboat.cl,1002364.0,luz,520.0
2029-07-03 12:20:00,sim@hotboat.cl,1002364.0,gas,10000.0
2029-07-04 12:00:00,sim@hotboat.cl,1002365.0,leña,1500.0
2029-07-04 12:00:00,sim@hotboat.cl,1002365.0,agua,700.0
2029-07-04 12:00:00,sim@hotboat.cl,1002365.0,luz,520.0
2029-07-04 12:00:00,sim@hotboat.cl,1002365.0,gas,10000.0
2029-07-04 12:10:00,sim@hotboat.cl,1002366.0,leña,1500.0
2029-07-04 12:10:00,sim@hotboat.cl,1002366.0,agua,700.0
2029-07-04 12:10:00,sim@hotboat.cl,1002366.0,luz,520.0
2029-07-04 12:10:00,sim@hotboat.cl,1002366.0,gas,10000.0
2029-07-04 12:20:00,sim@hotboat.cl,1002367.0,leña,1500.0
2029-07-04 12:20:00,sim@hotboat.cl,1002367.0,agua,700.0
2029-07-04 12:20:00,sim@hotboat.cl,1002367.0,luz,520.0
2029-07-04 12:20:00,sim@hotboat.cl,1002367.0,gas,10000.0
2029-07-06 12:00:00,sim@hotboat.cl,1002368.0,leña,1500.0
2029-07-06 12:00:00,sim@hotboat.cl,1002368.0,agua,700.0
2029-07-06 12:00:00,sim@hotboat.cl,1002368.0,luz,520.0
2029-07-06 12:00:00,sim@hotboat.cl,1002368.0,gas,10000.0
2029-07-06 12:10:00,sim@hotboat.cl,1002369.0,leña,1500.0
2029-07-06 12:10:00,sim@hotboat.cl,1002369.0,agua,700.0
2029-07-06 12:10:00,sim@hotboat.cl,1002369.0,luz,520.0
2029-07-06 12:10:00,sim@hotboat.cl,1002369.0,gas,10000.0
2029-07-06 12:20:00,sim@hotboat.cl,1002370.0,leña,1500.0
2029-07-06 12:20:00,sim@hotboat.cl,1002370.0,agua,700.0
2029-07-06 12:20:00,sim@hotboat.cl,1002370.0,luz,520.0
2029-07-06 12:20:00,sim@hotboat.cl,1002370.0,gas,10000.0
2029-07-07 12:00:00,sim@hotboat.cl,1002371.0,leña,1500.0
2029-07-07 12:00:00,sim@hotboat.cl,1002371.0,agua,700.0
2029-07-07 12:00:00,sim@hotboat.cl,1002371.0,luz,520.0
2029-07-07 12:00:00,sim@hotboat.cl,1002371.0,gas,10000.0
2029-07-07 12:00:00,sim@hotboat.cl,1002372.0,leña,1500.0
2029-07-07 12:00:00,sim@hotboat.cl,1002372.0,agua,700.0
2029-07-07 12:00:00,sim@hotboat.cl,1002372.0,luz,520.0
2029-07-07 12:00:00,sim@hotboat.cl,1002372.0,gas,10000.0
2029-07-07 12:10:00,sim@hotboat.cl,1002373.0,leña,1500.0
2029-07-07 12:10:00,sim@hotboat.cl,1002373.0,agua,700.0
2029-07-07 12:10:00,sim@hotboat.cl,1002373.0,luz,520.0
2029-07-07 12:10:00,sim@hotboat.cl,1002373.0,gas,10000.0
2029-07-07 12:20:00,sim@hotboat.cl,1002374.0,leña,1500.0
2029-07-07 12:20:00,sim@hotboat.cl,1002374.0,agua,700.0
2029-07-07 12:20:00,sim@hotboat.cl,1002374.0,luz,520.0
2029-07-07 12:20:00,sim@hotboat.cl,1002374.0,gas,10000.0
2029-07-07 12:30:00,sim@hotboat.cl,1002375.0,leña,1500.0
2029-07-07 12:30:00,sim@hotboat.cl,1002375.0,agua,700.0
2029-07-07 12:30:00,sim@hotboat.cl,1002375.0,luz,520.0
2029-07-07 12:30:00,sim@hotboat.cl,1002375.0,gas,10000.0
2029-07-07 12:40:00,sim@hotboat.cl,1002376.0,leña,1500.0
2029-07-07 12:40:00,sim@hotboat.cl,1002376.0,agua,700.0
2029-07-07 12:40:00,sim@hotboat.cl,1002376.0,luz,520.0
2029-07-07 12:40:00,sim@hotboat.cl,1002376.0,gas,10000.0
2029-07-07 12:50:00,sim@hotboat.cl,1002377.0,leña,1500.0
2029-07-07 12:50:00,sim@hotboat.cl,1002377.0,agua,700.0
2029-07-07 12:50:00,sim@hotboat.cl,1002377.0,luz,520.0
2029-07-07 12:50:00,sim@hotboat.cl,1002377.0,gas,10000.0
2029-07-08 12:00:00,sim@hotboat.cl,1002378.0,leña,1500.0
2029-07-08 12:00:00,sim@hotboat.cl,1002378.0,agua,700.0
2029-07-08 12:00:00,sim@hotboat.cl,1002378.0,luz,520.0
2029-07-08 12:00:00,sim@hotboat.cl,1002378.0,gas,10000.0
2029-07-08 12:10:00,sim@hotboat.cl,1002379.0,leña,1500.0
2029-07-08 12:10:00,sim@hotboat.cl,1002379.0,agua,700.0
2029-07-08 12:10:00,sim@hotboat.cl,1002379.0,luz,520.0
2029-07-08 12:10:00,sim@hotboat.cl,1002379.0,gas,10000.0
2029-07-08 12:20:00,sim@hotboat.cl,1002380.0,leña,1500.0
2029-07-08 12:20:00,sim@hotboat.cl,1002380.0,agua,700.0
2029-07-08 12:20:00,sim@hotboat.cl,1002380.0,luz,520.0
2029-07-08 12:20:00,sim@hotboat.cl,1002380.0,gas,10000.0
2029-07-08 12:30:00,sim@hotboat.cl,1002381.0,leña,1500.0
2029-07-08 12:30:00,sim@hotboat.cl,1002381.0,agua,700.0
2029-07-08 12:30:00,sim@hotboat.cl,1002381.0,luz,520.0
2029-07-08 12:30:00,sim@hotboat.cl,1002381.0,gas,10000.0
2029-07-11 12:00:00,sim@hotboat.cl,1002382.0,leña,1500.0
2029-07-11 12:00:00,sim@hotboat.cl,1002382.0,agua,700.0
2029-07-11 12:00:00,sim@hotboat.cl,1002382.0,luz,520.0
2029-07-11 12:00:00,sim@hotboat.cl,1002382.0,gas,10000.0
2029-07-13 12:00:00,sim@hotboat.cl,1002383.0,leña,1500.0
2029-07-13 12:00:00,sim@hotboat.cl,1002383.0,agua,700.0
2029-07-13 12:00:00,sim@hotboat.cl,1002383.0,luz,520.0
2029-07-13 12:00:00,sim@hotboat.cl,1002383.0,gas,10000.0
2029-07-14 12:00:00,sim@hotboat.cl,1002384.0,leña,1500.0
2029-07-14 12:00:00,sim@hotboat.cl,1002384.0,agua,700.0
2029-07-14 12:00:00,sim@hotboat.cl,1002384.0,luz,520.0
2029-07-14 12:00:00,sim@hotboat.cl,1002384.0,gas,10000.0
2029-07-14 12:10:00,sim@hotboat.cl,1002385.0,leña,1500.0
2029-07-14 12:10:00,sim@hotboat.cl,1002385.0,agua,700.0
2029-07-14 12:10:00,sim@hotboat.cl,1002385.0,luz,520.0
2029-07-14 12:10:00,sim@hotboat.cl,1002385.0,gas,10000.0
2029-07-15 12:00:00,sim@hotboat.cl,1002386.0,leña,1500.0
2029-07-15 12:00:00,sim@hotboat.cl,1002386.0,agua,700.0
2029-07-15 12:00:00,sim@hotboat.cl,1002386.0,luz,520.0
2029-07-15 12:00:00,sim@hotboat.cl,1002386.0,gas,10000.0
2029-07-15 12:10:00,sim@hotboat.cl,1002387.0,leña,1500.0
2029-07-15 12:10:00,sim@hotboat.cl,1002387.0,agua,700.0
2029-07-15 12:10:00,sim@hotboat.cl,1002387.0,luz,520.0
2029-07-15 12:10:00,sim@hotboat.cl,1002387.0,gas,10000.0
2029-07-16 12:00:00,sim@hotboat.cl,1002388.0,leña,1500.0
2029-07-16 12:00:00,sim@hotboat.cl,1002388.0,agua,700.0
2029-07-16 12:00:00,sim@hotboat.cl,1002388.0,luz,520.0
2029-07-16 12:00:00,sim@hotboat.cl,1002388.0,gas,10000.0
2029-07-16 12:10:00,sim@hotboat.cl,1002389.0,leña,1500.0
2029-07-16 12:10:00,sim@hotboat.cl,1002389.0,agua,700.0
2029-07-16 12:10:00,sim@hotboat.cl,1002389.0,luz,520.0
2029-07-16 12:10:00,sim@hotboat.cl,1002389.0,gas,10000.0
2029-07-17 12:00:00,sim@hotboat.cl,1002390.0,leña,1500.0
2029-07-17 12:00:00,sim@hotboat.cl,1002390.0,agua,700.0
2029-07-17 12:00:00,sim@hotboat.cl,1002390.0,luz,520.0
2029-07-17 12:00:00,sim@hotboat.cl,1002390.0,gas,10000.0
2029-07-18 12:00:00,sim@hotboat.cl,1002391.0,leña,1500.0
2029-07-18 12:00:00,sim@hotboat.cl,1002391.0,agua,700.0
2029-07-18 12:00:00,sim@hotboat.cl,1002391.0,luz,520.0
2029-07-18 12:00:00,sim@hotboat.cl,1002391.0,gas,10000.0
2029-07-18 12:10:00,sim@hotboat.cl,1002392.0,leña,1500.0
2029-07-18 12:10:00,sim@hotboat.cl,1002392.0,agua,700.0
2029-07-18 12:10:00,sim@hotboat.cl,1002392.0,luz,520.0
2029-07-18 12:10:00,sim@hotboat.cl,1002392.0,gas,10000.0
2029-07-20 12:00:00,sim@hotboat.cl,1002393.0,leña,1500.0
2029-07-20 12:00:00,sim@hotboat.cl,1002393.0,agua,700.0
2029-07-20 12:00:00,sim@hotboat.cl,1002393.0,luz,520.0
2029-07-20 12:00:00,sim@hotboat.cl,1002393.0,gas,10000.0
2029-07-21 12:00:00,sim@hotboat.cl,1002394.0,leña,1500.0
2029-07-21 12:00:00,sim@hotboat.cl,1002394.0,agua,700.0
2029-07-21 12:00:00,sim@hotboat.cl,1002394.0,luz,520.0
2029-07-21 12:00:00,sim@hotboat.cl,1002394.0,gas,10000.0
2029-07-21 12:10:00,sim@hotboat.cl,1002395.0,leña,1500.0
2029-07-21 12:10:00,sim@hotboat.cl,1002395.0,agua,700.0
2029-07-21 12:10:00,sim@hotboat.cl,1002395.0,luz,520.0
2029-07-21 12:10:00,sim@hotboat.cl,1002395.0,gas,10000.0
2029-07-21 12:20:00,sim@hotboat.cl,1002396.0,leña,1500.0
2029-07-21 12:20:00,sim@hotboat.cl,1002396.0,agua,700.0
2029-07-21 12:20:00,sim@hotboat.cl,1002396.0,luz,520.0
2029-07-21 12:20:00,sim@hotboat.cl,1002396.0,gas,10000.0
2029-07-21 12:30:00,sim@hotboat.cl,1002397.0,leña,1500.0
2029-07-21 12:30:00,sim@hotboat.cl,1002397.0,agua,700.0
2029-07-21 12:30:00,sim@hotboat.cl,1002397.0,luz,520.0
2029-07-21 12:30:00,sim@hotboat.cl,1002397.0,gas,10000.0
2029-07-21 12:40:00,sim@hotboat.cl,1002398.0,leña,1500.0
2029-07-21 12:40:00,sim@hotboat.cl,1002398.0,agua,700.0
2029-07-21 12:40:00,sim@hotboat.cl,1002398.0,luz,520.0
2029-07-21 12:40:00,sim@hotboat.cl,1002398.0,gas,10000.0
2029-07-21 12:50:00,sim@hotboat.cl,1002399.0,leña,1500.0
2029-07-21 12:50:00,sim@hotboat.cl,1002399.0,agua,700.0
2029-07-21 12:50:00,sim@hotboat.cl,1002399.0,luz,520.0
2029-07-21 12:50:00,sim@hotboat.cl,1002399.0,gas,10000.0
2029-07-22 12:00:00,sim@hotboat.cl,1002400.0,leña,1500.0
2029-07-22 12:00:00,sim@hotboat.cl,1002400.0,agua,700.0
2029-07-22 12:00:00,sim@hotboat.cl,1002400.0,luz,520.0
2029-07-22 12:00:00,sim@hotboat.cl,1002400.0,gas,10000.0
2029-07-22 12:10:00,sim@hotboat.cl,1002401.0,leña,1500.0
2029-07-22 12:10:00,sim@hotboat.cl,1002401.0,agua,700.0
2029-07-22 12:10:00,sim@hotboat.cl,1002401.0,luz,520.0
2029-07-22 12:10:00,sim@hotboat.cl,1002401.0,gas,10000.0
2029-07-22 12:20:00,sim@hotboat.cl,1002402.0,leña,1500.0
2029-07-22 12:20:00,sim@hotboat.cl,1002402.0,agua,700.0
2029-07-22 12:20:00,sim@hotboat.cl,1002402.0,luz,520.0
2029-07-22 12:20:00,sim@hotboat.cl,1002402.0,gas,10000.0
2029-07-23 12:00:00,sim@hotboat.cl,1002403.0,leña,1500.0
2029-07-23 12:00:00,sim@hotboat.cl,1002403.0,agua,700.0
2029-07-23 12:00:00,sim@hotboat.cl,1002403.0,luz,520.0
2029-07-23 12:00:00,sim@hotboat.cl,1002403.0,gas,10000.0
2029-07-23 12:10:00,sim@hotboat.cl,1002404.0,leña,1500.0
2029-07-23 12:10:00,sim@hotboat.cl,1002404.0,agua,700.0
2029-07-23 12:10:00,sim@hotboat.cl,1002404.0,luz,520.0
2029-07-23 12:10:00,sim@hotboat.cl,1002404.0,gas,10000.0
2029-07-24 12:00:00,sim@hotboat.cl,1002405.0,leña,1500.0
2029-07-24 12:00:00,sim@hotboat.cl,1002405.0,agua,700.0
2029-07-24 12:00:00,sim@hotboat.cl,1002405.0,luz,520.0
2029-07-24 12:00:00,sim@hotboat.cl,1002405.0,gas,10000.0
2029-07-24 12:10:00,sim@hotboat.cl,1002406.0,leña,1500.0
2029-07-24 12:10:00,sim@hotboat.cl,1002406.0,agua,700.0
2029-07-24 12:10:00,sim@hotboat.cl,1002406.0,luz,520.0
2029-07-24 12:10:00,sim@hotboat.cl,1002406.0,gas,10000.0
2029-07-25 12:00:00,sim@hotboat.cl,1002407.0,leña,1500.0
2029-07-25 12:00:00,sim@hotboat.cl,1002407.0,agua,700.0
2029-07-25 12:00:00,sim@hotboat.cl,1002407.0,luz,520.0
2029-07-25 12:00:00,sim@hotboat.cl,1002407.0,gas,10000.0
2029-07-25 12:10:00,sim@hotboat.cl,1002408.0,leña,1500.0
2029-07-25 12:10:00,sim@hotboat.cl,1002408.0,agua,700.0
2029-07-25 12:10:00,sim@hotboat.cl,1002408.0,luz,520.0
2029-07-25 12:10:00,sim@hotboat.cl,1002408.0,gas,10000.0
2029-07-26 12:00:00,sim@hotboat.cl,1002409.0,leña,1500.0
2029-07-26 12:00:00,sim@hotboat.cl,1002409.0,agua,700.0
2029-07-26 12:00:00,sim@hotboat.cl,1002409.0,luz,520.0
2029-07-26 12:00:00,sim@hotboat.cl,1002409.0,gas,10000.0
2029-07-26 12:10:00,sim@hotboat.cl,1002410.0,leña,1500.0
2029-07-26 12:10:00,sim@hotboat.cl,1002410.0,agua,700.0
2029-07-26 12:10:00,sim@hotboat.cl,1002410.0,luz,520.0
2029-07-26 12:10:00,sim@hotboat.cl,1002410.0,gas,10000.0
2029-07-26 12:20:00,sim@hotboat.cl,1002411.0,leña,1500.0
2029-07-26 12:20:00,sim@hotboat.cl,1002411.0,agua,700.0
2029-07-26 12:20:00,sim@hotboat.cl,1002411.0,luz,520.0
2029-07-26 12:20:00,sim@hotboat.cl,1002411.0,gas,10000.0
2029-07-28 12:00:00,sim@hotboat.cl,1002412.0,leña,1500.0
2029-07-28 12:00:00,sim@hotboat.cl,1002412.0,agua,700.0
2029-07-28 12:00:00,sim@hotboat.cl,1002412.0,luz,520.0
2029-07-28 12:00:00,sim@hotboat.cl,1002412.0,gas,10000.0
2029-07-28 12:10:00,sim@hotboat.cl,1002413.0,leña,1500.0
2029-07-28 12:10:00,sim@hotboat.cl,1002413.0,agua,700.0
2029-07-28 12:10:00,sim@hotboat.cl,1002413.0,luz,520.0
2029-07-28 12:10:00,sim@hotboat.cl,1002413.0,gas,10000.0
2029-07-28 12:20:00,sim@hotboat.cl,1002414.0,leña,1500.0
2029-07-28 12:20:00,sim@hotboat.cl,1002414.0,agua,700.0
2029-07-28 12:20:00,sim@hotboat.cl,1002414.0,luz,520.0
2029-07-28 12:20:00,sim@hotboat.cl,1002414.0,gas,10000.0
2029-07-28 12:30:00,sim@hotboat.cl,1002415.0,leña,1500.0
2029-07-28 12:30:00,sim@hotboat.cl,1002415.0,agua,700.0
2029-07-28 12:30:00,sim@hotboat.cl,1002415.0,luz,520.0
2029-07-28 12:30:00,sim@hotboat.cl,1002415.0,gas,10000.0
2029-07-28 12:40:00,sim@hotboat.cl,1002416.0,leña,1500.0
2029-07-28 12:40:00,sim@hotboat.cl,1002416.0,agua,700.0
2029-07-28 12:40:00,sim@hotboat.cl,1002416.0,luz,520.0
2029-07-28 12:40:00,sim@hotboat.cl,1002416.0,gas,10000.0
2029-07-28 12:50:00,sim@hotboat.cl,1002417.0,leña,1500.0
2029-07-28 12:50:00,sim@hotboat.cl,1002417.0,agua,700.0
2029-07-28 12:50:00,sim@hotboat.cl,1002417.0,luz,520.0
2029-07-28 12:50:00,sim@hotboat.cl,1002417.0,gas,10000.0
2029-07-29 12:00:00,sim@hotboat.cl,1002418.0,leña,1500.0
2029-07-29 12:00:00,sim@hotboat.cl,1002418.0,agua,700.0
2029-07-29 12:00:00,sim@hotboat.cl,1002418.0,luz,520.0
2029-07-29 12:00:00,sim@hotboat.cl,1002418.0,gas,10000.0
2029-07-29 12:10:00,sim@hotboat.cl,1002419.0,leña,1500.0
2029-07-29 12:10:00,sim@hotboat.cl,1002419.0,agua,700.0
2029-07-29 12:10:00,sim@hotboat.cl,1002419.0,luz,520.0
2029-07-29 12:10:00,sim@hotboat.cl,1002419.0,gas,10000.0
2029-07-29 12:20:00,sim@hotboat.cl,1002420.0,leña,1500.0
2029-07-29 12:20:00,sim@hotboat.cl,1002420.0,agua,700.0
2029-07-29 12:20:00,sim@hotboat.cl,1002420.0,luz,520.0
2029-07-29 12:20:00,sim@hotboat.cl,1002420.0,gas,10000.0
2029-07-29 12:30:00,sim@hotboat.cl,1002421.0,leña,1500.0
2029-07-29 12:30:00,sim@hotboat.cl,1002421.0,agua,700.0
2029-07-29 12:30:00,sim@hotboat.cl,1002421.0,luz,520.0
2029-07-29 12:30:00,sim@hotboat.cl,1002421.0,gas,10000.0
2029-07-29 12:40:00,sim@hotboat.cl,1002422.0,leña,1500.0
2029-07-29 12:40:00,sim@hotboat.cl,1002422.0,agua,700.0
2029-07-29 12:40:00,sim@hotboat.cl,1002422.0,luz,520.0
2029-07-29 12:40:00,sim@hotboat.cl,1002422.0,gas,10000.0
2029-07-29 12:50:00,sim@hotboat.cl,1002423.0,leña,1500.0
2029-07-29 12:50:00,sim@hotboat.cl,1002423.0,agua,700.0
2029-07-29 12:50:00,sim@hotboat.cl,1002423.0,luz,520.0
2029-07-29 12:50:00,sim@hotboat.cl,1002423.0,gas,10000.0
2029-07-30 12:00:00,sim@hotboat.cl,1002424.0,leña,1500.0
2029-07-30 12:00:00,sim@hotboat.cl,1002424.0,agua,700.0
2029-07-30 12:00:00,sim@hotboat.cl,1002424.0,luz,520.0
2029-07-30 12:00:00,sim@hotboat.cl,1002424.0,gas,10000.0
2029-07-30 12:10:00,sim@hotboat.cl,1002425.0,leña,1500.0
2029-07-30 12:10:00,sim@hotboat.cl,1002425.0,agua,700.0
2029-07-30 12:10:00,sim@hotboat.cl,1002425.0,luz,520.0
2029-07-30 12:10:00,sim@hotboat.cl,1002425.0,gas,10000.0
2029-07-01 20:00:00,sim@hotboat.cl,,pago extra ayudante (diario),150000.0
2029-07-02 20:00:00,sim@hotboat.cl,,pago extra ayudante (diario),60000.0
2029-07-03 20:00:00,sim@hotboat.cl,,pago extra ayudante (diario),90000.0
2029-07-04 20:00:00,sim@hotboat.cl,,pago extra ayudante (diario),90000.0
2029-07-06 20:00:00,sim@hotboat.cl,,pago extra ayudante (diario),90000.0
2029-07-07 20:00:00,sim@hotboat.cl,,pago extra ayudante (diario),210000.0
2029-07-08 20:00:00,sim@hotboat.cl,,pago extra ayudante (diario),120000.0
2029-07-11 20:00:00,sim@hotboat.cl,,pago extra ayudante (diario),30000.0
2029-07-13 20:00:00,sim@hotboat.cl,,pago extra ayudante (diario),30000.0
2029-07-14 20:00:00,sim@hotboat.cl,,pago extra ayudante (diario),60000.0
2029-07-15 20:00:00,sim@hotboat.cl,,pago extra ayudante (diario),60000.0
2029-07-16 20:00:00,sim@hotboat.cl,,pago extra ayudante (diario),60000.0
2029-07-17 20:00:00,sim@hotboat.cl,,pago extra ayudante (diario),30000.0
2029-07-18 20:00:00,sim@hotboat.cl,,pago extra ayudante (diario),60000.0
2029-07-20 20:00:00,sim@hotboat.cl,,pago extra ayudante (diario),30000.0
2029-07-21 20:00:00,sim@hotboat.cl,,pago extra ayudante (diario),180000.0
2029-07-22 20:00:00,sim@hotboat.cl,,pago extra ayudante (diario),90000.0
2029-07-23 20:00:00,sim@hotboat.cl,,pago extra ayudante (diario),60000.0
2029-07-24 20:00:00,sim@hotboat.cl,,pago extra ayudante (diario),60000.0
2029-07-25 20:00:00,sim@hotboat.cl,,pago extra ayudante (diario),60000.0
2029-07-26 20:00:00,sim@hotboat.cl,,pago extra ayudante (diario),90000.0
2029-07-28 20:00:00,sim@hotboat.cl,,pago extra ayudante (diario),180000.0
2029-07-29 20:00:00,sim@hotboat.cl,,pago extra ayudante (diario),180000.0
2029-07-30 20:00:00,sim@hotboat.cl,,pago extra ayudante (diario),60000.0
2029-08-01 12:00:00,sim@hotboat.cl,1002426.0,leña,1500.0
2029-08-01 12:00:00,sim@hotboat.cl,1002426.0,agua,700.0
2029-08-01 12:00:00,sim@hotboat.cl,1002426.0,luz,520.0
2029-08-01 12:00:00,sim@hotboat.cl,1002426.0,gas,10000.0
2029-08-02 12:00:00,sim@hotboat.cl,1002427.0,leña,1500.0
2029-08-02 12:00:00,sim@hotboat.cl,1002427.0,agua,700.0
2029-08-02 12:00:00,sim@hotboat.cl,1002427.0,luz,520.0
2029-08-02 12:00:00,sim@hotboat.cl,1002427.0,gas,10000.0
2029-08-02 12:10:00,sim@hotboat.cl,1002428.0,leña,1500.0
2029-08-02 12:10:00,sim@hotboat.cl,1002428.0,agua,700.0
2029-08-02 12:10:00,sim@hotboat.cl,1002428.0,luz,520.0
2029-08-02 12:10:00,sim@hotboat.cl,1002428.0,gas,10000.0
2029-08-03 12:00:00,sim@hotboat.cl,1002429.0,leña,1500.0
2029-08-03 12:00:00,sim@hotboat.cl,1002429.0,agua,700.0
2029-08-03 12:00:00,sim@hotboat.cl,1002429.0,luz,520.0
2029-08-03 12:00:00,sim@hotboat.cl,1002429.0,gas,10000.0
2029-08-03 12:10:00,sim@hotboat.cl,1002430.0,leña,1500.0
2029-08-03 12:10:00,sim@hotboat.cl,1002430.0,agua,700.0
2029-08-03 12:10:00,sim@hotboat.cl,1002430.0,luz,520.0
2029-08-03 12:10:00,sim@hotboat.cl,1002430.0,gas,10000.0
2029-08-04 12:00:00,sim@hotboat.cl,1002431.0,leña,1500.0
2029-08-04 12:00:00,sim@hotboat.cl,1002431.0,agua,700.0
2029-08-04 12:00:00,sim@hotboat.cl,1002431.0,luz,520.0
2029-08-04 12:00:00,sim@hotboat.cl,1002431.0,gas,10000.0
2029-08-04 12:10:00,sim@hotboat.cl,1002432.0,leña,1500.0
2029-08-04 12:10:00,sim@hotboat.cl,1002432.0,agua,700.0
2029-08-04 12:10:00,sim@hotboat.cl,1002432.0,luz,520.0
2029-08-04 12:10:00,sim@hotboat.cl,1002432.0,gas,10000.0
2029-08-04 12:20:00,sim@hotboat.cl,1002433.0,leña,1500.0
2029-08-04 12:20:00,sim@hotboat.cl,1002433.0,agua,700.0
2029-08-04 12:20:00,sim@hotboat.cl,1002433.0,luz,520.0
2029-08-04 12:20:00,sim@hotboat.cl,1002433.0,gas,10000.0
2029-08-04 12:30:00,sim@hotboat.cl,1002434.0,leña,1500.0
2029-08-04 12:30:00,sim@hotboat.cl,1002434.0,agua,700.0
2029-08-04 12:30:00,sim@hotboat.cl,1002434.0,luz,520.0
2029-08-04 12:30:00,sim@hotboat.cl,1002434.0,gas,10000.0
2029-08-04 12:40:00,sim@hotboat.cl,1002435.0,leña,1500.0
2029-08-04 12:40:00,sim@hotboat.cl,1002435.0,agua,700.0
2029-08-04 12:40:00,sim@hotboat.cl,1002435.0,luz,520.0
2029-08-04 12:40:00,sim@hotboat.cl,1002435.0,gas,10000.0
2029-08-05 12:00:00,sim@hotboat.cl,1002436.0,leña,1500.0
2029-08-05 12:00:00,sim@hotboat.cl,1002436.0,agua,700.0
2029-08-05 12:00:00,sim@hotboat.cl,1002436.0,luz,520.0
2029-08-05 12:00:00,sim@hotboat.cl,1002436.0,gas,10000.0
2029-08-05 12:10:00,sim@hotboat.cl,1002437.0,leña,1500.0
2029-08-05 12:10:00,sim@hotboat.cl,1002437.0,agua,700.0
2029-08-05 12:10:00,sim@hotboat.cl,1002437.0,luz,520.0
2029-08-05 12:10:00,sim@hotboat.cl,1002437.0,gas,10000.0
2029-08-05 12:20:00,sim@hotboat.cl,1002438.0,leña,1500.0
2029-08-05 12:20:00,sim@hotboat.cl,1002438.0,agua,700.0
2029-08-05 12:20:00,sim@hotboat.cl,1002438.0,luz,520.0
2029-08-05 12:20:00,sim@hotboat.cl,1002438.0,gas,10000.0
2029-08-07 12:00:00,sim@hotboat.cl,1002439.0,leña,1500.0
2029-08-07 12:00:00,sim@hotboat.cl,1002439.0,agua,700.0
2029-08-07 12:00:00,sim@hotboat.cl,1002439.0,luz,520.0
2029-08-07 12:00:00,sim@hotboat.cl,1002439.0,gas,10000.0
2029-08-10 12:00:00,sim@hotboat.cl,1002440.0,leña,1500.0
2029-08-10 12:00:00,sim@hotboat.cl,1002440.0,agua,700.0
2029-08-10 12:00:00,sim@hotboat.cl,1002440.0,luz,520.0
2029-08-10 12:00:00,sim@hotboat.cl,1002440.0,gas,10000.0
2029-08-11 12:00:00,sim@hotboat.cl,1002441.0,leña,1500.0
2029-08-11 12:00:00,sim@hotboat.cl,1002441.0,agua,700.0
2029-08-11 12:00:00,sim@hotboat.cl,1002441.0,luz,520.0
2029-08-11 12:00:00,sim@hotboat.cl,1002441.0,gas,10000.0
2029-08-11 12:10:00,sim@hotboat.cl,1002442.0,leña,1500.0
2029-08-11 12:10:00,sim@hotboat.cl,1002442.0,agua,700.0
2029-08-11 12:10:00,sim@hotboat.cl,1002442.0,luz,520.0
2029-08-11 12:10:00,sim@hotboat.cl,1002442.0,gas,10000.0
2029-08-12 12:00:00,sim@hotboat.cl,1002443.0,leña,1500.0
2029-08-12 12:00:00,sim@hotboat.cl,1002443.0,agua,700.0
2029-08-12 12:00:00,sim@hotboat.cl,1002443.0,luz,520.0
2029-08-12 12:00:00,sim@hotboat.cl,1002443.0,gas,10000.0
2029-08-17 12:00:00,sim@hotboat.cl,1002444.0,leña,1500.0
2029-08-17 12:00:00,sim@hotboat.cl,1002444.0,agua,700.0
2029-08-17 12:00:00,sim@hotboat.cl,1002444.0,luz,520.0
2029-08-17 12:00:00,sim@hotboat.cl,1002444.0,gas,10000.0
2029-08-18 12:00:00,sim@hotboat.cl,1002445.0,leña,1500.0
2029-08-18 12:00:00,sim@hotboat.cl,1002445.0,agua,700.0
2029-08-18 12:00:00,sim@hotboat.cl,1002445.0,luz,520.0
2029-08-18 12:00:00,sim@hotboat.cl,1002445.0,gas,10000.0
2029-08-19 12:00:00,sim@hotboat.cl,1002446.0,leña,1500.0
2029-08-19 12:00:00,sim@hotboat.cl,1002446.0,agua,700.0
2029-08-19 12:00:00,sim@hotboat.cl,1002446.0,luz,520.0
2029-08-19 12:00:00,sim@hotboat.cl,1002446.0,gas,10000.0
2029-08-19 12:10:00,sim@hotboat.cl,1002447.0,leña,1500.0
2029-08-19 12:10:00,sim@hotboat.cl,1002447.0,agua,700.0
2029-08-19 12:10:00,sim@hotboat.cl,1002447.0,luz,520.0
2029-08-19 12:10:00,sim@hotboat.cl,1002447.0,gas,10000.0
2029-08-19 12:20:00,sim@hotboat.cl,1002448.0,leña,1500.0
2029-08-19 12:20:00,sim@hotboat.cl,1002448.0,agua,700.0
2029-08-19 12:20:00,sim@hotboat.cl,1002448.0,luz,520.0
2029-08-19 12:20:00,sim@hotboat.cl,1002448.0,gas,10000.0
2029-08-23 12:00:00,sim@hotboat.cl,1002449.0,leña,1500.0
2029-08-23 12:00:00,sim@hotboat.cl,1002449.0,agua,700.0
2029-08-23 12:00:00,sim@hotboat.cl,1002449.0,luz,520.0
2029-08-23 12:00:00,sim@hotboat.cl,1002449.0,gas,10000.0
2029-08-24 12:00:00,sim@hotboat.cl,1002450.0,leña,1500.0
2029-08-24 12:00:00,sim@hotboat.cl,1002450.0,agua,700.0
2029-08-24 12:00:00,sim@hotboat.cl,1002450.0,luz,520.0
2029-08-24 12:00:00,sim@hotboat.cl,1002450.0,gas,10000.0
2029-08-25 12:00:00,sim@hotboat.cl,1002451.0,leña,1500.0
2029-08-25 12:00:00,sim@hotboat.cl,1002451.0,agua,700.0
2029-08-25 12:00:00,sim@hotboat.cl,1002451.0,luz,520.0
2029-08-25 12:00:00,sim@hotboat.cl,1002451.0,gas,10000.0
2029-08-25 12:10:00,sim@hotboat.cl,1002452.0,leña,1500.0
2029-08-25 12:10:00,sim@hotboat.cl,1002452.0,agua,700.0
2029-08-25 12:10:00,sim@hotboat.cl,1002452.0,luz,520.0
2029-08-25 12:10:00,sim@hotboat.cl,1002452.0,gas,10000.0
2029-08-26 12:00:00,sim@hotboat.cl,1002453.0,leña,1500.0
2029-08-26 12:00:00,sim@hotboat.cl,1002453.0,agua,700.0
2029-08-26 12:00:00,sim@hotboat.cl,1002453.0,luz,520.0
2029-08-26 12:00:00,sim@hotboat.cl,1002453.0,gas,10000.0
2029-08-27 12:00:00,sim@hotboat.cl,1002454.0,leña,1500.0
2029-08-27 12:00:00,sim@hotboat.cl,1002454.0,agua,700.0
2029-08-27 12:00:00,sim@hotboat.cl,1002454.0,luz,520.0
2029-08-27 12:00:00,sim@hotboat.cl,1002454.0,gas,10000.0
2029-08-27 12:10:00,sim@hotboat.cl,1002455.0,leña,1500.0
2029-08-27 12:10:00,sim@hotboat.cl,1002455.0,agua,700.0
2029-08-27 12:10:00,sim@hotboat.cl,1002455.0,luz,520.0
2029-08-27 12:10:00,sim@hotboat.cl,1002455.0,gas,10000.0
2029-08-27 12:20:00,sim@hotboat.cl,1002456.0,leña,1500.0
2029-08-27 12:20:00,sim@hotboat.cl,1002456.0,agua,700.0
2029-08-27 12:20:00,sim@hotboat.cl,1002456.0,luz,520.0
2029-08-27 12:20:00,sim@hotboat.cl,1002456.0,gas,10000.0
2029-08-29 12:00:00,sim@hotboat.cl,1002457.0,leña,1500.0
2029-08-29 12:00:00,sim@hotboat.cl,1002457.0,agua,700.0
2029-08-29 12:00:00,sim@hotboat.cl,1002457.0,luz,520.0
2029-08-29 12:00:00,sim@hotboat.cl,1002457.0,gas,10000.0
2029-08-01 20:00:00,sim@hotboat.cl,,pago extra ayudante (diario),30000.0
2029-08-02 20:00:00,sim@hotboat.cl,,pago extra ayudante (diario),60000.0
2029-08-03 20:00:00,sim@hotboat.cl,,pago extra ayudante (diario),60000.0
2029-08-04 20:00:00,sim@hotboat.cl,,pago extra ayudante (diario),150000.0
2029-08-05 20:00:00,sim@hotboat.cl,,pago extra ayudante (diario),90000.0
2029-08-07 20:00:00,sim@hotboat.cl,,pago extra ayudante (diario),30000.0
2029-08-10 20:00:00,sim@hotboat.cl,,pago extra ayudante (diario),30000.0
2029-08-11 20:00:00,sim@hotboat.cl,,pago extra ayudante (diario),60000.0
2029-08-12 20:00:00,sim@hotboat.cl,,pago extra ayudante (diario),30000.0
2029-08-17 20:00:00,sim@hotboat.cl,,pago extra ayudante (diario),30000.0
2029-08-18 20:00:00,sim@hotboat.cl,,pago extra ayudante (diario),30000.0
2029-08-19 20:00:00,sim@hotboat.cl,,pago extra ayudante (diario),90000.0
2029-08-23 20:00:00,sim@hotboat.cl,,pago extra ayudante (diario),30000.0
2029-08-24 20:00:00,sim@hotboat.cl,,pago extra ayudante (diario),30000.0
2029-08-25 20:00:00,sim@hotboat.cl,,pago extra ayudante (diario),60000.0
2029-08-26 20:00:00,sim@hotboat.cl,,pago extra ayudante (diario),30000.0
2029-08-27 20:00:00,sim@hotboat.cl,,pago extra ayudante (diario),90000.0
2029-08-29 20:00:00,sim@hotboat.cl,,pago extra ayudante (diario),30000.0
2029-09-01 12:00:00,sim@hotboat.cl,1002458.0,leña,1500.0
2029-09-01 12:00:00,sim@hotboat.cl,1002458.0,agua,700.0
2029-09-01 12:00:00,sim@hotboat.cl,1002458.0,luz,520.0
2029-09-01 12:00:00,sim@hotboat.cl,1002458.0,gas,10000.0
2029-09-01 12:10:00,sim@hotboat.cl,1002459.0,leña,1500.0
2029-09-01 12:10:00,sim@hotboat.cl,1002459.0,agua,700.0
2029-09-01 12:10:00,sim@hotboat.cl,1002459.0,luz,520.0
2029-09-01 12:10:00,sim@hotboat.cl,1002459.0,gas,10000.0
2029-09-01 12:20:00,sim@hotboat.cl,1002460.0,leña,1500.0
2029-09-01 12:20:00,sim@hotboat.cl,1002460.0,agua,700.0
2029-09-01 12:20:00,sim@hotboat.cl,1002460.0,luz,520.0
2029-09-01 12:20:00,sim@hotboat.cl,1002460.0,gas,10000.0
2029-09-01 12:30:00,sim@hotboat.cl,1002461.0,leña,1500.0
2029-09-01 12:30:00,sim@hotboat.cl,1002461.0,agua,700.0
2029-09-01 12:30:00,sim@hotboat.cl,1002461.0,luz,520.0
2029-09-01 12:30:00,sim@hotboat.cl,1002461.0,gas,10000.0
2029-09-02 12:00:00,sim@hotboat.cl,1002462.0,leña,1500.0
2029-09-02 12:00:00,sim@hotboat.cl,1002462.0,agua,700.0
2029-09-02 12:00:00,sim@hotboat.cl,1002462.0,luz,520.0
2029-09-02 12:00:00,sim@hotboat.cl,1002462.0,gas,10000.0
2029-09-02 12:10:00,sim@hotboat.cl,1002463.0,leña,1500.0
2029-09-02 12:10:00,sim@hotboat.cl,1002463.0,agua,700.0
2029-09-02 12:10:00,sim@hotboat.cl,1002463.0,luz,520.0
2029-09-02 12:10:00,sim@hotboat.cl,1002463.0,gas,10000.0
2029-09-03 12:00:00,sim@hotboat.cl,1002464.0,leña,1500.0
2029-09-03 12:00:00,sim@hotboat.cl,1002464.0,agua,700.0
2029-09-03 12:00:00,sim@hotboat.cl,1002464.0,luz,520.0
2029-09-03 12:00:00,sim@hotboat.cl,1002464.0,gas,10000.0
2029-09-04 12:00:00,sim@hotboat.cl,1002465.0,leña,1500.0
2029-09-04 12:00:00,sim@hotboat.cl,1002465.0,agua,700.0
2029-09-04 12:00:00,sim@hotboat.cl,1002465.0,luz,520.0
2029-09-04 12:00:00,sim@hotboat.cl,1002465.0,gas,10000.0
2029-09-04 12:10:00,sim@hotboat.cl,1002466.0,leña,1500.0
2029-09-04 12:10:00,sim@hotboat.cl,1002466.0,agua,700.0
2029-09-04 12:10:00,sim@hotboat.cl,1002466.0,luz,520.0
2029-09-04 12:10:00,sim@hotboat.cl,1002466.0,gas,10000.0
2029-09-05 12:00:00,sim@hotboat.cl,1002467.0,leña,1500.0
2029-09-05 12:00:00,sim@hotboat.cl,1002467.0,agua,700.0
2029-09-05 12:00:00,sim@hotboat.cl,1002467.0,luz,520.0
2029-09-05 12:00:00,sim@hotboat.cl,1002467.0,gas,10000.0
2029-09-07 12:00:00,sim@hotboat.cl,1002468.0,leña,1500.0
2029-09-07 12:00:00,sim@hotboat.cl,1002468.0,agua,700.0
2029-09-07 12:00:00,sim@hotboat.cl,1002468.0,luz,520.0
2029-09-07 12:00:00,sim@hotboat.cl,1002468.0,gas,10000.0
2029-09-08 12:00:00,sim@hotboat.cl,1002469.0,leña,1500.0
2029-09-08 12:00:00,sim@hotboat.cl,1002469.0,agua,700.0
2029-09-08 12:00:00,sim@hotboat.cl,1002469.0,luz,520.0
2029-09-08 12:00:00,sim@hotboat.cl,1002469.0,gas,10000.0
2029-09-09 12:00:00,sim@hotboat.cl,1002470.0,leña,1500.0
2029-09-09 12:00:00,sim@hotboat.cl,1002470.0,agua,700.0
2029-09-09 12:00:00,sim@hotboat.cl,1002470.0,luz,520.0
2029-09-09 12:00:00,sim@hotboat.cl,1002470.0,gas,10000.0
2029-09-12 12:00:00,sim@hotboat.cl,1002471.0,leña,1500.0
2029-09-12 12:00:00,sim@hotboat.cl,1002471.0,agua,700.0
2029-09-12 12:00:00,sim@hotboat.cl,1002471.0,luz,520.0
2029-09-12 12:00:00,sim@hotboat.cl,1002471.0,gas,10000.0
2029-09-16 12:00:00,sim@hotboat.cl,1002472.0,leña,1500.0
2029-09-16 12:00:00,sim@hotboat.cl,1002472.0,agua,700.0
2029-09-16 12:00:00,sim@hotboat.cl,1002472.0,luz,520.0
2029-09-16 12:00:00,sim@hotboat.cl,1002472.0,gas,10000.0
2029-09-19 12:00:00,sim@hotboat.cl,1002473.0,leña,1500.0
2029-09-19 12:00:00,sim@hotboat.cl,1002473.0,agua,700.0
2029-09-19 12:00:00,sim@hotboat.cl,1002473.0,luz,520.0
2029-09-19 12:00:00,sim@hotboat.cl,1002473.0,gas,10000.0
2029-09-22 12:00:00,sim@hotboat.cl,1002474.0,leña,1500.0
2029-09-22 12:00:00,sim@hotboat.cl,1002474.0,agua,700.0
2029-09-22 12:00:00,sim@hotboat.cl,1002474.0,luz,520.0
2029-09-22 12:00:00,sim@hotboat.cl,1002474.0,gas,10000.0
2029-09-25 12:00:00,sim@hotboat.cl,1002475.0,leña,1500.0
2029-09-25 12:00:00,sim@hotboat.cl,1002475.0,agua,700.0
2029-09-25 12:00:00,sim@hotboat.cl,1002475.0,luz,520.0
2029-09-25 12:00:00,sim@hotboat.cl,1002475.0,gas,10000.0
2029-09-26 12:00:00,sim@hotboat.cl,1002476.0,leña,1500.0
2029-09-26 12:00:00,sim@hotboat.cl,1002476.0,agua,700.0
2029-09-26 12:00:00,sim@hotboat.cl,1002476.0,luz,520.0
2029-09-26 12:00:00,sim@hotboat.cl,1002476.0,gas,10000.0
2029-09-27 12:00:00,sim@hotboat.cl,1002477.0,leña,1500.0
2029-09-27 12:00:00,sim@hotboat.cl,1002477.0,agua,700.0
2029-09-27 12:00:00,sim@hotboat.cl,1002477.0,luz,520.0
2029-09-27 12:00:00,sim@hotboat.cl,1002477.0,gas,10000.0
2029-09-27 12:10:00,sim@hotboat.cl,1002478.0,leña,1500.0
2029-09-27 12:10:00,sim@hotboat.cl,1002478.0,agua,700.0
2029-09-27 12:10:00,sim@hotboat.cl,1002478.0,luz,520.0
2029-09-27 12:10:00,sim@hotboat.cl,1002478.0,gas,10000.0
2029-09-27 12:20:00,sim@hotboat.cl,1002479.0,leña,1500.0
2029-09-27 12:20:00,sim@hotboat.cl,1002479.0,agua,700.0
2029-09-27 12:20:00,sim@hotboat.cl,1002479.0,luz,520.0
2029-09-27 12:20:00,sim@hotboat.cl,1002479.0,gas,10000.0
2029-09-29 12:00:00,sim@hotboat.cl,1002480.0,leña,1500.0
2029-09-29 12:00:00,sim@hotboat.cl,1002480.0,agua,700.0
2029-09-29 12:00:00,sim@hotboat.cl,1002480.0,luz,520.0
2029-09-29 12:00:00,sim@hotboat.cl,1002480.0,gas,10000.0
2029-09-29 12:10:00,sim@hotboat.cl,1002481.0,leña,1500.0
2029-09-29 12:10:00,sim@hotboat.cl,1002481.0,agua,700.0
2029-09-29 12:10:00,sim@hotboat.cl,1002481.0,luz,520.0
2029-09-29 12:10:00,sim@hotboat.cl,1002481.0,gas,10000.0
2029-09-30 12:00:00,sim@hotboat.cl,1002482.0,leña,1500.0
2029-09-30 12:00:00,sim@hotboat.cl,1002482.0,agua,700.0
2029-09-30 12:00:00,sim@hotboat.cl,1002482.0,luz,520.0
2029-09-30 12:00:00,sim@hotboat.cl,1002482.0,gas,10000.0
2029-09-30 12:10:00,sim@hotboat.cl,1002483.0,leña,1500.0
2029-09-30 12:10:00,sim@hotboat.cl,1002483.0,agua,700.0
2029-09-30 12:10:00,sim@hotboat.cl,1002483.0,luz,520.0
2029-09-30 12:10:00,sim@hotboat.cl,1002483.0,gas,10000.0
2029-09-30 12:20:00,sim@hotboat.cl,1002484.0,leña,1500.0
2029-09-30 12:20:00,sim@hotboat.cl,1002484.0,agua,700.0
2029-09-30 12:20:00,sim@hotboat.cl,1002484.0,luz,520.0
2029-09-30 12:20:00,sim@hotboat.cl,1002484.0,gas,10000.0
2029-09-01 20:00:00,sim@hotboat.cl,,pago extra ayudante (diario),120000.0
2029-09-02 20:00:00,sim@hotboat.cl,,pago extra ayudante (diario),60000.0
2029-09-03 20:00:00,sim@hotboat.cl,,pago extra ayudante (diario),30000.0
2029-09-04 20:00:00,sim@hotboat.cl,,pago extra ayudante (diario),60000.0
2029-09-05 20:00:00,sim@hotboat.cl,,pago extra ayudante (diario),30000.0
2029-09-07 20:00:00,sim@hotboat.cl,,pago extra ayudante (diario),30000.0
2029-09-08 20:00:00,sim@hotboat.cl,,pago extra ayudante (diario),30000.0
2029-09-09 20:00:00,sim@hotboat.cl,,pago extra ayudante (diario),30000.0
2029-09-12 20:00:00,sim@hotboat.cl,,pago extra ayudante (diario),30000.0
2029-09-16 20:00:00,sim@hotboat.cl,,pago extra ayudante (diario),30000.0
2029-09-19 20:00:00,sim@hotboat.cl,,pago extra ayudante (diario),30000.0
2029-09-22 20:00:00,sim@hotboat.cl,,pago extra ayudante (diario),30000.0
2029-09-25 20:00:00,sim@hotboat.cl,,pago extra ayudante (diario),30000.0
2029-09-26 20:00:00,sim@hotboat.cl,,pago extra ayudante (diario),30000.0
2029-09-27 20:00:00,sim@hotboat.cl,,pago extra ayudante (diario),90000.0
2029-09-29 20:00:00,sim@hotboat.cl,,pago extra ayudante (diario),60000.0
2029-09-30 20:00:00,sim@hotboat.cl,,pago extra ayudante (diario),90000.0
2029-10-02 12:00:00,sim@hotboat.cl,1002485.0,leña,1500.0
2029-10-02 12:00:00,sim@hotboat.cl,1002485.0,agua,700.0
2029-10-02 12:00:00,sim@hotboat.cl,1002485.0,luz,520.0
2029-10-02 12:00:00,sim@hotboat.cl,1002485.0,gas,10000.0
2029-10-02 12:10:00,sim@hotboat.cl,1002486.0,leña,1500.0
2029-10-02 12:10:00,sim@hotboat.cl,1002486.0,agua,700.0
2029-10-02 12:10:00,sim@hotboat.cl,1002486.0,luz,520.0
2029-10-02 12:10:00,sim@hotboat.cl,1002486.0,gas,10000.0
2029-10-03 12:00:00,sim@hotboat.cl,1002487.0,leña,1500.0
2029-10-03 12:00:00,sim@hotboat.cl,1002487.0,agua,700.0
2029-10-03 12:00:00,sim@hotboat.cl,1002487.0,luz,520.0
2029-10-03 12:00:00,sim@hotboat.cl,1002487.0,gas,10000.0
2029-10-05 12:00:00,sim@hotboat.cl,1002488.0,leña,1500.0
2029-10-05 12:00:00,sim@hotboat.cl,1002488.0,agua,700.0
2029-10-05 12:00:00,sim@hotboat.cl,1002488.0,luz,520.0
2029-10-05 12:00:00,sim@hotboat.cl,1002488.0,gas,10000.0
2029-10-06 12:00:00,sim@hotboat.cl,1002489.0,leña,1500.0
2029-10-06 12:00:00,sim@hotboat.cl,1002489.0,agua,700.0
2029-10-06 12:00:00,sim@hotboat.cl,1002489.0,luz,520.0
2029-10-06 12:00:00,sim@hotboat.cl,1002489.0,gas,10000.0
2029-10-06 12:10:00,sim@hotboat.cl,1002490.0,leña,1500.0
2029-10-06 12:10:00,sim@hotboat.cl,1002490.0,agua,700.0
2029-10-06 12:10:00,sim@hotboat.cl,1002490.0,luz,520.0
2029-10-06 12:10:00,sim@hotboat.cl,1002490.0,gas,10000.0
2029-10-06 12:20:00,sim@hotboat.cl,1002491.0,leña,1500.0
2029-10-06 12:20:00,sim@hotboat.cl,1002491.0,agua,700.0
2029-10-06 12:20:00,sim@hotboat.cl,1002491.0,luz,520.0
2029-10-06 12:20:00,sim@hotboat.cl,1002491.0,gas,10000.0
2029-10-06 12:30:00,sim@hotboat.cl,1002492.0,leña,1500.0
2029-10-06 12:30:00,sim@hotboat.cl,1002492.0,agua,700.0
2029-10-06 12:30:00,sim@hotboat.cl,1002492.0,luz,520.0
2029-10-06 12:30:00,sim@hotboat.cl,1002492.0,gas,10000.0
2029-10-06 12:40:00,sim@hotboat.cl,1002493.0,leña,1500.0
2029-10-06 12:40:00,sim@hotboat.cl,1002493.0,agua,700.0
2029-10-06 12:40:00,sim@hotboat.cl,1002493.0,luz,520.0
2029-10-06 12:40:00,sim@hotboat.cl,1002493.0,gas,10000.0
2029-10-07 12:00:00,sim@hotboat.cl,1002494.0,leña,1500.0
2029-10-07 12:00:00,sim@hotboat.cl,1002494.0,agua,700.0
2029-10-07 12:00:00,sim@hotboat.cl,1002494.0,luz,520.0
2029-10-07 12:00:00,sim@hotboat.cl,1002494.0,gas,10000.0
2029-10-07 12:10:00,sim@hotboat.cl,1002495.0,leña,1500.0
2029-10-07 12:10:00,sim@hotboat.cl,1002495.0,agua,700.0
2029-10-07 12:10:00,sim@hotboat.cl,1002495.0,luz,520.0
2029-10-07 12:10:00,sim@hotboat.cl,1002495.0,gas,10000.0
2029-10-07 12:20:00,sim@hotboat.cl,1002496.0,leña,1500.0
2029-10-07 12:20:00,sim@hotboat.cl,1002496.0,agua,700.0
2029-10-07 12:20:00,sim@hotboat.cl,1002496.0,luz,520.0
2029-10-07 12:20:00,sim@hotboat.cl,1002496.0,gas,10000.0
2029-10-10 12:00:00,sim@hotboat.cl,1002497.0,leña,1500.0
2029-10-10 12:00:00,sim@hotboat.cl,1002497.0,agua,700.0
2029-10-10 12:00:00,sim@hotboat.cl,1002497.0,luz,520.0
2029-10-10 12:00:00,sim@hotboat.cl,1002497.0,gas,10000.0
2029-10-13 12:00:00,sim@hotboat.cl,1002498.0,leña,1500.0
2029-10-13 12:00:00,sim@hotboat.cl,1002498.0,agua,700.0
2029-10-13 12:00:00,sim@hotboat.cl,1002498.0,luz,520.0
2029-10-13 12:00:00,sim@hotboat.cl,1002498.0,gas,10000.0
2029-10-13 12:10:00,sim@hotboat.cl,1002499.0,leña,1500.0
2029-10-13 12:10:00,sim@hotboat.cl,1002499.0,agua,700.0
2029-10-13 12:10:00,sim@hotboat.cl,1002499.0,luz,520.0
2029-10-13 12:10:00,sim@hotboat.cl,1002499.0,gas,10000.0
2029-10-14 12:00:00,sim@hotboat.cl,1002500.0,leña,1500.0
2029-10-14 12:00:00,sim@hotboat.cl,1002500.0,agua,700.0
2029-10-14 12:00:00,sim@hotboat.cl,1002500.0,luz,520.0
2029-10-14 12:00:00,sim@hotboat.cl,1002500.0,gas,10000.0
2029-10-17 12:00:00,sim@hotboat.cl,1002501.0,leña,1500.0
2029-10-17 12:00:00,sim@hotboat.cl,1002501.0,agua,700.0
2029-10-17 12:00:00,sim@hotboat.cl,1002501.0,luz,520.0
2029-10-17 12:00:00,sim@hotboat.cl,1002501.0,gas,10000.0
2029-10-20 12:00:00,sim@hotboat.cl,1002502.0,leña,1500.0
2029-10-20 12:00:00,sim@hotboat.cl,1002502.0,agua,700.0
2029-10-20 12:00:00,sim@hotboat.cl,1002502.0,luz,520.0
2029-10-20 12:00:00,sim@hotboat.cl,1002502.0,gas,10000.0
2029-10-21 12:00:00,sim@hotboat.cl,1002503.0,leña,1500.0
2029-10-21 12:00:00,sim@hotboat.cl,1002503.0,agua,700.0
2029-10-21 12:00:00,sim@hotboat.cl,1002503.0,luz,520.0
2029-10-21 12:00:00,sim@hotboat.cl,1002503.0,gas,10000.0
2029-10-21 12:10:00,sim@hotboat.cl,1002504.0,leña,1500.0
2029-10-21 12:10:00,sim@hotboat.cl,1002504.0,agua,700.0
2029-10-21 12:10:00,sim@hotboat.cl,1002504.0,luz,520.0
2029-10-21 12:10:00,sim@hotboat.cl,1002504.0,gas,10000.0
2029-10-23 12:00:00,sim@hotboat.cl,1002505.0,leña,1500.0
2029-10-23 12:00:00,sim@hotboat.cl,1002505.0,agua,700.0
2029-10-23 12:00:00,sim@hotboat.cl,1002505.0,luz,520.0
2029-10-23 12:00:00,sim@hotboat.cl,1002505.0,gas,10000.0
2029-10-24 12:00:00,sim@hotboat.cl,1002506.0,leña,1500.0
2029-10-24 12:00:00,sim@hotboat.cl,1002506.0,agua,700.0
2029-10-24 12:00:00,sim@hotboat.cl,1002506.0,luz,520.0
2029-10-24 12:00:00,sim@hotboat.cl,1002506.0,gas,10000.0
2029-10-25 12:00:00,sim@hotboat.cl,1002507.0,leña,1500.0
2029-10-25 12:00:00,sim@hotboat.cl,1002507.0,agua,700.0
2029-10-25 12:00:00,sim@hotboat.cl,1002507.0,luz,520.0
2029-10-25 12:00:00,sim@hotboat.cl,1002507.0,gas,10000.0
2029-10-25 12:10:00,sim@hotboat.cl,1002508.0,leña,1500.0
2029-10-25 12:10:00,sim@hotboat.cl,1002508.0,agua,700.0
2029-10-25 12:10:00,sim@hotboat.cl,1002508.0,luz,520.0
2029-10-25 12:10:00,sim@hotboat.cl,1002508.0,gas,10000.0
2029-10-25 12:20:00,sim@hotboat.cl,1002509.0,leña,1500.0
2029-10-25 12:20:00,sim@hotboat.cl,1002509.0,agua,700.0
2029-10-25 12:20:00,sim@hotboat.cl,1002509.0,luz,520.0
2029-10-25 12:20:00,sim@hotboat.cl,1002509.0,gas,10000.0
2029-10-27 12:00:00,sim@hotboat.cl,1002510.0,leña,1500.0
2029-10-27 12:00:00,sim@hotboat.cl,1002510.0,agua,700.0
2029-10-27 12:00:00,sim@hotboat.cl,1002510.0,luz,520.0
2029-10-27 12:00:00,sim@hotboat.cl,1002510.0,gas,10000.0
2029-10-27 12:10:00,sim@hotboat.cl,1002511.0,leña,1500.0
2029-10-27 12:10:00,sim@hotboat.cl,1002511.0,agua,700.0
2029-10-27 12:10:00,sim@hotboat.cl,1002511.0,luz,520.0
2029-10-27 12:10:00,sim@hotboat.cl,1002511.0,gas,10000.0
2029-10-29 12:00:00,sim@hotboat.cl,1002512.0,leña,1500.0
2029-10-29 12:00:00,sim@hotboat.cl,1002512.0,agua,700.0
2029-10-29 12:00:00,sim@hotboat.cl,1002512.0,luz,520.0
2029-10-29 12:00:00,sim@hotboat.cl,1002512.0,gas,10000.0
2029-10-02 20:00:00,sim@hotboat.cl,,pago extra ayudante (diario),60000.0
2029-10-03 20:00:00,sim@hotboat.cl,,pago extra ayudante (diario),30000.0
2029-10-05 20:00:00,sim@hotboat.cl,,pago extra ayudante (diario),30000.0
2029-10-06 20:00:00,sim@hotboat.cl,,pago extra ayudante (diario),150000.0
2029-10-07 20:00:00,sim@hotboat.cl,,pago extra ayudante (diario),90000.0
2029-10-10 20:00:00,sim@hotboat.cl,,pago extra ayudante (diario),30000.0
2029-10-13 20:00:00,sim@hotboat.cl,,pago extra ayudante (diario),60000.0
2029-10-14 20:00:00,sim@hotboat.cl,,pago extra ayudante (diario),30000.0
2029-10-17 20:00:00,sim@hotboat.cl,,pago extra ayudante (diario),30000.0
2029-10-20 20:00:00,sim@hotboat.cl,,pago extra ayudante (diario),30000.0
2029-10-21 20:00:00,sim@hotboat.cl,,pago extra ayudante (diario),60000.0
2029-10-23 20:00:00,sim@hotboat.cl,,pago extra ayudante (diario),30000.0
2029-10-24 20:00:00,sim@hotboat.cl,,pago extra ayudante (diario),30000.0
2029-10-25 20:00:00,sim@hotboat.cl,,pago extra ayudante (diario),90000.0
2029-10-27 20:00:00,sim@hotboat.cl,,pago extra ayudante (diario),60000.0
2029-10-29 20:00:00,sim@hotboat.cl,,pago extra ayudante (diario),30000.0
2029-11-01 12:00:00,sim@hotboat.cl,1002513.0,leña,1500.0
2029-11-01 12:00:00,sim@hotboat.cl,1002513.0,agua,700.0
2029-11-01 12:00:00,sim@hotboat.cl,1002513.0,luz,520.0
2029-11-01 12:00:00,sim@hotboat.cl,1002513.0,gas,10000.0
2029-11-02 12:00:00,sim@hotboat.cl,1002514.0,leña,1500.0
2029-11-02 12:00:00,sim@hotboat.cl,1002514.0,agua,700.0
2029-11-02 12:00:00,sim@hotboat.cl,1002514.0,luz,520.0
2029-11-02 12:00:00,sim@hotboat.cl,1002514.0,gas,10000.0
2029-11-02 12:10:00,sim@hotboat.cl,1002515.0,leña,1500.0
2029-11-02 12:10:00,sim@hotboat.cl,1002515.0,agua,700.0
2029-11-02 12:10:00,sim@hotboat.cl,1002515.0,luz,520.0
2029-11-02 12:10:00,sim@hotboat.cl,1002515.0,gas,10000.0
2029-11-03 12:00:00,sim@hotboat.cl,1002516.0,leña,1500.0
2029-11-03 12:00:00,sim@hotboat.cl,1002516.0,agua,700.0
2029-11-03 12:00:00,sim@hotboat.cl,1002516.0,luz,520.0
2029-11-03 12:00:00,sim@hotboat.cl,1002516.0,gas,10000.0
2029-11-03 12:10:00,sim@hotboat.cl,1002517.0,leña,1500.0
2029-11-03 12:10:00,sim@hotboat.cl,1002517.0,agua,700.0
2029-11-03 12:10:00,sim@hotboat.cl,1002517.0,luz,520.0
2029-11-03 12:10:00,sim@hotboat.cl,1002517.0,gas,10000.0
2029-11-03 12:20:00,sim@hotboat.cl,1002518.0,leña,1500.0
2029-11-03 12:20:00,sim@hotboat.cl,1002518.0,agua,700.0
2029-11-03 12:20:00,sim@hotboat.cl,1002518.0,luz,520.0
2029-11-03 12:20:00,sim@hotboat.cl,1002518.0,gas,10000.0
2029-11-03 12:30:00,sim@hotboat.cl,1002519.0,leña,1500.0
2029-11-03 12:30:00,sim@hotboat.cl,1002519.0,agua,700.0
2029-11-03 12:30:00,sim@hotboat.cl,1002519.0,luz,520.0
2029-11-03 12:30:00,sim@hotboat.cl,1002519.0,gas,10000.0
2029-11-03 12:40:00,sim@hotboat.cl,1002520.0,leña,1500.0
2029-11-03 12:40:00,sim@hotboat.cl,1002520.0,agua,700.0
2029-11-03 12:40:00,sim@hotboat.cl,1002520.0,luz,520.0
2029-11-03 12:40:00,sim@hotboat.cl,1002520.0,gas,10000.0
2029-11-04 12:00:00,sim@hotboat.cl,1002521.0,leña,1500.0
2029-11-04 12:00:00,sim@hotboat.cl,1002521.0,agua,700.0
2029-11-04 12:00:00,sim@hotboat.cl,1002521.0,luz,520.0
2029-11-04 12:00:00,sim@hotboat.cl,1002521.0,gas,10000.0
2029-11-04 12:10:00,sim@hotboat.cl,1002522.0,leña,1500.0
2029-11-04 12:10:00,sim@hotboat.cl,1002522.0,agua,700.0
2029-11-04 12:10:00,sim@hotboat.cl,1002522.0,luz,520.0
2029-11-04 12:10:00,sim@hotboat.cl,1002522.0,gas,10000.0
2029-11-04 12:20:00,sim@hotboat.cl,1002523.0,leña,1500.0
2029-11-04 12:20:00,sim@hotboat.cl,1002523.0,agua,700.0
2029-11-04 12:20:00,sim@hotboat.cl,1002523.0,luz,520.0
2029-11-04 12:20:00,sim@hotboat.cl,1002523.0,gas,10000.0
2029-11-05 12:00:00,sim@hotboat.cl,1002524.0,leña,1500.0
2029-11-05 12:00:00,sim@hotboat.cl,1002524.0,agua,700.0
2029-11-05 12:00:00,sim@hotboat.cl,1002524.0,luz,520.0
2029-11-05 12:00:00,sim@hotboat.cl,1002524.0,gas,10000.0
2029-11-05 12:10:00,sim@hotboat.cl,1002525.0,leña,1500.0
2029-11-05 12:10:00,sim@hotboat.cl,1002525.0,agua,700.0
2029-11-05 12:10:00,sim@hotboat.cl,1002525.0,luz,520.0
2029-11-05 12:10:00,sim@hotboat.cl,1002525.0,gas,10000.0
2029-11-07 12:00:00,sim@hotboat.cl,1002526.0,leña,1500.0
2029-11-07 12:00:00,sim@hotboat.cl,1002526.0,agua,700.0
2029-11-07 12:00:00,sim@hotboat.cl,1002526.0,luz,520.0
2029-11-07 12:00:00,sim@hotboat.cl,1002526.0,gas,10000.0
2029-11-10 12:00:00,sim@hotboat.cl,1002527.0,leña,1500.0
2029-11-10 12:00:00,sim@hotboat.cl,1002527.0,agua,700.0
2029-11-10 12:00:00,sim@hotboat.cl,1002527.0,luz,520.0
2029-11-10 12:00:00,sim@hotboat.cl,1002527.0,gas,10000.0
2029-11-10 12:10:00,sim@hotboat.cl,1002528.0,leña,1500.0
2029-11-10 12:10:00,sim@hotboat.cl,1002528.0,agua,700.0
2029-11-10 12:10:00,sim@hotboat.cl,1002528.0,luz,520.0
2029-11-10 12:10:00,sim@hotboat.cl,1002528.0,gas,10000.0
2029-11-10 12:20:00,sim@hotboat.cl,1002529.0,leña,1500.0
2029-11-10 12:20:00,sim@hotboat.cl,1002529.0,agua,700.0
2029-11-10 12:20:00,sim@hotboat.cl,1002529.0,luz,520.0
2029-11-10 12:20:00,sim@hotboat.cl,1002529.0,gas,10000.0
2029-11-11 12:00:00,sim@hotboat.cl,1002530.0,leña,1500.0
2029-11-11 12:00:00,sim@hotboat.cl,1002530.0,agua,700.0
2029-11-11 12:00:00,sim@hotboat.cl,1002530.0,luz,520.0
2029-11-11 12:00:00,sim@hotboat.cl,1002530.0,gas,10000.0
2029-11-12 12:00:00,sim@hotboat.cl,1002531.0,leña,1500.0
2029-11-12 12:00:00,sim@hotboat.cl,1002531.0,agua,700.0
2029-11-12 12:00:00,sim@hotboat.cl,1002531.0,luz,520.0
2029-11-12 12:00:00,sim@hotboat.cl,1002531.0,gas,10000.0
2029-11-15 12:00:00,sim@hotboat.cl,1002532.0,leña,1500.0
2029-11-15 12:00:00,sim@hotboat.cl,1002532.0,agua,700.0
2029-11-15 12:00:00,sim@hotboat.cl,1002532.0,luz,520.0
2029-11-15 12:00:00,sim@hotboat.cl,1002532.0,gas,10000.0
2029-11-17 12:00:00,sim@hotboat.cl,1002533.0,leña,1500.0
2029-11-17 12:00:00,sim@hotboat.cl,1002533.0,agua,700.0
2029-11-17 12:00:00,sim@hotboat.cl,1002533.0,luz,520.0
2029-11-17 12:00:00,sim@hotboat.cl,1002533.0,gas,10000.0
2029-11-18 12:00:00,sim@hotboat.cl,1002534.0,leña,1500.0
2029-11-18 12:00:00,sim@hotboat.cl,1002534.0,agua,700.0
2029-11-18 12:00:00,sim@hotboat.cl,1002534.0,luz,520.0
2029-11-18 12:00:00,sim@hotboat.cl,1002534.0,gas,10000.0
2029-11-18 12:10:00,sim@hotboat.cl,1002535.0,leña,1500.0
2029-11-18 12:10:00,sim@hotboat.cl,1002535.0,agua,700.0
2029-11-18 12:10:00,sim@hotboat.cl,1002535.0,luz,520.0
2029-11-18 12:10:00,sim@hotboat.cl,1002535.0,gas,10000.0
2029-11-18 12:20:00,sim@hotboat.cl,1002536.0,leña,1500.0
2029-11-18 12:20:00,sim@hotboat.cl,1002536.0,agua,700.0
2029-11-18 12:20:00,sim@hotboat.cl,1002536.0,luz,520.0
2029-11-18 12:20:00,sim@hotboat.cl,1002536.0,gas,10000.0
2029-11-19 12:00:00,sim@hotboat.cl,1002537.0,leña,1500.0
2029-11-19 12:00:00,sim@hotboat.cl,1002537.0,agua,700.0
2029-11-19 12:00:00,sim@hotboat.cl,1002537.0,luz,520.0
2029-11-19 12:00:00,sim@hotboat.cl,1002537.0,gas,10000.0
2029-11-23 12:00:00,sim@hotboat.cl,1002538.0,leña,1500.0
2029-11-23 12:00:00,sim@hotboat.cl,1002538.0,agua,700.0
2029-11-23 12:00:00,sim@hotboat.cl,1002538.0,luz,520.0
2029-11-23 12:00:00,sim@hotboat.cl,1002538.0,gas,10000.0
2029-11-24 12:00:00,sim@hotboat.cl,1002539.0,leña,1500.0
2029-11-24 12:00:00,sim@hotboat.cl,1002539.0,agua,700.0
2029-11-24 12:00:00,sim@hotboat.cl,1002539.0,luz,520.0
2029-11-24 12:00:00,sim@hotboat.cl,1002539.0,gas,10000.0
2029-11-24 12:10:00,sim@hotboat.cl,1002540.0,leña,1500.0
2029-11-24 12:10:00,sim@hotboat.cl,1002540.0,agua,700.0
2029-11-24 12:10:00,sim@hotboat.cl,1002540.0,luz,520.0
2029-11-24 12:10:00,sim@hotboat.cl,1002540.0,gas,10000.0
2029-11-25 12:00:00,sim@hotboat.cl,1002541.0,leña,1500.0
2029-11-25 12:00:00,sim@hotboat.cl,1002541.0,agua,700.0
2029-11-25 12:00:00,sim@hotboat.cl,1002541.0,luz,520.0
2029-11-25 12:00:00,sim@hotboat.cl,1002541.0,gas,10000.0
2029-11-25 12:10:00,sim@hotboat.cl,1002542.0,leña,1500.0
2029-11-25 12:10:00,sim@hotboat.cl,1002542.0,agua,700.0
2029-11-25 12:10:00,sim@hotboat.cl,1002542.0,luz,520.0
2029-11-25 12:10:00,sim@hotboat.cl,1002542.0,gas,10000.0
2029-11-26 12:00:00,sim@hotboat.cl,1002543.0,leña,1500.0
2029-11-26 12:00:00,sim@hotboat.cl,1002543.0,agua,700.0
2029-11-26 12:00:00,sim@hotboat.cl,1002543.0,luz,520.0
2029-11-26 12:00:00,sim@hotboat.cl,1002543.0,gas,10000.0
2029-11-27 12:00:00,sim@hotboat.cl,1002544.0,leña,1500.0
2029-11-27 12:00:00,sim@hotboat.cl,1002544.0,agua,700.0
2029-11-27 12:00:00,sim@hotboat.cl,1002544.0,luz,520.0
2029-11-27 12:00:00,sim@hotboat.cl,1002544.0,gas,10000.0
2029-11-27 12:10:00,sim@hotboat.cl,1002545.0,leña,1500.0
2029-11-27 12:10:00,sim@hotboat.cl,1002545.0,agua,700.0
2029-11-27 12:10:00,sim@hotboat.cl,1002545.0,luz,520.0
2029-11-27 12:10:00,sim@hotboat.cl,1002545.0,gas,10000.0
2029-11-27 12:20:00,sim@hotboat.cl,1002546.0,leña,1500.0
2029-11-27 12:20:00,sim@hotboat.cl,1002546.0,agua,700.0
2029-11-27 12:20:00,sim@hotboat.cl,1002546.0,luz,520.0
2029-11-27 12:20:00,sim@hotboat.cl,1002546.0,gas,10000.0
2029-11-29 12:00:00,sim@hotboat.cl,1002547.0,leña,1500.0
2029-11-29 12:00:00,sim@hotboat.cl,1002547.0,agua,700.0
2029-11-29 12:00:00,sim@hotboat.cl,1002547.0,luz,520.0
2029-11-29 12:00:00,sim@hotboat.cl,1002547.0,gas,10000.0
2029-11-01 20:00:00,sim@hotboat.cl,,pago extra ayudante (diario),30000.0
2029-11-02 20:00:00,sim@hotboat.cl,,pago extra ayudante (diario),60000.0
2029-11-03 20:00:00,sim@hotboat.cl,,pago extra ayudante (diario),150000.0
2029-11-04 20:00:00,sim@hotboat.cl,,pago extra ayudante (diario),90000.0
2029-11-05 20:00:00,sim@hotboat.cl,,pago extra ayudante (diario),60000.0
2029-11-07 20:00:00,sim@hotboat.cl,,pago extra ayudante (diario),30000.0
2029-11-10 20:00:00,sim@hotboat.cl,,pago extra ayudante (diario),90000.0
2029-11-11 20:00:00,sim@hotboat.cl,,pago extra ayudante (diario),30000.0
2029-11-12 20:00:00,sim@hotboat.cl,,pago extra ayudante (diario),30000.0
2029-11-15 20:00:00,sim@hotboat.cl,,pago extra ayudante (diario),30000.0
2029-11-17 20:00:00,sim@hotboat.cl,,pago extra ayudante (diario),30000.0
2029-11-18 20:00:00,sim@hotboat.cl,,pago extra ayudante (diario),90000.0
2029-11-19 20:00:00,sim@hotboat.cl,,pago extra ayudante (diario),30000.0
2029-11-23 20:00:00,sim@hotboat.cl,,pago extra ayudante (diario),30000.0
2029-11-24 20:00:00,sim@hotboat.cl,,pago extra ayudante (diario),60000.0
2029-11-25 20:00:00,sim@hotboat.cl,,pago extra ayudante (diario),60000.0
2029-11-26 20:00:00,sim@hotboat.cl,,pago extra ayudante (diario),30000.0
2029-11-27 20:00:00,sim@hotboat.cl,,pago extra ayudante (diario),90000.0
2029-11-29 20:00:00,sim@hotboat.cl,,pago extra ayudante (diario),30000.0
2029-12-01 12:00:00,sim@hotboat.cl,1002548.0,leña,1500.0
2029-12-01 12:00:00,sim@hotboat.cl,1002548.0,agua,700.0
2029-12-01 12:00:00,sim@hotboat.cl,1002548.0,luz,520.0
2029-12-01 12:00:00,sim@hotboat.cl,1002548.0,gas,10000.0
2029-12-01 12:10:00,sim@hotboat.cl,1002549.0,leña,1500.0
2029-12-01 12:10:00,sim@hotboat.cl,1002549.0,agua,700.0
2029-12-01 12:10:00,sim@hotboat.cl,1002549.0,luz,520.0
2029-12-01 12:10:00,sim@hotboat.cl,1002549.0,gas,10000.0
2029-12-01 12:20:00,sim@hotboat.cl,1002550.0,leña,1500.0
2029-12-01 12:20:00,sim@hotboat.cl,1002550.0,agua,700.0
2029-12-01 12:20:00,sim@hotboat.cl,1002550.0,luz,520.0
2029-12-01 12:20:00,sim@hotboat.cl,1002550.0,gas,10000.0
2029-12-01 12:30:00,sim@hotboat.cl,1002551.0,leña,1500.0
2029-12-01 12:30:00,sim@hotboat.cl,1002551.0,agua,700.0
2029-12-01 12:30:00,sim@hotboat.cl,1002551.0,luz,520.0
2029-12-01 12:30:00,sim@hotboat.cl,1002551.0,gas,10000.0
2029-12-01 12:40:00,sim@hotboat.cl,1002552.0,leña,1500.0
2029-12-01 12:40:00,sim@hotboat.cl,1002552.0,agua,700.0
2029-12-01 12:40:00,sim@hotboat.cl,1002552.0,luz,520.0
2029-12-01 12:40:00,sim@hotboat.cl,1002552.0,gas,10000.0
2029-12-02 12:00:00,sim@hotboat.cl,1002553.0,leña,1500.0
2029-12-02 12:00:00,sim@hotboat.cl,1002553.0,agua,700.0
2029-12-02 12:00:00,sim@hotboat.cl,1002553.0,luz,520.0
2029-12-02 12:00:00,sim@hotboat.cl,1002553.0,gas,10000.0
2029-12-02 12:10:00,sim@hotboat.cl,1002554.0,leña,1500.0
2029-12-02 12:10:00,sim@hotboat.cl,1002554.0,agua,700.0
2029-12-02 12:10:00,sim@hotboat.cl,1002554.0,luz,520.0
2029-12-02 12:10:00,sim@hotboat.cl,1002554.0,gas,10000.0
2029-12-02 12:20:00,sim@hotboat.cl,1002555.0,leña,1500.0
2029-12-02 12:20:00,sim@hotboat.cl,1002555.0,agua,700.0
2029-12-02 12:20:00,sim@hotboat.cl,1002555.0,luz,520.0
2029-12-02 12:20:00,sim@hotboat.cl,1002555.0,gas,10000.0
2029-12-02 12:30:00,sim@hotboat.cl,1002556.0,leña,1500.0
2029-12-02 12:30:00,sim@hotboat.cl,1002556.0,agua,700.0
2029-12-02 12:30:00,sim@hotboat.cl,1002556.0,luz,520.0
2029-12-02 12:30:00,sim@hotboat.cl,1002556.0,gas,10000.0
2029-12-02 12:40:00,sim@hotboat.cl,1002557.0,leña,1500.0
2029-12-02 12:40:00,sim@hotboat.cl,1002557.0,agua,700.0
2029-12-02 12:40:00,sim@hotboat.cl,1002557.0,luz,520.0
2029-12-02 12:40:00,sim@hotboat.cl,1002557.0,gas,10000.0
2029-12-03 12:00:00,sim@hotboat.cl,1002558.0,leña,1500.0
2029-12-03 12:00:00,sim@hotboat.cl,1002558.0,agua,700.0
2029-12-03 12:00:00,sim@hotboat.cl,1002558.0,luz,520.0
2029-12-03 12:00:00,sim@hotboat.cl,1002558.0,gas,10000.0
2029-12-03 12:10:00,sim@hotboat.cl,1002559.0,leña,1500.0
2029-12-03 12:10:00,sim@hotboat.cl,1002559.0,agua,700.0
2029-12-03 12:10:00,sim@hotboat.cl,1002559.0,luz,520.0
2029-12-03 12:10:00,sim@hotboat.cl,1002559.0,gas,10000.0
2029-12-04 12:00:00,sim@hotboat.cl,1002560.0,leña,1500.0
2029-12-04 12:00:00,sim@hotboat.cl,1002560.0,agua,700.0
2029-12-04 12:00:00,sim@hotboat.cl,1002560.0,luz,520.0
2029-12-04 12:00:00,sim@hotboat.cl,1002560.0,gas,10000.0
2029-12-04 12:10:00,sim@hotboat.cl,1002561.0,leña,1500.0
2029-12-04 12:10:00,sim@hotboat.cl,1002561.0,agua,700.0
2029-12-04 12:10:00,sim@hotboat.cl,1002561.0,luz,520.0
2029-12-04 12:10:00,sim@hotboat.cl,1002561.0,gas,10000.0
2029-12-04 12:20:00,sim@hotboat.cl,1002562.0,leña,1500.0
2029-12-04 12:20:00,sim@hotboat.cl,1002562.0,agua,700.0
2029-12-04 12:20:00,sim@hotboat.cl,1002562.0,luz,520.0
2029-12-04 12:20:00,sim@hotboat.cl,1002562.0,gas,10000.0
2029-12-05 12:00:00,sim@hotboat.cl,1002563.0,leña,1500.0
2029-12-05 12:00:00,sim@hotboat.cl,1002563.0,agua,700.0
2029-12-05 12:00:00,sim@hotboat.cl,1002563.0,luz,520.0
2029-12-05 12:00:00,sim@hotboat.cl,1002563.0,gas,10000.0
2029-12-05 12:10:00,sim@hotboat.cl,1002564.0,leña,1500.0
2029-12-05 12:10:00,sim@hotboat.cl,1002564.0,agua,700.0
2029-12-05 12:10:00,sim@hotboat.cl,1002564.0,luz,520.0
2029-12-05 12:10:00,sim@hotboat.cl,1002564.0,gas,10000.0
2029-12-05 12:20:00,sim@hotboat.cl,1002565.0,leña,1500.0
2029-12-05 12:20:00,sim@hotboat.cl,1002565.0,agua,700.0
2029-12-05 12:20:00,sim@hotboat.cl,1002565.0,luz,520.0
2029-12-05 12:20:00,sim@hotboat.cl,1002565.0,gas,10000.0
2029-12-07 12:00:00,sim@hotboat.cl,1002566.0,leña,1500.0
2029-12-07 12:00:00,sim@hotboat.cl,1002566.0,agua,700.0
2029-12-07 12:00:00,sim@hotboat.cl,1002566.0,luz,520.0
2029-12-07 12:00:00,sim@hotboat.cl,1002566.0,gas,10000.0
2029-12-07 12:10:00,sim@hotboat.cl,1002567.0,leña,1500.0
2029-12-07 12:10:00,sim@hotboat.cl,1002567.0,agua,700.0
2029-12-07 12:10:00,sim@hotboat.cl,1002567.0,luz,520.0
2029-12-07 12:10:00,sim@hotboat.cl,1002567.0,gas,10000.0
2029-12-08 12:00:00,sim@hotboat.cl,1002568.0,leña,1500.0
2029-12-08 12:00:00,sim@hotboat.cl,1002568.0,agua,700.0
2029-12-08 12:00:00,sim@hotboat.cl,1002568.0,luz,520.0
2029-12-08 12:00:00,sim@hotboat.cl,1002568.0,gas,10000.0
2029-12-08 12:10:00,sim@hotboat.cl,1002569.0,leña,1500.0
2029-12-08 12:10:00,sim@hotboat.cl,1002569.0,agua,700.0
2029-12-08 12:10:00,sim@hotboat.cl,1002569.0,luz,520.0
2029-12-08 12:10:00,sim@hotboat.cl,1002569.0,gas,10000.0
2029-12-08 12:20:00,sim@hotboat.cl,1002570.0,leña,1500.0
2029-12-08 12:20:00,sim@hotboat.cl,1002570.0,agua,700.0
2029-12-08 12:20:00,sim@hotboat.cl,1002570.0,luz,520.0
2029-12-08 12:20:00,sim@hotboat.cl,1002570.0,gas,10000.0
2029-12-09 12:00:00,sim@hotboat.cl,1002571.0,leña,1500.0
2029-12-09 12:00:00,sim@hotboat.cl,1002571.0,agua,700.0
2029-12-09 12:00:00,sim@hotboat.cl,1002571.0,luz,520.0
2029-12-09 12:00:00,sim@hotboat.cl,1002571.0,gas,10000.0
2029-12-12 12:00:00,sim@hotboat.cl,1002572.0,leña,1500.0
2029-12-12 12:00:00,sim@hotboat.cl,1002572.0,agua,700.0
2029-12-12 12:00:00,sim@hotboat.cl,1002572.0,luz,520.0
2029-12-12 12:00:00,sim@hotboat.cl,1002572.0,gas,10000.0
2029-12-14 12:00:00,sim@hotboat.cl,1002573.0,leña,1500.0
2029-12-14 12:00:00,sim@hotboat.cl,1002573.0,agua,700.0
2029-12-14 12:00:00,sim@hotboat.cl,1002573.0,luz,520.0
2029-12-14 12:00:00,sim@hotboat.cl,1002573.0,gas,10000.0
2029-12-15 12:00:00,sim@hotboat.cl,1002574.0,leña,1500.0
2029-12-15 12:00:00,sim@hotboat.cl,1002574.0,agua,700.0
2029-12-15 12:00:00,sim@hotboat.cl,1002574.0,luz,520.0
2029-12-15 12:00:00,sim@hotboat.cl,1002574.0,gas,10000.0
2029-12-16 12:00:00,sim@hotboat.cl,1002575.0,leña,1500.0
2029-12-16 12:00:00,sim@hotboat.cl,1002575.0,agua,700.0
2029-12-16 12:00:00,sim@hotboat.cl,1002575.0,luz,520.0
2029-12-16 12:00:00,sim@hotboat.cl,1002575.0,gas,10000.0
2029-12-16 12:10:00,sim@hotboat.cl,1002576.0,leña,1500.0
2029-12-16 12:10:00,sim@hotboat.cl,1002576.0,agua,700.0
2029-12-16 12:10:00,sim@hotboat.cl,1002576.0,luz,520.0
2029-12-16 12:10:00,sim@hotboat.cl,1002576.0,gas,10000.0
2029-12-16 12:20:00,sim@hotboat.cl,1002577.0,leña,1500.0
2029-12-16 12:20:00,sim@hotboat.cl,1002577.0,agua,700.0
2029-12-16 12:20:00,sim@hotboat.cl,1002577.0,luz,520.0
2029-12-16 12:20:00,sim@hotboat.cl,1002577.0,gas,10000.0
2029-12-17 12:00:00,sim@hotboat.cl,1002578.0,leña,1500.0
2029-12-17 12:00:00,sim@hotboat.cl,1002578.0,agua,700.0
2029-12-17 12:00:00,sim@hotboat.cl,1002578.0,luz,520.0
2029-12-17 12:00:00,sim@hotboat.cl,1002578.0,gas,10000.0
2029-12-17 12:10:00,sim@hotboat.cl,1002579.0,leña,1500.0
2029-12-17 12:10:00,sim@hotboat.cl,1002579.0,agua,700.0
2029-12-17 12:10:00,sim@hotboat.cl,1002579.0,luz,520.0
2029-12-17 12:10:00,sim@hotboat.cl,1002579.0,gas,10000.0
2029-12-19 12:00:00,sim@hotboat.cl,1002580.0,leña,1500.0
2029-12-19 12:00:00,sim@hotboat.cl,1002580.0,agua,700.0
2029-12-19 12:00:00,sim@hotboat.cl,1002580.0,luz,520.0
2029-12-19 12:00:00,sim@hotboat.cl,1002580.0,gas,10000.0
2029-12-19 12:10:00,sim@hotboat.cl,1002581.0,leña,1500.0
2029-12-19 12:10:00,sim@hotboat.cl,1002581.0,agua,700.0
2029-12-19 12:10:00,sim@hotboat.cl,1002581.0,luz,520.0
2029-12-19 12:10:00,sim@hotboat.cl,1002581.0,gas,10000.0
2029-12-22 12:00:00,sim@hotboat.cl,1002582.0,leña,1500.0
2029-12-22 12:00:00,sim@hotboat.cl,1002582.0,agua,700.0
2029-12-22 12:00:00,sim@hotboat.cl,1002582.0,luz,520.0
2029-12-22 12:00:00,sim@hotboat.cl,1002582.0,gas,10000.0
2029-12-22 12:10:00,sim@hotboat.cl,1002583.0,leña,1500.0
2029-12-22 12:10:00,sim@hotboat.cl,1002583.0,agua,700.0
2029-12-22 12:10:00,sim@hotboat.cl,1002583.0,luz,520.0
2029-12-22 12:10:00,sim@hotboat.cl,1002583.0,gas,10000.0
2029-12-22 12:20:00,sim@hotboat.cl,1002584.0,leña,1500.0
2029-12-22 12:20:00,sim@hotboat.cl,1002584.0,agua,700.0
2029-12-22 12:20:00,sim@hotboat.cl,1002584.0,luz,520.0
2029-12-22 12:20:00,sim@hotboat.cl,1002584.0,gas,10000.0
2029-12-23 12:00:00,sim@hotboat.cl,1002585.0,leña,1500.0
2029-12-23 12:00:00,sim@hotboat.cl,1002585.0,agua,700.0
2029-12-23 12:00:00,sim@hotboat.cl,1002585.0,luz,520.0
2029-12-23 12:00:00,sim@hotboat.cl,1002585.0,gas,10000.0
2029-12-23 12:10:00,sim@hotboat.cl,1002586.0,leña,1500.0
2029-12-23 12:10:00,sim@hotboat.cl,1002586.0,agua,700.0
2029-12-23 12:10:00,sim@hotboat.cl,1002586.0,luz,520.0
2029-12-23 12:10:00,sim@hotboat.cl,1002586.0,gas,10000.0
2029-12-23 12:20:00,sim@hotboat.cl,1002587.0,leña,1500.0
2029-12-23 12:20:00,sim@hotboat.cl,1002587.0,agua,700.0
2029-12-23 12:20:00,sim@hotboat.cl,1002587.0,luz,520.0
2029-12-23 12:20:00,sim@hotboat.cl,1002587.0,gas,10000.0
2029-12-23 12:30:00,sim@hotboat.cl,1002588.0,leña,1500.0
2029-12-23 12:30:00,sim@hotboat.cl,1002588.0,agua,700.0
2029-12-23 12:30:00,sim@hotboat.cl,1002588.0,luz,520.0
2029-12-23 12:30:00,sim@hotboat.cl,1002588.0,gas,10000.0
2029-12-24 12:00:00,sim@hotboat.cl,1002589.0,leña,1500.0
2029-12-24 12:00:00,sim@hotboat.cl,1002589.0,agua,700.0
2029-12-24 12:00:00,sim@hotboat.cl,1002589.0,luz,520.0
2029-12-24 12:00:00,sim@hotboat.cl,1002589.0,gas,10000.0
2029-12-25 12:00:00,sim@hotboat.cl,1002590.0,leña,1500.0
2029-12-25 12:00:00,sim@hotboat.cl,1002590.0,agua,700.0
2029-12-25 12:00:00,sim@hotboat.cl,1002590.0,luz,520.0
2029-12-25 12:00:00,sim@hotboat.cl,1002590.0,gas,10000.0
2029-12-25 12:10:00,sim@hotboat.cl,1002591.0,leña,1500.0
2029-12-25 12:10:00,sim@hotboat.cl,1002591.0,agua,700.0
2029-12-25 12:10:00,sim@hotboat.cl,1002591.0,luz,520.0
2029-12-25 12:10:00,sim@hotboat.cl,1002591.0,gas,10000.0
2029-12-26 12:00:00,sim@hotboat.cl,1002592.0,leña,1500.0
2029-12-26 12:00:00,sim@hotboat.cl,1002592.0,agua,700.0
2029-12-26 12:00:00,sim@hotboat.cl,1002592.0,luz,520.0
2029-12-26 12:00:00,sim@hotboat.cl,1002592.0,gas,10000.0
2029-12-26 12:10:00,sim@hotboat.cl,1002593.0,leña,1500.0
2029-12-26 12:10:00,sim@hotboat.cl,1002593.0,agua,700.0
2029-12-26 12:10:00,sim@hotboat.cl,1002593.0,luz,520.0
2029-12-26 12:10:00,sim@hotboat.cl,1002593.0,gas,10000.0
2029-12-27 12:00:00,sim@hotboat.cl,1002594.0,leña,1500.0
2029-12-27 12:00:00,sim@hotboat.cl,1002594.0,agua,700.0
2029-12-27 12:00:00,sim@hotboat.cl,1002594.0,luz,520.0
2029-12-27 12:00:00,sim@hotboat.cl,1002594.0,gas,10000.0
2029-12-27 12:10:00,sim@hotboat.cl,1002595.0,leña,1500.0
2029-12-27 12:10:00,sim@hotboat.cl,1002595.0,agua,700.0
2029-12-27 12:10:00,sim@hotboat.cl,1002595.0,luz,520.0
2029-12-27 12:10:00,sim@hotboat.cl,1002595.0,gas,10000.0
2029-12-27 12:20:00,sim@hotboat.cl,1002596.0,leña,1500.0
2029-12-27 12:20:00,sim@hotboat.cl,1002596.0,agua,700.0
2029-12-27 12:20:00,sim@hotboat.cl,1002596.0,luz,520.0
2029-12-27 12:20:00,sim@hotboat.cl,1002596.0,gas,10000.0
2029-12-29 12:00:00,sim@hotboat.cl,1002597.0,leña,1500.0
2029-12-29 12:00:00,sim@hotboat.cl,1002597.0,agua,700.0
2029-12-29 12:00:00,sim@hotboat.cl,1002597.0,luz,520.0
2029-12-29 12:00:00,sim@hotboat.cl,1002597.0,gas,10000.0
2029-12-29 12:10:00,sim@hotboat.cl,1002598.0,leña,1500.0
2029-12-29 12:10:00,sim@hotboat.cl,1002598.0,agua,700.0
2029-12-29 12:10:00,sim@hotboat.cl,1002598.0,luz,520.0
2029-12-29 12:10:00,sim@hotboat.cl,1002598.0,gas,10000.0
2029-12-29 12:20:00,sim@hotboat.cl,1002599.0,leña,1500.0
2029-12-29 12:20:00,sim@hotboat.cl,1002599.0,agua,700.0
2029-12-29 12:20:00,sim@hotboat.cl,1002599.0,luz,520.0
2029-12-29 12:20:00,sim@hotboat.cl,1002599.0,gas,10000.0
2029-12-29 12:30:00,sim@hotboat.cl,1002600.0,leña,1500.0
2029-12-29 12:30:00,sim@hotboat.cl,1002600.0,agua,700.0
2029-12-29 12:30:00,sim@hotboat.cl,1002600.0,luz,520.0
2029-12-29 12:30:00,sim@hotboat.cl,1002600.0,gas,10000.0
2029-12-29 12:40:00,sim@hotboat.cl,1002601.0,leña,1500.0
2029-12-29 12:40:00,sim@hotboat.cl,1002601.0,agua,700.0
2029-12-29 12:40:00,sim@hotboat.cl,1002601.0,luz,520.0
2029-12-29 12:40:00,sim@hotboat.cl,1002601.0,gas,10000.0
2029-12-30 12:00:00,sim@hotboat.cl,1002602.0,leña,1500.0
2029-12-30 12:00:00,sim@hotboat.cl,1002602.0,agua,700.0
2029-12-30 12:00:00,sim@hotboat.cl,1002602.0,luz,520.0
2029-12-30 12:00:00,sim@hotboat.cl,1002602.0,gas,10000.0
2029-12-30 12:10:00,sim@hotboat.cl,1002603.0,leña,1500.0
2029-12-30 12:10:00,sim@hotboat.cl,1002603.0,agua,700.0
2029-12-30 12:10:00,sim@hotboat.cl,1002603.0,luz,520.0
2029-12-30 12:10:00,sim@hotboat.cl,1002603.0,gas,10000.0
2029-12-30 12:20:00,sim@hotboat.cl,1002604.0,leña,1500.0
2029-12-30 12:20:00,sim@hotboat.cl,1002604.0,agua,700.0
2029-12-30 12:20:00,sim@hotboat.cl,1002604.0,luz,520.0
2029-12-30 12:20:00,sim@hotboat.cl,1002604.0,gas,10000.0
2029-12-30 12:30:00,sim@hotboat.cl,1002605.0,leña,1500.0
2029-12-30 12:30:00,sim@hotboat.cl,1002605.0,agua,700.0
2029-12-30 12:30:00,sim@hotboat.cl,1002605.0,luz,520.0
2029-12-30 12:30:00,sim@hotboat.cl,1002605.0,gas,10000.0
2029-12-31 12:00:00,sim@hotboat.cl,1002606.0,leña,1500.0
2029-12-31 12:00:00,sim@hotboat.cl,1002606.0,agua,700.0
2029-12-31 12:00:00,sim@hotboat.cl,1002606.0,luz,520.0
2029-12-31 12:00:00,sim@hotboat.cl,1002606.0,gas,10000.0
2029-12-31 12:10:00,sim@hotboat.cl,1002607.0,leña,1500.0
2029-12-31 12:10:00,sim@hotboat.cl,1002607.0,agua,700.0
2029-12-31 12:10:00,sim@hotboat.cl,1002607.0,luz,520.0
2029-12-31 12:10:00,sim@hotboat.cl,1002607.0,gas,10000.0
2029-12-01 20:00:00,sim@hotboat.cl,,pago extra ayudante (diario),150000.0
2029-12-02 20:00:00,sim@hotboat.cl,,pago extra ayudante (diario),150000.0
2029-12-03 20:00:00,sim@hotboat.cl,,pago extra ayudante (diario),60000.0
2029-12-04 20:00:00,sim@hotboat.cl,,pago extra ayudante (diario),90000.0
2029-12-05 20:00:00,sim@hotboat.cl,,pago extra ayudante (diario),90000.0
2029-12-07 20:00:00,sim@hotboat.cl,,pago extra ayudante (diario),60000.0
2029-12-08 20:00:00,sim@hotboat.cl,,pago extra ayudante (diario),90000.0
2029-12-09 20:00:00,sim@hotboat.cl,,pago extra ayudante (diario),30000.0
2029-12-12 20:00:00,sim@hotboat.cl,,pago extra ayudante (diario),30000.0
2029-12-14 20:00:00,sim@hotboat.cl,,pago extra ayudante (diario),30000.0
2029-12-15 20:00:00,sim@hotboat.cl,,pago extra ayudante (diario),30000.0
2029-12-16 20:00:00,sim@hotboat.cl,,pago extra ayudante (diario),90000.0
2029-12-17 20:00:00,sim@hotboat.cl,,pago extra ayudante (diario),60000.0
2029-12-19 20:00:00,sim@hotboat.cl,,pago extra ayudante (diario),60000.0
2029-12-22 20:00:00,sim@hotboat.cl,,pago extra ayudante (diario),90000.0
2029-12-23 20:00:00,sim@hotboat.cl,,pago extra ayudante (diario),120000.0
2029-12-24 20:00:00,sim@hotboat.cl,,pago extra ayudante (diario),30000.0
2029-12-25 20:00:00,sim@hotboat.cl,,pago extra ayudante (diario),60000.0
2029-12-26 20:00:00,sim@hotboat.cl,,pago extra ayudante (diario),60000.0
2029-12-27 20:00:00,sim@hotboat.cl,,pago extra ayudante (diario),90000.0
2029-12-29 20:00:00,sim@hotboat.cl,,pago extra ayudante (diario),150000.0
2029-12-30 20:00:00,sim@hotboat.cl,,pago extra ayudante (diario),120000.0
2029-12-31 20:00:00,sim@hotboat.cl,,pago extra ayudante (diario),60000.0
2030-01-01 12:00:00,sim@hotboat.cl,1002608.0,leña,1500.0
2030-01-01 12:00:00,sim@hotboat.cl,1002608.0,agua,700.0
2030-01-01 12:00:00,sim@hotboat.cl,1002608.0,luz,520.0
2030-01-01 12:00:00,sim@hotboat.cl,1002608.0,gas,10000.0
2030-01-01 12:10:00,sim@hotboat.cl,1002609.0,leña,1500.0
2030-01-01 12:10:00,sim@hotboat.cl,1002609.0,agua,700.0
2030-01-01 12:10:00,sim@hotboat.cl,1002609.0,luz,520.0
2030-01-01 12:10:00,sim@hotboat.cl,1002609.0,gas,10000.0
2030-01-01 12:20:00,sim@hotboat.cl,1002610.0,leña,1500.0
2030-01-01 12:20:00,sim@hotboat.cl,1002610.0,agua,700.0
2030-01-01 12:20:00,sim@hotboat.cl,1002610.0,luz,520.0
2030-01-01 12:20:00,sim@hotboat.cl,1002610.0,gas,10000.0
2030-01-02 12:00:00,sim@hotboat.cl,1002611.0,leña,1500.0
2030-01-02 12:00:00,sim@hotboat.cl,1002611.0,agua,700.0
2030-01-02 12:00:00,sim@hotboat.cl,1002611.0,luz,520.0
2030-01-02 12:00:00,sim@hotboat.cl,1002611.0,gas,10000.0
2030-01-02 12:10:00,sim@hotboat.cl,1002612.0,leña,1500.0
2030-01-02 12:10:00,sim@hotboat.cl,1002612.0,agua,700.0
2030-01-02 12:10:00,sim@hotboat.cl,1002612.0,luz,520.0
2030-01-02 12:10:00,sim@hotboat.cl,1002612.0,gas,10000.0
2030-01-02 12:20:00,sim@hotboat.cl,1002613.0,leña,1500.0
2030-01-02 12:20:00,sim@hotboat.cl,1002613.0,agua,700.0
2030-01-02 12:20:00,sim@hotboat.cl,1002613.0,luz,520.0
2030-01-02 12:20:00,sim@hotboat.cl,1002613.0,gas,10000.0
2030-01-03 12:00:00,sim@hotboat.cl,1002614.0,leña,1500.0
2030-01-03 12:00:00,sim@hotboat.cl,1002614.0,agua,700.0
2030-01-03 12:00:00,sim@hotboat.cl,1002614.0,luz,520.0
2030-01-03 12:00:00,sim@hotboat.cl,1002614.0,gas,10000.0
2030-01-03 12:00:00,sim@hotboat.cl,1002615.0,leña,1500.0
2030-01-03 12:00:00,sim@hotboat.cl,1002615.0,agua,700.0
2030-01-03 12:00:00,sim@hotboat.cl,1002615.0,luz,520.0
2030-01-03 12:00:00,sim@hotboat.cl,1002615.0,gas,10000.0
2030-01-03 12:10:00,sim@hotboat.cl,1002616.0,leña,1500.0
2030-01-03 12:10:00,sim@hotboat.cl,1002616.0,agua,700.0
2030-01-03 12:10:00,sim@hotboat.cl,1002616.0,luz,520.0
2030-01-03 12:10:00,sim@hotboat.cl,1002616.0,gas,10000.0
2030-01-03 12:20:00,sim@hotboat.cl,1002617.0,leña,1500.0
2030-01-03 12:20:00,sim@hotboat.cl,1002617.0,agua,700.0
2030-01-03 12:20:00,sim@hotboat.cl,1002617.0,luz,520.0
2030-01-03 12:20:00,sim@hotboat.cl,1002617.0,gas,10000.0
2030-01-03 12:30:00,sim@hotboat.cl,1002618.0,leña,1500.0
2030-01-03 12:30:00,sim@hotboat.cl,1002618.0,agua,700.0
2030-01-03 12:30:00,sim@hotboat.cl,1002618.0,luz,520.0
2030-01-03 12:30:00,sim@hotboat.cl,1002618.0,gas,10000.0
2030-01-03 12:40:00,sim@hotboat.cl,1002619.0,leña,1500.0
2030-01-03 12:40:00,sim@hotboat.cl,1002619.0,agua,700.0
2030-01-03 12:40:00,sim@hotboat.cl,1002619.0,luz,520.0
2030-01-03 12:40:00,sim@hotboat.cl,1002619.0,gas,10000.0
2030-01-03 12:50:00,sim@hotboat.cl,1002620.0,leña,1500.0
2030-01-03 12:50:00,sim@hotboat.cl,1002620.0,agua,700.0
2030-01-03 12:50:00,sim@hotboat.cl,1002620.0,luz,520.0
2030-01-03 12:50:00,sim@hotboat.cl,1002620.0,gas,10000.0
2030-01-04 12:00:00,sim@hotboat.cl,1002621.0,leña,1500.0
2030-01-04 12:00:00,sim@hotboat.cl,1002621.0,agua,700.0
2030-01-04 12:00:00,sim@hotboat.cl,1002621.0,luz,520.0
2030-01-04 12:00:00,sim@hotboat.cl,1002621.0,gas,10000.0
2030-01-04 12:10:00,sim@hotboat.cl,1002622.0,leña,1500.0
2030-01-04 12:10:00,sim@hotboat.cl,1002622.0,agua,700.0
2030-01-04 12:10:00,sim@hotboat.cl,1002622.0,luz,520.0
2030-01-04 12:10:00,sim@hotboat.cl,1002622.0,gas,10000.0
2030-01-04 12:20:00,sim@hotboat.cl,1002623.0,leña,1500.0
2030-01-04 12:20:00,sim@hotboat.cl,1002623.0,agua,700.0
2030-01-04 12:20:00,sim@hotboat.cl,1002623.0,luz,520.0
2030-01-04 12:20:00,sim@hotboat.cl,1002623.0,gas,10000.0
2030-01-04 12:30:00,sim@hotboat.cl,1002624.0,leña,1500.0
2030-01-04 12:30:00,sim@hotboat.cl,1002624.0,agua,700.0
2030-01-04 12:30:00,sim@hotboat.cl,1002624.0,luz,520.0
2030-01-04 12:30:00,sim@hotboat.cl,1002624.0,gas,10000.0
2030-01-04 12:40:00,sim@hotboat.cl,1002625.0,leña,1500.0
2030-01-04 12:40:00,sim@hotboat.cl,1002625.0,agua,700.0
2030-01-04 12:40:00,sim@hotboat.cl,1002625.0,luz,520.0
2030-01-04 12:40:00,sim@hotboat.cl,1002625.0,gas,10000.0
2030-01-05 12:00:00,sim@hotboat.cl,1002626.0,leña,1500.0
2030-01-05 12:00:00,sim@hotboat.cl,1002626.0,agua,700.0
2030-01-05 12:00:00,sim@hotboat.cl,1002626.0,luz,520.0
2030-01-05 12:00:00,sim@hotboat.cl,1002626.0,gas,10000.0
2030-01-05 12:00:00,sim@hotboat.cl,1002627.0,leña,1500.0
2030-01-05 12:00:00,sim@hotboat.cl,1002627.0,agua,700.0
2030-01-05 12:00:00,sim@hotboat.cl,1002627.0,luz,520.0
2030-01-05 12:00:00,sim@hotboat.cl,1002627.0,gas,10000.0
2030-01-05 12:00:00,sim@hotboat.cl,1002628.0,leña,1500.0
2030-01-05 12:00:00,sim@hotboat.cl,1002628.0,agua,700.0
2030-01-05 12:00:00,sim@hotboat.cl,1002628.0,luz,520.0
2030-01-05 12:00:00,sim@hotboat.cl,1002628.0,gas,10000.0
2030-01-05 12:00:00,sim@hotboat.cl,1002629.0,leña,1500.0
2030-01-05 12:00:00,sim@hotboat.cl,1002629.0,agua,700.0
2030-01-05 12:00:00,sim@hotboat.cl,1002629.0,luz,520.0
2030-01-05 12:00:00,sim@hotboat.cl,1002629.0,gas,10000.0
2030-01-05 12:10:00,sim@hotboat.cl,1002630.0,leña,1500.0
2030-01-05 12:10:00,sim@hotboat.cl,1002630.0,agua,700.0
2030-01-05 12:10:00,sim@hotboat.cl,1002630.0,luz,520.0
2030-01-05 12:10:00,sim@hotboat.cl,1002630.0,gas,10000.0
2030-01-05 12:10:00,sim@hotboat.cl,1002631.0,leña,1500.0
2030-01-05 12:10:00,sim@hotboat.cl,1002631.0,agua,700.0
2030-01-05 12:10:00,sim@hotboat.cl,1002631.0,luz,520.0
2030-01-05 12:10:00,sim@hotboat.cl,1002631.0,gas,10000.0
2030-01-05 12:10:00,sim@hotboat.cl,1002632.0,leña,1500.0
2030-01-05 12:10:00,sim@hotboat.cl,1002632.0,agua,700.0
2030-01-05 12:10:00,sim@hotboat.cl,1002632.0,luz,520.0
2030-01-05 12:10:00,sim@hotboat.cl,1002632.0,gas,10000.0
2030-01-05 12:20:00,sim@hotboat.cl,1002633.0,leña,1500.0
2030-01-05 12:20:00,sim@hotboat.cl,1002633.0,agua,700.0
2030-01-05 12:20:00,sim@hotboat.cl,1002633.0,luz,520.0
2030-01-05 12:20:00,sim@hotboat.cl,1002633.0,gas,10000.0
2030-01-05 12:20:00,sim@hotboat.cl,1002634.0,leña,1500.0
2030-01-05 12:20:00,sim@hotboat.cl,1002634.0,agua,700.0
2030-01-05 12:20:00,sim@hotboat.cl,1002634.0,luz,520.0
2030-01-05 12:20:00,sim@hotboat.cl,1002634.0,gas,10000.0
2030-01-05 12:20:00,sim@hotboat.cl,1002635.0,leña,1500.0
2030-01-05 12:20:00,sim@hotboat.cl,1002635.0,agua,700.0
2030-01-05 12:20:00,sim@hotboat.cl,1002635.0,luz,520.0
2030-01-05 12:20:00,sim@hotboat.cl,1002635.0,gas,10000.0
2030-01-05 12:30:00,sim@hotboat.cl,1002636.0,leña,1500.0
2030-01-05 12:30:00,sim@hotboat.cl,1002636.0,agua,700.0
2030-01-05 12:30:00,sim@hotboat.cl,1002636.0,luz,520.0
2030-01-05 12:30:00,sim@hotboat.cl,1002636.0,gas,10000.0
2030-01-05 12:30:00,sim@hotboat.cl,1002637.0,leña,1500.0
2030-01-05 12:30:00,sim@hotboat.cl,1002637.0,agua,700.0
2030-01-05 12:30:00,sim@hotboat.cl,1002637.0,luz,520.0
2030-01-05 12:30:00,sim@hotboat.cl,1002637.0,gas,10000.0
2030-01-05 12:30:00,sim@hotboat.cl,1002638.0,leña,1500.0
2030-01-05 12:30:00,sim@hotboat.cl,1002638.0,agua,700.0
2030-01-05 12:30:00,sim@hotboat.cl,1002638.0,luz,520.0
2030-01-05 12:30:00,sim@hotboat.cl,1002638.0,gas,10000.0
2030-01-05 12:40:00,sim@hotboat.cl,1002639.0,leña,1500.0
2030-01-05 12:40:00,sim@hotboat.cl,1002639.0,agua,700.0
2030-01-05 12:40:00,sim@hotboat.cl,1002639.0,luz,520.0
2030-01-05 12:40:00,sim@hotboat.cl,1002639.0,gas,10000.0
2030-01-05 12:40:00,sim@hotboat.cl,1002640.0,leña,1500.0
2030-01-05 12:40:00,sim@hotboat.cl,1002640.0,agua,700.0
2030-01-05 12:40:00,sim@hotboat.cl,1002640.0,luz,520.0
2030-01-05 12:40:00,sim@hotboat.cl,1002640.0,gas,10000.0
2030-01-05 12:40:00,sim@hotboat.cl,1002641.0,leña,1500.0
2030-01-05 12:40:00,sim@hotboat.cl,1002641.0,agua,700.0
2030-01-05 12:40:00,sim@hotboat.cl,1002641.0,luz,520.0
2030-01-05 12:40:00,sim@hotboat.cl,1002641.0,gas,10000.0
2030-01-05 12:50:00,sim@hotboat.cl,1002642.0,leña,1500.0
2030-01-05 12:50:00,sim@hotboat.cl,1002642.0,agua,700.0
2030-01-05 12:50:00,sim@hotboat.cl,1002642.0,luz,520.0
2030-01-05 12:50:00,sim@hotboat.cl,1002642.0,gas,10000.0
2030-01-05 12:50:00,sim@hotboat.cl,1002643.0,leña,1500.0
2030-01-05 12:50:00,sim@hotboat.cl,1002643.0,agua,700.0
2030-01-05 12:50:00,sim@hotboat.cl,1002643.0,luz,520.0
2030-01-05 12:50:00,sim@hotboat.cl,1002643.0,gas,10000.0
2030-01-05 12:50:00,sim@hotboat.cl,1002644.0,leña,1500.0
2030-01-05 12:50:00,sim@hotboat.cl,1002644.0,agua,700.0
2030-01-05 12:50:00,sim@hotboat.cl,1002644.0,luz,520.0
2030-01-05 12:50:00,sim@hotboat.cl,1002644.0,gas,10000.0
2030-01-06 12:00:00,sim@hotboat.cl,1002645.0,leña,1500.0
2030-01-06 12:00:00,sim@hotboat.cl,1002645.0,agua,700.0
2030-01-06 12:00:00,sim@hotboat.cl,1002645.0,luz,520.0
2030-01-06 12:00:00,sim@hotboat.cl,1002645.0,gas,10000.0
2030-01-06 12:00:00,sim@hotboat.cl,1002646.0,leña,1500.0
2030-01-06 12:00:00,sim@hotboat.cl,1002646.0,agua,700.0
2030-01-06 12:00:00,sim@hotboat.cl,1002646.0,luz,520.0
2030-01-06 12:00:00,sim@hotboat.cl,1002646.0,gas,10000.0
2030-01-06 12:00:00,sim@hotboat.cl,1002647.0,leña,1500.0
2030-01-06 12:00:00,sim@hotboat.cl,1002647.0,agua,700.0
2030-01-06 12:00:00,sim@hotboat.cl,1002647.0,luz,520.0
2030-01-06 12:00:00,sim@hotboat.cl,1002647.0,gas,10000.0
2030-01-06 12:10:00,sim@hotboat.cl,1002648.0,leña,1500.0
2030-01-06 12:10:00,sim@hotboat.cl,1002648.0,agua,700.0
2030-01-06 12:10:00,sim@hotboat.cl,1002648.0,luz,520.0
2030-01-06 12:10:00,sim@hotboat.cl,1002648.0,gas,10000.0
2030-01-06 12:10:00,sim@hotboat.cl,1002649.0,leña,1500.0
2030-01-06 12:10:00,sim@hotboat.cl,1002649.0,agua,700.0
2030-01-06 12:10:00,sim@hotboat.cl,1002649.0,luz,520.0
2030-01-06 12:10:00,sim@hotboat.cl,1002649.0,gas,10000.0
2030-01-06 12:10:00,sim@hotboat.cl,1002650.0,leña,1500.0
2030-01-06 12:10:00,sim@hotboat.cl,1002650.0,agua,700.0
2030-01-06 12:10:00,sim@hotboat.cl,1002650.0,luz,520.0
2030-01-06 12:10:00,sim@hotboat.cl,1002650.0,gas,10000.0
2030-01-06 12:20:00,sim@hotboat.cl,1002651.0,leña,1500.0
2030-01-06 12:20:00,sim@hotboat.cl,1002651.0,agua,700.0
2030-01-06 12:20:00,sim@hotboat.cl,1002651.0,luz,520.0
2030-01-06 12:20:00,sim@hotboat.cl,1002651.0,gas,10000.0
2030-01-06 12:20:00,sim@hotboat.cl,1002652.0,leña,1500.0
2030-01-06 12:20:00,sim@hotboat.cl,1002652.0,agua,700.0
2030-01-06 12:20:00,sim@hotboat.cl,1002652.0,luz,520.0
2030-01-06 12:20:00,sim@hotboat.cl,1002652.0,gas,10000.0
2030-01-06 12:20:00,sim@hotboat.cl,1002653.0,leña,1500.0
2030-01-06 12:20:00,sim@hotboat.cl,1002653.0,agua,700.0
2030-01-06 12:20:00,sim@hotboat.cl,1002653.0,luz,520.0
2030-01-06 12:20:00,sim@hotboat.cl,1002653.0,gas,10000.0
2030-01-06 12:30:00,sim@hotboat.cl,1002654.0,leña,1500.0
2030-01-06 12:30:00,sim@hotboat.cl,1002654.0,agua,700.0
2030-01-06 12:30:00,sim@hotboat.cl,1002654.0,luz,520.0
2030-01-06 12:30:00,sim@hotboat.cl,1002654.0,gas,10000.0
2030-01-06 12:30:00,sim@hotboat.cl,1002655.0,leña,1500.0
2030-01-06 12:30:00,sim@hotboat.cl,1002655.0,agua,700.0
2030-01-06 12:30:00,sim@hotboat.cl,1002655.0,luz,520.0
2030-01-06 12:30:00,sim@hotboat.cl,1002655.0,gas,10000.0
2030-01-06 12:30:00,sim@hotboat.cl,1002656.0,leña,1500.0
2030-01-06 12:30:00,sim@hotboat.cl,1002656.0,agua,700.0
2030-01-06 12:30:00,sim@hotboat.cl,1002656.0,luz,520.0
2030-01-06 12:30:00,sim@hotboat.cl,1002656.0,gas,10000.0
2030-01-06 12:40:00,sim@hotboat.cl,1002657.0,leña,1500.0
2030-01-06 12:40:00,sim@hotboat.cl,1002657.0,agua,700.0
2030-01-06 12:40:00,sim@hotboat.cl,1002657.0,luz,520.0
2030-01-06 12:40:00,sim@hotboat.cl,1002657.0,gas,10000.0
2030-01-06 12:40:00,sim@hotboat.cl,1002658.0,leña,1500.0
2030-01-06 12:40:00,sim@hotboat.cl,1002658.0,agua,700.0
2030-01-06 12:40:00,sim@hotboat.cl,1002658.0,luz,520.0
2030-01-06 12:40:00,sim@hotboat.cl,1002658.0,gas,10000.0
2030-01-06 12:40:00,sim@hotboat.cl,1002659.0,leña,1500.0
2030-01-06 12:40:00,sim@hotboat.cl,1002659.0,agua,700.0
2030-01-06 12:40:00,sim@hotboat.cl,1002659.0,luz,520.0
2030-01-06 12:40:00,sim@hotboat.cl,1002659.0,gas,10000.0
2030-01-06 12:50:00,sim@hotboat.cl,1002660.0,leña,1500.0
2030-01-06 12:50:00,sim@hotboat.cl,1002660.0,agua,700.0
2030-01-06 12:50:00,sim@hotboat.cl,1002660.0,luz,520.0
2030-01-06 12:50:00,sim@hotboat.cl,1002660.0,gas,10000.0
2030-01-06 12:50:00,sim@hotboat.cl,1002661.0,leña,1500.0
2030-01-06 12:50:00,sim@hotboat.cl,1002661.0,agua,700.0
2030-01-06 12:50:00,sim@hotboat.cl,1002661.0,luz,520.0
2030-01-06 12:50:00,sim@hotboat.cl,1002661.0,gas,10000.0
2030-01-07 12:00:00,sim@hotboat.cl,1002662.0,leña,1500.0
2030-01-07 12:00:00,sim@hotboat.cl,1002662.0,agua,700.0
2030-01-07 12:00:00,sim@hotboat.cl,1002662.0,luz,520.0
2030-01-07 12:00:00,sim@hotboat.cl,1002662.0,gas,10000.0
2030-01-07 12:10:00,sim@hotboat.cl,1002663.0,leña,1500.0
2030-01-07 12:10:00,sim@hotboat.cl,1002663.0,agua,700.0
2030-01-07 12:10:00,sim@hotboat.cl,1002663.0,luz,520.0
2030-01-07 12:10:00,sim@hotboat.cl,1002663.0,gas,10000.0
2030-01-07 12:20:00,sim@hotboat.cl,1002664.0,leña,1500.0
2030-01-07 12:20:00,sim@hotboat.cl,1002664.0,agua,700.0
2030-01-07 12:20:00,sim@hotboat.cl,1002664.0,luz,520.0
2030-01-07 12:20:00,sim@hotboat.cl,1002664.0,gas,10000.0
2030-01-07 12:30:00,sim@hotboat.cl,1002665.0,leña,1500.0
2030-01-07 12:30:00,sim@hotboat.cl,1002665.0,agua,700.0
2030-01-07 12:30:00,sim@hotboat.cl,1002665.0,luz,520.0
2030-01-07 12:30:00,sim@hotboat.cl,1002665.0,gas,10000.0
2030-01-08 12:00:00,sim@hotboat.cl,1002666.0,leña,1500.0
2030-01-08 12:00:00,sim@hotboat.cl,1002666.0,agua,700.0
2030-01-08 12:00:00,sim@hotboat.cl,1002666.0,luz,520.0
2030-01-08 12:00:00,sim@hotboat.cl,1002666.0,gas,10000.0
2030-01-08 12:10:00,sim@hotboat.cl,1002667.0,leña,1500.0
2030-01-08 12:10:00,sim@hotboat.cl,1002667.0,agua,700.0
2030-01-08 12:10:00,sim@hotboat.cl,1002667.0,luz,520.0
2030-01-08 12:10:00,sim@hotboat.cl,1002667.0,gas,10000.0
2030-01-08 12:20:00,sim@hotboat.cl,1002668.0,leña,1500.0
2030-01-08 12:20:00,sim@hotboat.cl,1002668.0,agua,700.0
2030-01-08 12:20:00,sim@hotboat.cl,1002668.0,luz,520.0
2030-01-08 12:20:00,sim@hotboat.cl,1002668.0,gas,10000.0
2030-01-08 12:30:00,sim@hotboat.cl,1002669.0,leña,1500.0
2030-01-08 12:30:00,sim@hotboat.cl,1002669.0,agua,700.0
2030-01-08 12:30:00,sim@hotboat.cl,1002669.0,luz,520.0
2030-01-08 12:30:00,sim@hotboat.cl,1002669.0,gas,10000.0
2030-01-09 12:00:00,sim@hotboat.cl,1002670.0,leña,1500.0
2030-01-09 12:00:00,sim@hotboat.cl,1002670.0,agua,700.0
2030-01-09 12:00:00,sim@hotboat.cl,1002670.0,luz,520.0
2030-01-09 12:00:00,sim@hotboat.cl,1002670.0,gas,10000.0
2030-01-09 12:10:00,sim@hotboat.cl,1002671.0,leña,1500.0
2030-01-09 12:10:00,sim@hotboat.cl,1002671.0,agua,700.0
2030-01-09 12:10:00,sim@hotboat.cl,1002671.0,luz,520.0
2030-01-09 12:10:00,sim@hotboat.cl,1002671.0,gas,10000.0
2030-01-10 12:00:00,sim@hotboat.cl,1002672.0,leña,1500.0
2030-01-10 12:00:00,sim@hotboat.cl,1002672.0,agua,700.0
2030-01-10 12:00:00,sim@hotboat.cl,1002672.0,luz,520.0
2030-01-10 12:00:00,sim@hotboat.cl,1002672.0,gas,10000.0
2030-01-10 12:10:00,sim@hotboat.cl,1002673.0,leña,1500.0
2030-01-10 12:10:00,sim@hotboat.cl,1002673.0,agua,700.0
2030-01-10 12:10:00,sim@hotboat.cl,1002673.0,luz,520.0
2030-01-10 12:10:00,sim@hotboat.cl,1002673.0,gas,10000.0
2030-01-10 12:20:00,sim@hotboat.cl,1002674.0,leña,1500.0
2030-01-10 12:20:00,sim@hotboat.cl,1002674.0,agua,700.0
2030-01-10 12:20:00,sim@hotboat.cl,1002674.0,luz,520.0
2030-01-10 12:20:00,sim@hotboat.cl,1002674.0,gas,10000.0
2030-01-11 12:00:00,sim@hotboat.cl,1002675.0,leña,1500.0
2030-01-11 12:00:00,sim@hotboat.cl,1002675.0,agua,700.0
2030-01-11 12:00:00,sim@hotboat.cl,1002675.0,luz,520.0
2030-01-11 12:00:00,sim@hotboat.cl,1002675.0,gas,10000.0
2030-01-12 12:00:00,sim@hotboat.cl,1002676.0,leña,1500.0
2030-01-12 12:00:00,sim@hotboat.cl,1002676.0,agua,700.0
2030-01-12 12:00:00,sim@hotboat.cl,1002676.0,luz,520.0
2030-01-12 12:00:00,sim@hotboat.cl,1002676.0,gas,10000.0
2030-01-12 12:00:00,sim@hotboat.cl,1002677.0,leña,1500.0
2030-01-12 12:00:00,sim@hotboat.cl,1002677.0,agua,700.0
2030-01-12 12:00:00,sim@hotboat.cl,1002677.0,luz,520.0
2030-01-12 12:00:00,sim@hotboat.cl,1002677.0,gas,10000.0
2030-01-12 12:00:00,sim@hotboat.cl,1002678.0,leña,1500.0
2030-01-12 12:00:00,sim@hotboat.cl,1002678.0,agua,700.0
2030-01-12 12:00:00,sim@hotboat.cl,1002678.0,luz,520.0
2030-01-12 12:00:00,sim@hotboat.cl,1002678.0,gas,10000.0
2030-01-12 12:10:00,sim@hotboat.cl,1002679.0,leña,1500.0
2030-01-12 12:10:00,sim@hotboat.cl,1002679.0,agua,700.0
2030-01-12 12:10:00,sim@hotboat.cl,1002679.0,luz,520.0
2030-01-12 12:10:00,sim@hotboat.cl,1002679.0,gas,10000.0
2030-01-12 12:10:00,sim@hotboat.cl,1002680.0,leña,1500.0
2030-01-12 12:10:00,sim@hotboat.cl,1002680.0,agua,700.0
2030-01-12 12:10:00,sim@hotboat.cl,1002680.0,luz,520.0
2030-01-12 12:10:00,sim@hotboat.cl,1002680.0,gas,10000.0
2030-01-12 12:10:00,sim@hotboat.cl,1002681.0,leña,1500.0
2030-01-12 12:10:00,sim@hotboat.cl,1002681.0,agua,700.0
2030-01-12 12:10:00,sim@hotboat.cl,1002681.0,luz,520.0
2030-01-12 12:10:00,sim@hotboat.cl,1002681.0,gas,10000.0
2030-01-12 12:20:00,sim@hotboat.cl,1002682.0,leña,1500.0
2030-01-12 12:20:00,sim@hotboat.cl,1002682.0,agua,700.0
2030-01-12 12:20:00,sim@hotboat.cl,1002682.0,luz,520.0
2030-01-12 12:20:00,sim@hotboat.cl,1002682.0,gas,10000.0
2030-01-12 12:20:00,sim@hotboat.cl,1002683.0,leña,1500.0
2030-01-12 12:20:00,sim@hotboat.cl,1002683.0,agua,700.0
2030-01-12 12:20:00,sim@hotboat.cl,1002683.0,luz,520.0
2030-01-12 12:20:00,sim@hotboat.cl,1002683.0,gas,10000.0
2030-01-12 12:20:00,sim@hotboat.cl,1002684.0,leña,1500.0
2030-01-12 12:20:00,sim@hotboat.cl,1002684.0,agua,700.0
2030-01-12 12:20:00,sim@hotboat.cl,1002684.0,luz,520.0
2030-01-12 12:20:00,sim@hotboat.cl,1002684.0,gas,10000.0
2030-01-12 12:30:00,sim@hotboat.cl,1002685.0,leña,1500.0
2030-01-12 12:30:00,sim@hotboat.cl,1002685.0,agua,700.0
2030-01-12 12:30:00,sim@hotboat.cl,1002685.0,luz,520.0
2030-01-12 12:30:00,sim@hotboat.cl,1002685.0,gas,10000.0
2030-01-12 12:30:00,sim@hotboat.cl,1002686.0,leña,1500.0
2030-01-12 12:30:00,sim@hotboat.cl,1002686.0,agua,700.0
2030-01-12 12:30:00,sim@hotboat.cl,1002686.0,luz,520.0
2030-01-12 12:30:00,sim@hotboat.cl,1002686.0,gas,10000.0
2030-01-12 12:40:00,sim@hotboat.cl,1002687.0,leña,1500.0
2030-01-12 12:40:00,sim@hotboat.cl,1002687.0,agua,700.0
2030-01-12 12:40:00,sim@hotboat.cl,1002687.0,luz,520.0
2030-01-12 12:40:00,sim@hotboat.cl,1002687.0,gas,10000.0
2030-01-12 12:40:00,sim@hotboat.cl,1002688.0,leña,1500.0
2030-01-12 12:40:00,sim@hotboat.cl,1002688.0,agua,700.0
2030-01-12 12:40:00,sim@hotboat.cl,1002688.0,luz,520.0
2030-01-12 12:40:00,sim@hotboat.cl,1002688.0,gas,10000.0
2030-01-12 12:50:00,sim@hotboat.cl,1002689.0,leña,1500.0
2030-01-12 12:50:00,sim@hotboat.cl,1002689.0,agua,700.0
2030-01-12 12:50:00,sim@hotboat.cl,1002689.0,luz,520.0
2030-01-12 12:50:00,sim@hotboat.cl,1002689.0,gas,10000.0
2030-01-12 12:50:00,sim@hotboat.cl,1002690.0,leña,1500.0
2030-01-12 12:50:00,sim@hotboat.cl,1002690.0,agua,700.0
2030-01-12 12:50:00,sim@hotboat.cl,1002690.0,luz,520.0
2030-01-12 12:50:00,sim@hotboat.cl,1002690.0,gas,10000.0
2030-01-13 12:00:00,sim@hotboat.cl,1002691.0,leña,1500.0
2030-01-13 12:00:00,sim@hotboat.cl,1002691.0,agua,700.0
2030-01-13 12:00:00,sim@hotboat.cl,1002691.0,luz,520.0
2030-01-13 12:00:00,sim@hotboat.cl,1002691.0,gas,10000.0
2030-01-13 12:00:00,sim@hotboat.cl,1002692.0,leña,1500.0
2030-01-13 12:00:00,sim@hotboat.cl,1002692.0,agua,700.0
2030-01-13 12:00:00,sim@hotboat.cl,1002692.0,luz,520.0
2030-01-13 12:00:00,sim@hotboat.cl,1002692.0,gas,10000.0
2030-01-13 12:10:00,sim@hotboat.cl,1002693.0,leña,1500.0
2030-01-13 12:10:00,sim@hotboat.cl,1002693.0,agua,700.0
2030-01-13 12:10:00,sim@hotboat.cl,1002693.0,luz,520.0
2030-01-13 12:10:00,sim@hotboat.cl,1002693.0,gas,10000.0
2030-01-13 12:10:00,sim@hotboat.cl,1002694.0,leña,1500.0
2030-01-13 12:10:00,sim@hotboat.cl,1002694.0,agua,700.0
2030-01-13 12:10:00,sim@hotboat.cl,1002694.0,luz,520.0
2030-01-13 12:10:00,sim@hotboat.cl,1002694.0,gas,10000.0
2030-01-13 12:20:00,sim@hotboat.cl,1002695.0,leña,1500.0
2030-01-13 12:20:00,sim@hotboat.cl,1002695.0,agua,700.0
2030-01-13 12:20:00,sim@hotboat.cl,1002695.0,luz,520.0
2030-01-13 12:20:00,sim@hotboat.cl,1002695.0,gas,10000.0
2030-01-13 12:20:00,sim@hotboat.cl,1002696.0,leña,1500.0
2030-01-13 12:20:00,sim@hotboat.cl,1002696.0,agua,700.0
2030-01-13 12:20:00,sim@hotboat.cl,1002696.0,luz,520.0
2030-01-13 12:20:00,sim@hotboat.cl,1002696.0,gas,10000.0
2030-01-13 12:30:00,sim@hotboat.cl,1002697.0,leña,1500.0
2030-01-13 12:30:00,sim@hotboat.cl,1002697.0,agua,700.0
2030-01-13 12:30:00,sim@hotboat.cl,1002697.0,luz,520.0
2030-01-13 12:30:00,sim@hotboat.cl,1002697.0,gas,10000.0
2030-01-13 12:30:00,sim@hotboat.cl,1002698.0,leña,1500.0
2030-01-13 12:30:00,sim@hotboat.cl,1002698.0,agua,700.0
2030-01-13 12:30:00,sim@hotboat.cl,1002698.0,luz,520.0
2030-01-13 12:30:00,sim@hotboat.cl,1002698.0,gas,10000.0
2030-01-13 12:40:00,sim@hotboat.cl,1002699.0,leña,1500.0
2030-01-13 12:40:00,sim@hotboat.cl,1002699.0,agua,700.0
2030-01-13 12:40:00,sim@hotboat.cl,1002699.0,luz,520.0
2030-01-13 12:40:00,sim@hotboat.cl,1002699.0,gas,10000.0
2030-01-13 12:40:00,sim@hotboat.cl,1002700.0,leña,1500.0
2030-01-13 12:40:00,sim@hotboat.cl,1002700.0,agua,700.0
2030-01-13 12:40:00,sim@hotboat.cl,1002700.0,luz,520.0
2030-01-13 12:40:00,sim@hotboat.cl,1002700.0,gas,10000.0
2030-01-13 12:50:00,sim@hotboat.cl,1002701.0,leña,1500.0
2030-01-13 12:50:00,sim@hotboat.cl,1002701.0,agua,700.0
2030-01-13 12:50:00,sim@hotboat.cl,1002701.0,luz,520.0
2030-01-13 12:50:00,sim@hotboat.cl,1002701.0,gas,10000.0
2030-01-14 12:00:00,sim@hotboat.cl,1002702.0,leña,1500.0
2030-01-14 12:00:00,sim@hotboat.cl,1002702.0,agua,700.0
2030-01-14 12:00:00,sim@hotboat.cl,1002702.0,luz,520.0
2030-01-14 12:00:00,sim@hotboat.cl,1002702.0,gas,10000.0
2030-01-14 12:10:00,sim@hotboat.cl,1002703.0,leña,1500.0
2030-01-14 12:10:00,sim@hotboat.cl,1002703.0,agua,700.0
2030-01-14 12:10:00,sim@hotboat.cl,1002703.0,luz,520.0
2030-01-14 12:10:00,sim@hotboat.cl,1002703.0,gas,10000.0
2030-01-14 12:20:00,sim@hotboat.cl,1002704.0,leña,1500.0
2030-01-14 12:20:00,sim@hotboat.cl,1002704.0,agua,700.0
2030-01-14 12:20:00,sim@hotboat.cl,1002704.0,luz,520.0
2030-01-14 12:20:00,sim@hotboat.cl,1002704.0,gas,10000.0
2030-01-15 12:00:00,sim@hotboat.cl,1002705.0,leña,1500.0
2030-01-15 12:00:00,sim@hotboat.cl,1002705.0,agua,700.0
2030-01-15 12:00:00,sim@hotboat.cl,1002705.0,luz,520.0
2030-01-15 12:00:00,sim@hotboat.cl,1002705.0,gas,10000.0
2030-01-15 12:10:00,sim@hotboat.cl,1002706.0,leña,1500.0
2030-01-15 12:10:00,sim@hotboat.cl,1002706.0,agua,700.0
2030-01-15 12:10:00,sim@hotboat.cl,1002706.0,luz,520.0
2030-01-15 12:10:00,sim@hotboat.cl,1002706.0,gas,10000.0
2030-01-15 12:20:00,sim@hotboat.cl,1002707.0,leña,1500.0
2030-01-15 12:20:00,sim@hotboat.cl,1002707.0,agua,700.0
2030-01-15 12:20:00,sim@hotboat.cl,1002707.0,luz,520.0
2030-01-15 12:20:00,sim@hotboat.cl,1002707.0,gas,10000.0
2030-01-15 12:30:00,sim@hotboat.cl,1002708.0,leña,1500.0
2030-01-15 12:30:00,sim@hotboat.cl,1002708.0,agua,700.0
2030-01-15 12:30:00,sim@hotboat.cl,1002708.0,luz,520.0
2030-01-15 12:30:00,sim@hotboat.cl,1002708.0,gas,10000.0
2030-01-15 12:40:00,sim@hotboat.cl,1002709.0,leña,1500.0
2030-01-15 12:40:00,sim@hotboat.cl,1002709.0,agua,700.0
2030-01-15 12:40:00,sim@hotboat.cl,1002709.0,luz,520.0
2030-01-15 12:40:00,sim@hotboat.cl,1002709.0,gas,10000.0
2030-01-15 12:50:00,sim@hotboat.cl,1002710.0,leña,1500.0
2030-01-15 12:50:00,sim@hotboat.cl,1002710.0,agua,700.0
2030-01-15 12:50:00,sim@hotboat.cl,1002710.0,luz,520.0
2030-01-15 12:50:00,sim@hotboat.cl,1002710.0,gas,10000.0
2030-01-16 12:00:00,sim@hotboat.cl,1002711.0,leña,1500.0
2030-01-16 12:00:00,sim@hotboat.cl,1002711.0,agua,700.0
2030-01-16 12:00:00,sim@hotboat.cl,1002711.0,luz,520.0
2030-01-16 12:00:00,sim@hotboat.cl,1002711.0,gas,10000.0
2030-01-16 12:10:00,sim@hotboat.cl,1002712.0,leña,1500.0
2030-01-16 12:10:00,sim@hotboat.cl,1002712.0,agua,700.0
2030-01-16 12:10:00,sim@hotboat.cl,1002712.0,luz,520.0
2030-01-16 12:10:00,sim@hotboat.cl,1002712.0,gas,10000.0
2030-01-16 12:20:00,sim@hotboat.cl,1002713.0,leña,1500.0
2030-01-16 12:20:00,sim@hotboat.cl,1002713.0,agua,700.0
2030-01-16 12:20:00,sim@hotboat.cl,1002713.0,luz,520.0
2030-01-16 12:20:00,sim@hotboat.cl,1002713.0,gas,10000.0
2030-01-16 12:30:00,sim@hotboat.cl,1002714.0,leña,1500.0
2030-01-16 12:30:00,sim@hotboat.cl,1002714.0,agua,700.0
2030-01-16 12:30:00,sim@hotboat.cl,1002714.0,luz,520.0
2030-01-16 12:30:00,sim@hotboat.cl,1002714.0,gas,10000.0
2030-01-16 12:40:00,sim@hotboat.cl,1002715.0,leña,1500.0
2030-01-16 12:40:00,sim@hotboat.cl,1002715.0,agua,700.0
2030-01-16 12:40:00,sim@hotboat.cl,1002715.0,luz,520.0
2030-01-16 12:40:00,sim@hotboat.cl,1002715.0,gas,10000.0
2030-01-17 12:00:00,sim@hotboat.cl,1002716.0,leña,1500.0
2030-01-17 12:00:00,sim@hotboat.cl,1002716.0,agua,700.0
2030-01-17 12:00:00,sim@hotboat.cl,1002716.0,luz,520.0
2030-01-17 12:00:00,sim@hotboat.cl,1002716.0,gas,10000.0
2030-01-17 12:10:00,sim@hotboat.cl,1002717.0,leña,1500.0
2030-01-17 12:10:00,sim@hotboat.cl,1002717.0,agua,700.0
2030-01-17 12:10:00,sim@hotboat.cl,1002717.0,luz,520.0
2030-01-17 12:10:00,sim@hotboat.cl,1002717.0,gas,10000.0
2030-01-17 12:20:00,sim@hotboat.cl,1002718.0,leña,1500.0
2030-01-17 12:20:00,sim@hotboat.cl,1002718.0,agua,700.0
2030-01-17 12:20:00,sim@hotboat.cl,1002718.0,luz,520.0
2030-01-17 12:20:00,sim@hotboat.cl,1002718.0,gas,10000.0
2030-01-17 12:30:00,sim@hotboat.cl,1002719.0,leña,1500.0
2030-01-17 12:30:00,sim@hotboat.cl,1002719.0,agua,700.0
2030-01-17 12:30:00,sim@hotboat.cl,1002719.0,luz,520.0
2030-01-17 12:30:00,sim@hotboat.cl,1002719.0,gas,10000.0
2030-01-17 12:40:00,sim@hotboat.cl,1002720.0,leña,1500.0
2030-01-17 12:40:00,sim@hotboat.cl,1002720.0,agua,700.0
2030-01-17 12:40:00,sim@hotboat.cl,1002720.0,luz,520.0
2030-01-17 12:40:00,sim@hotboat.cl,1002720.0,gas,10000.0
2030-01-18 12:00:00,sim@hotboat.cl,1002721.0,leña,1500.0
2030-01-18 12:00:00,sim@hotboat.cl,1002721.0,agua,700.0
2030-01-18 12:00:00,sim@hotboat.cl,1002721.0,luz,520.0
2030-01-18 12:00:00,sim@hotboat.cl,1002721.0,gas,10000.0
2030-01-19 12:00:00,sim@hotboat.cl,1002722.0,leña,1500.0
2030-01-19 12:00:00,sim@hotboat.cl,1002722.0,agua,700.0
2030-01-19 12:00:00,sim@hotboat.cl,1002722.0,luz,520.0
2030-01-19 12:00:00,sim@hotboat.cl,1002722.0,gas,10000.0
2030-01-19 12:00:00,sim@hotboat.cl,1002723.0,leña,1500.0
2030-01-19 12:00:00,sim@hotboat.cl,1002723.0,agua,700.0
2030-01-19 12:00:00,sim@hotboat.cl,1002723.0,luz,520.0
2030-01-19 12:00:00,sim@hotboat.cl,1002723.0,gas,10000.0
2030-01-19 12:00:00,sim@hotboat.cl,1002724.0,leña,1500.0
2030-01-19 12:00:00,sim@hotboat.cl,1002724.0,agua,700.0
2030-01-19 12:00:00,sim@hotboat.cl,1002724.0,luz,520.0
2030-01-19 12:00:00,sim@hotboat.cl,1002724.0,gas,10000.0
2030-01-19 12:10:00,sim@hotboat.cl,1002725.0,leña,1500.0
2030-01-19 12:10:00,sim@hotboat.cl,1002725.0,agua,700.0
2030-01-19 12:10:00,sim@hotboat.cl,1002725.0,luz,520.0
2030-01-19 12:10:00,sim@hotboat.cl,1002725.0,gas,10000.0
2030-01-19 12:10:00,sim@hotboat.cl,1002726.0,leña,1500.0
2030-01-19 12:10:00,sim@hotboat.cl,1002726.0,agua,700.0
2030-01-19 12:10:00,sim@hotboat.cl,1002726.0,luz,520.0
2030-01-19 12:10:00,sim@hotboat.cl,1002726.0,gas,10000.0
2030-01-19 12:10:00,sim@hotboat.cl,1002727.0,leña,1500.0
2030-01-19 12:10:00,sim@hotboat.cl,1002727.0,agua,700.0
2030-01-19 12:10:00,sim@hotboat.cl,1002727.0,luz,520.0
2030-01-19 12:10:00,sim@hotboat.cl,1002727.0,gas,10000.0
2030-01-19 12:20:00,sim@hotboat.cl,1002728.0,leña,1500.0
2030-01-19 12:20:00,sim@hotboat.cl,1002728.0,agua,700.0
2030-01-19 12:20:00,sim@hotboat.cl,1002728.0,luz,520.0
2030-01-19 12:20:00,sim@hotboat.cl,1002728.0,gas,10000.0
2030-01-19 12:20:00,sim@hotboat.cl,1002729.0,leña,1500.0
2030-01-19 12:20:00,sim@hotboat.cl,1002729.0,agua,700.0
2030-01-19 12:20:00,sim@hotboat.cl,1002729.0,luz,520.0
2030-01-19 12:20:00,sim@hotboat.cl,1002729.0,gas,10000.0
2030-01-19 12:30:00,sim@hotboat.cl,1002730.0,leña,1500.0
2030-01-19 12:30:00,sim@hotboat.cl,1002730.0,agua,700.0
2030-01-19 12:30:00,sim@hotboat.cl,1002730.0,luz,520.0
2030-01-19 12:30:00,sim@hotboat.cl,1002730.0,gas,10000.0
2030-01-19 12:30:00,sim@hotboat.cl,1002731.0,leña,1500.0
2030-01-19 12:30:00,sim@hotboat.cl,1002731.0,agua,700.0
2030-01-19 12:30:00,sim@hotboat.cl,1002731.0,luz,520.0
2030-01-19 12:30:00,sim@hotboat.cl,1002731.0,gas,10000.0
2030-01-19 12:40:00,sim@hotboat.cl,1002732.0,leña,1500.0
2030-01-19 12:40:00,sim@hotboat.cl,1002732.0,agua,700.0
2030-01-19 12:40:00,sim@hotboat.cl,1002732.0,luz,520.0
2030-01-19 12:40:00,sim@hotboat.cl,1002732.0,gas,10000.0
2030-01-19 12:40:00,sim@hotboat.cl,1002733.0,leña,1500.0
2030-01-19 12:40:00,sim@hotboat.cl,1002733.0,agua,700.0
2030-01-19 12:40:00,sim@hotboat.cl,1002733.0,luz,520.0
2030-01-19 12:40:00,sim@hotboat.cl,1002733.0,gas,10000.0
2030-01-19 12:50:00,sim@hotboat.cl,1002734.0,leña,1500.0
2030-01-19 12:50:00,sim@hotboat.cl,1002734.0,agua,700.0
2030-01-19 12:50:00,sim@hotboat.cl,1002734.0,luz,520.0
2030-01-19 12:50:00,sim@hotboat.cl,1002734.0,gas,10000.0
2030-01-19 12:50:00,sim@hotboat.cl,1002735.0,leña,1500.0
2030-01-19 12:50:00,sim@hotboat.cl,1002735.0,agua,700.0
2030-01-19 12:50:00,sim@hotboat.cl,1002735.0,luz,520.0
2030-01-19 12:50:00,sim@hotboat.cl,1002735.0,gas,10000.0
2030-01-20 12:00:00,sim@hotboat.cl,1002736.0,leña,1500.0
2030-01-20 12:00:00,sim@hotboat.cl,1002736.0,agua,700.0
2030-01-20 12:00:00,sim@hotboat.cl,1002736.0,luz,520.0
2030-01-20 12:00:00,sim@hotboat.cl,1002736.0,gas,10000.0
2030-01-20 12:00:00,sim@hotboat.cl,1002737.0,leña,1500.0
2030-01-20 12:00:00,sim@hotboat.cl,1002737.0,agua,700.0
2030-01-20 12:00:00,sim@hotboat.cl,1002737.0,luz,520.0
2030-01-20 12:00:00,sim@hotboat.cl,1002737.0,gas,10000.0
2030-01-20 12:00:00,sim@hotboat.cl,1002738.0,leña,1500.0
2030-01-20 12:00:00,sim@hotboat.cl,1002738.0,agua,700.0
2030-01-20 12:00:00,sim@hotboat.cl,1002738.0,luz,520.0
2030-01-20 12:00:00,sim@hotboat.cl,1002738.0,gas,10000.0
2030-01-20 12:10:00,sim@hotboat.cl,1002739.0,leña,1500.0
2030-01-20 12:10:00,sim@hotboat.cl,1002739.0,agua,700.0
2030-01-20 12:10:00,sim@hotboat.cl,1002739.0,luz,520.0
2030-01-20 12:10:00,sim@hotboat.cl,1002739.0,gas,10000.0
2030-01-20 12:10:00,sim@hotboat.cl,1002740.0,leña,1500.0
2030-01-20 12:10:00,sim@hotboat.cl,1002740.0,agua,700.0
2030-01-20 12:10:00,sim@hotboat.cl,1002740.0,luz,520.0
2030-01-20 12:10:00,sim@hotboat.cl,1002740.0,gas,10000.0
2030-01-20 12:10:00,sim@hotboat.cl,1002741.0,leña,1500.0
2030-01-20 12:10:00,sim@hotboat.cl,1002741.0,agua,700.0
2030-01-20 12:10:00,sim@hotboat.cl,1002741.0,luz,520.0
2030-01-20 12:10:00,sim@hotboat.cl,1002741.0,gas,10000.0
2030-01-20 12:20:00,sim@hotboat.cl,1002742.0,leña,1500.0
2030-01-20 12:20:00,sim@hotboat.cl,1002742.0,agua,700.0
2030-01-20 12:20:00,sim@hotboat.cl,1002742.0,luz,520.0
2030-01-20 12:20:00,sim@hotboat.cl,1002742.0,gas,10000.0
2030-01-20 12:20:00,sim@hotboat.cl,1002743.0,leña,1500.0
2030-01-20 12:20:00,sim@hotboat.cl,1002743.0,agua,700.0
2030-01-20 12:20:00,sim@hotboat.cl,1002743.0,luz,520.0
2030-01-20 12:20:00,sim@hotboat.cl,1002743.0,gas,10000.0
2030-01-20 12:20:00,sim@hotboat.cl,1002744.0,leña,1500.0
2030-01-20 12:20:00,sim@hotboat.cl,1002744.0,agua,700.0
2030-01-20 12:20:00,sim@hotboat.cl,1002744.0,luz,520.0
2030-01-20 12:20:00,sim@hotboat.cl,1002744.0,gas,10000.0
2030-01-20 12:30:00,sim@hotboat.cl,1002745.0,leña,1500.0
2030-01-20 12:30:00,sim@hotboat.cl,1002745.0,agua,700.0
2030-01-20 12:30:00,sim@hotboat.cl,1002745.0,luz,520.0
2030-01-20 12:30:00,sim@hotboat.cl,1002745.0,gas,10000.0
2030-01-20 12:30:00,sim@hotboat.cl,1002746.0,leña,1500.0
2030-01-20 12:30:00,sim@hotboat.cl,1002746.0,agua,700.0
2030-01-20 12:30:00,sim@hotboat.cl,1002746.0,luz,520.0
2030-01-20 12:30:00,sim@hotboat.cl,1002746.0,gas,10000.0
2030-01-20 12:30:00,sim@hotboat.cl,1002747.0,leña,1500.0
2030-01-20 12:30:00,sim@hotboat.cl,1002747.0,agua,700.0
2030-01-20 12:30:00,sim@hotboat.cl,1002747.0,luz,520.0
2030-01-20 12:30:00,sim@hotboat.cl,1002747.0,gas,10000.0
2030-01-20 12:40:00,sim@hotboat.cl,1002748.0,leña,1500.0
2030-01-20 12:40:00,sim@hotboat.cl,1002748.0,agua,700.0
2030-01-20 12:40:00,sim@hotboat.cl,1002748.0,luz,520.0
2030-01-20 12:40:00,sim@hotboat.cl,1002748.0,gas,10000.0
2030-01-20 12:40:00,sim@hotboat.cl,1002749.0,leña,1500.0
2030-01-20 12:40:00,sim@hotboat.cl,1002749.0,agua,700.0
2030-01-20 12:40:00,sim@hotboat.cl,1002749.0,luz,520.0
2030-01-20 12:40:00,sim@hotboat.cl,1002749.0,gas,10000.0
2030-01-20 12:40:00,sim@hotboat.cl,1002750.0,leña,1500.0
2030-01-20 12:40:00,sim@hotboat.cl,1002750.0,agua,700.0
2030-01-20 12:40:00,sim@hotboat.cl,1002750.0,luz,520.0
2030-01-20 12:40:00,sim@hotboat.cl,1002750.0,gas,10000.0
2030-01-20 12:50:00,sim@hotboat.cl,1002751.0,leña,1500.0
2030-01-20 12:50:00,sim@hotboat.cl,1002751.0,agua,700.0
2030-01-20 12:50:00,sim@hotboat.cl,1002751.0,luz,520.0
2030-01-20 12:50:00,sim@hotboat.cl,1002751.0,gas,10000.0
2030-01-20 12:50:00,sim@hotboat.cl,1002752.0,leña,1500.0
2030-01-20 12:50:00,sim@hotboat.cl,1002752.0,agua,700.0
2030-01-20 12:50:00,sim@hotboat.cl,1002752.0,luz,520.0
2030-01-20 12:50:00,sim@hotboat.cl,1002752.0,gas,10000.0
2030-01-21 12:00:00,sim@hotboat.cl,1002753.0,leña,1500.0
2030-01-21 12:00:00,sim@hotboat.cl,1002753.0,agua,700.0
2030-01-21 12:00:00,sim@hotboat.cl,1002753.0,luz,520.0
2030-01-21 12:00:00,sim@hotboat.cl,1002753.0,gas,10000.0
2030-01-21 12:10:00,sim@hotboat.cl,1002754.0,leña,1500.0
2030-01-21 12:10:00,sim@hotboat.cl,1002754.0,agua,700.0
2030-01-21 12:10:00,sim@hotboat.cl,1002754.0,luz,520.0
2030-01-21 12:10:00,sim@hotboat.cl,1002754.0,gas,10000.0
2030-01-21 12:20:00,sim@hotboat.cl,1002755.0,leña,1500.0
2030-01-21 12:20:00,sim@hotboat.cl,1002755.0,agua,700.0
2030-01-21 12:20:00,sim@hotboat.cl,1002755.0,luz,520.0
2030-01-21 12:20:00,sim@hotboat.cl,1002755.0,gas,10000.0
2030-01-21 12:30:00,sim@hotboat.cl,1002756.0,leña,1500.0
2030-01-21 12:30:00,sim@hotboat.cl,1002756.0,agua,700.0
2030-01-21 12:30:00,sim@hotboat.cl,1002756.0,luz,520.0
2030-01-21 12:30:00,sim@hotboat.cl,1002756.0,gas,10000.0
2030-01-22 12:00:00,sim@hotboat.cl,1002757.0,leña,1500.0
2030-01-22 12:00:00,sim@hotboat.cl,1002757.0,agua,700.0
2030-01-22 12:00:00,sim@hotboat.cl,1002757.0,luz,520.0
2030-01-22 12:00:00,sim@hotboat.cl,1002757.0,gas,10000.0
2030-01-22 12:10:00,sim@hotboat.cl,1002758.0,leña,1500.0
2030-01-22 12:10:00,sim@hotboat.cl,1002758.0,agua,700.0
2030-01-22 12:10:00,sim@hotboat.cl,1002758.0,luz,520.0
2030-01-22 12:10:00,sim@hotboat.cl,1002758.0,gas,10000.0
2030-01-23 12:00:00,sim@hotboat.cl,1002759.0,leña,1500.0
2030-01-23 12:00:00,sim@hotboat.cl,1002759.0,agua,700.0
2030-01-23 12:00:00,sim@hotboat.cl,1002759.0,luz,520.0
2030-01-23 12:00:00,sim@hotboat.cl,1002759.0,gas,10000.0
2030-01-23 12:10:00,sim@hotboat.cl,1002760.0,leña,1500.0
2030-01-23 12:10:00,sim@hotboat.cl,1002760.0,agua,700.0
2030-01-23 12:10:00,sim@hotboat.cl,1002760.0,luz,520.0
2030-01-23 12:10:00,sim@hotboat.cl,1002760.0,gas,10000.0
2030-01-23 12:20:00,sim@hotboat.cl,1002761.0,leña,1500.0
2030-01-23 12:20:00,sim@hotboat.cl,1002761.0,agua,700.0
2030-01-23 12:20:00,sim@hotboat.cl,1002761.0,luz,520.0
2030-01-23 12:20:00,sim@hotboat.cl,1002761.0,gas,10000.0
2030-01-23 12:30:00,sim@hotboat.cl,1002762.0,leña,1500.0
2030-01-23 12:30:00,sim@hotboat.cl,1002762.0,agua,700.0
2030-01-23 12:30:00,sim@hotboat.cl,1002762.0,luz,520.0
2030-01-23 12:30:00,sim@hotboat.cl,1002762.0,gas,10000.0
2030-01-24 12:00:00,sim@hotboat.cl,1002763.0,leña,1500.0
2030-01-24 12:00:00,sim@hotboat.cl,1002763.0,agua,700.0
2030-01-24 12:00:00,sim@hotboat.cl,1002763.0,luz,520.0
2030-01-24 12:00:00,sim@hotboat.cl,1002763.0,gas,10000.0
2030-01-24 12:10:00,sim@hotboat.cl,1002764.0,leña,1500.0
2030-01-24 12:10:00,sim@hotboat.cl,1002764.0,agua,700.0
2030-01-24 12:10:00,sim@hotboat.cl,1002764.0,luz,520.0
2030-01-24 12:10:00,sim@hotboat.cl,1002764.0,gas,10000.0
2030-01-24 12:20:00,sim@hotboat.cl,1002765.0,leña,1500.0
2030-01-24 12:20:00,sim@hotboat.cl,1002765.0,agua,700.0
2030-01-24 12:20:00,sim@hotboat.cl,1002765.0,luz,520.0
2030-01-24 12:20:00,sim@hotboat.cl,1002765.0,gas,10000.0
2030-01-24 12:30:00,sim@hotboat.cl,1002766.0,leña,1500.0
2030-01-24 12:30:00,sim@hotboat.cl,1002766.0,agua,700.0
2030-01-24 12:30:00,sim@hotboat.cl,1002766.0,luz,520.0
2030-01-24 12:30:00,sim@hotboat.cl,1002766.0,gas,10000.0
2030-01-24 12:40:00,sim@hotboat.cl,1002767.0,leña,1500.0
2030-01-24 12:40:00,sim@hotboat.cl,1002767.0,agua,700.0
2030-01-24 12:40:00,sim@hotboat.cl,1002767.0,luz,520.0
2030-01-24 12:40:00,sim@hotboat.cl,1002767.0,gas,10000.0
2030-01-25 12:00:00,sim@hotboat.cl,1002768.0,leña,1500.0
2030-01-25 12:00:00,sim@hotboat.cl,1002768.0,agua,700.0
2030-01-25 12:00:00,sim@hotboat.cl,1002768.0,luz,520.0
2030-01-25 12:00:00,sim@hotboat.cl,1002768.0,gas,10000.0
2030-01-25 12:00:00,sim@hotboat.cl,1002769.0,leña,1500.0
2030-01-25 12:00:00,sim@hotboat.cl,1002769.0,agua,700.0
2030-01-25 12:00:00,sim@hotboat.cl,1002769.0,luz,520.0
2030-01-25 12:00:00,sim@hotboat.cl,1002769.0,gas,10000.0
2030-01-25 12:10:00,sim@hotboat.cl,1002770.0,leña,1500.0
2030-01-25 12:10:00,sim@hotboat.cl,1002770.0,agua,700.0
2030-01-25 12:10:00,sim@hotboat.cl,1002770.0,luz,520.0
2030-01-25 12:10:00,sim@hotboat.cl,1002770.0,gas,10000.0
2030-01-25 12:20:00,sim@hotboat.cl,1002771.0,leña,1500.0
2030-01-25 12:20:00,sim@hotboat.cl,1002771.0,agua,700.0
2030-01-25 12:20:00,sim@hotboat.cl,1002771.0,luz,520.0
2030-01-25 12:20:00,sim@hotboat.cl,1002771.0,gas,10000.0
2030-01-25 12:30:00,sim@hotboat.cl,1002772.0,leña,1500.0
2030-01-25 12:30:00,sim@hotboat.cl,1002772.0,agua,700.0
2030-01-25 12:30:00,sim@hotboat.cl,1002772.0,luz,520.0
2030-01-25 12:30:00,sim@hotboat.cl,1002772.0,gas,10000.0
2030-01-25 12:40:00,sim@hotboat.cl,1002773.0,leña,1500.0
2030-01-25 12:40:00,sim@hotboat.cl,1002773.0,agua,700.0
2030-01-25 12:40:00,sim@hotboat.cl,1002773.0,luz,520.0
2030-01-25 12:40:00,sim@hotboat.cl,1002773.0,gas,10000.0
2030-01-25 12:50:00,sim@hotboat.cl,1002774.0,leña,1500.0
2030-01-25 12:50:00,sim@hotboat.cl,1002774.0,agua,700.0
2030-01-25 12:50:00,sim@hotboat.cl,1002774.0,luz,520.0
2030-01-25 12:50:00,sim@hotboat.cl,1002774.0,gas,10000.0
2030-01-26 12:00:00,sim@hotboat.cl,1002775.0,leña,1500.0
2030-01-26 12:00:00,sim@hotboat.cl,1002775.0,agua,700.0
2030-01-26 12:00:00,sim@hotboat.cl,1002775.0,luz,520.0
2030-01-26 12:00:00,sim@hotboat.cl,1002775.0,gas,10000.0
2030-01-26 12:00:00,sim@hotboat.cl,1002776.0,leña,1500.0
2030-01-26 12:00:00,sim@hotboat.cl,1002776.0,agua,700.0
2030-01-26 12:00:00,sim@hotboat.cl,1002776.0,luz,520.0
2030-01-26 12:00:00,sim@hotboat.cl,1002776.0,gas,10000.0
2030-01-26 12:00:00,sim@hotboat.cl,1002777.0,leña,1500.0
2030-01-26 12:00:00,sim@hotboat.cl,1002777.0,agua,700.0
2030-01-26 12:00:00,sim@hotboat.cl,1002777.0,luz,520.0
2030-01-26 12:00:00,sim@hotboat.cl,1002777.0,gas,10000.0
2030-01-26 12:10:00,sim@hotboat.cl,1002778.0,leña,1500.0
2030-01-26 12:10:00,sim@hotboat.cl,1002778.0,agua,700.0
2030-01-26 12:10:00,sim@hotboat.cl,1002778.0,luz,520.0
2030-01-26 12:10:00,sim@hotboat.cl,1002778.0,gas,10000.0
2030-01-26 12:10:00,sim@hotboat.cl,1002779.0,leña,1500.0
2030-01-26 12:10:00,sim@hotboat.cl,1002779.0,agua,700.0
2030-01-26 12:10:00,sim@hotboat.cl,1002779.0,luz,520.0
2030-01-26 12:10:00,sim@hotboat.cl,1002779.0,gas,10000.0
2030-01-26 12:10:00,sim@hotboat.cl,1002780.0,leña,1500.0
2030-01-26 12:10:00,sim@hotboat.cl,1002780.0,agua,700.0
2030-01-26 12:10:00,sim@hotboat.cl,1002780.0,luz,520.0
2030-01-26 12:10:00,sim@hotboat.cl,1002780.0,gas,10000.0
2030-01-26 12:20:00,sim@hotboat.cl,1002781.0,leña,1500.0
2030-01-26 12:20:00,sim@hotboat.cl,1002781.0,agua,700.0
2030-01-26 12:20:00,sim@hotboat.cl,1002781.0,luz,520.0
2030-01-26 12:20:00,sim@hotboat.cl,1002781.0,gas,10000.0
2030-01-26 12:20:00,sim@hotboat.cl,1002782.0,leña,1500.0
2030-01-26 12:20:00,sim@hotboat.cl,1002782.0,agua,700.0
2030-01-26 12:20:00,sim@hotboat.cl,1002782.0,luz,520.0
2030-01-26 12:20:00,sim@hotboat.cl,1002782.0,gas,10000.0
2030-01-26 12:20:00,sim@hotboat.cl,1002783.0,leña,1500.0
2030-01-26 12:20:00,sim@hotboat.cl,1002783.0,agua,700.0
2030-01-26 12:20:00,sim@hotboat.cl,1002783.0,luz,520.0
2030-01-26 12:20:00,sim@hotboat.cl,1002783.0,gas,10000.0
2030-01-26 12:30:00,sim@hotboat.cl,1002784.0,leña,1500.0
2030-01-26 12:30:00,sim@hotboat.cl,1002784.0,agua,700.0
2030-01-26 12:30:00,sim@hotboat.cl,1002784.0,luz,520.0
2030-01-26 12:30:00,sim@hotboat.cl,1002784.0,gas,10000.0
2030-01-26 12:30:00,sim@hotboat.cl,1002785.0,leña,1500.0
2030-01-26 12:30:00,sim@hotboat.cl,1002785.0,agua,700.0
2030-01-26 12:30:00,sim@hotboat.cl,1002785.0,luz,520.0
2030-01-26 12:30:00,sim@hotboat.cl,1002785.0,gas,10000.0
2030-01-26 12:30:00,sim@hotboat.cl,1002786.0,leña,1500.0
2030-01-26 12:30:00,sim@hotboat.cl,1002786.0,agua,700.0
2030-01-26 12:30:00,sim@hotboat.cl,1002786.0,luz,520.0
2030-01-26 12:30:00,sim@hotboat.cl,1002786.0,gas,10000.0
2030-01-26 12:40:00,sim@hotboat.cl,1002787.0,leña,1500.0
2030-01-26 12:40:00,sim@hotboat.cl,1002787.0,agua,700.0
2030-01-26 12:40:00,sim@hotboat.cl,1002787.0,luz,520.0
2030-01-26 12:40:00,sim@hotboat.cl,1002787.0,gas,10000.0
2030-01-26 12:40:00,sim@hotboat.cl,1002788.0,leña,1500.0
2030-01-26 12:40:00,sim@hotboat.cl,1002788.0,agua,700.0
2030-01-26 12:40:00,sim@hotboat.cl,1002788.0,luz,520.0
2030-01-26 12:40:00,sim@hotboat.cl,1002788.0,gas,10000.0
2030-01-26 12:40:00,sim@hotboat.cl,1002789.0,leña,1500.0
2030-01-26 12:40:00,sim@hotboat.cl,1002789.0,agua,700.0
2030-01-26 12:40:00,sim@hotboat.cl,1002789.0,luz,520.0
2030-01-26 12:40:00,sim@hotboat.cl,1002789.0,gas,10000.0
2030-01-26 12:50:00,sim@hotboat.cl,1002790.0,leña,1500.0
2030-01-26 12:50:00,sim@hotboat.cl,1002790.0,agua,700.0
2030-01-26 12:50:00,sim@hotboat.cl,1002790.0,luz,520.0
2030-01-26 12:50:00,sim@hotboat.cl,1002790.0,gas,10000.0
2030-01-26 12:50:00,sim@hotboat.cl,1002791.0,leña,1500.0
2030-01-26 12:50:00,sim@hotboat.cl,1002791.0,agua,700.0
2030-01-26 12:50:00,sim@hotboat.cl,1002791.0,luz,520.0
2030-01-26 12:50:00,sim@hotboat.cl,1002791.0,gas,10000.0
2030-01-26 12:50:00,sim@hotboat.cl,1002792.0,leña,1500.0
2030-01-26 12:50:00,sim@hotboat.cl,1002792.0,agua,700.0
2030-01-26 12:50:00,sim@hotboat.cl,1002792.0,luz,520.0
2030-01-26 12:50:00,sim@hotboat.cl,1002792.0,gas,10000.0
2030-01-27 12:00:00,sim@hotboat.cl,1002793.0,leña,1500.0
2030-01-27 12:00:00,sim@hotboat.cl,1002793.0,agua,700.0
2030-01-27 12:00:00,sim@hotboat.cl,1002793.0,luz,520.0
2030-01-27 12:00:00,sim@hotboat.cl,1002793.0,gas,10000.0
2030-01-27 12:00:00,sim@hotboat.cl,1002794.0,leña,1500.0
2030-01-27 12:00:00,sim@hotboat.cl,1002794.0,agua,700.0
2030-01-27 12:00:00,sim@hotboat.cl,1002794.0,luz,520.0
2030-01-27 12:00:00,sim@hotboat.cl,1002794.0,gas,10000.0
2030-01-27 12:10:00,sim@hotboat.cl,1002795.0,leña,1500.0
2030-01-27 12:10:00,sim@hotboat.cl,1002795.0,agua,700.0
2030-01-27 12:10:00,sim@hotboat.cl,1002795.0,luz,520.0
2030-01-27 12:10:00,sim@hotboat.cl,1002795.0,gas,10000.0
2030-01-27 12:10:00,sim@hotboat.cl,1002796.0,leña,1500.0
2030-01-27 12:10:00,sim@hotboat.cl,1002796.0,agua,700.0
2030-01-27 12:10:00,sim@hotboat.cl,1002796.0,luz,520.0
2030-01-27 12:10:00,sim@hotboat.cl,1002796.0,gas,10000.0
2030-01-27 12:20:00,sim@hotboat.cl,1002797.0,leña,1500.0
2030-01-27 12:20:00,sim@hotboat.cl,1002797.0,agua,700.0
2030-01-27 12:20:00,sim@hotboat.cl,1002797.0,luz,520.0
2030-01-27 12:20:00,sim@hotboat.cl,1002797.0,gas,10000.0
2030-01-27 12:20:00,sim@hotboat.cl,1002798.0,leña,1500.0
2030-01-27 12:20:00,sim@hotboat.cl,1002798.0,agua,700.0
2030-01-27 12:20:00,sim@hotboat.cl,1002798.0,luz,520.0
2030-01-27 12:20:00,sim@hotboat.cl,1002798.0,gas,10000.0
2030-01-27 12:30:00,sim@hotboat.cl,1002799.0,leña,1500.0
2030-01-27 12:30:00,sim@hotboat.cl,1002799.0,agua,700.0
2030-01-27 12:30:00,sim@hotboat.cl,1002799.0,luz,520.0
2030-01-27 12:30:00,sim@hotboat.cl,1002799.0,gas,10000.0
2030-01-27 12:30:00,sim@hotboat.cl,1002800.0,leña,1500.0
2030-01-27 12:30:00,sim@hotboat.cl,1002800.0,agua,700.0
2030-01-27 12:30:00,sim@hotboat.cl,1002800.0,luz,520.0
2030-01-27 12:30:00,sim@hotboat.cl,1002800.0,gas,10000.0
2030-01-27 12:40:00,sim@hotboat.cl,1002801.0,leña,1500.0
2030-01-27 12:40:00,sim@hotboat.cl,1002801.0,agua,700.0
2030-01-27 12:40:00,sim@hotboat.cl,1002801.0,luz,520.0
2030-01-27 12:40:00,sim@hotboat.cl,1002801.0,gas,10000.0
2030-01-27 12:50:00,sim@hotboat.cl,1002802.0,leña,1500.0
2030-01-27 12:50:00,sim@hotboat.cl,1002802.0,agua,700.0
2030-01-27 12:50:00,sim@hotboat.cl,1002802.0,luz,520.0
2030-01-27 12:50:00,sim@hotboat.cl,1002802.0,gas,10000.0
2030-01-28 12:00:00,sim@hotboat.cl,1002803.0,leña,1500.0
2030-01-28 12:00:00,sim@hotboat.cl,1002803.0,agua,700.0
2030-01-28 12:00:00,sim@hotboat.cl,1002803.0,luz,520.0
2030-01-28 12:00:00,sim@hotboat.cl,1002803.0,gas,10000.0
2030-01-28 12:10:00,sim@hotboat.cl,1002804.0,leña,1500.0
2030-01-28 12:10:00,sim@hotboat.cl,1002804.0,agua,700.0
2030-01-28 12:10:00,sim@hotboat.cl,1002804.0,luz,520.0
2030-01-28 12:10:00,sim@hotboat.cl,1002804.0,gas,10000.0
2030-01-28 12:20:00,sim@hotboat.cl,1002805.0,leña,1500.0
2030-01-28 12:20:00,sim@hotboat.cl,1002805.0,agua,700.0
2030-01-28 12:20:00,sim@hotboat.cl,1002805.0,luz,520.0
2030-01-28 12:20:00,sim@hotboat.cl,1002805.0,gas,10000.0
2030-01-28 12:30:00,sim@hotboat.cl,1002806.0,leña,1500.0
2030-01-28 12:30:00,sim@hotboat.cl,1002806.0,agua,700.0
2030-01-28 12:30:00,sim@hotboat.cl,1002806.0,luz,520.0
2030-01-28 12:30:00,sim@hotboat.cl,1002806.0,gas,10000.0
2030-01-29 12:00:00,sim@hotboat.cl,1002807.0,leña,1500.0
2030-01-29 12:00:00,sim@hotboat.cl,1002807.0,agua,700.0
2030-01-29 12:00:00,sim@hotboat.cl,1002807.0,luz,520.0
2030-01-29 12:00:00,sim@hotboat.cl,1002807.0,gas,10000.0
2030-01-29 12:10:00,sim@hotboat.cl,1002808.0,leña,1500.0
2030-01-29 12:10:00,sim@hotboat.cl,1002808.0,agua,700.0
2030-01-29 12:10:00,sim@hotboat.cl,1002808.0,luz,520.0
2030-01-29 12:10:00,sim@hotboat.cl,1002808.0,gas,10000.0
2030-01-29 12:20:00,sim@hotboat.cl,1002809.0,leña,1500.0
2030-01-29 12:20:00,sim@hotboat.cl,1002809.0,agua,700.0
2030-01-29 12:20:00,sim@hotboat.cl,1002809.0,luz,520.0
2030-01-29 12:20:00,sim@hotboat.cl,1002809.0,gas,10000.0
2030-01-30 12:00:00,sim@hotboat.cl,1002810.0,leña,1500.0
2030-01-30 12:00:00,sim@hotboat.cl,1002810.0,agua,700.0
2030-01-30 12:00:00,sim@hotboat.cl,1002810.0,luz,520.0
2030-01-30 12:00:00,sim@hotboat.cl,1002810.0,gas,10000.0
2030-01-30 12:10:00,sim@hotboat.cl,1002811.0,leña,1500.0
2030-01-30 12:10:00,sim@hotboat.cl,1002811.0,agua,700.0
2030-01-30 12:10:00,sim@hotboat.cl,1002811.0,luz,520.0
2030-01-30 12:10:00,sim@hotboat.cl,1002811.0,gas,10000.0
2030-01-31 12:00:00,sim@hotboat.cl,1002812.0,leña,1500.0
2030-01-31 12:00:00,sim@hotboat.cl,1002812.0,agua,700.0
2030-01-31 12:00:00,sim@hotboat.cl,1002812.0,luz,520.0
2030-01-31 12:00:00,sim@hotboat.cl,1002812.0,gas,10000.0
2030-01-31 12:00:00,sim@hotboat.cl,1002813.0,leña,1500.0
2030-01-31 12:00:00,sim@hotboat.cl,1002813.0,agua,700.0
2030-01-31 12:00:00,sim@hotboat.cl,1002813.0,luz,520.0
2030-01-31 12:00:00,sim@hotboat.cl,1002813.0,gas,10000.0
2030-01-31 12:10:00,sim@hotboat.cl,1002814.0,leña,1500.0
2030-01-31 12:10:00,sim@hotboat.cl,1002814.0,agua,700.0
2030-01-31 12:10:00,sim@hotboat.cl,1002814.0,luz,520.0
2030-01-31 12:10:00,sim@hotboat.cl,1002814.0,gas,10000.0
2030-01-31 12:20:00,sim@hotboat.cl,1002815.0,leña,1500.0
2030-01-31 12:20:00,sim@hotboat.cl,1002815.0,agua,700.0
2030-01-31 12:20:00,sim@hotboat.cl,1002815.0,luz,520.0
2030-01-31 12:20:00,sim@hotboat.cl,1002815.0,gas,10000.0
2030-01-31 12:30:00,sim@hotboat.cl,1002816.0,leña,1500.0
2030-01-31 12:30:00,sim@hotboat.cl,1002816.0,agua,700.0
2030-01-31 12:30:00,sim@hotboat.cl,1002816.0,luz,520.0
2030-01-31 12:30:00,sim@hotboat.cl,1002816.0,gas,10000.0
2030-01-31 12:40:00,sim@hotboat.cl,1002817.0,leña,1500.0
2030-01-31 12:40:00,sim@hotboat.cl,1002817.0,agua,700.0
2030-01-31 12:40:00,sim@hotboat.cl,1002817.0,luz,520.0
2030-01-31 12:40:00,sim@hotboat.cl,1002817.0,gas,10000.0
2030-01-31 12:50:00,sim@hotboat.cl,1002818.0,leña,1500.0
2030-01-31 12:50:00,sim@hotboat.cl,1002818.0,agua,700.0
2030-01-31 12:50:00,sim@hotboat.cl,1002818.0,luz,520.0
2030-01-31 12:50:00,sim@hotboat.cl,1002818.0,gas,10000.0
2030-01-01 20:00:00,sim@hotboat.cl,,pago extra ayudante (diario),90000.0
2030-01-02 20:00:00,sim@hotboat.cl,,pago extra ayudante (diario),90000.0
2030-01-03 20:00:00,sim@hotboat.cl,,pago extra ayudante (diario),210000.0
2030-01-04 20:00:00,sim@hotboat.cl,,pago extra ayudante (diario),150000.0
2030-01-05 20:00:00,sim@hotboat.cl,,pago extra ayudante (diario),210000.0
2030-01-06 20:00:00,sim@hotboat.cl,,pago extra ayudante (diario),210000.0
2030-01-07 20:00:00,sim@hotboat.cl,,pago extra ayudante (diario),120000.0
2030-01-08 20:00:00,sim@hotboat.cl,,pago extra ayudante (diario),120000.0
2030-01-09 20:00:00,sim@hotboat.cl,,pago extra ayudante (diario),60000.0
2030-01-10 20:00:00,sim@hotboat.cl,,pago extra ayudante (diario),90000.0
2030-01-11 20:00:00,sim@hotboat.cl,,pago extra ayudante (diario),30000.0
2030-01-12 20:00:00,sim@hotboat.cl,,pago extra ayudante (diario),210000.0
2030-01-13 20:00:00,sim@hotboat.cl,,pago extra ayudante (diario),210000.0
2030-01-14 20:00:00,sim@hotboat.cl,,pago extra ayudante (diario),90000.0
2030-01-15 20:00:00,sim@hotboat.cl,,pago extra ayudante (diario),180000.0
2030-01-16 20:00:00,sim@hotboat.cl,,pago extra ayudante (diario),150000.0
2030-01-17 20:00:00,sim@hotboat.cl,,pago extra ayudante (diario),150000.0
2030-01-18 20:00:00,sim@hotboat.cl,,pago extra ayudante (diario),30000.0
2030-01-19 20:00:00,sim@hotboat.cl,,pago extra ayudante (diario),210000.0
2030-01-20 20:00:00,sim@hotboat.cl,,pago extra ayudante (diario),210000.0
2030-01-21 20:00:00,sim@hotboat.cl,,pago extra ayudante (diario),120000.0
2030-01-22 20:00:00,sim@hotboat.cl,,pago extra ayudante (diario),60000.0
2030-01-23 20:00:00,sim@hotboat.cl,,pago extra ayudante (diario),120000.0
2030-01-24 20:00:00,sim@hotboat.cl,,pago extra ayudante (diario),150000.0
2030-01-25 20:00:00,sim@hotboat.cl,,pago extra ayudante (diario),210000.0
2030-01-26 20:00:00,sim@hotboat.cl,,pago extra ayudante (diario),210000.0
2030-01-27 20:00:00,sim@hotboat.cl,,pago extra ayudante (diario),210000.0
2030-01-28 20:00:00,sim@hotboat.cl,,pago extra ayudante (diario),120000.0
2030-01-29 20:00:00,sim@hotboat.cl,,pago extra ayudante (diario),90000.0
2030-01-30 20:00:00,sim@hotboat.cl,,pago extra ayudante (diario),60000.0
2030-01-31 20:00:00,sim@hotboat.cl,,pago extra ayudante (diario),210000.0
2030-02-01 12:00:00,sim@hotboat.cl,1002819.0,leña,1500.0
2030-02-01 12:00:00,sim@hotboat.cl,1002819.0,agua,700.0
2030-02-01 12:00:00,sim@hotboat.cl,1002819.0,luz,520.0
2030-02-01 12:00:00,sim@hotboat.cl,1002819.0,gas,10000.0
2030-02-01 12:10:00,sim@hotboat.cl,1002820.0,leña,1500.0
2030-02-01 12:10:00,sim@hotboat.cl,1002820.0,agua,700.0
2030-02-01 12:10:00,sim@hotboat.cl,1002820.0,luz,520.0
2030-02-01 12:10:00,sim@hotboat.cl,1002820.0,gas,10000.0
2030-02-01 12:20:00,sim@hotboat.cl,1002821.0,leña,1500.0
2030-02-01 12:20:00,sim@hotboat.cl,1002821.0,agua,700.0
2030-02-01 12:20:00,sim@hotboat.cl,1002821.0,luz,520.0
2030-02-01 12:20:00,sim@hotboat.cl,1002821.0,gas,10000.0
2030-02-01 12:30:00,sim@hotboat.cl,1002822.0,leña,1500.0
2030-02-01 12:30:00,sim@hotboat.cl,1002822.0,agua,700.0
2030-02-01 12:30:00,sim@hotboat.cl,1002822.0,luz,520.0
2030-02-01 12:30:00,sim@hotboat.cl,1002822.0,gas,10000.0
2030-02-02 12:00:00,sim@hotboat.cl,1002823.0,leña,1500.0
2030-02-02 12:00:00,sim@hotboat.cl,1002823.0,agua,700.0
2030-02-02 12:00:00,sim@hotboat.cl,1002823.0,luz,520.0
2030-02-02 12:00:00,sim@hotboat.cl,1002823.0,gas,10000.0
2030-02-02 12:00:00,sim@hotboat.cl,1002824.0,leña,1500.0
2030-02-02 12:00:00,sim@hotboat.cl,1002824.0,agua,700.0
2030-02-02 12:00:00,sim@hotboat.cl,1002824.0,luz,520.0
2030-02-02 12:00:00,sim@hotboat.cl,1002824.0,gas,10000.0
2030-02-02 12:00:00,sim@hotboat.cl,1002825.0,leña,1500.0
2030-02-02 12:00:00,sim@hotboat.cl,1002825.0,agua,700.0
2030-02-02 12:00:00,sim@hotboat.cl,1002825.0,luz,520.0
2030-02-02 12:00:00,sim@hotboat.cl,1002825.0,gas,10000.0
2030-02-02 12:00:00,sim@hotboat.cl,1002826.0,leña,1500.0
2030-02-02 12:00:00,sim@hotboat.cl,1002826.0,agua,700.0
2030-02-02 12:00:00,sim@hotboat.cl,1002826.0,luz,520.0
2030-02-02 12:00:00,sim@hotboat.cl,1002826.0,gas,10000.0
2030-02-02 12:10:00,sim@hotboat.cl,1002827.0,leña,1500.0
2030-02-02 12:10:00,sim@hotboat.cl,1002827.0,agua,700.0
2030-02-02 12:10:00,sim@hotboat.cl,1002827.0,luz,520.0
2030-02-02 12:10:00,sim@hotboat.cl,1002827.0,gas,10000.0
2030-02-02 12:10:00,sim@hotboat.cl,1002828.0,leña,1500.0
2030-02-02 12:10:00,sim@hotboat.cl,1002828.0,agua,700.0
2030-02-02 12:10:00,sim@hotboat.cl,1002828.0,luz,520.0
2030-02-02 12:10:00,sim@hotboat.cl,1002828.0,gas,10000.0
2030-02-02 12:10:00,sim@hotboat.cl,1002829.0,leña,1500.0
2030-02-02 12:10:00,sim@hotboat.cl,1002829.0,agua,700.0
2030-02-02 12:10:00,sim@hotboat.cl,1002829.0,luz,520.0
2030-02-02 12:10:00,sim@hotboat.cl,1002829.0,gas,10000.0
2030-02-02 12:10:00,sim@hotboat.cl,1002830.0,leña,1500.0
2030-02-02 12:10:00,sim@hotboat.cl,1002830.0,agua,700.0
2030-02-02 12:10:00,sim@hotboat.cl,1002830.0,luz,520.0
2030-02-02 12:10:00,sim@hotboat.cl,1002830.0,gas,10000.0
2030-02-02 12:20:00,sim@hotboat.cl,1002831.0,leña,1500.0
2030-02-02 12:20:00,sim@hotboat.cl,1002831.0,agua,700.0
2030-02-02 12:20:00,sim@hotboat.cl,1002831.0,luz,520.0
2030-02-02 12:20:00,sim@hotboat.cl,1002831.0,gas,10000.0
2030-02-02 12:20:00,sim@hotboat.cl,1002832.0,leña,1500.0
2030-02-02 12:20:00,sim@hotboat.cl,1002832.0,agua,700.0
2030-02-02 12:20:00,sim@hotboat.cl,1002832.0,luz,520.0
2030-02-02 12:20:00,sim@hotboat.cl,1002832.0,gas,10000.0
2030-02-02 12:20:00,sim@hotboat.cl,1002833.0,leña,1500.0
2030-02-02 12:20:00,sim@hotboat.cl,1002833.0,agua,700.0
2030-02-02 12:20:00,sim@hotboat.cl,1002833.0,luz,520.0
2030-02-02 12:20:00,sim@hotboat.cl,1002833.0,gas,10000.0
2030-02-02 12:20:00,sim@hotboat.cl,1002834.0,leña,1500.0
2030-02-02 12:20:00,sim@hotboat.cl,1002834.0,agua,700.0
2030-02-02 12:20:00,sim@hotboat.cl,1002834.0,luz,520.0
2030-02-02 12:20:00,sim@hotboat.cl,1002834.0,gas,10000.0
2030-02-02 12:30:00,sim@hotboat.cl,1002835.0,leña,1500.0
2030-02-02 12:30:00,sim@hotboat.cl,1002835.0,agua,700.0
2030-02-02 12:30:00,sim@hotboat.cl,1002835.0,luz,520.0
2030-02-02 12:30:00,sim@hotboat.cl,1002835.0,gas,10000.0
2030-02-02 12:30:00,sim@hotboat.cl,1002836.0,leña,1500.0
2030-02-02 12:30:00,sim@hotboat.cl,1002836.0,agua,700.0
2030-02-02 12:30:00,sim@hotboat.cl,1002836.0,luz,520.0
2030-02-02 12:30:00,sim@hotboat.cl,1002836.0,gas,10000.0
2030-02-02 12:30:00,sim@hotboat.cl,1002837.0,leña,1500.0
2030-02-02 12:30:00,sim@hotboat.cl,1002837.0,agua,700.0
2030-02-02 12:30:00,sim@hotboat.cl,1002837.0,luz,520.0
2030-02-02 12:30:00,sim@hotboat.cl,1002837.0,gas,10000.0
2030-02-02 12:30:00,sim@hotboat.cl,1002838.0,leña,1500.0
2030-02-02 12:30:00,sim@hotboat.cl,1002838.0,agua,700.0
2030-02-02 12:30:00,sim@hotboat.cl,1002838.0,luz,520.0
2030-02-02 12:30:00,sim@hotboat.cl,1002838.0,gas,10000.0
2030-02-02 12:40:00,sim@hotboat.cl,1002839.0,leña,1500.0
2030-02-02 12:40:00,sim@hotboat.cl,1002839.0,agua,700.0
2030-02-02 12:40:00,sim@hotboat.cl,1002839.0,luz,520.0
2030-02-02 12:40:00,sim@hotboat.cl,1002839.0,gas,10000.0
2030-02-02 12:40:00,sim@hotboat.cl,1002840.0,leña,1500.0
2030-02-02 12:40:00,sim@hotboat.cl,1002840.0,agua,700.0
2030-02-02 12:40:00,sim@hotboat.cl,1002840.0,luz,520.0
2030-02-02 12:40:00,sim@hotboat.cl,1002840.0,gas,10000.0
2030-02-02 12:40:00,sim@hotboat.cl,1002841.0,leña,1500.0
2030-02-02 12:40:00,sim@hotboat.cl,1002841.0,agua,700.0
2030-02-02 12:40:00,sim@hotboat.cl,1002841.0,luz,520.0
2030-02-02 12:40:00,sim@hotboat.cl,1002841.0,gas,10000.0
2030-02-02 12:50:00,sim@hotboat.cl,1002842.0,leña,1500.0
2030-02-02 12:50:00,sim@hotboat.cl,1002842.0,agua,700.0
2030-02-02 12:50:00,sim@hotboat.cl,1002842.0,luz,520.0
2030-02-02 12:50:00,sim@hotboat.cl,1002842.0,gas,10000.0
2030-02-02 12:50:00,sim@hotboat.cl,1002843.0,leña,1500.0
2030-02-02 12:50:00,sim@hotboat.cl,1002843.0,agua,700.0
2030-02-02 12:50:00,sim@hotboat.cl,1002843.0,luz,520.0
2030-02-02 12:50:00,sim@hotboat.cl,1002843.0,gas,10000.0
2030-02-02 12:50:00,sim@hotboat.cl,1002844.0,leña,1500.0
2030-02-02 12:50:00,sim@hotboat.cl,1002844.0,agua,700.0
2030-02-02 12:50:00,sim@hotboat.cl,1002844.0,luz,520.0
2030-02-02 12:50:00,sim@hotboat.cl,1002844.0,gas,10000.0
2030-02-03 12:00:00,sim@hotboat.cl,1002845.0,leña,1500.0
2030-02-03 12:00:00,sim@hotboat.cl,1002845.0,agua,700.0
2030-02-03 12:00:00,sim@hotboat.cl,1002845.0,luz,520.0
2030-02-03 12:00:00,sim@hotboat.cl,1002845.0,gas,10000.0
2030-02-03 12:00:00,sim@hotboat.cl,1002846.0,leña,1500.0
2030-02-03 12:00:00,sim@hotboat.cl,1002846.0,agua,700.0
2030-02-03 12:00:00,sim@hotboat.cl,1002846.0,luz,520.0
2030-02-03 12:00:00,sim@hotboat.cl,1002846.0,gas,10000.0
2030-02-03 12:00:00,sim@hotboat.cl,1002847.0,leña,1500.0
2030-02-03 12:00:00,sim@hotboat.cl,1002847.0,agua,700.0
2030-02-03 12:00:00,sim@hotboat.cl,1002847.0,luz,520.0
2030-02-03 12:00:00,sim@hotboat.cl,1002847.0,gas,10000.0
2030-02-03 12:00:00,sim@hotboat.cl,1002848.0,leña,1500.0
2030-02-03 12:00:00,sim@hotboat.cl,1002848.0,agua,700.0
2030-02-03 12:00:00,sim@hotboat.cl,1002848.0,luz,520.0
2030-02-03 12:00:00,sim@hotboat.cl,1002848.0,gas,10000.0
2030-02-03 12:10:00,sim@hotboat.cl,1002849.0,leña,1500.0
2030-02-03 12:10:00,sim@hotboat.cl,1002849.0,agua,700.0
2030-02-03 12:10:00,sim@hotboat.cl,1002849.0,luz,520.0
2030-02-03 12:10:00,sim@hotboat.cl,1002849.0,gas,10000.0
2030-02-03 12:10:00,sim@hotboat.cl,1002850.0,leña,1500.0
2030-02-03 12:10:00,sim@hotboat.cl,1002850.0,agua,700.0
2030-02-03 12:10:00,sim@hotboat.cl,1002850.0,luz,520.0
2030-02-03 12:10:00,sim@hotboat.cl,1002850.0,gas,10000.0
2030-02-03 12:10:00,sim@hotboat.cl,1002851.0,leña,1500.0
2030-02-03 12:10:00,sim@hotboat.cl,1002851.0,agua,700.0
2030-02-03 12:10:00,sim@hotboat.cl,1002851.0,luz,520.0
2030-02-03 12:10:00,sim@hotboat.cl,1002851.0,gas,10000.0
2030-02-03 12:10:00,sim@hotboat.cl,1002852.0,leña,1500.0
2030-02-03 12:10:00,sim@hotboat.cl,1002852.0,agua,700.0
2030-02-03 12:10:00,sim@hotboat.cl,1002852.0,luz,520.0
2030-02-03 12:10:00,sim@hotboat.cl,1002852.0,gas,10000.0
2030-02-03 12:20:00,sim@hotboat.cl,1002853.0,leña,1500.0
2030-02-03 12:20:00,sim@hotboat.cl,1002853.0,agua,700.0
2030-02-03 12:20:00,sim@hotboat.cl,1002853.0,luz,520.0
2030-02-03 12:20:00,sim@hotboat.cl,1002853.0,gas,10000.0
2030-02-03 12:20:00,sim@hotboat.cl,1002854.0,leña,1500.0
2030-02-03 12:20:00,sim@hotboat.cl,1002854.0,agua,700.0
2030-02-03 12:20:00,sim@hotboat.cl,1002854.0,luz,520.0
2030-02-03 12:20:00,sim@hotboat.cl,1002854.0,gas,10000.0
2030-02-03 12:20:00,sim@hotboat.cl,1002855.0,leña,1500.0
2030-02-03 12:20:00,sim@hotboat.cl,1002855.0,agua,700.0
2030-02-03 12:20:00,sim@hotboat.cl,1002855.0,luz,520.0
2030-02-03 12:20:00,sim@hotboat.cl,1002855.0,gas,10000.0
2030-02-03 12:20:00,sim@hotboat.cl,1002856.0,leña,1500.0
2030-02-03 12:20:00,sim@hotboat.cl,1002856.0,agua,700.0
2030-02-03 12:20:00,sim@hotboat.cl,1002856.0,luz,520.0
2030-02-03 12:20:00,sim@hotboat.cl,1002856.0,gas,10000.0
2030-02-03 12:30:00,sim@hotboat.cl,1002857.0,leña,1500.0
2030-02-03 12:30:00,sim@hotboat.cl,1002857.0,agua,700.0
2030-02-03 12:30:00,sim@hotboat.cl,1002857.0,luz,520.0
2030-02-03 12:30:00,sim@hotboat.cl,1002857.0,gas,10000.0
2030-02-03 12:30:00,sim@hotboat.cl,1002858.0,leña,1500.0
2030-02-03 12:30:00,sim@hotboat.cl,1002858.0,agua,700.0
2030-02-03 12:30:00,sim@hotboat.cl,1002858.0,luz,520.0
2030-02-03 12:30:00,sim@hotboat.cl,1002858.0,gas,10000.0
2030-02-03 12:30:00,sim@hotboat.cl,1002859.0,leña,1500.0
2030-02-03 12:30:00,sim@hotboat.cl,1002859.0,agua,700.0
2030-02-03 12:30:00,sim@hotboat.cl,1002859.0,luz,520.0
2030-02-03 12:30:00,sim@hotboat.cl,1002859.0,gas,10000.0
2030-02-03 12:30:00,sim@hotboat.cl,1002860.0,leña,1500.0
2030-02-03 12:30:00,sim@hotboat.cl,1002860.0,agua,700.0
2030-02-03 12:30:00,sim@hotboat.cl,1002860.0,luz,520.0
2030-02-03 12:30:00,sim@hotboat.cl,1002860.0,gas,10000.0
2030-02-03 12:40:00,sim@hotboat.cl,1002861.0,leña,1500.0
2030-02-03 12:40:00,sim@hotboat.cl,1002861.0,agua,700.0
2030-02-03 12:40:00,sim@hotboat.cl,1002861.0,luz,520.0
2030-02-03 12:40:00,sim@hotboat.cl,1002861.0,gas,10000.0
2030-02-03 12:40:00,sim@hotboat.cl,1002862.0,leña,1500.0
2030-02-03 12:40:00,sim@hotboat.cl,1002862.0,agua,700.0
2030-02-03 12:40:00,sim@hotboat.cl,1002862.0,luz,520.0
2030-02-03 12:40:00,sim@hotboat.cl,1002862.0,gas,10000.0
2030-02-03 12:40:00,sim@hotboat.cl,1002863.0,leña,1500.0
2030-02-03 12:40:00,sim@hotboat.cl,1002863.0,agua,700.0
2030-02-03 12:40:00,sim@hotboat.cl,1002863.0,luz,520.0
2030-02-03 12:40:00,sim@hotboat.cl,1002863.0,gas,10000.0
2030-02-03 12:40:00,sim@hotboat.cl,1002864.0,leña,1500.0
2030-02-03 12:40:00,sim@hotboat.cl,1002864.0,agua,700.0
2030-02-03 12:40:00,sim@hotboat.cl,1002864.0,luz,520.0
2030-02-03 12:40:00,sim@hotboat.cl,1002864.0,gas,10000.0
2030-02-03 12:50:00,sim@hotboat.cl,1002865.0,leña,1500.0
2030-02-03 12:50:00,sim@hotboat.cl,1002865.0,agua,700.0
2030-02-03 12:50:00,sim@hotboat.cl,1002865.0,luz,520.0
2030-02-03 12:50:00,sim@hotboat.cl,1002865.0,gas,10000.0
2030-02-03 12:50:00,sim@hotboat.cl,1002866.0,leña,1500.0
2030-02-03 12:50:00,sim@hotboat.cl,1002866.0,agua,700.0
2030-02-03 12:50:00,sim@hotboat.cl,1002866.0,luz,520.0
2030-02-03 12:50:00,sim@hotboat.cl,1002866.0,gas,10000.0
2030-02-03 12:50:00,sim@hotboat.cl,1002867.0,leña,1500.0
2030-02-03 12:50:00,sim@hotboat.cl,1002867.0,agua,700.0
2030-02-03 12:50:00,sim@hotboat.cl,1002867.0,luz,520.0
2030-02-03 12:50:00,sim@hotboat.cl,1002867.0,gas,10000.0
2030-02-04 12:00:00,sim@hotboat.cl,1002868.0,leña,1500.0
2030-02-04 12:00:00,sim@hotboat.cl,1002868.0,agua,700.0
2030-02-04 12:00:00,sim@hotboat.cl,1002868.0,luz,520.0
2030-02-04 12:00:00,sim@hotboat.cl,1002868.0,gas,10000.0
2030-02-04 12:00:00,sim@hotboat.cl,1002869.0,leña,1500.0
2030-02-04 12:00:00,sim@hotboat.cl,1002869.0,agua,700.0
2030-02-04 12:00:00,sim@hotboat.cl,1002869.0,luz,520.0
2030-02-04 12:00:00,sim@hotboat.cl,1002869.0,gas,10000.0
2030-02-04 12:10:00,sim@hotboat.cl,1002870.0,leña,1500.0
2030-02-04 12:10:00,sim@hotboat.cl,1002870.0,agua,700.0
2030-02-04 12:10:00,sim@hotboat.cl,1002870.0,luz,520.0
2030-02-04 12:10:00,sim@hotboat.cl,1002870.0,gas,10000.0
2030-02-04 12:20:00,sim@hotboat.cl,1002871.0,leña,1500.0
2030-02-04 12:20:00,sim@hotboat.cl,1002871.0,agua,700.0
2030-02-04 12:20:00,sim@hotboat.cl,1002871.0,luz,520.0
2030-02-04 12:20:00,sim@hotboat.cl,1002871.0,gas,10000.0
2030-02-04 12:30:00,sim@hotboat.cl,1002872.0,leña,1500.0
2030-02-04 12:30:00,sim@hotboat.cl,1002872.0,agua,700.0
2030-02-04 12:30:00,sim@hotboat.cl,1002872.0,luz,520.0
2030-02-04 12:30:00,sim@hotboat.cl,1002872.0,gas,10000.0
2030-02-04 12:40:00,sim@hotboat.cl,1002873.0,leña,1500.0
2030-02-04 12:40:00,sim@hotboat.cl,1002873.0,agua,700.0
2030-02-04 12:40:00,sim@hotboat.cl,1002873.0,luz,520.0
2030-02-04 12:40:00,sim@hotboat.cl,1002873.0,gas,10000.0
2030-02-04 12:50:00,sim@hotboat.cl,1002874.0,leña,1500.0
2030-02-04 12:50:00,sim@hotboat.cl,1002874.0,agua,700.0
2030-02-04 12:50:00,sim@hotboat.cl,1002874.0,luz,520.0
2030-02-04 12:50:00,sim@hotboat.cl,1002874.0,gas,10000.0
2030-02-05 12:00:00,sim@hotboat.cl,1002875.0,leña,1500.0
2030-02-05 12:00:00,sim@hotboat.cl,1002875.0,agua,700.0
2030-02-05 12:00:00,sim@hotboat.cl,1002875.0,luz,520.0
2030-02-05 12:00:00,sim@hotboat.cl,1002875.0,gas,10000.0
2030-02-05 12:00:00,sim@hotboat.cl,1002876.0,leña,1500.0
2030-02-05 12:00:00,sim@hotboat.cl,1002876.0,agua,700.0
2030-02-05 12:00:00,sim@hotboat.cl,1002876.0,luz,520.0
2030-02-05 12:00:00,sim@hotboat.cl,1002876.0,gas,10000.0
2030-02-05 12:10:00,sim@hotboat.cl,1002877.0,leña,1500.0
2030-02-05 12:10:00,sim@hotboat.cl,1002877.0,agua,700.0
2030-02-05 12:10:00,sim@hotboat.cl,1002877.0,luz,520.0
2030-02-05 12:10:00,sim@hotboat.cl,1002877.0,gas,10000.0
2030-02-05 12:10:00,sim@hotboat.cl,1002878.0,leña,1500.0
2030-02-05 12:10:00,sim@hotboat.cl,1002878.0,agua,700.0
2030-02-05 12:10:00,sim@hotboat.cl,1002878.0,luz,520.0
2030-02-05 12:10:00,sim@hotboat.cl,1002878.0,gas,10000.0
2030-02-05 12:20:00,sim@hotboat.cl,1002879.0,leña,1500.0
2030-02-05 12:20:00,sim@hotboat.cl,1002879.0,agua,700.0
2030-02-05 12:20:00,sim@hotboat.cl,1002879.0,luz,520.0
2030-02-05 12:20:00,sim@hotboat.cl,1002879.0,gas,10000.0
2030-02-05 12:20:00,sim@hotboat.cl,1002880.0,leña,1500.0
2030-02-05 12:20:00,sim@hotboat.cl,1002880.0,agua,700.0
2030-02-05 12:20:00,sim@hotboat.cl,1002880.0,luz,520.0
2030-02-05 12:20:00,sim@hotboat.cl,1002880.0,gas,10000.0
2030-02-05 12:30:00,sim@hotboat.cl,1002881.0,leña,1500.0
2030-02-05 12:30:00,sim@hotboat.cl,1002881.0,agua,700.0
2030-02-05 12:30:00,sim@hotboat.cl,1002881.0,luz,520.0
2030-02-05 12:30:00,sim@hotboat.cl,1002881.0,gas,10000.0
2030-02-05 12:40:00,sim@hotboat.cl,1002882.0,leña,1500.0
2030-02-05 12:40:00,sim@hotboat.cl,1002882.0,agua,700.0
2030-02-05 12:40:00,sim@hotboat.cl,1002882.0,luz,520.0
2030-02-05 12:40:00,sim@hotboat.cl,1002882.0,gas,10000.0
2030-02-05 12:50:00,sim@hotboat.cl,1002883.0,leña,1500.0
2030-02-05 12:50:00,sim@hotboat.cl,1002883.0,agua,700.0
2030-02-05 12:50:00,sim@hotboat.cl,1002883.0,luz,520.0
2030-02-05 12:50:00,sim@hotboat.cl,1002883.0,gas,10000.0
2030-02-06 12:00:00,sim@hotboat.cl,1002884.0,leña,1500.0
2030-02-06 12:00:00,sim@hotboat.cl,1002884.0,agua,700.0
2030-02-06 12:00:00,sim@hotboat.cl,1002884.0,luz,520.0
2030-02-06 12:00:00,sim@hotboat.cl,1002884.0,gas,10000.0
2030-02-06 12:00:00,sim@hotboat.cl,1002885.0,leña,1500.0
2030-02-06 12:00:00,sim@hotboat.cl,1002885.0,agua,700.0
2030-02-06 12:00:00,sim@hotboat.cl,1002885.0,luz,520.0
2030-02-06 12:00:00,sim@hotboat.cl,1002885.0,gas,10000.0
2030-02-06 12:10:00,sim@hotboat.cl,1002886.0,leña,1500.0
2030-02-06 12:10:00,sim@hotboat.cl,1002886.0,agua,700.0
2030-02-06 12:10:00,sim@hotboat.cl,1002886.0,luz,520.0
2030-02-06 12:10:00,sim@hotboat.cl,1002886.0,gas,10000.0
2030-02-06 12:20:00,sim@hotboat.cl,1002887.0,leña,1500.0
2030-02-06 12:20:00,sim@hotboat.cl,1002887.0,agua,700.0
2030-02-06 12:20:00,sim@hotboat.cl,1002887.0,luz,520.0
2030-02-06 12:20:00,sim@hotboat.cl,1002887.0,gas,10000.0
2030-02-06 12:30:00,sim@hotboat.cl,1002888.0,leña,1500.0
2030-02-06 12:30:00,sim@hotboat.cl,1002888.0,agua,700.0
2030-02-06 12:30:00,sim@hotboat.cl,1002888.0,luz,520.0
2030-02-06 12:30:00,sim@hotboat.cl,1002888.0,gas,10000.0
2030-02-06 12:40:00,sim@hotboat.cl,1002889.0,leña,1500.0
2030-02-06 12:40:00,sim@hotboat.cl,1002889.0,agua,700.0
2030-02-06 12:40:00,sim@hotboat.cl,1002889.0,luz,520.0
2030-02-06 12:40:00,sim@hotboat.cl,1002889.0,gas,10000.0
2030-02-06 12:50:00,sim@hotboat.cl,1002890.0,leña,1500.0
2030-02-06 12:50:00,sim@hotboat.cl,1002890.0,agua,700.0
2030-02-06 12:50:00,sim@hotboat.cl,1002890.0,luz,520.0
2030-02-06 12:50:00,sim@hotboat.cl,1002890.0,gas,10000.0
2030-02-07 12:00:00,sim@hotboat.cl,1002891.0,leña,1500.0
2030-02-07 12:00:00,sim@hotboat.cl,1002891.0,agua,700.0
2030-02-07 12:00:00,sim@hotboat.cl,1002891.0,luz,520.0
2030-02-07 12:00:00,sim@hotboat.cl,1002891.0,gas,10000.0
2030-02-07 12:00:00,sim@hotboat.cl,1002892.0,leña,1500.0
2030-02-07 12:00:00,sim@hotboat.cl,1002892.0,agua,700.0
2030-02-07 12:00:00,sim@hotboat.cl,1002892.0,luz,520.0
2030-02-07 12:00:00,sim@hotboat.cl,1002892.0,gas,10000.0
2030-02-07 12:10:00,sim@hotboat.cl,1002893.0,leña,1500.0
2030-02-07 12:10:00,sim@hotboat.cl,1002893.0,agua,700.0
2030-02-07 12:10:00,sim@hotboat.cl,1002893.0,luz,520.0
2030-02-07 12:10:00,sim@hotboat.cl,1002893.0,gas,10000.0
2030-02-07 12:20:00,sim@hotboat.cl,1002894.0,leña,1500.0
2030-02-07 12:20:00,sim@hotboat.cl,1002894.0,agua,700.0
2030-02-07 12:20:00,sim@hotboat.cl,1002894.0,luz,520.0
2030-02-07 12:20:00,sim@hotboat.cl,1002894.0,gas,10000.0
2030-02-07 12:30:00,sim@hotboat.cl,1002895.0,leña,1500.0
2030-02-07 12:30:00,sim@hotboat.cl,1002895.0,agua,700.0
2030-02-07 12:30:00,sim@hotboat.cl,1002895.0,luz,520.0
2030-02-07 12:30:00,sim@hotboat.cl,1002895.0,gas,10000.0
2030-02-07 12:40:00,sim@hotboat.cl,1002896.0,leña,1500.0
2030-02-07 12:40:00,sim@hotboat.cl,1002896.0,agua,700.0
2030-02-07 12:40:00,sim@hotboat.cl,1002896.0,luz,520.0
2030-02-07 12:40:00,sim@hotboat.cl,1002896.0,gas,10000.0
2030-02-07 12:50:00,sim@hotboat.cl,1002897.0,leña,1500.0
2030-02-07 12:50:00,sim@hotboat.cl,1002897.0,agua,700.0
2030-02-07 12:50:00,sim@hotboat.cl,1002897.0,luz,520.0
2030-02-07 12:50:00,sim@hotboat.cl,1002897.0,gas,10000.0
2030-02-08 12:00:00,sim@hotboat.cl,1002898.0,leña,1500.0
2030-02-08 12:00:00,sim@hotboat.cl,1002898.0,agua,700.0
2030-02-08 12:00:00,sim@hotboat.cl,1002898.0,luz,520.0
2030-02-08 12:00:00,sim@hotboat.cl,1002898.0,gas,10000.0
2030-02-08 12:10:00,sim@hotboat.cl,1002899.0,leña,1500.0
2030-02-08 12:10:00,sim@hotboat.cl,1002899.0,agua,700.0
2030-02-08 12:10:00,sim@hotboat.cl,1002899.0,luz,520.0
2030-02-08 12:10:00,sim@hotboat.cl,1002899.0,gas,10000.0
2030-02-08 12:20:00,sim@hotboat.cl,1002900.0,leña,1500.0
2030-02-08 12:20:00,sim@hotboat.cl,1002900.0,agua,700.0
2030-02-08 12:20:00,sim@hotboat.cl,1002900.0,luz,520.0
2030-02-08 12:20:00,sim@hotboat.cl,1002900.0,gas,10000.0
2030-02-08 12:30:00,sim@hotboat.cl,1002901.0,leña,1500.0
2030-02-08 12:30:00,sim@hotboat.cl,1002901.0,agua,700.0
2030-02-08 12:30:00,sim@hotboat.cl,1002901.0,luz,520.0
2030-02-08 12:30:00,sim@hotboat.cl,1002901.0,gas,10000.0
2030-02-08 12:40:00,sim@hotboat.cl,1002902.0,leña,1500.0
2030-02-08 12:40:00,sim@hotboat.cl,1002902.0,agua,700.0
2030-02-08 12:40:00,sim@hotboat.cl,1002902.0,luz,520.0
2030-02-08 12:40:00,sim@hotboat.cl,1002902.0,gas,10000.0
2030-02-08 12:50:00,sim@hotboat.cl,1002903.0,leña,1500.0
2030-02-08 12:50:00,sim@hotboat.cl,1002903.0,agua,700.0
2030-02-08 12:50:00,sim@hotboat.cl,1002903.0,luz,520.0
2030-02-08 12:50:00,sim@hotboat.cl,1002903.0,gas,10000.0
2030-02-09 12:00:00,sim@hotboat.cl,1002904.0,leña,1500.0
2030-02-09 12:00:00,sim@hotboat.cl,1002904.0,agua,700.0
2030-02-09 12:00:00,sim@hotboat.cl,1002904.0,luz,520.0
2030-02-09 12:00:00,sim@hotboat.cl,1002904.0,gas,10000.0
2030-02-09 12:00:00,sim@hotboat.cl,1002905.0,leña,1500.0
2030-02-09 12:00:00,sim@hotboat.cl,1002905.0,agua,700.0
2030-02-09 12:00:00,sim@hotboat.cl,1002905.0,luz,520.0
2030-02-09 12:00:00,sim@hotboat.cl,1002905.0,gas,10000.0
2030-02-09 12:00:00,sim@hotboat.cl,1002906.0,leña,1500.0
2030-02-09 12:00:00,sim@hotboat.cl,1002906.0,agua,700.0
2030-02-09 12:00:00,sim@hotboat.cl,1002906.0,luz,520.0
2030-02-09 12:00:00,sim@hotboat.cl,1002906.0,gas,10000.0
2030-02-09 12:00:00,sim@hotboat.cl,1002907.0,leña,1500.0
2030-02-09 12:00:00,sim@hotboat.cl,1002907.0,agua,700.0
2030-02-09 12:00:00,sim@hotboat.cl,1002907.0,luz,520.0
2030-02-09 12:00:00,sim@hotboat.cl,1002907.0,gas,10000.0
2030-02-09 12:10:00,sim@hotboat.cl,1002908.0,leña,1500.0
2030-02-09 12:10:00,sim@hotboat.cl,1002908.0,agua,700.0
2030-02-09 12:10:00,sim@hotboat.cl,1002908.0,luz,520.0
2030-02-09 12:10:00,sim@hotboat.cl,1002908.0,gas,10000.0
2030-02-09 12:10:00,sim@hotboat.cl,1002909.0,leña,1500.0
2030-02-09 12:10:00,sim@hotboat.cl,1002909.0,agua,700.0
2030-02-09 12:10:00,sim@hotboat.cl,1002909.0,luz,520.0
2030-02-09 12:10:00,sim@hotboat.cl,1002909.0,gas,10000.0
2030-02-09 12:10:00,sim@hotboat.cl,1002910.0,leña,1500.0
2030-02-09 12:10:00,sim@hotboat.cl,1002910.0,agua,700.0
2030-02-09 12:10:00,sim@hotboat.cl,1002910.0,luz,520.0
2030-02-09 12:10:00,sim@hotboat.cl,1002910.0,gas,10000.0
2030-02-09 12:10:00,sim@hotboat.cl,1002911.0,leña,1500.0
2030-02-09 12:10:00,sim@hotboat.cl,1002911.0,agua,700.0
2030-02-09 12:10:00,sim@hotboat.cl,1002911.0,luz,520.0
2030-02-09 12:10:00,sim@hotboat.cl,1002911.0,gas,10000.0
2030-02-09 12:20:00,sim@hotboat.cl,1002912.0,leña,1500.0
2030-02-09 12:20:00,sim@hotboat.cl,1002912.0,agua,700.0
2030-02-09 12:20:00,sim@hotboat.cl,1002912.0,luz,520.0
2030-02-09 12:20:00,sim@hotboat.cl,1002912.0,gas,10000.0
2030-02-09 12:20:00,sim@hotboat.cl,1002913.0,leña,1500.0
2030-02-09 12:20:00,sim@hotboat.cl,1002913.0,agua,700.0
2030-02-09 12:20:00,sim@hotboat.cl,1002913.0,luz,520.0
2030-02-09 12:20:00,sim@hotboat.cl,1002913.0,gas,10000.0
2030-02-09 12:20:00,sim@hotboat.cl,1002914.0,leña,1500.0
2030-02-09 12:20:00,sim@hotboat.cl,1002914.0,agua,700.0
2030-02-09 12:20:00,sim@hotboat.cl,1002914.0,luz,520.0
2030-02-09 12:20:00,sim@hotboat.cl,1002914.0,gas,10000.0
2030-02-09 12:20:00,sim@hotboat.cl,1002915.0,leña,1500.0
2030-02-09 12:20:00,sim@hotboat.cl,1002915.0,agua,700.0
2030-02-09 12:20:00,sim@hotboat.cl,1002915.0,luz,520.0
2030-02-09 12:20:00,sim@hotboat.cl,1002915.0,gas,10000.0
2030-02-09 12:30:00,sim@hotboat.cl,1002916.0,leña,1500.0
2030-02-09 12:30:00,sim@hotboat.cl,1002916.0,agua,700.0
2030-02-09 12:30:00,sim@hotboat.cl,1002916.0,luz,520.0
2030-02-09 12:30:00,sim@hotboat.cl,1002916.0,gas,10000.0
2030-02-09 12:30:00,sim@hotboat.cl,1002917.0,leña,1500.0
2030-02-09 12:30:00,sim@hotboat.cl,1002917.0,agua,700.0
2030-02-09 12:30:00,sim@hotboat.cl,1002917.0,luz,520.0
2030-02-09 12:30:00,sim@hotboat.cl,1002917.0,gas,10000.0
2030-02-09 12:30:00,sim@hotboat.cl,1002918.0,leña,1500.0
2030-02-09 12:30:00,sim@hotboat.cl,1002918.0,agua,700.0
2030-02-09 12:30:00,sim@hotboat.cl,1002918.0,luz,520.0
2030-02-09 12:30:00,sim@hotboat.cl,1002918.0,gas,10000.0
2030-02-09 12:30:00,sim@hotboat.cl,1002919.0,leña,1500.0
2030-02-09 12:30:00,sim@hotboat.cl,1002919.0,agua,700.0
2030-02-09 12:30:00,sim@hotboat.cl,1002919.0,luz,520.0
2030-02-09 12:30:00,sim@hotboat.cl,1002919.0,gas,10000.0
2030-02-09 12:40:00,sim@hotboat.cl,1002920.0,leña,1500.0
2030-02-09 12:40:00,sim@hotboat.cl,1002920.0,agua,700.0
2030-02-09 12:40:00,sim@hotboat.cl,1002920.0,luz,520.0
2030-02-09 12:40:00,sim@hotboat.cl,1002920.0,gas,10000.0
2030-02-09 12:40:00,sim@hotboat.cl,1002921.0,leña,1500.0
2030-02-09 12:40:00,sim@hotboat.cl,1002921.0,agua,700.0
2030-02-09 12:40:00,sim@hotboat.cl,1002921.0,luz,520.0
2030-02-09 12:40:00,sim@hotboat.cl,1002921.0,gas,10000.0
2030-02-09 12:40:00,sim@hotboat.cl,1002922.0,leña,1500.0
2030-02-09 12:40:00,sim@hotboat.cl,1002922.0,agua,700.0
2030-02-09 12:40:00,sim@hotboat.cl,1002922.0,luz,520.0
2030-02-09 12:40:00,sim@hotboat.cl,1002922.0,gas,10000.0
2030-02-09 12:50:00,sim@hotboat.cl,1002923.0,leña,1500.0
2030-02-09 12:50:00,sim@hotboat.cl,1002923.0,agua,700.0
2030-02-09 12:50:00,sim@hotboat.cl,1002923.0,luz,520.0
2030-02-09 12:50:00,sim@hotboat.cl,1002923.0,gas,10000.0
2030-02-09 12:50:00,sim@hotboat.cl,1002924.0,leña,1500.0
2030-02-09 12:50:00,sim@hotboat.cl,1002924.0,agua,700.0
2030-02-09 12:50:00,sim@hotboat.cl,1002924.0,luz,520.0
2030-02-09 12:50:00,sim@hotboat.cl,1002924.0,gas,10000.0
2030-02-09 12:50:00,sim@hotboat.cl,1002925.0,leña,1500.0
2030-02-09 12:50:00,sim@hotboat.cl,1002925.0,agua,700.0
2030-02-09 12:50:00,sim@hotboat.cl,1002925.0,luz,520.0
2030-02-09 12:50:00,sim@hotboat.cl,1002925.0,gas,10000.0
2030-02-10 12:00:00,sim@hotboat.cl,1002926.0,leña,1500.0
2030-02-10 12:00:00,sim@hotboat.cl,1002926.0,agua,700.0
2030-02-10 12:00:00,sim@hotboat.cl,1002926.0,luz,520.0
2030-02-10 12:00:00,sim@hotboat.cl,1002926.0,gas,10000.0
2030-02-10 12:00:00,sim@hotboat.cl,1002927.0,leña,1500.0
2030-02-10 12:00:00,sim@hotboat.cl,1002927.0,agua,700.0
2030-02-10 12:00:00,sim@hotboat.cl,1002927.0,luz,520.0
2030-02-10 12:00:00,sim@hotboat.cl,1002927.0,gas,10000.0
2030-02-10 12:00:00,sim@hotboat.cl,1002928.0,leña,1500.0
2030-02-10 12:00:00,sim@hotboat.cl,1002928.0,agua,700.0
2030-02-10 12:00:00,sim@hotboat.cl,1002928.0,luz,520.0
2030-02-10 12:00:00,sim@hotboat.cl,1002928.0,gas,10000.0
2030-02-10 12:10:00,sim@hotboat.cl,1002929.0,leña,1500.0
2030-02-10 12:10:00,sim@hotboat.cl,1002929.0,agua,700.0
2030-02-10 12:10:00,sim@hotboat.cl,1002929.0,luz,520.0
2030-02-10 12:10:00,sim@hotboat.cl,1002929.0,gas,10000.0
2030-02-10 12:10:00,sim@hotboat.cl,1002930.0,leña,1500.0
2030-02-10 12:10:00,sim@hotboat.cl,1002930.0,agua,700.0
2030-02-10 12:10:00,sim@hotboat.cl,1002930.0,luz,520.0
2030-02-10 12:10:00,sim@hotboat.cl,1002930.0,gas,10000.0
2030-02-10 12:10:00,sim@hotboat.cl,1002931.0,leña,1500.0
2030-02-10 12:10:00,sim@hotboat.cl,1002931.0,agua,700.0
2030-02-10 12:10:00,sim@hotboat.cl,1002931.0,luz,520.0
2030-02-10 12:10:00,sim@hotboat.cl,1002931.0,gas,10000.0
2030-02-10 12:20:00,sim@hotboat.cl,1002932.0,leña,1500.0
2030-02-10 12:20:00,sim@hotboat.cl,1002932.0,agua,700.0
2030-02-10 12:20:00,sim@hotboat.cl,1002932.0,luz,520.0
2030-02-10 12:20:00,sim@hotboat.cl,1002932.0,gas,10000.0
2030-02-10 12:20:00,sim@hotboat.cl,1002933.0,leña,1500.0
2030-02-10 12:20:00,sim@hotboat.cl,1002933.0,agua,700.0
2030-02-10 12:20:00,sim@hotboat.cl,1002933.0,luz,520.0
2030-02-10 12:20:00,sim@hotboat.cl,1002933.0,gas,10000.0
2030-02-10 12:20:00,sim@hotboat.cl,1002934.0,leña,1500.0
2030-02-10 12:20:00,sim@hotboat.cl,1002934.0,agua,700.0
2030-02-10 12:20:00,sim@hotboat.cl,1002934.0,luz,520.0
2030-02-10 12:20:00,sim@hotboat.cl,1002934.0,gas,10000.0
2030-02-10 12:30:00,sim@hotboat.cl,1002935.0,leña,1500.0
2030-02-10 12:30:00,sim@hotboat.cl,1002935.0,agua,700.0
2030-02-10 12:30:00,sim@hotboat.cl,1002935.0,luz,520.0
2030-02-10 12:30:00,sim@hotboat.cl,1002935.0,gas,10000.0
2030-02-10 12:30:00,sim@hotboat.cl,1002936.0,leña,1500.0
2030-02-10 12:30:00,sim@hotboat.cl,1002936.0,agua,700.0
2030-02-10 12:30:00,sim@hotboat.cl,1002936.0,luz,520.0
2030-02-10 12:30:00,sim@hotboat.cl,1002936.0,gas,10000.0
2030-02-10 12:30:00,sim@hotboat.cl,1002937.0,leña,1500.0
2030-02-10 12:30:00,sim@hotboat.cl,1002937.0,agua,700.0
2030-02-10 12:30:00,sim@hotboat.cl,1002937.0,luz,520.0
2030-02-10 12:30:00,sim@hotboat.cl,1002937.0,gas,10000.0
2030-02-10 12:40:00,sim@hotboat.cl,1002938.0,leña,1500.0
2030-02-10 12:40:00,sim@hotboat.cl,1002938.0,agua,700.0
2030-02-10 12:40:00,sim@hotboat.cl,1002938.0,luz,520.0
2030-02-10 12:40:00,sim@hotboat.cl,1002938.0,gas,10000.0
2030-02-10 12:40:00,sim@hotboat.cl,1002939.0,leña,1500.0
2030-02-10 12:40:00,sim@hotboat.cl,1002939.0,agua,700.0
2030-02-10 12:40:00,sim@hotboat.cl,1002939.0,luz,520.0
2030-02-10 12:40:00,sim@hotboat.cl,1002939.0,gas,10000.0
2030-02-10 12:50:00,sim@hotboat.cl,1002940.0,leña,1500.0
2030-02-10 12:50:00,sim@hotboat.cl,1002940.0,agua,700.0
2030-02-10 12:50:00,sim@hotboat.cl,1002940.0,luz,520.0
2030-02-10 12:50:00,sim@hotboat.cl,1002940.0,gas,10000.0
2030-02-10 12:50:00,sim@hotboat.cl,1002941.0,leña,1500.0
2030-02-10 12:50:00,sim@hotboat.cl,1002941.0,agua,700.0
2030-02-10 12:50:00,sim@hotboat.cl,1002941.0,luz,520.0
2030-02-10 12:50:00,sim@hotboat.cl,1002941.0,gas,10000.0
2030-02-11 12:00:00,sim@hotboat.cl,1002942.0,leña,1500.0
2030-02-11 12:00:00,sim@hotboat.cl,1002942.0,agua,700.0
2030-02-11 12:00:00,sim@hotboat.cl,1002942.0,luz,520.0
2030-02-11 12:00:00,sim@hotboat.cl,1002942.0,gas,10000.0
2030-02-11 12:10:00,sim@hotboat.cl,1002943.0,leña,1500.0
2030-02-11 12:10:00,sim@hotboat.cl,1002943.0,agua,700.0
2030-02-11 12:10:00,sim@hotboat.cl,1002943.0,luz,520.0
2030-02-11 12:10:00,sim@hotboat.cl,1002943.0,gas,10000.0
2030-02-11 12:20:00,sim@hotboat.cl,1002944.0,leña,1500.0
2030-02-11 12:20:00,sim@hotboat.cl,1002944.0,agua,700.0
2030-02-11 12:20:00,sim@hotboat.cl,1002944.0,luz,520.0
2030-02-11 12:20:00,sim@hotboat.cl,1002944.0,gas,10000.0
2030-02-11 12:30:00,sim@hotboat.cl,1002945.0,leña,1500.0
2030-02-11 12:30:00,sim@hotboat.cl,1002945.0,agua,700.0
2030-02-11 12:30:00,sim@hotboat.cl,1002945.0,luz,520.0
2030-02-11 12:30:00,sim@hotboat.cl,1002945.0,gas,10000.0
2030-02-12 12:00:00,sim@hotboat.cl,1002946.0,leña,1500.0
2030-02-12 12:00:00,sim@hotboat.cl,1002946.0,agua,700.0
2030-02-12 12:00:00,sim@hotboat.cl,1002946.0,luz,520.0
2030-02-12 12:00:00,sim@hotboat.cl,1002946.0,gas,10000.0
2030-02-12 12:10:00,sim@hotboat.cl,1002947.0,leña,1500.0
2030-02-12 12:10:00,sim@hotboat.cl,1002947.0,agua,700.0
2030-02-12 12:10:00,sim@hotboat.cl,1002947.0,luz,520.0
2030-02-12 12:10:00,sim@hotboat.cl,1002947.0,gas,10000.0
2030-02-12 12:20:00,sim@hotboat.cl,1002948.0,leña,1500.0
2030-02-12 12:20:00,sim@hotboat.cl,1002948.0,agua,700.0
2030-02-12 12:20:00,sim@hotboat.cl,1002948.0,luz,520.0
2030-02-12 12:20:00,sim@hotboat.cl,1002948.0,gas,10000.0
2030-02-12 12:30:00,sim@hotboat.cl,1002949.0,leña,1500.0
2030-02-12 12:30:00,sim@hotboat.cl,1002949.0,agua,700.0
2030-02-12 12:30:00,sim@hotboat.cl,1002949.0,luz,520.0
2030-02-12 12:30:00,sim@hotboat.cl,1002949.0,gas,10000.0
2030-02-12 12:40:00,sim@hotboat.cl,1002950.0,leña,1500.0
2030-02-12 12:40:00,sim@hotboat.cl,1002950.0,agua,700.0
2030-02-12 12:40:00,sim@hotboat.cl,1002950.0,luz,520.0
2030-02-12 12:40:00,sim@hotboat.cl,1002950.0,gas,10000.0
2030-02-13 12:00:00,sim@hotboat.cl,1002951.0,leña,1500.0
2030-02-13 12:00:00,sim@hotboat.cl,1002951.0,agua,700.0
2030-02-13 12:00:00,sim@hotboat.cl,1002951.0,luz,520.0
2030-02-13 12:00:00,sim@hotboat.cl,1002951.0,gas,10000.0
2030-02-13 12:10:00,sim@hotboat.cl,1002952.0,leña,1500.0
2030-02-13 12:10:00,sim@hotboat.cl,1002952.0,agua,700.0
2030-02-13 12:10:00,sim@hotboat.cl,1002952.0,luz,520.0
2030-02-13 12:10:00,sim@hotboat.cl,1002952.0,gas,10000.0
2030-02-13 12:20:00,sim@hotboat.cl,1002953.0,leña,1500.0
2030-02-13 12:20:00,sim@hotboat.cl,1002953.0,agua,700.0
2030-02-13 12:20:00,sim@hotboat.cl,1002953.0,luz,520.0
2030-02-13 12:20:00,sim@hotboat.cl,1002953.0,gas,10000.0
2030-02-13 12:30:00,sim@hotboat.cl,1002954.0,leña,1500.0
2030-02-13 12:30:00,sim@hotboat.cl,1002954.0,agua,700.0
2030-02-13 12:30:00,sim@hotboat.cl,1002954.0,luz,520.0
2030-02-13 12:30:00,sim@hotboat.cl,1002954.0,gas,10000.0
2030-02-14 12:00:00,sim@hotboat.cl,1002955.0,leña,1500.0
2030-02-14 12:00:00,sim@hotboat.cl,1002955.0,agua,700.0
2030-02-14 12:00:00,sim@hotboat.cl,1002955.0,luz,520.0
2030-02-14 12:00:00,sim@hotboat.cl,1002955.0,gas,10000.0
2030-02-14 12:00:00,sim@hotboat.cl,1002956.0,leña,1500.0
2030-02-14 12:00:00,sim@hotboat.cl,1002956.0,agua,700.0
2030-02-14 12:00:00,sim@hotboat.cl,1002956.0,luz,520.0
2030-02-14 12:00:00,sim@hotboat.cl,1002956.0,gas,10000.0
2030-02-14 12:10:00,sim@hotboat.cl,1002957.0,leña,1500.0
2030-02-14 12:10:00,sim@hotboat.cl,1002957.0,agua,700.0
2030-02-14 12:10:00,sim@hotboat.cl,1002957.0,luz,520.0
2030-02-14 12:10:00,sim@hotboat.cl,1002957.0,gas,10000.0
2030-02-14 12:20:00,sim@hotboat.cl,1002958.0,leña,1500.0
2030-02-14 12:20:00,sim@hotboat.cl,1002958.0,agua,700.0
2030-02-14 12:20:00,sim@hotboat.cl,1002958.0,luz,520.0
2030-02-14 12:20:00,sim@hotboat.cl,1002958.0,gas,10000.0
2030-02-14 12:30:00,sim@hotboat.cl,1002959.0,leña,1500.0
2030-02-14 12:30:00,sim@hotboat.cl,1002959.0,agua,700.0
2030-02-14 12:30:00,sim@hotboat.cl,1002959.0,luz,520.0
2030-02-14 12:30:00,sim@hotboat.cl,1002959.0,gas,10000.0
2030-02-14 12:40:00,sim@hotboat.cl,1002960.0,leña,1500.0
2030-02-14 12:40:00,sim@hotboat.cl,1002960.0,agua,700.0
2030-02-14 12:40:00,sim@hotboat.cl,1002960.0,luz,520.0
2030-02-14 12:40:00,sim@hotboat.cl,1002960.0,gas,10000.0
2030-02-14 12:50:00,sim@hotboat.cl,1002961.0,leña,1500.0
2030-02-14 12:50:00,sim@hotboat.cl,1002961.0,agua,700.0
2030-02-14 12:50:00,sim@hotboat.cl,1002961.0,luz,520.0
2030-02-14 12:50:00,sim@hotboat.cl,1002961.0,gas,10000.0
2030-02-15 12:00:00,sim@hotboat.cl,1002962.0,leña,1500.0
2030-02-15 12:00:00,sim@hotboat.cl,1002962.0,agua,700.0
2030-02-15 12:00:00,sim@hotboat.cl,1002962.0,luz,520.0
2030-02-15 12:00:00,sim@hotboat.cl,1002962.0,gas,10000.0
2030-02-15 12:00:00,sim@hotboat.cl,1002963.0,leña,1500.0
2030-02-15 12:00:00,sim@hotboat.cl,1002963.0,agua,700.0
2030-02-15 12:00:00,sim@hotboat.cl,1002963.0,luz,520.0
2030-02-15 12:00:00,sim@hotboat.cl,1002963.0,gas,10000.0
2030-02-15 12:10:00,sim@hotboat.cl,1002964.0,leña,1500.0
2030-02-15 12:10:00,sim@hotboat.cl,1002964.0,agua,700.0
2030-02-15 12:10:00,sim@hotboat.cl,1002964.0,luz,520.0
2030-02-15 12:10:00,sim@hotboat.cl,1002964.0,gas,10000.0
2030-02-15 12:10:00,sim@hotboat.cl,1002965.0,leña,1500.0
2030-02-15 12:10:00,sim@hotboat.cl,1002965.0,agua,700.0
2030-02-15 12:10:00,sim@hotboat.cl,1002965.0,luz,520.0
2030-02-15 12:10:00,sim@hotboat.cl,1002965.0,gas,10000.0
2030-02-15 12:20:00,sim@hotboat.cl,1002966.0,leña,1500.0
2030-02-15 12:20:00,sim@hotboat.cl,1002966.0,agua,700.0
2030-02-15 12:20:00,sim@hotboat.cl,1002966.0,luz,520.0
2030-02-15 12:20:00,sim@hotboat.cl,1002966.0,gas,10000.0
2030-02-15 12:30:00,sim@hotboat.cl,1002967.0,leña,1500.0
2030-02-15 12:30:00,sim@hotboat.cl,1002967.0,agua,700.0
2030-02-15 12:30:00,sim@hotboat.cl,1002967.0,luz,520.0
2030-02-15 12:30:00,sim@hotboat.cl,1002967.0,gas,10000.0
2030-02-15 12:40:00,sim@hotboat.cl,1002968.0,leña,1500.0
2030-02-15 12:40:00,sim@hotboat.cl,1002968.0,agua,700.0
2030-02-15 12:40:00,sim@hotboat.cl,1002968.0,luz,520.0
2030-02-15 12:40:00,sim@hotboat.cl,1002968.0,gas,10000.0
2030-02-15 12:50:00,sim@hotboat.cl,1002969.0,leña,1500.0
2030-02-15 12:50:00,sim@hotboat.cl,1002969.0,agua,700.0
2030-02-15 12:50:00,sim@hotboat.cl,1002969.0,luz,520.0
2030-02-15 12:50:00,sim@hotboat.cl,1002969.0,gas,10000.0
2030-02-16 12:00:00,sim@hotboat.cl,1002970.0,leña,1500.0
2030-02-16 12:00:00,sim@hotboat.cl,1002970.0,agua,700.0
2030-02-16 12:00:00,sim@hotboat.cl,1002970.0,luz,520.0
2030-02-16 12:00:00,sim@hotboat.cl,1002970.0,gas,10000.0
2030-02-16 12:00:00,sim@hotboat.cl,1002971.0,leña,1500.0
2030-02-16 12:00:00,sim@hotboat.cl,1002971.0,agua,700.0
2030-02-16 12:00:00,sim@hotboat.cl,1002971.0,luz,520.0
2030-02-16 12:00:00,sim@hotboat.cl,1002971.0,gas,10000.0
2030-02-16 12:00:00,sim@hotboat.cl,1002972.0,leña,1500.0
2030-02-16 12:00:00,sim@hotboat.cl,1002972.0,agua,700.0
2030-02-16 12:00:00,sim@hotboat.cl,1002972.0,luz,520.0
2030-02-16 12:00:00,sim@hotboat.cl,1002972.0,gas,10000.0
2030-02-16 12:00:00,sim@hotboat.cl,1002973.0,leña,1500.0
2030-02-16 12:00:00,sim@hotboat.cl,1002973.0,agua,700.0
2030-02-16 12:00:00,sim@hotboat.cl,1002973.0,luz,520.0
2030-02-16 12:00:00,sim@hotboat.cl,1002973.0,gas,10000.0
2030-02-16 12:10:00,sim@hotboat.cl,1002974.0,leña,1500.0
2030-02-16 12:10:00,sim@hotboat.cl,1002974.0,agua,700.0
2030-02-16 12:10:00,sim@hotboat.cl,1002974.0,luz,520.0
2030-02-16 12:10:00,sim@hotboat.cl,1002974.0,gas,10000.0
2030-02-16 12:10:00,sim@hotboat.cl,1002975.0,leña,1500.0
2030-02-16 12:10:00,sim@hotboat.cl,1002975.0,agua,700.0
2030-02-16 12:10:00,sim@hotboat.cl,1002975.0,luz,520.0
2030-02-16 12:10:00,sim@hotboat.cl,1002975.0,gas,10000.0
2030-02-16 12:10:00,sim@hotboat.cl,1002976.0,leña,1500.0
2030-02-16 12:10:00,sim@hotboat.cl,1002976.0,agua,700.0
2030-02-16 12:10:00,sim@hotboat.cl,1002976.0,luz,520.0
2030-02-16 12:10:00,sim@hotboat.cl,1002976.0,gas,10000.0
2030-02-16 12:20:00,sim@hotboat.cl,1002977.0,leña,1500.0
2030-02-16 12:20:00,sim@hotboat.cl,1002977.0,agua,700.0
2030-02-16 12:20:00,sim@hotboat.cl,1002977.0,luz,520.0
2030-02-16 12:20:00,sim@hotboat.cl,1002977.0,gas,10000.0
2030-02-16 12:20:00,sim@hotboat.cl,1002978.0,leña,1500.0
2030-02-16 12:20:00,sim@hotboat.cl,1002978.0,agua,700.0
2030-02-16 12:20:00,sim@hotboat.cl,1002978.0,luz,520.0
2030-02-16 12:20:00,sim@hotboat.cl,1002978.0,gas,10000.0
2030-02-16 12:20:00,sim@hotboat.cl,1002979.0,leña,1500.0
2030-02-16 12:20:00,sim@hotboat.cl,1002979.0,agua,700.0
2030-02-16 12:20:00,sim@hotboat.cl,1002979.0,luz,520.0
2030-02-16 12:20:00,sim@hotboat.cl,1002979.0,gas,10000.0
2030-02-16 12:30:00,sim@hotboat.cl,1002980.0,leña,1500.0
2030-02-16 12:30:00,sim@hotboat.cl,1002980.0,agua,700.0
2030-02-16 12:30:00,sim@hotboat.cl,1002980.0,luz,520.0
2030-02-16 12:30:00,sim@hotboat.cl,1002980.0,gas,10000.0
2030-02-16 12:30:00,sim@hotboat.cl,1002981.0,leña,1500.0
2030-02-16 12:30:00,sim@hotboat.cl,1002981.0,agua,700.0
2030-02-16 12:30:00,sim@hotboat.cl,1002981.0,luz,520.0
2030-02-16 12:30:00,sim@hotboat.cl,1002981.0,gas,10000.0
2030-02-16 12:30:00,sim@hotboat.cl,1002982.0,leña,1500.0
2030-02-16 12:30:00,sim@hotboat.cl,1002982.0,agua,700.0
2030-02-16 12:30:00,sim@hotboat.cl,1002982.0,luz,520.0
2030-02-16 12:30:00,sim@hotboat.cl,1002982.0,gas,10000.0
2030-02-16 12:40:00,sim@hotboat.cl,1002983.0,leña,1500.0
2030-02-16 12:40:00,sim@hotboat.cl,1002983.0,agua,700.0
2030-02-16 12:40:00,sim@hotboat.cl,1002983.0,luz,520.0
2030-02-16 12:40:00,sim@hotboat.cl,1002983.0,gas,10000.0
2030-02-16 12:40:00,sim@hotboat.cl,1002984.0,leña,1500.0
2030-02-16 12:40:00,sim@hotboat.cl,1002984.0,agua,700.0
2030-02-16 12:40:00,sim@hotboat.cl,1002984.0,luz,520.0
2030-02-16 12:40:00,sim@hotboat.cl,1002984.0,gas,10000.0
2030-02-16 12:40:00,sim@hotboat.cl,1002985.0,leña,1500.0
2030-02-16 12:40:00,sim@hotboat.cl,1002985.0,agua,700.0
2030-02-16 12:40:00,sim@hotboat.cl,1002985.0,luz,520.0
2030-02-16 12:40:00,sim@hotboat.cl,1002985.0,gas,10000.0
2030-02-16 12:50:00,sim@hotboat.cl,1002986.0,leña,1500.0
2030-02-16 12:50:00,sim@hotboat.cl,1002986.0,agua,700.0
2030-02-16 12:50:00,sim@hotboat.cl,1002986.0,luz,520.0
2030-02-16 12:50:00,sim@hotboat.cl,1002986.0,gas,10000.0
2030-02-16 12:50:00,sim@hotboat.cl,1002987.0,leña,1500.0
2030-02-16 12:50:00,sim@hotboat.cl,1002987.0,agua,700.0
2030-02-16 12:50:00,sim@hotboat.cl,1002987.0,luz,520.0
2030-02-16 12:50:00,sim@hotboat.cl,1002987.0,gas,10000.0
2030-02-16 12:50:00,sim@hotboat.cl,1002988.0,leña,1500.0
2030-02-16 12:50:00,sim@hotboat.cl,1002988.0,agua,700.0
2030-02-16 12:50:00,sim@hotboat.cl,1002988.0,luz,520.0
2030-02-16 12:50:00,sim@hotboat.cl,1002988.0,gas,10000.0
2030-02-17 12:00:00,sim@hotboat.cl,1002989.0,leña,1500.0
2030-02-17 12:00:00,sim@hotboat.cl,1002989.0,agua,700.0
2030-02-17 12:00:00,sim@hotboat.cl,1002989.0,luz,520.0
2030-02-17 12:00:00,sim@hotboat.cl,1002989.0,gas,10000.0
2030-02-17 12:00:00,sim@hotboat.cl,1002990.0,leña,1500.0
2030-02-17 12:00:00,sim@hotboat.cl,1002990.0,agua,700.0
2030-02-17 12:00:00,sim@hotboat.cl,1002990.0,luz,520.0
2030-02-17 12:00:00,sim@hotboat.cl,1002990.0,gas,10000.0
2030-02-17 12:00:00,sim@hotboat.cl,1002991.0,leña,1500.0
2030-02-17 12:00:00,sim@hotboat.cl,1002991.0,agua,700.0
2030-02-17 12:00:00,sim@hotboat.cl,1002991.0,luz,520.0
2030-02-17 12:00:00,sim@hotboat.cl,1002991.0,gas,10000.0
2030-02-17 12:00:00,sim@hotboat.cl,1002992.0,leña,1500.0
2030-02-17 12:00:00,sim@hotboat.cl,1002992.0,agua,700.0
2030-02-17 12:00:00,sim@hotboat.cl,1002992.0,luz,520.0
2030-02-17 12:00:00,sim@hotboat.cl,1002992.0,gas,10000.0
2030-02-17 12:10:00,sim@hotboat.cl,1002993.0,leña,1500.0
2030-02-17 12:10:00,sim@hotboat.cl,1002993.0,agua,700.0
2030-02-17 12:10:00,sim@hotboat.cl,1002993.0,luz,520.0
2030-02-17 12:10:00,sim@hotboat.cl,1002993.0,gas,10000.0
2030-02-17 12:10:00,sim@hotboat.cl,1002994.0,leña,1500.0
2030-02-17 12:10:00,sim@hotboat.cl,1002994.0,agua,700.0
2030-02-17 12:10:00,sim@hotboat.cl,1002994.0,luz,520.0
2030-02-17 12:10:00,sim@hotboat.cl,1002994.0,gas,10000.0
2030-02-17 12:10:00,sim@hotboat.cl,1002995.0,leña,1500.0
2030-02-17 12:10:00,sim@hotboat.cl,1002995.0,agua,700.0
2030-02-17 12:10:00,sim@hotboat.cl,1002995.0,luz,520.0
2030-02-17 12:10:00,sim@hotboat.cl,1002995.0,gas,10000.0
2030-02-17 12:10:00,sim@hotboat.cl,1002996.0,leña,1500.0
2030-02-17 12:10:00,sim@hotboat.cl,1002996.0,agua,700.0
2030-02-17 12:10:00,sim@hotboat.cl,1002996.0,luz,520.0
2030-02-17 12:10:00,sim@hotboat.cl,1002996.0,gas,10000.0
2030-02-17 12:20:00,sim@hotboat.cl,1002997.0,leña,1500.0
2030-02-17 12:20:00,sim@hotboat.cl,1002997.0,agua,700.0
2030-02-17 12:20:00,sim@hotboat.cl,1002997.0,luz,520.0
2030-02-17 12:20:00,sim@hotboat.cl,1002997.0,gas,10000.0
2030-02-17 12:20:00,sim@hotboat.cl,1002998.0,leña,1500.0
2030-02-17 12:20:00,sim@hotboat.cl,1002998.0,agua,700.0
2030-02-17 12:20:00,sim@hotboat.cl,1002998.0,luz,520.0
2030-02-17 12:20:00,sim@hotboat.cl,1002998.0,gas,10000.0
2030-02-17 12:20:00,sim@hotboat.cl,1002999.0,leña,1500.0
2030-02-17 12:20:00,sim@hotboat.cl,1002999.0,agua,700.0
2030-02-17 12:20:00,sim@hotboat.cl,1002999.0,luz,520.0
2030-02-17 12:20:00,sim@hotboat.cl,1002999.0,gas,10000.0
2030-02-17 12:20:00,sim@hotboat.cl,1003000.0,leña,1500.0
2030-02-17 12:20:00,sim@hotboat.cl,1003000.0,agua,700.0
2030-02-17 12:20:00,sim@hotboat.cl,1003000.0,luz,520.0
2030-02-17 12:20:00,sim@hotboat.cl,1003000.0,gas,10000.0
2030-02-17 12:30:00,sim@hotboat.cl,1003001.0,leña,1500.0
2030-02-17 12:30:00,sim@hotboat.cl,1003001.0,agua,700.0
2030-02-17 12:30:00,sim@hotboat.cl,1003001.0,luz,520.0
2030-02-17 12:30:00,sim@hotboat.cl,1003001.0,gas,10000.0
2030-02-17 12:30:00,sim@hotboat.cl,1003002.0,leña,1500.0
2030-02-17 12:30:00,sim@hotboat.cl,1003002.0,agua,700.0
2030-02-17 12:30:00,sim@hotboat.cl,1003002.0,luz,520.0
2030-02-17 12:30:00,sim@hotboat.cl,1003002.0,gas,10000.0
2030-02-17 12:30:00,sim@hotboat.cl,1003003.0,leña,1500.0
2030-02-17 12:30:00,sim@hotboat.cl,1003003.0,agua,700.0
2030-02-17 12:30:00,sim@hotboat.cl,1003003.0,luz,520.0
2030-02-17 12:30:00,sim@hotboat.cl,1003003.0,gas,10000.0
2030-02-17 12:30:00,sim@hotboat.cl,1003004.0,leña,1500.0
2030-02-17 12:30:00,sim@hotboat.cl,1003004.0,agua,700.0
2030-02-17 12:30:00,sim@hotboat.cl,1003004.0,luz,520.0
2030-02-17 12:30:00,sim@hotboat.cl,1003004.0,gas,10000.0
2030-02-17 12:40:00,sim@hotboat.cl,1003005.0,leña,1500.0
2030-02-17 12:40:00,sim@hotboat.cl,1003005.0,agua,700.0
2030-02-17 12:40:00,sim@hotboat.cl,1003005.0,luz,520.0
2030-02-17 12:40:00,sim@hotboat.cl,1003005.0,gas,10000.0
2030-02-17 12:40:00,sim@hotboat.cl,1003006.0,leña,1500.0
2030-02-17 12:40:00,sim@hotboat.cl,1003006.0,agua,700.0
2030-02-17 12:40:00,sim@hotboat.cl,1003006.0,luz,520.0
2030-02-17 12:40:00,sim@hotboat.cl,1003006.0,gas,10000.0
2030-02-17 12:40:00,sim@hotboat.cl,1003007.0,leña,1500.0
2030-02-17 12:40:00,sim@hotboat.cl,1003007.0,agua,700.0
2030-02-17 12:40:00,sim@hotboat.cl,1003007.0,luz,520.0
2030-02-17 12:40:00,sim@hotboat.cl,1003007.0,gas,10000.0
2030-02-17 12:40:00,sim@hotboat.cl,1003008.0,leña,1500.0
2030-02-17 12:40:00,sim@hotboat.cl,1003008.0,agua,700.0
2030-02-17 12:40:00,sim@hotboat.cl,1003008.0,luz,520.0
2030-02-17 12:40:00,sim@hotboat.cl,1003008.0,gas,10000.0
2030-02-17 12:50:00,sim@hotboat.cl,1003009.0,leña,1500.0
2030-02-17 12:50:00,sim@hotboat.cl,1003009.0,agua,700.0
2030-02-17 12:50:00,sim@hotboat.cl,1003009.0,luz,520.0
2030-02-17 12:50:00,sim@hotboat.cl,1003009.0,gas,10000.0
2030-02-17 12:50:00,sim@hotboat.cl,1003010.0,leña,1500.0
2030-02-17 12:50:00,sim@hotboat.cl,1003010.0,agua,700.0
2030-02-17 12:50:00,sim@hotboat.cl,1003010.0,luz,520.0
2030-02-17 12:50:00,sim@hotboat.cl,1003010.0,gas,10000.0
2030-02-17 12:50:00,sim@hotboat.cl,1003011.0,leña,1500.0
2030-02-17 12:50:00,sim@hotboat.cl,1003011.0,agua,700.0
2030-02-17 12:50:00,sim@hotboat.cl,1003011.0,luz,520.0
2030-02-17 12:50:00,sim@hotboat.cl,1003011.0,gas,10000.0
2030-02-18 12:00:00,sim@hotboat.cl,1003012.0,leña,1500.0
2030-02-18 12:00:00,sim@hotboat.cl,1003012.0,agua,700.0
2030-02-18 12:00:00,sim@hotboat.cl,1003012.0,luz,520.0
2030-02-18 12:00:00,sim@hotboat.cl,1003012.0,gas,10000.0
2030-02-18 12:10:00,sim@hotboat.cl,1003013.0,leña,1500.0
2030-02-18 12:10:00,sim@hotboat.cl,1003013.0,agua,700.0
2030-02-18 12:10:00,sim@hotboat.cl,1003013.0,luz,520.0
2030-02-18 12:10:00,sim@hotboat.cl,1003013.0,gas,10000.0
2030-02-18 12:20:00,sim@hotboat.cl,1003014.0,leña,1500.0
2030-02-18 12:20:00,sim@hotboat.cl,1003014.0,agua,700.0
2030-02-18 12:20:00,sim@hotboat.cl,1003014.0,luz,520.0
2030-02-18 12:20:00,sim@hotboat.cl,1003014.0,gas,10000.0
2030-02-18 12:30:00,sim@hotboat.cl,1003015.0,leña,1500.0
2030-02-18 12:30:00,sim@hotboat.cl,1003015.0,agua,700.0
2030-02-18 12:30:00,sim@hotboat.cl,1003015.0,luz,520.0
2030-02-18 12:30:00,sim@hotboat.cl,1003015.0,gas,10000.0
2030-02-18 12:40:00,sim@hotboat.cl,1003016.0,leña,1500.0
2030-02-18 12:40:00,sim@hotboat.cl,1003016.0,agua,700.0
2030-02-18 12:40:00,sim@hotboat.cl,1003016.0,luz,520.0
2030-02-18 12:40:00,sim@hotboat.cl,1003016.0,gas,10000.0
2030-02-18 12:50:00,sim@hotboat.cl,1003017.0,leña,1500.0
2030-02-18 12:50:00,sim@hotboat.cl,1003017.0,agua,700.0
2030-02-18 12:50:00,sim@hotboat.cl,1003017.0,luz,520.0
2030-02-18 12:50:00,sim@hotboat.cl,1003017.0,gas,10000.0
2030-02-19 12:00:00,sim@hotboat.cl,1003018.0,leña,1500.0
2030-02-19 12:00:00,sim@hotboat.cl,1003018.0,agua,700.0
2030-02-19 12:00:00,sim@hotboat.cl,1003018.0,luz,520.0
2030-02-19 12:00:00,sim@hotboat.cl,1003018.0,gas,10000.0
2030-02-19 12:00:00,sim@hotboat.cl,1003019.0,leña,1500.0
2030-02-19 12:00:00,sim@hotboat.cl,1003019.0,agua,700.0
2030-02-19 12:00:00,sim@hotboat.cl,1003019.0,luz,520.0
2030-02-19 12:00:00,sim@hotboat.cl,1003019.0,gas,10000.0
2030-02-19 12:00:00,sim@hotboat.cl,1003020.0,leña,1500.0
2030-02-19 12:00:00,sim@hotboat.cl,1003020.0,agua,700.0
2030-02-19 12:00:00,sim@hotboat.cl,1003020.0,luz,520.0
2030-02-19 12:00:00,sim@hotboat.cl,1003020.0,gas,10000.0
2030-02-19 12:10:00,sim@hotboat.cl,1003021.0,leña,1500.0
2030-02-19 12:10:00,sim@hotboat.cl,1003021.0,agua,700.0
2030-02-19 12:10:00,sim@hotboat.cl,1003021.0,luz,520.0
2030-02-19 12:10:00,sim@hotboat.cl,1003021.0,gas,10000.0
2030-02-19 12:10:00,sim@hotboat.cl,1003022.0,leña,1500.0
2030-02-19 12:10:00,sim@hotboat.cl,1003022.0,agua,700.0
2030-02-19 12:10:00,sim@hotboat.cl,1003022.0,luz,520.0
2030-02-19 12:10:00,sim@hotboat.cl,1003022.0,gas,10000.0
2030-02-19 12:10:00,sim@hotboat.cl,1003023.0,leña,1500.0
2030-02-19 12:10:00,sim@hotboat.cl,1003023.0,agua,700.0
2030-02-19 12:10:00,sim@hotboat.cl,1003023.0,luz,520.0
2030-02-19 12:10:00,sim@hotboat.cl,1003023.0,gas,10000.0
2030-02-19 12:20:00,sim@hotboat.cl,1003024.0,leña,1500.0
2030-02-19 12:20:00,sim@hotboat.cl,1003024.0,agua,700.0
2030-02-19 12:20:00,sim@hotboat.cl,1003024.0,luz,520.0
2030-02-19 12:20:00,sim@hotboat.cl,1003024.0,gas,10000.0
2030-02-19 12:20:00,sim@hotboat.cl,1003025.0,leña,1500.0
2030-02-19 12:20:00,sim@hotboat.cl,1003025.0,agua,700.0
2030-02-19 12:20:00,sim@hotboat.cl,1003025.0,luz,520.0
2030-02-19 12:20:00,sim@hotboat.cl,1003025.0,gas,10000.0
2030-02-19 12:20:00,sim@hotboat.cl,1003026.0,leña,1500.0
2030-02-19 12:20:00,sim@hotboat.cl,1003026.0,agua,700.0
2030-02-19 12:20:00,sim@hotboat.cl,1003026.0,luz,520.0
2030-02-19 12:20:00,sim@hotboat.cl,1003026.0,gas,10000.0
2030-02-19 12:30:00,sim@hotboat.cl,1003027.0,leña,1500.0
2030-02-19 12:30:00,sim@hotboat.cl,1003027.0,agua,700.0
2030-02-19 12:30:00,sim@hotboat.cl,1003027.0,luz,520.0
2030-02-19 12:30:00,sim@hotboat.cl,1003027.0,gas,10000.0
2030-02-19 12:30:00,sim@hotboat.cl,1003028.0,leña,1500.0
2030-02-19 12:30:00,sim@hotboat.cl,1003028.0,agua,700.0
2030-02-19 12:30:00,sim@hotboat.cl,1003028.0,luz,520.0
2030-02-19 12:30:00,sim@hotboat.cl,1003028.0,gas,10000.0
2030-02-19 12:40:00,sim@hotboat.cl,1003029.0,leña,1500.0
2030-02-19 12:40:00,sim@hotboat.cl,1003029.0,agua,700.0
2030-02-19 12:40:00,sim@hotboat.cl,1003029.0,luz,520.0
2030-02-19 12:40:00,sim@hotboat.cl,1003029.0,gas,10000.0
2030-02-19 12:40:00,sim@hotboat.cl,1003030.0,leña,1500.0
2030-02-19 12:40:00,sim@hotboat.cl,1003030.0,agua,700.0
2030-02-19 12:40:00,sim@hotboat.cl,1003030.0,luz,520.0
2030-02-19 12:40:00,sim@hotboat.cl,1003030.0,gas,10000.0
2030-02-19 12:50:00,sim@hotboat.cl,1003031.0,leña,1500.0
2030-02-19 12:50:00,sim@hotboat.cl,1003031.0,agua,700.0
2030-02-19 12:50:00,sim@hotboat.cl,1003031.0,luz,520.0
2030-02-19 12:50:00,sim@hotboat.cl,1003031.0,gas,10000.0
2030-02-19 12:50:00,sim@hotboat.cl,1003032.0,leña,1500.0
2030-02-19 12:50:00,sim@hotboat.cl,1003032.0,agua,700.0
2030-02-19 12:50:00,sim@hotboat.cl,1003032.0,luz,520.0
2030-02-19 12:50:00,sim@hotboat.cl,1003032.0,gas,10000.0
2030-02-20 12:00:00,sim@hotboat.cl,1003033.0,leña,1500.0
2030-02-20 12:00:00,sim@hotboat.cl,1003033.0,agua,700.0
2030-02-20 12:00:00,sim@hotboat.cl,1003033.0,luz,520.0
2030-02-20 12:00:00,sim@hotboat.cl,1003033.0,gas,10000.0
2030-02-21 12:00:00,sim@hotboat.cl,1003034.0,leña,1500.0
2030-02-21 12:00:00,sim@hotboat.cl,1003034.0,agua,700.0
2030-02-21 12:00:00,sim@hotboat.cl,1003034.0,luz,520.0
2030-02-21 12:00:00,sim@hotboat.cl,1003034.0,gas,10000.0
2030-02-21 12:10:00,sim@hotboat.cl,1003035.0,leña,1500.0
2030-02-21 12:10:00,sim@hotboat.cl,1003035.0,agua,700.0
2030-02-21 12:10:00,sim@hotboat.cl,1003035.0,luz,520.0
2030-02-21 12:10:00,sim@hotboat.cl,1003035.0,gas,10000.0
2030-02-21 12:20:00,sim@hotboat.cl,1003036.0,leña,1500.0
2030-02-21 12:20:00,sim@hotboat.cl,1003036.0,agua,700.0
2030-02-21 12:20:00,sim@hotboat.cl,1003036.0,luz,520.0
2030-02-21 12:20:00,sim@hotboat.cl,1003036.0,gas,10000.0
2030-02-21 12:30:00,sim@hotboat.cl,1003037.0,leña,1500.0
2030-02-21 12:30:00,sim@hotboat.cl,1003037.0,agua,700.0
2030-02-21 12:30:00,sim@hotboat.cl,1003037.0,luz,520.0
2030-02-21 12:30:00,sim@hotboat.cl,1003037.0,gas,10000.0
2030-02-21 12:40:00,sim@hotboat.cl,1003038.0,leña,1500.0
2030-02-21 12:40:00,sim@hotboat.cl,1003038.0,agua,700.0
2030-02-21 12:40:00,sim@hotboat.cl,1003038.0,luz,520.0
2030-02-21 12:40:00,sim@hotboat.cl,1003038.0,gas,10000.0
2030-02-22 12:00:00,sim@hotboat.cl,1003039.0,leña,1500.0
2030-02-22 12:00:00,sim@hotboat.cl,1003039.0,agua,700.0
2030-02-22 12:00:00,sim@hotboat.cl,1003039.0,luz,520.0
2030-02-22 12:00:00,sim@hotboat.cl,1003039.0,gas,10000.0
2030-02-22 12:10:00,sim@hotboat.cl,1003040.0,leña,1500.0
2030-02-22 12:10:00,sim@hotboat.cl,1003040.0,agua,700.0
2030-02-22 12:10:00,sim@hotboat.cl,1003040.0,luz,520.0
2030-02-22 12:10:00,sim@hotboat.cl,1003040.0,gas,10000.0
2030-02-22 12:20:00,sim@hotboat.cl,1003041.0,leña,1500.0
2030-02-22 12:20:00,sim@hotboat.cl,1003041.0,agua,700.0
2030-02-22 12:20:00,sim@hotboat.cl,1003041.0,luz,520.0
2030-02-22 12:20:00,sim@hotboat.cl,1003041.0,gas,10000.0
2030-02-22 12:30:00,sim@hotboat.cl,1003042.0,leña,1500.0
2030-02-22 12:30:00,sim@hotboat.cl,1003042.0,agua,700.0
2030-02-22 12:30:00,sim@hotboat.cl,1003042.0,luz,520.0
2030-02-22 12:30:00,sim@hotboat.cl,1003042.0,gas,10000.0
2030-02-23 12:00:00,sim@hotboat.cl,1003043.0,leña,1500.0
2030-02-23 12:00:00,sim@hotboat.cl,1003043.0,agua,700.0
2030-02-23 12:00:00,sim@hotboat.cl,1003043.0,luz,520.0
2030-02-23 12:00:00,sim@hotboat.cl,1003043.0,gas,10000.0
2030-02-23 12:00:00,sim@hotboat.cl,1003044.0,leña,1500.0
2030-02-23 12:00:00,sim@hotboat.cl,1003044.0,agua,700.0
2030-02-23 12:00:00,sim@hotboat.cl,1003044.0,luz,520.0
2030-02-23 12:00:00,sim@hotboat.cl,1003044.0,gas,10000.0
2030-02-23 12:00:00,sim@hotboat.cl,1003045.0,leña,1500.0
2030-02-23 12:00:00,sim@hotboat.cl,1003045.0,agua,700.0
2030-02-23 12:00:00,sim@hotboat.cl,1003045.0,luz,520.0
2030-02-23 12:00:00,sim@hotboat.cl,1003045.0,gas,10000.0
2030-02-23 12:00:00,sim@hotboat.cl,1003046.0,leña,1500.0
2030-02-23 12:00:00,sim@hotboat.cl,1003046.0,agua,700.0
2030-02-23 12:00:00,sim@hotboat.cl,1003046.0,luz,520.0
2030-02-23 12:00:00,sim@hotboat.cl,1003046.0,gas,10000.0
2030-02-23 12:00:00,sim@hotboat.cl,1003047.0,leña,1500.0
2030-02-23 12:00:00,sim@hotboat.cl,1003047.0,agua,700.0
2030-02-23 12:00:00,sim@hotboat.cl,1003047.0,luz,520.0
2030-02-23 12:00:00,sim@hotboat.cl,1003047.0,gas,10000.0
2030-02-23 12:10:00,sim@hotboat.cl,1003048.0,leña,1500.0
2030-02-23 12:10:00,sim@hotboat.cl,1003048.0,agua,700.0
2030-02-23 12:10:00,sim@hotboat.cl,1003048.0,luz,520.0
2030-02-23 12:10:00,sim@hotboat.cl,1003048.0,gas,10000.0
2030-02-23 12:10:00,sim@hotboat.cl,1003049.0,leña,1500.0
2030-02-23 12:10:00,sim@hotboat.cl,1003049.0,agua,700.0
2030-02-23 12:10:00,sim@hotboat.cl,1003049.0,luz,520.0
2030-02-23 12:10:00,sim@hotboat.cl,1003049.0,gas,10000.0
2030-02-23 12:10:00,sim@hotboat.cl,1003050.0,leña,1500.0
2030-02-23 12:10:00,sim@hotboat.cl,1003050.0,agua,700.0
2030-02-23 12:10:00,sim@hotboat.cl,1003050.0,luz,520.0
2030-02-23 12:10:00,sim@hotboat.cl,1003050.0,gas,10000.0
2030-02-23 12:10:00,sim@hotboat.cl,1003051.0,leña,1500.0
2030-02-23 12:10:00,sim@hotboat.cl,1003051.0,agua,700.0
2030-02-23 12:10:00,sim@hotboat.cl,1003051.0,luz,520.0
2030-02-23 12:10:00,sim@hotboat.cl,1003051.0,gas,10000.0
2030-02-23 12:10:00,sim@hotboat.cl,1003052.0,leña,1500.0
2030-02-23 12:10:00,sim@hotboat.cl,1003052.0,agua,700.0
2030-02-23 12:10:00,sim@hotboat.cl,1003052.0,luz,520.0
2030-02-23 12:10:00,sim@hotboat.cl,1003052.0,gas,10000.0
2030-02-23 12:20:00,sim@hotboat.cl,1003053.0,leña,1500.0
2030-02-23 12:20:00,sim@hotboat.cl,1003053.0,agua,700.0
2030-02-23 12:20:00,sim@hotboat.cl,1003053.0,luz,520.0
2030-02-23 12:20:00,sim@hotboat.cl,1003053.0,gas,10000.0
2030-02-23 12:20:00,sim@hotboat.cl,1003054.0,leña,1500.0
2030-02-23 12:20:00,sim@hotboat.cl,1003054.0,agua,700.0
2030-02-23 12:20:00,sim@hotboat.cl,1003054.0,luz,520.0
2030-02-23 12:20:00,sim@hotboat.cl,1003054.0,gas,10000.0
2030-02-23 12:20:00,sim@hotboat.cl,1003055.0,leña,1500.0
2030-02-23 12:20:00,sim@hotboat.cl,1003055.0,agua,700.0
2030-02-23 12:20:00,sim@hotboat.cl,1003055.0,luz,520.0
2030-02-23 12:20:00,sim@hotboat.cl,1003055.0,gas,10000.0
2030-02-23 12:20:00,sim@hotboat.cl,1003056.0,leña,1500.0
2030-02-23 12:20:00,sim@hotboat.cl,1003056.0,agua,700.0
2030-02-23 12:20:00,sim@hotboat.cl,1003056.0,luz,520.0
2030-02-23 12:20:00,sim@hotboat.cl,1003056.0,gas,10000.0
2030-02-23 12:30:00,sim@hotboat.cl,1003057.0,leña,1500.0
2030-02-23 12:30:00,sim@hotboat.cl,1003057.0,agua,700.0
2030-02-23 12:30:00,sim@hotboat.cl,1003057.0,luz,520.0
2030-02-23 12:30:00,sim@hotboat.cl,1003057.0,gas,10000.0
2030-02-23 12:30:00,sim@hotboat.cl,1003058.0,leña,1500.0
2030-02-23 12:30:00,sim@hotboat.cl,1003058.0,agua,700.0
2030-02-23 12:30:00,sim@hotboat.cl,1003058.0,luz,520.0
2030-02-23 12:30:00,sim@hotboat.cl,1003058.0,gas,10000.0
2030-02-23 12:30:00,sim@hotboat.cl,1003059.0,leña,1500.0
2030-02-23 12:30:00,sim@hotboat.cl,1003059.0,agua,700.0
2030-02-23 12:30:00,sim@hotboat.cl,1003059.0,luz,520.0
2030-02-23 12:30:00,sim@hotboat.cl,1003059.0,gas,10000.0
2030-02-23 12:30:00,sim@hotboat.cl,1003060.0,leña,1500.0
2030-02-23 12:30:00,sim@hotboat.cl,1003060.0,agua,700.0
2030-02-23 12:30:00,sim@hotboat.cl,1003060.0,luz,520.0
2030-02-23 12:30:00,sim@hotboat.cl,1003060.0,gas,10000.0
2030-02-23 12:40:00,sim@hotboat.cl,1003061.0,leña,1500.0
2030-02-23 12:40:00,sim@hotboat.cl,1003061.0,agua,700.0
2030-02-23 12:40:00,sim@hotboat.cl,1003061.0,luz,520.0
2030-02-23 12:40:00,sim@hotboat.cl,1003061.0,gas,10000.0
2030-02-23 12:40:00,sim@hotboat.cl,1003062.0,leña,1500.0
2030-02-23 12:40:00,sim@hotboat.cl,1003062.0,agua,700.0
2030-02-23 12:40:00,sim@hotboat.cl,1003062.0,luz,520.0
2030-02-23 12:40:00,sim@hotboat.cl,1003062.0,gas,10000.0
2030-02-23 12:40:00,sim@hotboat.cl,1003063.0,leña,1500.0
2030-02-23 12:40:00,sim@hotboat.cl,1003063.0,agua,700.0
2030-02-23 12:40:00,sim@hotboat.cl,1003063.0,luz,520.0
2030-02-23 12:40:00,sim@hotboat.cl,1003063.0,gas,10000.0
2030-02-23 12:40:00,sim@hotboat.cl,1003064.0,leña,1500.0
2030-02-23 12:40:00,sim@hotboat.cl,1003064.0,agua,700.0
2030-02-23 12:40:00,sim@hotboat.cl,1003064.0,luz,520.0
2030-02-23 12:40:00,sim@hotboat.cl,1003064.0,gas,10000.0
2030-02-23 12:50:00,sim@hotboat.cl,1003065.0,leña,1500.0
2030-02-23 12:50:00,sim@hotboat.cl,1003065.0,agua,700.0
2030-02-23 12:50:00,sim@hotboat.cl,1003065.0,luz,520.0
2030-02-23 12:50:00,sim@hotboat.cl,1003065.0,gas,10000.0
2030-02-23 12:50:00,sim@hotboat.cl,1003066.0,leña,1500.0
2030-02-23 12:50:00,sim@hotboat.cl,1003066.0,agua,700.0
2030-02-23 12:50:00,sim@hotboat.cl,1003066.0,luz,520.0
2030-02-23 12:50:00,sim@hotboat.cl,1003066.0,gas,10000.0
2030-02-23 12:50:00,sim@hotboat.cl,1003067.0,leña,1500.0
2030-02-23 12:50:00,sim@hotboat.cl,1003067.0,agua,700.0
2030-02-23 12:50:00,sim@hotboat.cl,1003067.0,luz,520.0
2030-02-23 12:50:00,sim@hotboat.cl,1003067.0,gas,10000.0
2030-02-23 12:50:00,sim@hotboat.cl,1003068.0,leña,1500.0
2030-02-23 12:50:00,sim@hotboat.cl,1003068.0,agua,700.0
2030-02-23 12:50:00,sim@hotboat.cl,1003068.0,luz,520.0
2030-02-23 12:50:00,sim@hotboat.cl,1003068.0,gas,10000.0
2030-02-24 12:00:00,sim@hotboat.cl,1003069.0,leña,1500.0
2030-02-24 12:00:00,sim@hotboat.cl,1003069.0,agua,700.0
2030-02-24 12:00:00,sim@hotboat.cl,1003069.0,luz,520.0
2030-02-24 12:00:00,sim@hotboat.cl,1003069.0,gas,10000.0
2030-02-24 12:00:00,sim@hotboat.cl,1003070.0,leña,1500.0
2030-02-24 12:00:00,sim@hotboat.cl,1003070.0,agua,700.0
2030-02-24 12:00:00,sim@hotboat.cl,1003070.0,luz,520.0
2030-02-24 12:00:00,sim@hotboat.cl,1003070.0,gas,10000.0
2030-02-24 12:00:00,sim@hotboat.cl,1003071.0,leña,1500.0
2030-02-24 12:00:00,sim@hotboat.cl,1003071.0,agua,700.0
2030-02-24 12:00:00,sim@hotboat.cl,1003071.0,luz,520.0
2030-02-24 12:00:00,sim@hotboat.cl,1003071.0,gas,10000.0
2030-02-24 12:10:00,sim@hotboat.cl,1003072.0,leña,1500.0
2030-02-24 12:10:00,sim@hotboat.cl,1003072.0,agua,700.0
2030-02-24 12:10:00,sim@hotboat.cl,1003072.0,luz,520.0
2030-02-24 12:10:00,sim@hotboat.cl,1003072.0,gas,10000.0
2030-02-24 12:10:00,sim@hotboat.cl,1003073.0,leña,1500.0
2030-02-24 12:10:00,sim@hotboat.cl,1003073.0,agua,700.0
2030-02-24 12:10:00,sim@hotboat.cl,1003073.0,luz,520.0
2030-02-24 12:10:00,sim@hotboat.cl,1003073.0,gas,10000.0
2030-02-24 12:10:00,sim@hotboat.cl,1003074.0,leña,1500.0
2030-02-24 12:10:00,sim@hotboat.cl,1003074.0,agua,700.0
2030-02-24 12:10:00,sim@hotboat.cl,1003074.0,luz,520.0
2030-02-24 12:10:00,sim@hotboat.cl,1003074.0,gas,10000.0
2030-02-24 12:20:00,sim@hotboat.cl,1003075.0,leña,1500.0
2030-02-24 12:20:00,sim@hotboat.cl,1003075.0,agua,700.0
2030-02-24 12:20:00,sim@hotboat.cl,1003075.0,luz,520.0
2030-02-24 12:20:00,sim@hotboat.cl,1003075.0,gas,10000.0
2030-02-24 12:20:00,sim@hotboat.cl,1003076.0,leña,1500.0
2030-02-24 12:20:00,sim@hotboat.cl,1003076.0,agua,700.0
2030-02-24 12:20:00,sim@hotboat.cl,1003076.0,luz,520.0
2030-02-24 12:20:00,sim@hotboat.cl,1003076.0,gas,10000.0
2030-02-24 12:30:00,sim@hotboat.cl,1003077.0,leña,1500.0
2030-02-24 12:30:00,sim@hotboat.cl,1003077.0,agua,700.0
2030-02-24 12:30:00,sim@hotboat.cl,1003077.0,luz,520.0
2030-02-24 12:30:00,sim@hotboat.cl,1003077.0,gas,10000.0
2030-02-24 12:30:00,sim@hotboat.cl,1003078.0,leña,1500.0
2030-02-24 12:30:00,sim@hotboat.cl,1003078.0,agua,700.0
2030-02-24 12:30:00,sim@hotboat.cl,1003078.0,luz,520.0
2030-02-24 12:30:00,sim@hotboat.cl,1003078.0,gas,10000.0
2030-02-24 12:40:00,sim@hotboat.cl,1003079.0,leña,1500.0
2030-02-24 12:40:00,sim@hotboat.cl,1003079.0,agua,700.0
2030-02-24 12:40:00,sim@hotboat.cl,1003079.0,luz,520.0
2030-02-24 12:40:00,sim@hotboat.cl,1003079.0,gas,10000.0
2030-02-24 12:40:00,sim@hotboat.cl,1003080.0,leña,1500.0
2030-02-24 12:40:00,sim@hotboat.cl,1003080.0,agua,700.0
2030-02-24 12:40:00,sim@hotboat.cl,1003080.0,luz,520.0
2030-02-24 12:40:00,sim@hotboat.cl,1003080.0,gas,10000.0
2030-02-24 12:50:00,sim@hotboat.cl,1003081.0,leña,1500.0
2030-02-24 12:50:00,sim@hotboat.cl,1003081.0,agua,700.0
2030-02-24 12:50:00,sim@hotboat.cl,1003081.0,luz,520.0
2030-02-24 12:50:00,sim@hotboat.cl,1003081.0,gas,10000.0
2030-02-24 12:50:00,sim@hotboat.cl,1003082.0,leña,1500.0
2030-02-24 12:50:00,sim@hotboat.cl,1003082.0,agua,700.0
2030-02-24 12:50:00,sim@hotboat.cl,1003082.0,luz,520.0
2030-02-24 12:50:00,sim@hotboat.cl,1003082.0,gas,10000.0
2030-02-25 12:00:00,sim@hotboat.cl,1003083.0,leña,1500.0
2030-02-25 12:00:00,sim@hotboat.cl,1003083.0,agua,700.0
2030-02-25 12:00:00,sim@hotboat.cl,1003083.0,luz,520.0
2030-02-25 12:00:00,sim@hotboat.cl,1003083.0,gas,10000.0
2030-02-25 12:10:00,sim@hotboat.cl,1003084.0,leña,1500.0
2030-02-25 12:10:00,sim@hotboat.cl,1003084.0,agua,700.0
2030-02-25 12:10:00,sim@hotboat.cl,1003084.0,luz,520.0
2030-02-25 12:10:00,sim@hotboat.cl,1003084.0,gas,10000.0
2030-02-25 12:20:00,sim@hotboat.cl,1003085.0,leña,1500.0
2030-02-25 12:20:00,sim@hotboat.cl,1003085.0,agua,700.0
2030-02-25 12:20:00,sim@hotboat.cl,1003085.0,luz,520.0
2030-02-25 12:20:00,sim@hotboat.cl,1003085.0,gas,10000.0
2030-02-25 12:30:00,sim@hotboat.cl,1003086.0,leña,1500.0
2030-02-25 12:30:00,sim@hotboat.cl,1003086.0,agua,700.0
2030-02-25 12:30:00,sim@hotboat.cl,1003086.0,luz,520.0
2030-02-25 12:30:00,sim@hotboat.cl,1003086.0,gas,10000.0
2030-02-25 12:40:00,sim@hotboat.cl,1003087.0,leña,1500.0
2030-02-25 12:40:00,sim@hotboat.cl,1003087.0,agua,700.0
2030-02-25 12:40:00,sim@hotboat.cl,1003087.0,luz,520.0
2030-02-25 12:40:00,sim@hotboat.cl,1003087.0,gas,10000.0
2030-02-25 12:50:00,sim@hotboat.cl,1003088.0,leña,1500.0
2030-02-25 12:50:00,sim@hotboat.cl,1003088.0,agua,700.0
2030-02-25 12:50:00,sim@hotboat.cl,1003088.0,luz,520.0
2030-02-25 12:50:00,sim@hotboat.cl,1003088.0,gas,10000.0
2030-02-26 12:00:00,sim@hotboat.cl,1003089.0,leña,1500.0
2030-02-26 12:00:00,sim@hotboat.cl,1003089.0,agua,700.0
2030-02-26 12:00:00,sim@hotboat.cl,1003089.0,luz,520.0
2030-02-26 12:00:00,sim@hotboat.cl,1003089.0,gas,10000.0
2030-02-26 12:10:00,sim@hotboat.cl,1003090.0,leña,1500.0
2030-02-26 12:10:00,sim@hotboat.cl,1003090.0,agua,700.0
2030-02-26 12:10:00,sim@hotboat.cl,1003090.0,luz,520.0
2030-02-26 12:10:00,sim@hotboat.cl,1003090.0,gas,10000.0
2030-02-26 12:20:00,sim@hotboat.cl,1003091.0,leña,1500.0
2030-02-26 12:20:00,sim@hotboat.cl,1003091.0,agua,700.0
2030-02-26 12:20:00,sim@hotboat.cl,1003091.0,luz,520.0
2030-02-26 12:20:00,sim@hotboat.cl,1003091.0,gas,10000.0
2030-02-26 12:30:00,sim@hotboat.cl,1003092.0,leña,1500.0
2030-02-26 12:30:00,sim@hotboat.cl,1003092.0,agua,700.0
2030-02-26 12:30:00,sim@hotboat.cl,1003092.0,luz,520.0
2030-02-26 12:30:00,sim@hotboat.cl,1003092.0,gas,10000.0
2030-02-26 12:40:00,sim@hotboat.cl,1003093.0,leña,1500.0
2030-02-26 12:40:00,sim@hotboat.cl,1003093.0,agua,700.0
2030-02-26 12:40:00,sim@hotboat.cl,1003093.0,luz,520.0
2030-02-26 12:40:00,sim@hotboat.cl,1003093.0,gas,10000.0
2030-02-26 12:50:00,sim@hotboat.cl,1003094.0,leña,1500.0
2030-02-26 12:50:00,sim@hotboat.cl,1003094.0,agua,700.0
2030-02-26 12:50:00,sim@hotboat.cl,1003094.0,luz,520.0
2030-02-26 12:50:00,sim@hotboat.cl,1003094.0,gas,10000.0
2030-02-27 12:00:00,sim@hotboat.cl,1003095.0,leña,1500.0
2030-02-27 12:00:00,sim@hotboat.cl,1003095.0,agua,700.0
2030-02-27 12:00:00,sim@hotboat.cl,1003095.0,luz,520.0
2030-02-27 12:00:00,sim@hotboat.cl,1003095.0,gas,10000.0
2030-02-27 12:00:00,sim@hotboat.cl,1003096.0,leña,1500.0
2030-02-27 12:00:00,sim@hotboat.cl,1003096.0,agua,700.0
2030-02-27 12:00:00,sim@hotboat.cl,1003096.0,luz,520.0
2030-02-27 12:00:00,sim@hotboat.cl,1003096.0,gas,10000.0
2030-02-27 12:10:00,sim@hotboat.cl,1003097.0,leña,1500.0
2030-02-27 12:10:00,sim@hotboat.cl,1003097.0,agua,700.0
2030-02-27 12:10:00,sim@hotboat.cl,1003097.0,luz,520.0
2030-02-27 12:10:00,sim@hotboat.cl,1003097.0,gas,10000.0
2030-02-27 12:10:00,sim@hotboat.cl,1003098.0,leña,1500.0
2030-02-27 12:10:00,sim@hotboat.cl,1003098.0,agua,700.0
2030-02-27 12:10:00,sim@hotboat.cl,1003098.0,luz,520.0
2030-02-27 12:10:00,sim@hotboat.cl,1003098.0,gas,10000.0
2030-02-27 12:20:00,sim@hotboat.cl,1003099.0,leña,1500.0
2030-02-27 12:20:00,sim@hotboat.cl,1003099.0,agua,700.0
2030-02-27 12:20:00,sim@hotboat.cl,1003099.0,luz,520.0
2030-02-27 12:20:00,sim@hotboat.cl,1003099.0,gas,10000.0
2030-02-27 12:30:00,sim@hotboat.cl,1003100.0,leña,1500.0
2030-02-27 12:30:00,sim@hotboat.cl,1003100.0,agua,700.0
2030-02-27 12:30:00,sim@hotboat.cl,1003100.0,luz,520.0
2030-02-27 12:30:00,sim@hotboat.cl,1003100.0,gas,10000.0
2030-02-27 12:40:00,sim@hotboat.cl,1003101.0,leña,1500.0
2030-02-27 12:40:00,sim@hotboat.cl,1003101.0,agua,700.0
2030-02-27 12:40:00,sim@hotboat.cl,1003101.0,luz,520.0
2030-02-27 12:40:00,sim@hotboat.cl,1003101.0,gas,10000.0
2030-02-27 12:50:00,sim@hotboat.cl,1003102.0,leña,1500.0
2030-02-27 12:50:00,sim@hotboat.cl,1003102.0,agua,700.0
2030-02-27 12:50:00,sim@hotboat.cl,1003102.0,luz,520.0
2030-02-27 12:50:00,sim@hotboat.cl,1003102.0,gas,10000.0
2030-02-28 12:00:00,sim@hotboat.cl,1003103.0,leña,1500.0
2030-02-28 12:00:00,sim@hotboat.cl,1003103.0,agua,700.0
2030-02-28 12:00:00,sim@hotboat.cl,1003103.0,luz,520.0
2030-02-28 12:00:00,sim@hotboat.cl,1003103.0,gas,10000.0
2030-02-28 12:10:00,sim@hotboat.cl,1003104.0,leña,1500.0
2030-02-28 12:10:00,sim@hotboat.cl,1003104.0,agua,700.0
2030-02-28 12:10:00,sim@hotboat.cl,1003104.0,luz,520.0
2030-02-28 12:10:00,sim@hotboat.cl,1003104.0,gas,10000.0
2030-02-28 12:20:00,sim@hotboat.cl,1003105.0,leña,1500.0
2030-02-28 12:20:00,sim@hotboat.cl,1003105.0,agua,700.0
2030-02-28 12:20:00,sim@hotboat.cl,1003105.0,luz,520.0
2030-02-28 12:20:00,sim@hotboat.cl,1003105.0,gas,10000.0
2030-02-28 12:30:00,sim@hotboat.cl,1003106.0,leña,1500.0
2030-02-28 12:30:00,sim@hotboat.cl,1003106.0,agua,700.0
2030-02-28 12:30:00,sim@hotboat.cl,1003106.0,luz,520.0
2030-02-28 12:30:00,sim@hotboat.cl,1003106.0,gas,10000.0
2030-02-28 12:40:00,sim@hotboat.cl,1003107.0,leña,1500.0
2030-02-28 12:40:00,sim@hotboat.cl,1003107.0,agua,700.0
2030-02-28 12:40:00,sim@hotboat.cl,1003107.0,luz,520.0
2030-02-28 12:40:00,sim@hotboat.cl,1003107.0,gas,10000.0
2030-02-01 20:00:00,sim@hotboat.cl,,pago extra ayudante (diario),120000.0
2030-02-02 20:00:00,sim@hotboat.cl,,pago extra ayudante (diario),210000.0
2030-02-03 20:00:00,sim@hotboat.cl,,pago extra ayudante (diario),210000.0
2030-02-04 20:00:00,sim@hotboat.cl,,pago extra ayudante (diario),210000.0
2030-02-05 20:00:00,sim@hotboat.cl,,pago extra ayudante (diario),210000.0
2030-02-06 20:00:00,sim@hotboat.cl,,pago extra ayudante (diario),210000.0
2030-02-07 20:00:00,sim@hotboat.cl,,pago extra ayudante (diario),210000.0
2030-02-08 20:00:00,sim@hotboat.cl,,pago extra ayudante (diario),180000.0
2030-02-09 20:00:00,sim@hotboat.cl,,pago extra ayudante (diario),210000.0
2030-02-10 20:00:00,sim@hotboat.cl,,pago extra ayudante (diario),210000.0
2030-02-11 20:00:00,sim@hotboat.cl,,pago extra ayudante (diario),120000.0
2030-02-12 20:00:00,sim@hotboat.cl,,pago extra ayudante (diario),150000.0
2030-02-13 20:00:00,sim@hotboat.cl,,pago extra ayudante (diario),120000.0
2030-02-14 20:00:00,sim@hotboat.cl,,pago extra ayudante (diario),210000.0
2030-02-15 20:00:00,sim@hotboat.cl,,pago extra ayudante (diario),210000.0
2030-02-16 20:00:00,sim@hotboat.cl,,pago extra ayudante (diario),210000.0
2030-02-17 20:00:00,sim@hotboat.cl,,pago extra ayudante (diario),210000.0
2030-02-18 20:00:00,sim@hotboat.cl,,pago extra ayudante (diario),180000.0
2030-02-19 20:00:00,sim@hotboat.cl,,pago extra ayudante (diario),210000.0
2030-02-20 20:00:00,sim@hotboat.cl,,pago extra ayudante (diario),30000.0
2030-02-21 20:00:00,sim@hotboat.cl,,pago extra ayudante (diario),150000.0
2030-02-22 20:00:00,sim@hotboat.cl,,pago extra ayudante (diario),120000.0
2030-02-23 20:00:00,sim@hotboat.cl,,pago extra ayudante (diario),210000.0
2030-02-24 20:00:00,sim@hotboat.cl,,pago extra ayudante (diario),210000.0
2030-02-25 20:00:00,sim@hotboat.cl,,pago extra ayudante (diario),180000.0
2030-02-26 20:00:00,sim@hotboat.cl,,pago extra ayudante (diario),180000.0
2030-02-27 20:00:00,sim@hotboat.cl,,pago extra ayudante (diario),210000.0
2030-02-28 20:00:00,sim@hotboat.cl,,pago extra ayudante (diario),150000.0
2030-03-01 12:00:00,sim@hotboat.cl,1003108.0,leña,1500.0
2030-03-01 12:00:00,sim@hotboat.cl,1003108.0,agua,700.0
2030-03-01 12:00:00,sim@hotboat.cl,1003108.0,luz,520.0
2030-03-01 12:00:00,sim@hotboat.cl,1003108.0,gas,10000.0
2030-03-01 12:10:00,sim@hotboat.cl,1003109.0,leña,1500.0
2030-03-01 12:10:00,sim@hotboat.cl,1003109.0,agua,700.0
2030-03-01 12:10:00,sim@hotboat.cl,1003109.0,luz,520.0
2030-03-01 12:10:00,sim@hotboat.cl,1003109.0,gas,10000.0
2030-03-02 12:00:00,sim@hotboat.cl,1003110.0,leña,1500.0
2030-03-02 12:00:00,sim@hotboat.cl,1003110.0,agua,700.0
2030-03-02 12:00:00,sim@hotboat.cl,1003110.0,luz,520.0
2030-03-02 12:00:00,sim@hotboat.cl,1003110.0,gas,10000.0
2030-03-02 12:10:00,sim@hotboat.cl,1003111.0,leña,1500.0
2030-03-02 12:10:00,sim@hotboat.cl,1003111.0,agua,700.0
2030-03-02 12:10:00,sim@hotboat.cl,1003111.0,luz,520.0
2030-03-02 12:10:00,sim@hotboat.cl,1003111.0,gas,10000.0
2030-03-02 12:20:00,sim@hotboat.cl,1003112.0,leña,1500.0
2030-03-02 12:20:00,sim@hotboat.cl,1003112.0,agua,700.0
2030-03-02 12:20:00,sim@hotboat.cl,1003112.0,luz,520.0
2030-03-02 12:20:00,sim@hotboat.cl,1003112.0,gas,10000.0
2030-03-02 12:30:00,sim@hotboat.cl,1003113.0,leña,1500.0
2030-03-02 12:30:00,sim@hotboat.cl,1003113.0,agua,700.0
2030-03-02 12:30:00,sim@hotboat.cl,1003113.0,luz,520.0
2030-03-02 12:30:00,sim@hotboat.cl,1003113.0,gas,10000.0
2030-03-02 12:40:00,sim@hotboat.cl,1003114.0,leña,1500.0
2030-03-02 12:40:00,sim@hotboat.cl,1003114.0,agua,700.0
2030-03-02 12:40:00,sim@hotboat.cl,1003114.0,luz,520.0
2030-03-02 12:40:00,sim@hotboat.cl,1003114.0,gas,10000.0
2030-03-03 12:00:00,sim@hotboat.cl,1003115.0,leña,1500.0
2030-03-03 12:00:00,sim@hotboat.cl,1003115.0,agua,700.0
2030-03-03 12:00:00,sim@hotboat.cl,1003115.0,luz,520.0
2030-03-03 12:00:00,sim@hotboat.cl,1003115.0,gas,10000.0
2030-03-03 12:10:00,sim@hotboat.cl,1003116.0,leña,1500.0
2030-03-03 12:10:00,sim@hotboat.cl,1003116.0,agua,700.0
2030-03-03 12:10:00,sim@hotboat.cl,1003116.0,luz,520.0
2030-03-03 12:10:00,sim@hotboat.cl,1003116.0,gas,10000.0
2030-03-03 12:20:00,sim@hotboat.cl,1003117.0,leña,1500.0
2030-03-03 12:20:00,sim@hotboat.cl,1003117.0,agua,700.0
2030-03-03 12:20:00,sim@hotboat.cl,1003117.0,luz,520.0
2030-03-03 12:20:00,sim@hotboat.cl,1003117.0,gas,10000.0
2030-03-04 12:00:00,sim@hotboat.cl,1003118.0,leña,1500.0
2030-03-04 12:00:00,sim@hotboat.cl,1003118.0,agua,700.0
2030-03-04 12:00:00,sim@hotboat.cl,1003118.0,luz,520.0
2030-03-04 12:00:00,sim@hotboat.cl,1003118.0,gas,10000.0
2030-03-04 12:10:00,sim@hotboat.cl,1003119.0,leña,1500.0
2030-03-04 12:10:00,sim@hotboat.cl,1003119.0,agua,700.0
2030-03-04 12:10:00,sim@hotboat.cl,1003119.0,luz,520.0
2030-03-04 12:10:00,sim@hotboat.cl,1003119.0,gas,10000.0
2030-03-04 12:20:00,sim@hotboat.cl,1003120.0,leña,1500.0
2030-03-04 12:20:00,sim@hotboat.cl,1003120.0,agua,700.0
2030-03-04 12:20:00,sim@hotboat.cl,1003120.0,luz,520.0
2030-03-04 12:20:00,sim@hotboat.cl,1003120.0,gas,10000.0
2030-03-05 12:00:00,sim@hotboat.cl,1003121.0,leña,1500.0
2030-03-05 12:00:00,sim@hotboat.cl,1003121.0,agua,700.0
2030-03-05 12:00:00,sim@hotboat.cl,1003121.0,luz,520.0
2030-03-05 12:00:00,sim@hotboat.cl,1003121.0,gas,10000.0
2030-03-05 12:10:00,sim@hotboat.cl,1003122.0,leña,1500.0
2030-03-05 12:10:00,sim@hotboat.cl,1003122.0,agua,700.0
2030-03-05 12:10:00,sim@hotboat.cl,1003122.0,luz,520.0
2030-03-05 12:10:00,sim@hotboat.cl,1003122.0,gas,10000.0
2030-03-07 12:00:00,sim@hotboat.cl,1003123.0,leña,1500.0
2030-03-07 12:00:00,sim@hotboat.cl,1003123.0,agua,700.0
2030-03-07 12:00:00,sim@hotboat.cl,1003123.0,luz,520.0
2030-03-07 12:00:00,sim@hotboat.cl,1003123.0,gas,10000.0
2030-03-09 12:00:00,sim@hotboat.cl,1003124.0,leña,1500.0
2030-03-09 12:00:00,sim@hotboat.cl,1003124.0,agua,700.0
2030-03-09 12:00:00,sim@hotboat.cl,1003124.0,luz,520.0
2030-03-09 12:00:00,sim@hotboat.cl,1003124.0,gas,10000.0
2030-03-09 12:10:00,sim@hotboat.cl,1003125.0,leña,1500.0
2030-03-09 12:10:00,sim@hotboat.cl,1003125.0,agua,700.0
2030-03-09 12:10:00,sim@hotboat.cl,1003125.0,luz,520.0
2030-03-09 12:10:00,sim@hotboat.cl,1003125.0,gas,10000.0
2030-03-10 12:00:00,sim@hotboat.cl,1003126.0,leña,1500.0
2030-03-10 12:00:00,sim@hotboat.cl,1003126.0,agua,700.0
2030-03-10 12:00:00,sim@hotboat.cl,1003126.0,luz,520.0
2030-03-10 12:00:00,sim@hotboat.cl,1003126.0,gas,10000.0
2030-03-12 12:00:00,sim@hotboat.cl,1003127.0,leña,1500.0
2030-03-12 12:00:00,sim@hotboat.cl,1003127.0,agua,700.0
2030-03-12 12:00:00,sim@hotboat.cl,1003127.0,luz,520.0
2030-03-12 12:00:00,sim@hotboat.cl,1003127.0,gas,10000.0
2030-03-15 12:00:00,sim@hotboat.cl,1003128.0,leña,1500.0
2030-03-15 12:00:00,sim@hotboat.cl,1003128.0,agua,700.0
2030-03-15 12:00:00,sim@hotboat.cl,1003128.0,luz,520.0
2030-03-15 12:00:00,sim@hotboat.cl,1003128.0,gas,10000.0
2030-03-16 12:00:00,sim@hotboat.cl,1003129.0,leña,1500.0
2030-03-16 12:00:00,sim@hotboat.cl,1003129.0,agua,700.0
2030-03-16 12:00:00,sim@hotboat.cl,1003129.0,luz,520.0
2030-03-16 12:00:00,sim@hotboat.cl,1003129.0,gas,10000.0
2030-03-17 12:00:00,sim@hotboat.cl,1003130.0,leña,1500.0
2030-03-17 12:00:00,sim@hotboat.cl,1003130.0,agua,700.0
2030-03-17 12:00:00,sim@hotboat.cl,1003130.0,luz,520.0
2030-03-17 12:00:00,sim@hotboat.cl,1003130.0,gas,10000.0
2030-03-17 12:10:00,sim@hotboat.cl,1003131.0,leña,1500.0
2030-03-17 12:10:00,sim@hotboat.cl,1003131.0,agua,700.0
2030-03-17 12:10:00,sim@hotboat.cl,1003131.0,luz,520.0
2030-03-17 12:10:00,sim@hotboat.cl,1003131.0,gas,10000.0
2030-03-19 12:00:00,sim@hotboat.cl,1003132.0,leña,1500.0
2030-03-19 12:00:00,sim@hotboat.cl,1003132.0,agua,700.0
2030-03-19 12:00:00,sim@hotboat.cl,1003132.0,luz,520.0
2030-03-19 12:00:00,sim@hotboat.cl,1003132.0,gas,10000.0
2030-03-23 12:00:00,sim@hotboat.cl,1003133.0,leña,1500.0
2030-03-23 12:00:00,sim@hotboat.cl,1003133.0,agua,700.0
2030-03-23 12:00:00,sim@hotboat.cl,1003133.0,luz,520.0
2030-03-23 12:00:00,sim@hotboat.cl,1003133.0,gas,10000.0
2030-03-23 12:10:00,sim@hotboat.cl,1003134.0,leña,1500.0
2030-03-23 12:10:00,sim@hotboat.cl,1003134.0,agua,700.0
2030-03-23 12:10:00,sim@hotboat.cl,1003134.0,luz,520.0
2030-03-23 12:10:00,sim@hotboat.cl,1003134.0,gas,10000.0
2030-03-24 12:00:00,sim@hotboat.cl,1003135.0,leña,1500.0
2030-03-24 12:00:00,sim@hotboat.cl,1003135.0,agua,700.0
2030-03-24 12:00:00,sim@hotboat.cl,1003135.0,luz,520.0
2030-03-24 12:00:00,sim@hotboat.cl,1003135.0,gas,10000.0
2030-03-25 12:00:00,sim@hotboat.cl,1003136.0,leña,1500.0
2030-03-25 12:00:00,sim@hotboat.cl,1003136.0,agua,700.0
2030-03-25 12:00:00,sim@hotboat.cl,1003136.0,luz,520.0
2030-03-25 12:00:00,sim@hotboat.cl,1003136.0,gas,10000.0
2030-03-26 12:00:00,sim@hotboat.cl,1003137.0,leña,1500.0
2030-03-26 12:00:00,sim@hotboat.cl,1003137.0,agua,700.0
2030-03-26 12:00:00,sim@hotboat.cl,1003137.0,luz,520.0
2030-03-26 12:00:00,sim@hotboat.cl,1003137.0,gas,10000.0
2030-03-27 12:00:00,sim@hotboat.cl,1003138.0,leña,1500.0
2030-03-27 12:00:00,sim@hotboat.cl,1003138.0,agua,700.0
2030-03-27 12:00:00,sim@hotboat.cl,1003138.0,luz,520.0
2030-03-27 12:00:00,sim@hotboat.cl,1003138.0,gas,10000.0
2030-03-27 12:10:00,sim@hotboat.cl,1003139.0,leña,1500.0
2030-03-27 12:10:00,sim@hotboat.cl,1003139.0,agua,700.0
2030-03-27 12:10:00,sim@hotboat.cl,1003139.0,luz,520.0
2030-03-27 12:10:00,sim@hotboat.cl,1003139.0,gas,10000.0
2030-03-27 12:20:00,sim@hotboat.cl,1003140.0,leña,1500.0
2030-03-27 12:20:00,sim@hotboat.cl,1003140.0,agua,700.0
2030-03-27 12:20:00,sim@hotboat.cl,1003140.0,luz,520.0
2030-03-27 12:20:00,sim@hotboat.cl,1003140.0,gas,10000.0
2030-03-29 12:00:00,sim@hotboat.cl,1003141.0,leña,1500.0
2030-03-29 12:00:00,sim@hotboat.cl,1003141.0,agua,700.0
2030-03-29 12:00:00,sim@hotboat.cl,1003141.0,luz,520.0
2030-03-29 12:00:00,sim@hotboat.cl,1003141.0,gas,10000.0
2030-03-29 12:10:00,sim@hotboat.cl,1003142.0,leña,1500.0
2030-03-29 12:10:00,sim@hotboat.cl,1003142.0,agua,700.0
2030-03-29 12:10:00,sim@hotboat.cl,1003142.0,luz,520.0
2030-03-29 12:10:00,sim@hotboat.cl,1003142.0,gas,10000.0
2030-03-30 12:00:00,sim@hotboat.cl,1003143.0,leña,1500.0
2030-03-30 12:00:00,sim@hotboat.cl,1003143.0,agua,700.0
2030-03-30 12:00:00,sim@hotboat.cl,1003143.0,luz,520.0
2030-03-30 12:00:00,sim@hotboat.cl,1003143.0,gas,10000.0
2030-03-30 12:10:00,sim@hotboat.cl,1003144.0,leña,1500.0
2030-03-30 12:10:00,sim@hotboat.cl,1003144.0,agua,700.0
2030-03-30 12:10:00,sim@hotboat.cl,1003144.0,luz,520.0
2030-03-30 12:10:00,sim@hotboat.cl,1003144.0,gas,10000.0
2030-03-30 12:20:00,sim@hotboat.cl,1003145.0,leña,1500.0
2030-03-30 12:20:00,sim@hotboat.cl,1003145.0,agua,700.0
2030-03-30 12:20:00,sim@hotboat.cl,1003145.0,luz,520.0
2030-03-30 12:20:00,sim@hotboat.cl,1003145.0,gas,10000.0
2030-03-30 12:30:00,sim@hotboat.cl,1003146.0,leña,1500.0
2030-03-30 12:30:00,sim@hotboat.cl,1003146.0,agua,700.0
2030-03-30 12:30:00,sim@hotboat.cl,1003146.0,luz,520.0
2030-03-30 12:30:00,sim@hotboat.cl,1003146.0,gas,10000.0
2030-03-31 12:00:00,sim@hotboat.cl,1003147.0,leña,1500.0
2030-03-31 12:00:00,sim@hotboat.cl,1003147.0,agua,700.0
2030-03-31 12:00:00,sim@hotboat.cl,1003147.0,luz,520.0
2030-03-31 12:00:00,sim@hotboat.cl,1003147.0,gas,10000.0
2030-03-31 12:10:00,sim@hotboat.cl,1003148.0,leña,1500.0
2030-03-31 12:10:00,sim@hotboat.cl,1003148.0,agua,700.0
2030-03-31 12:10:00,sim@hotboat.cl,1003148.0,luz,520.0
2030-03-31 12:10:00,sim@hotboat.cl,1003148.0,gas,10000.0
2030-03-31 12:20:00,sim@hotboat.cl,1003149.0,leña,1500.0
2030-03-31 12:20:00,sim@hotboat.cl,1003149.0,agua,700.0
2030-03-31 12:20:00,sim@hotboat.cl,1003149.0,luz,520.0
2030-03-31 12:20:00,sim@hotboat.cl,1003149.0,gas,10000.0
2030-03-01 20:00:00,sim@hotboat.cl,,pago extra ayudante (diario),60000.0
2030-03-02 20:00:00,sim@hotboat.cl,,pago extra ayudante (diario),150000.0
2030-03-03 20:00:00,sim@hotboat.cl,,pago extra ayudante (diario),90000.0
2030-03-04 20:00:00,sim@hotboat.cl,,pago extra ayudante (diario),90000.0
2030-03-05 20:00:00,sim@hotboat.cl,,pago extra ayudante (diario),60000.0
2030-03-07 20:00:00,sim@hotboat.cl,,pago extra ayudante (diario),30000.0
2030-03-09 20:00:00,sim@hotboat.cl,,pago extra ayudante (diario),60000.0
2030-03-10 20:00:00,sim@hotboat.cl,,pago extra ayudante (diario),30000.0
2030-03-12 20:00:00,sim@hotboat.cl,,pago extra ayudante (diario),30000.0
2030-03-15 20:00:00,sim@hotboat.cl,,pago extra ayudante (diario),30000.0
2030-03-16 20:00:00,sim@hotboat.cl,,pago extra ayudante (diario),30000.0
2030-03-17 20:00:00,sim@hotboat.cl,,pago extra ayudante (diario),60000.0
2030-03-19 20:00:00,sim@hotboat.cl,,pago extra ayudante (diario),30000.0
2030-03-23 20:00:00,sim@hotboat.cl,,pago extra ayudante (diario),60000.0
2030-03-24 20:00:00,sim@hotboat.cl,,pago extra ayudante (diario),30000.0
2030-03-25 20:00:00,sim@hotboat.cl,,pago extra ayudante (diario),30000.0
2030-03-26 20:00:00,sim@hotboat.cl,,pago extra ayudante (diario),30000.0
2030-03-27 20:00:00,sim@hotboat.cl,,pago extra ayudante (diario),90000.0
2030-03-29 20:00:00,sim@hotboat.cl,,pago extra ayudante (diario),60000.0
2030-03-30 20:00:00,sim@hotboat.cl,,pago extra ayudante (diario),120000.0
2030-03-31 20:00:00,sim@hotboat.cl,,pago extra ayudante (diario),90000.0
2030-04-01 12:00:00,sim@hotboat.cl,1003150.0,leña,1500.0
2030-04-01 12:00:00,sim@hotboat.cl,1003150.0,agua,700.0
2030-04-01 12:00:00,sim@hotboat.cl,1003150.0,luz,520.0
2030-04-01 12:00:00,sim@hotboat.cl,1003150.0,gas,10000.0
2030-04-01 12:10:00,sim@hotboat.cl,1003151.0,leña,1500.0
2030-04-01 12:10:00,sim@hotboat.cl,1003151.0,agua,700.0
2030-04-01 12:10:00,sim@hotboat.cl,1003151.0,luz,520.0
2030-04-01 12:10:00,sim@hotboat.cl,1003151.0,gas,10000.0
2030-04-02 12:00:00,sim@hotboat.cl,1003152.0,leña,1500.0
2030-04-02 12:00:00,sim@hotboat.cl,1003152.0,agua,700.0
2030-04-02 12:00:00,sim@hotboat.cl,1003152.0,luz,520.0
2030-04-02 12:00:00,sim@hotboat.cl,1003152.0,gas,10000.0
2030-04-02 12:10:00,sim@hotboat.cl,1003153.0,leña,1500.0
2030-04-02 12:10:00,sim@hotboat.cl,1003153.0,agua,700.0
2030-04-02 12:10:00,sim@hotboat.cl,1003153.0,luz,520.0
2030-04-02 12:10:00,sim@hotboat.cl,1003153.0,gas,10000.0
2030-04-02 12:20:00,sim@hotboat.cl,1003154.0,leña,1500.0
2030-04-02 12:20:00,sim@hotboat.cl,1003154.0,agua,700.0
2030-04-02 12:20:00,sim@hotboat.cl,1003154.0,luz,520.0
2030-04-02 12:20:00,sim@hotboat.cl,1003154.0,gas,10000.0
2030-04-03 12:00:00,sim@hotboat.cl,1003155.0,leña,1500.0
2030-04-03 12:00:00,sim@hotboat.cl,1003155.0,agua,700.0
2030-04-03 12:00:00,sim@hotboat.cl,1003155.0,luz,520.0
2030-04-03 12:00:00,sim@hotboat.cl,1003155.0,gas,10000.0
2030-04-03 12:10:00,sim@hotboat.cl,1003156.0,leña,1500.0
2030-04-03 12:10:00,sim@hotboat.cl,1003156.0,agua,700.0
2030-04-03 12:10:00,sim@hotboat.cl,1003156.0,luz,520.0
2030-04-03 12:10:00,sim@hotboat.cl,1003156.0,gas,10000.0
2030-04-05 12:00:00,sim@hotboat.cl,1003157.0,leña,1500.0
2030-04-05 12:00:00,sim@hotboat.cl,1003157.0,agua,700.0
2030-04-05 12:00:00,sim@hotboat.cl,1003157.0,luz,520.0
2030-04-05 12:00:00,sim@hotboat.cl,1003157.0,gas,10000.0
2030-04-06 12:00:00,sim@hotboat.cl,1003158.0,leña,1500.0
2030-04-06 12:00:00,sim@hotboat.cl,1003158.0,agua,700.0
2030-04-06 12:00:00,sim@hotboat.cl,1003158.0,luz,520.0
2030-04-06 12:00:00,sim@hotboat.cl,1003158.0,gas,10000.0
2030-04-06 12:10:00,sim@hotboat.cl,1003159.0,leña,1500.0
2030-04-06 12:10:00,sim@hotboat.cl,1003159.0,agua,700.0
2030-04-06 12:10:00,sim@hotboat.cl,1003159.0,luz,520.0
2030-04-06 12:10:00,sim@hotboat.cl,1003159.0,gas,10000.0
2030-04-06 12:20:00,sim@hotboat.cl,1003160.0,leña,1500.0
2030-04-06 12:20:00,sim@hotboat.cl,1003160.0,agua,700.0
2030-04-06 12:20:00,sim@hotboat.cl,1003160.0,luz,520.0
2030-04-06 12:20:00,sim@hotboat.cl,1003160.0,gas,10000.0
2030-04-06 12:30:00,sim@hotboat.cl,1003161.0,leña,1500.0
2030-04-06 12:30:00,sim@hotboat.cl,1003161.0,agua,700.0
2030-04-06 12:30:00,sim@hotboat.cl,1003161.0,luz,520.0
2030-04-06 12:30:00,sim@hotboat.cl,1003161.0,gas,10000.0
2030-04-06 12:40:00,sim@hotboat.cl,1003162.0,leña,1500.0
2030-04-06 12:40:00,sim@hotboat.cl,1003162.0,agua,700.0
2030-04-06 12:40:00,sim@hotboat.cl,1003162.0,luz,520.0
2030-04-06 12:40:00,sim@hotboat.cl,1003162.0,gas,10000.0
2030-04-07 12:00:00,sim@hotboat.cl,1003163.0,leña,1500.0
2030-04-07 12:00:00,sim@hotboat.cl,1003163.0,agua,700.0
2030-04-07 12:00:00,sim@hotboat.cl,1003163.0,luz,520.0
2030-04-07 12:00:00,sim@hotboat.cl,1003163.0,gas,10000.0
2030-04-07 12:10:00,sim@hotboat.cl,1003164.0,leña,1500.0
2030-04-07 12:10:00,sim@hotboat.cl,1003164.0,agua,700.0
2030-04-07 12:10:00,sim@hotboat.cl,1003164.0,luz,520.0
2030-04-07 12:10:00,sim@hotboat.cl,1003164.0,gas,10000.0
2030-04-07 12:20:00,sim@hotboat.cl,1003165.0,leña,1500.0
2030-04-07 12:20:00,sim@hotboat.cl,1003165.0,agua,700.0
2030-04-07 12:20:00,sim@hotboat.cl,1003165.0,luz,520.0
2030-04-07 12:20:00,sim@hotboat.cl,1003165.0,gas,10000.0
2030-04-07 12:30:00,sim@hotboat.cl,1003166.0,leña,1500.0
2030-04-07 12:30:00,sim@hotboat.cl,1003166.0,agua,700.0
2030-04-07 12:30:00,sim@hotboat.cl,1003166.0,luz,520.0
2030-04-07 12:30:00,sim@hotboat.cl,1003166.0,gas,10000.0
2030-04-07 12:40:00,sim@hotboat.cl,1003167.0,leña,1500.0
2030-04-07 12:40:00,sim@hotboat.cl,1003167.0,agua,700.0
2030-04-07 12:40:00,sim@hotboat.cl,1003167.0,luz,520.0
2030-04-07 12:40:00,sim@hotboat.cl,1003167.0,gas,10000.0
2030-04-10 12:00:00,sim@hotboat.cl,1003168.0,leña,1500.0
2030-04-10 12:00:00,sim@hotboat.cl,1003168.0,agua,700.0
2030-04-10 12:00:00,sim@hotboat.cl,1003168.0,luz,520.0
2030-04-10 12:00:00,sim@hotboat.cl,1003168.0,gas,10000.0
2030-04-13 12:00:00,sim@hotboat.cl,1003169.0,leña,1500.0
2030-04-13 12:00:00,sim@hotboat.cl,1003169.0,agua,700.0
2030-04-13 12:00:00,sim@hotboat.cl,1003169.0,luz,520.0
2030-04-13 12:00:00,sim@hotboat.cl,1003169.0,gas,10000.0
2030-04-13 12:10:00,sim@hotboat.cl,1003170.0,leña,1500.0
2030-04-13 12:10:00,sim@hotboat.cl,1003170.0,agua,700.0
2030-04-13 12:10:00,sim@hotboat.cl,1003170.0,luz,520.0
2030-04-13 12:10:00,sim@hotboat.cl,1003170.0,gas,10000.0
2030-04-13 12:20:00,sim@hotboat.cl,1003171.0,leña,1500.0
2030-04-13 12:20:00,sim@hotboat.cl,1003171.0,agua,700.0
2030-04-13 12:20:00,sim@hotboat.cl,1003171.0,luz,520.0
2030-04-13 12:20:00,sim@hotboat.cl,1003171.0,gas,10000.0
2030-04-14 12:00:00,sim@hotboat.cl,1003172.0,leña,1500.0
2030-04-14 12:00:00,sim@hotboat.cl,1003172.0,agua,700.0
2030-04-14 12:00:00,sim@hotboat.cl,1003172.0,luz,520.0
2030-04-14 12:00:00,sim@hotboat.cl,1003172.0,gas,10000.0
2030-04-15 12:00:00,sim@hotboat.cl,1003173.0,leña,1500.0
2030-04-15 12:00:00,sim@hotboat.cl,1003173.0,agua,700.0
2030-04-15 12:00:00,sim@hotboat.cl,1003173.0,luz,520.0
2030-04-15 12:00:00,sim@hotboat.cl,1003173.0,gas,10000.0
2030-04-17 12:00:00,sim@hotboat.cl,1003174.0,leña,1500.0
2030-04-17 12:00:00,sim@hotboat.cl,1003174.0,agua,700.0
2030-04-17 12:00:00,sim@hotboat.cl,1003174.0,luz,520.0
2030-04-17 12:00:00,sim@hotboat.cl,1003174.0,gas,10000.0
2030-04-20 12:00:00,sim@hotboat.cl,1003175.0,leña,1500.0
2030-04-20 12:00:00,sim@hotboat.cl,1003175.0,agua,700.0
2030-04-20 12:00:00,sim@hotboat.cl,1003175.0,luz,520.0
2030-04-20 12:00:00,sim@hotboat.cl,1003175.0,gas,10000.0
2030-04-21 12:00:00,sim@hotboat.cl,1003176.0,leña,1500.0
2030-04-21 12:00:00,sim@hotboat.cl,1003176.0,agua,700.0
2030-04-21 12:00:00,sim@hotboat.cl,1003176.0,luz,520.0
2030-04-21 12:00:00,sim@hotboat.cl,1003176.0,gas,10000.0
2030-04-21 12:10:00,sim@hotboat.cl,1003177.0,leña,1500.0
2030-04-21 12:10:00,sim@hotboat.cl,1003177.0,agua,700.0
2030-04-21 12:10:00,sim@hotboat.cl,1003177.0,luz,520.0
2030-04-21 12:10:00,sim@hotboat.cl,1003177.0,gas,10000.0
2030-04-21 12:20:00,sim@hotboat.cl,1003178.0,leña,1500.0
2030-04-21 12:20:00,sim@hotboat.cl,1003178.0,agua,700.0
2030-04-21 12:20:00,sim@hotboat.cl,1003178.0,luz,520.0
2030-04-21 12:20:00,sim@hotboat.cl,1003178.0,gas,10000.0
2030-04-23 12:00:00,sim@hotboat.cl,1003179.0,leña,1500.0
2030-04-23 12:00:00,sim@hotboat.cl,1003179.0,agua,700.0
2030-04-23 12:00:00,sim@hotboat.cl,1003179.0,luz,520.0
2030-04-23 12:00:00,sim@hotboat.cl,1003179.0,gas,10000.0
2030-04-24 12:00:00,sim@hotboat.cl,1003180.0,leña,1500.0
2030-04-24 12:00:00,sim@hotboat.cl,1003180.0,agua,700.0
2030-04-24 12:00:00,sim@hotboat.cl,1003180.0,luz,520.0
2030-04-24 12:00:00,sim@hotboat.cl,1003180.0,gas,10000.0
2030-04-25 12:00:00,sim@hotboat.cl,1003181.0,leña,1500.0
2030-04-25 12:00:00,sim@hotboat.cl,1003181.0,agua,700.0
2030-04-25 12:00:00,sim@hotboat.cl,1003181.0,luz,520.0
2030-04-25 12:00:00,sim@hotboat.cl,1003181.0,gas,10000.0
2030-04-25 12:10:00,sim@hotboat.cl,1003182.0,leña,1500.0
2030-04-25 12:10:00,sim@hotboat.cl,1003182.0,agua,700.0
2030-04-25 12:10:00,sim@hotboat.cl,1003182.0,luz,520.0
2030-04-25 12:10:00,sim@hotboat.cl,1003182.0,gas,10000.0
2030-04-25 12:20:00,sim@hotboat.cl,1003183.0,leña,1500.0
2030-04-25 12:20:00,sim@hotboat.cl,1003183.0,agua,700.0
2030-04-25 12:20:00,sim@hotboat.cl,1003183.0,luz,520.0
2030-04-25 12:20:00,sim@hotboat.cl,1003183.0,gas,10000.0
2030-04-27 12:00:00,sim@hotboat.cl,1003184.0,leña,1500.0
2030-04-27 12:00:00,sim@hotboat.cl,1003184.0,agua,700.0
2030-04-27 12:00:00,sim@hotboat.cl,1003184.0,luz,520.0
2030-04-27 12:00:00,sim@hotboat.cl,1003184.0,gas,10000.0
2030-04-27 12:10:00,sim@hotboat.cl,1003185.0,leña,1500.0
2030-04-27 12:10:00,sim@hotboat.cl,1003185.0,agua,700.0
2030-04-27 12:10:00,sim@hotboat.cl,1003185.0,luz,520.0
2030-04-27 12:10:00,sim@hotboat.cl,1003185.0,gas,10000.0
2030-04-28 12:00:00,sim@hotboat.cl,1003186.0,leña,1500.0
2030-04-28 12:00:00,sim@hotboat.cl,1003186.0,agua,700.0
2030-04-28 12:00:00,sim@hotboat.cl,1003186.0,luz,520.0
2030-04-28 12:00:00,sim@hotboat.cl,1003186.0,gas,10000.0
2030-04-28 12:10:00,sim@hotboat.cl,1003187.0,leña,1500.0
2030-04-28 12:10:00,sim@hotboat.cl,1003187.0,agua,700.0
2030-04-28 12:10:00,sim@hotboat.cl,1003187.0,luz,520.0
2030-04-28 12:10:00,sim@hotboat.cl,1003187.0,gas,10000.0
2030-04-28 12:20:00,sim@hotboat.cl,1003188.0,leña,1500.0
2030-04-28 12:20:00,sim@hotboat.cl,1003188.0,agua,700.0
2030-04-28 12:20:00,sim@hotboat.cl,1003188.0,luz,520.0
2030-04-28 12:20:00,sim@hotboat.cl,1003188.0,gas,10000.0
2030-04-28 12:30:00,sim@hotboat.cl,1003189.0,leña,1500.0
2030-04-28 12:30:00,sim@hotboat.cl,1003189.0,agua,700.0
2030-04-28 12:30:00,sim@hotboat.cl,1003189.0,luz,520.0
2030-04-28 12:30:00,sim@hotboat.cl,1003189.0,gas,10000.0
2030-04-29 12:00:00,sim@hotboat.cl,1003190.0,leña,1500.0
2030-04-29 12:00:00,sim@hotboat.cl,1003190.0,agua,700.0
2030-04-29 12:00:00,sim@hotboat.cl,1003190.0,luz,520.0
2030-04-29 12:00:00,sim@hotboat.cl,1003190.0,gas,10000.0
2030-04-29 12:10:00,sim@hotboat.cl,1003191.0,leña,1500.0
2030-04-29 12:10:00,sim@hotboat.cl,1003191.0,agua,700.0
2030-04-29 12:10:00,sim@hotboat.cl,1003191.0,luz,520.0
2030-04-29 12:10:00,sim@hotboat.cl,1003191.0,gas,10000.0
2030-04-01 20:00:00,sim@hotboat.cl,,pago extra ayudante (diario),60000.0
2030-04-02 20:00:00,sim@hotboat.cl,,pago extra ayudante (diario),90000.0
2030-04-03 20:00:00,sim@hotboat.cl,,pago extra ayudante (diario),60000.0
2030-04-05 20:00:00,sim@hotboat.cl,,pago extra ayudante (diario),30000.0
2030-04-06 20:00:00,sim@hotboat.cl,,pago extra ayudante (diario),150000.0
2030-04-07 20:00:00,sim@hotboat.cl,,pago extra ayudante (diario),150000.0
2030-04-10 20:00:00,sim@hotboat.cl,,pago extra ayudante (diario),30000.0
2030-04-13 20:00:00,sim@hotboat.cl,,pago extra ayudante (diario),90000.0
2030-04-14 20:00:00,sim@hotboat.cl,,pago extra ayudante (diario),30000.0
2030-04-15 20:00:00,sim@hotboat.cl,,pago extra ayudante (diario),30000.0
2030-04-17 20:00:00,sim@hotboat.cl,,pago extra ayudante (diario),30000.0
2030-04-20 20:00:00,sim@hotboat.cl,,pago extra ayudante (diario),30000.0
2030-04-21 20:00:00,sim@hotboat.cl,,pago extra ayudante (diario),90000.0
2030-04-23 20:00:00,sim@hotboat.cl,,pago extra ayudante (diario),30000.0
2030-04-24 20:00:00,sim@hotboat.cl,,pago extra ayudante (diario),30000.0
2030-04-25 20:00:00,sim@hotboat.cl,,pago extra ayudante (diario),90000.0
2030-04-27 20:00:00,sim@hotboat.cl,,pago extra ayudante (diario),60000.0
2030-04-28 20:00:00,sim@hotboat.cl,,pago extra ayudante (diario),120000.0
2030-04-29 20:00:00,sim@hotboat.cl,,pago extra ayudante (diario),60000.0
2030-05-01 12:00:00,sim@hotboat.cl,1003192.0,leña,1500.0
2030-05-01 12:00:00,sim@hotboat.cl,1003192.0,agua,700.0
2030-05-01 12:00:00,sim@hotboat.cl,1003192.0,luz,520.0
2030-05-01 12:00:00,sim@hotboat.cl,1003192.0,gas,10000.0
2030-05-02 12:00:00,sim@hotboat.cl,1003193.0,leña,1500.0
2030-05-02 12:00:00,sim@hotboat.cl,1003193.0,agua,700.0
2030-05-02 12:00:00,sim@hotboat.cl,1003193.0,luz,520.0
2030-05-02 12:00:00,sim@hotboat.cl,1003193.0,gas,10000.0
2030-05-02 12:10:00,sim@hotboat.cl,1003194.0,leña,1500.0
2030-05-02 12:10:00,sim@hotboat.cl,1003194.0,agua,700.0
2030-05-02 12:10:00,sim@hotboat.cl,1003194.0,luz,520.0
2030-05-02 12:10:00,sim@hotboat.cl,1003194.0,gas,10000.0
2030-05-03 12:00:00,sim@hotboat.cl,1003195.0,leña,1500.0
2030-05-03 12:00:00,sim@hotboat.cl,1003195.0,agua,700.0
2030-05-03 12:00:00,sim@hotboat.cl,1003195.0,luz,520.0
2030-05-03 12:00:00,sim@hotboat.cl,1003195.0,gas,10000.0
2030-05-03 12:10:00,sim@hotboat.cl,1003196.0,leña,1500.0
2030-05-03 12:10:00,sim@hotboat.cl,1003196.0,agua,700.0
2030-05-03 12:10:00,sim@hotboat.cl,1003196.0,luz,520.0
2030-05-03 12:10:00,sim@hotboat.cl,1003196.0,gas,10000.0
2030-05-04 12:00:00,sim@hotboat.cl,1003197.0,leña,1500.0
2030-05-04 12:00:00,sim@hotboat.cl,1003197.0,agua,700.0
2030-05-04 12:00:00,sim@hotboat.cl,1003197.0,luz,520.0
2030-05-04 12:00:00,sim@hotboat.cl,1003197.0,gas,10000.0
2030-05-04 12:10:00,sim@hotboat.cl,1003198.0,leña,1500.0
2030-05-04 12:10:00,sim@hotboat.cl,1003198.0,agua,700.0
2030-05-04 12:10:00,sim@hotboat.cl,1003198.0,luz,520.0
2030-05-04 12:10:00,sim@hotboat.cl,1003198.0,gas,10000.0
2030-05-04 12:20:00,sim@hotboat.cl,1003199.0,leña,1500.0
2030-05-04 12:20:00,sim@hotboat.cl,1003199.0,agua,700.0
2030-05-04 12:20:00,sim@hotboat.cl,1003199.0,luz,520.0
2030-05-04 12:20:00,sim@hotboat.cl,1003199.0,gas,10000.0
2030-05-04 12:30:00,sim@hotboat.cl,1003200.0,leña,1500.0
2030-05-04 12:30:00,sim@hotboat.cl,1003200.0,agua,700.0
2030-05-04 12:30:00,sim@hotboat.cl,1003200.0,luz,520.0
2030-05-04 12:30:00,sim@hotboat.cl,1003200.0,gas,10000.0
2030-05-04 12:40:00,sim@hotboat.cl,1003201.0,leña,1500.0
2030-05-04 12:40:00,sim@hotboat.cl,1003201.0,agua,700.0
2030-05-04 12:40:00,sim@hotboat.cl,1003201.0,luz,520.0
2030-05-04 12:40:00,sim@hotboat.cl,1003201.0,gas,10000.0
2030-05-05 12:00:00,sim@hotboat.cl,1003202.0,leña,1500.0
2030-05-05 12:00:00,sim@hotboat.cl,1003202.0,agua,700.0
2030-05-05 12:00:00,sim@hotboat.cl,1003202.0,luz,520.0
2030-05-05 12:00:00,sim@hotboat.cl,1003202.0,gas,10000.0
2030-05-05 12:10:00,sim@hotboat.cl,1003203.0,leña,1500.0
2030-05-05 12:10:00,sim@hotboat.cl,1003203.0,agua,700.0
2030-05-05 12:10:00,sim@hotboat.cl,1003203.0,luz,520.0
2030-05-05 12:10:00,sim@hotboat.cl,1003203.0,gas,10000.0
2030-05-05 12:20:00,sim@hotboat.cl,1003204.0,leña,1500.0
2030-05-05 12:20:00,sim@hotboat.cl,1003204.0,agua,700.0
2030-05-05 12:20:00,sim@hotboat.cl,1003204.0,luz,520.0
2030-05-05 12:20:00,sim@hotboat.cl,1003204.0,gas,10000.0
2030-05-07 12:00:00,sim@hotboat.cl,1003205.0,leña,1500.0
2030-05-07 12:00:00,sim@hotboat.cl,1003205.0,agua,700.0
2030-05-07 12:00:00,sim@hotboat.cl,1003205.0,luz,520.0
2030-05-07 12:00:00,sim@hotboat.cl,1003205.0,gas,10000.0
2030-05-10 12:00:00,sim@hotboat.cl,1003206.0,leña,1500.0
2030-05-10 12:00:00,sim@hotboat.cl,1003206.0,agua,700.0
2030-05-10 12:00:00,sim@hotboat.cl,1003206.0,luz,520.0
2030-05-10 12:00:00,sim@hotboat.cl,1003206.0,gas,10000.0
2030-05-11 12:00:00,sim@hotboat.cl,1003207.0,leña,1500.0
2030-05-11 12:00:00,sim@hotboat.cl,1003207.0,agua,700.0
2030-05-11 12:00:00,sim@hotboat.cl,1003207.0,luz,520.0
2030-05-11 12:00:00,sim@hotboat.cl,1003207.0,gas,10000.0
2030-05-11 12:10:00,sim@hotboat.cl,1003208.0,leña,1500.0
2030-05-11 12:10:00,sim@hotboat.cl,1003208.0,agua,700.0
2030-05-11 12:10:00,sim@hotboat.cl,1003208.0,luz,520.0
2030-05-11 12:10:00,sim@hotboat.cl,1003208.0,gas,10000.0
2030-05-11 12:20:00,sim@hotboat.cl,1003209.0,leña,1500.0
2030-05-11 12:20:00,sim@hotboat.cl,1003209.0,agua,700.0
2030-05-11 12:20:00,sim@hotboat.cl,1003209.0,luz,520.0
2030-05-11 12:20:00,sim@hotboat.cl,1003209.0,gas,10000.0
2030-05-12 12:00:00,sim@hotboat.cl,1003210.0,leña,1500.0
2030-05-12 12:00:00,sim@hotboat.cl,1003210.0,agua,700.0
2030-05-12 12:00:00,sim@hotboat.cl,1003210.0,luz,520.0
2030-05-12 12:00:00,sim@hotboat.cl,1003210.0,gas,10000.0
2030-05-15 12:00:00,sim@hotboat.cl,1003211.0,leña,1500.0
2030-05-15 12:00:00,sim@hotboat.cl,1003211.0,agua,700.0
2030-05-15 12:00:00,sim@hotboat.cl,1003211.0,luz,520.0
2030-05-15 12:00:00,sim@hotboat.cl,1003211.0,gas,10000.0
2030-05-17 12:00:00,sim@hotboat.cl,1003212.0,leña,1500.0
2030-05-17 12:00:00,sim@hotboat.cl,1003212.0,agua,700.0
2030-05-17 12:00:00,sim@hotboat.cl,1003212.0,luz,520.0
2030-05-17 12:00:00,sim@hotboat.cl,1003212.0,gas,10000.0
2030-05-18 12:00:00,sim@hotboat.cl,1003213.0,leña,1500.0
2030-05-18 12:00:00,sim@hotboat.cl,1003213.0,agua,700.0
2030-05-18 12:00:00,sim@hotboat.cl,1003213.0,luz,520.0
2030-05-18 12:00:00,sim@hotboat.cl,1003213.0,gas,10000.0
2030-05-19 12:00:00,sim@hotboat.cl,1003214.0,leña,1500.0
2030-05-19 12:00:00,sim@hotboat.cl,1003214.0,agua,700.0
2030-05-19 12:00:00,sim@hotboat.cl,1003214.0,luz,520.0
2030-05-19 12:00:00,sim@hotboat.cl,1003214.0,gas,10000.0
2030-05-19 12:10:00,sim@hotboat.cl,1003215.0,leña,1500.0
2030-05-19 12:10:00,sim@hotboat.cl,1003215.0,agua,700.0
2030-05-19 12:10:00,sim@hotboat.cl,1003215.0,luz,520.0
2030-05-19 12:10:00,sim@hotboat.cl,1003215.0,gas,10000.0
2030-05-19 12:20:00,sim@hotboat.cl,1003216.0,leña,1500.0
2030-05-19 12:20:00,sim@hotboat.cl,1003216.0,agua,700.0
2030-05-19 12:20:00,sim@hotboat.cl,1003216.0,luz,520.0
2030-05-19 12:20:00,sim@hotboat.cl,1003216.0,gas,10000.0
2030-05-23 12:00:00,sim@hotboat.cl,1003217.0,leña,1500.0
2030-05-23 12:00:00,sim@hotboat.cl,1003217.0,agua,700.0
2030-05-23 12:00:00,sim@hotboat.cl,1003217.0,luz,520.0
2030-05-23 12:00:00,sim@hotboat.cl,1003217.0,gas,10000.0
2030-05-24 12:00:00,sim@hotboat.cl,1003218.0,leña,1500.0
2030-05-24 12:00:00,sim@hotboat.cl,1003218.0,agua,700.0
2030-05-24 12:00:00,sim@hotboat.cl,1003218.0,luz,520.0
2030-05-24 12:00:00,sim@hotboat.cl,1003218.0,gas,10000.0
2030-05-25 12:00:00,sim@hotboat.cl,1003219.0,leña,1500.0
2030-05-25 12:00:00,sim@hotboat.cl,1003219.0,agua,700.0
2030-05-25 12:00:00,sim@hotboat.cl,1003219.0,luz,520.0
2030-05-25 12:00:00,sim@hotboat.cl,1003219.0,gas,10000.0
2030-05-25 12:10:00,sim@hotboat.cl,1003220.0,leña,1500.0
2030-05-25 12:10:00,sim@hotboat.cl,1003220.0,agua,700.0
2030-05-25 12:10:00,sim@hotboat.cl,1003220.0,luz,520.0
2030-05-25 12:10:00,sim@hotboat.cl,1003220.0,gas,10000.0
2030-05-26 12:00:00,sim@hotboat.cl,1003221.0,leña,1500.0
2030-05-26 12:00:00,sim@hotboat.cl,1003221.0,agua,700.0
2030-05-26 12:00:00,sim@hotboat.cl,1003221.0,luz,520.0
2030-05-26 12:00:00,sim@hotboat.cl,1003221.0,gas,10000.0
2030-05-27 12:00:00,sim@hotboat.cl,1003222.0,leña,1500.0
2030-05-27 12:00:00,sim@hotboat.cl,1003222.0,agua,700.0
2030-05-27 12:00:00,sim@hotboat.cl,1003222.0,luz,520.0
2030-05-27 12:00:00,sim@hotboat.cl,1003222.0,gas,10000.0
2030-05-27 12:10:00,sim@hotboat.cl,1003223.0,leña,1500.0
2030-05-27 12:10:00,sim@hotboat.cl,1003223.0,agua,700.0
2030-05-27 12:10:00,sim@hotboat.cl,1003223.0,luz,520.0
2030-05-27 12:10:00,sim@hotboat.cl,1003223.0,gas,10000.0
2030-05-27 12:20:00,sim@hotboat.cl,1003224.0,leña,1500.0
2030-05-27 12:20:00,sim@hotboat.cl,1003224.0,agua,700.0
2030-05-27 12:20:00,sim@hotboat.cl,1003224.0,luz,520.0
2030-05-27 12:20:00,sim@hotboat.cl,1003224.0,gas,10000.0
2030-05-29 12:00:00,sim@hotboat.cl,1003225.0,leña,1500.0
2030-05-29 12:00:00,sim@hotboat.cl,1003225.0,agua,700.0
2030-05-29 12:00:00,sim@hotboat.cl,1003225.0,luz,520.0
2030-05-29 12:00:00,sim@hotboat.cl,1003225.0,gas,10000.0
2030-05-01 20:00:00,sim@hotboat.cl,,pago extra ayudante (diario),30000.0
2030-05-02 20:00:00,sim@hotboat.cl,,pago extra ayudante (diario),60000.0
2030-05-03 20:00:00,sim@hotboat.cl,,pago extra ayudante (diario),60000.0
2030-05-04 20:00:00,sim@hotboat.cl,,pago extra ayudante (diario),150000.0
2030-05-05 20:00:00,sim@hotboat.cl,,pago extra ayudante (diario),90000.0
2030-05-07 20:00:00,sim@hotboat.cl,,pago extra ayudante (diario),30000.0
2030-05-10 20:00:00,sim@hotboat.cl,,pago extra ayudante (diario),30000.0
2030-05-11 20:00:00,sim@hotboat.cl,,pago extra ayudante (diario),90000.0
2030-05-12 20:00:00,sim@hotboat.cl,,pago extra ayudante (diario),30000.0
2030-05-15 20:00:00,sim@hotboat.cl,,pago extra ayudante (diario),30000.0
2030-05-17 20:00:00,sim@hotboat.cl,,pago extra ayudante (diario),30000.0
2030-05-18 20:00:00,sim@hotboat.cl,,pago extra ayudante (diario),30000.0
2030-05-19 20:00:00,sim@hotboat.cl,,pago extra ayudante (diario),90000.0
2030-05-23 20:00:00,sim@hotboat.cl,,pago extra ayudante (diario),30000.0
2030-05-24 20:00:00,sim@hotboat.cl,,pago extra ayudante (diario),30000.0
2030-05-25 20:00:00,sim@hotboat.cl,,pago extra ayudante (diario),60000.0
2030-05-26 20:00:00,sim@hotboat.cl,,pago extra ayudante (diario),30000.0
2030-05-27 20:00:00,sim@hotboat.cl,,pago extra ayudante (diario),90000.0
2030-05-29 20:00:00,sim@hotboat.cl,,pago extra ayudante (diario),30000.0
2030-06-01 12:00:00,sim@hotboat.cl,1003226.0,leña,1500.0
2030-06-01 12:00:00,sim@hotboat.cl,1003226.0,agua,700.0
2030-06-01 12:00:00,sim@hotboat.cl,1003226.0,luz,520.0
2030-06-01 12:00:00,sim@hotboat.cl,1003226.0,gas,10000.0
2030-06-01 12:10:00,sim@hotboat.cl,1003227.0,leña,1500.0
2030-06-01 12:10:00,sim@hotboat.cl,1003227.0,agua,700.0
2030-06-01 12:10:00,sim@hotboat.cl,1003227.0,luz,520.0
2030-06-01 12:10:00,sim@hotboat.cl,1003227.0,gas,10000.0
2030-06-01 12:20:00,sim@hotboat.cl,1003228.0,leña,1500.0
2030-06-01 12:20:00,sim@hotboat.cl,1003228.0,agua,700.0
2030-06-01 12:20:00,sim@hotboat.cl,1003228.0,luz,520.0
2030-06-01 12:20:00,sim@hotboat.cl,1003228.0,gas,10000.0
2030-06-01 12:30:00,sim@hotboat.cl,1003229.0,leña,1500.0
2030-06-01 12:30:00,sim@hotboat.cl,1003229.0,agua,700.0
2030-06-01 12:30:00,sim@hotboat.cl,1003229.0,luz,520.0
2030-06-01 12:30:00,sim@hotboat.cl,1003229.0,gas,10000.0
2030-06-01 12:40:00,sim@hotboat.cl,1003230.0,leña,1500.0
2030-06-01 12:40:00,sim@hotboat.cl,1003230.0,agua,700.0
2030-06-01 12:40:00,sim@hotboat.cl,1003230.0,luz,520.0
2030-06-01 12:40:00,sim@hotboat.cl,1003230.0,gas,10000.0
2030-06-02 12:00:00,sim@hotboat.cl,1003231.0,leña,1500.0
2030-06-02 12:00:00,sim@hotboat.cl,1003231.0,agua,700.0
2030-06-02 12:00:00,sim@hotboat.cl,1003231.0,luz,520.0
2030-06-02 12:00:00,sim@hotboat.cl,1003231.0,gas,10000.0
2030-06-02 12:10:00,sim@hotboat.cl,1003232.0,leña,1500.0
2030-06-02 12:10:00,sim@hotboat.cl,1003232.0,agua,700.0
2030-06-02 12:10:00,sim@hotboat.cl,1003232.0,luz,520.0
2030-06-02 12:10:00,sim@hotboat.cl,1003232.0,gas,10000.0
2030-06-03 12:00:00,sim@hotboat.cl,1003233.0,leña,1500.0
2030-06-03 12:00:00,sim@hotboat.cl,1003233.0,agua,700.0
2030-06-03 12:00:00,sim@hotboat.cl,1003233.0,luz,520.0
2030-06-03 12:00:00,sim@hotboat.cl,1003233.0,gas,10000.0
2030-06-04 12:00:00,sim@hotboat.cl,1003234.0,leña,1500.0
2030-06-04 12:00:00,sim@hotboat.cl,1003234.0,agua,700.0
2030-06-04 12:00:00,sim@hotboat.cl,1003234.0,luz,520.0
2030-06-04 12:00:00,sim@hotboat.cl,1003234.0,gas,10000.0
2030-06-04 12:10:00,sim@hotboat.cl,1003235.0,leña,1500.0
2030-06-04 12:10:00,sim@hotboat.cl,1003235.0,agua,700.0
2030-06-04 12:10:00,sim@hotboat.cl,1003235.0,luz,520.0
2030-06-04 12:10:00,sim@hotboat.cl,1003235.0,gas,10000.0
2030-06-04 12:20:00,sim@hotboat.cl,1003236.0,leña,1500.0
2030-06-04 12:20:00,sim@hotboat.cl,1003236.0,agua,700.0
2030-06-04 12:20:00,sim@hotboat.cl,1003236.0,luz,520.0
2030-06-04 12:20:00,sim@hotboat.cl,1003236.0,gas,10000.0
2030-06-05 12:00:00,sim@hotboat.cl,1003237.0,leña,1500.0
2030-06-05 12:00:00,sim@hotboat.cl,1003237.0,agua,700.0
2030-06-05 12:00:00,sim@hotboat.cl,1003237.0,luz,520.0
2030-06-05 12:00:00,sim@hotboat.cl,1003237.0,gas,10000.0
2030-06-05 12:10:00,sim@hotboat.cl,1003238.0,leña,1500.0
2030-06-05 12:10:00,sim@hotboat.cl,1003238.0,agua,700.0
2030-06-05 12:10:00,sim@hotboat.cl,1003238.0,luz,520.0
2030-06-05 12:10:00,sim@hotboat.cl,1003238.0,gas,10000.0
2030-06-07 12:00:00,sim@hotboat.cl,1003239.0,leña,1500.0
2030-06-07 12:00:00,sim@hotboat.cl,1003239.0,agua,700.0
2030-06-07 12:00:00,sim@hotboat.cl,1003239.0,luz,520.0
2030-06-07 12:00:00,sim@hotboat.cl,1003239.0,gas,10000.0
2030-06-08 12:00:00,sim@hotboat.cl,1003240.0,leña,1500.0
2030-06-08 12:00:00,sim@hotboat.cl,1003240.0,agua,700.0
2030-06-08 12:00:00,sim@hotboat.cl,1003240.0,luz,520.0
2030-06-08 12:00:00,sim@hotboat.cl,1003240.0,gas,10000.0
2030-06-08 12:10:00,sim@hotboat.cl,1003241.0,leña,1500.0
2030-06-08 12:10:00,sim@hotboat.cl,1003241.0,agua,700.0
2030-06-08 12:10:00,sim@hotboat.cl,1003241.0,luz,520.0
2030-06-08 12:10:00,sim@hotboat.cl,1003241.0,gas,10000.0
2030-06-09 12:00:00,sim@hotboat.cl,1003242.0,leña,1500.0
2030-06-09 12:00:00,sim@hotboat.cl,1003242.0,agua,700.0
2030-06-09 12:00:00,sim@hotboat.cl,1003242.0,luz,520.0
2030-06-09 12:00:00,sim@hotboat.cl,1003242.0,gas,10000.0
2030-06-12 12:00:00,sim@hotboat.cl,1003243.0,leña,1500.0
2030-06-12 12:00:00,sim@hotboat.cl,1003243.0,agua,700.0
2030-06-12 12:00:00,sim@hotboat.cl,1003243.0,luz,520.0
2030-06-12 12:00:00,sim@hotboat.cl,1003243.0,gas,10000.0
2030-06-15 12:00:00,sim@hotboat.cl,1003244.0,leña,1500.0
2030-06-15 12:00:00,sim@hotboat.cl,1003244.0,agua,700.0
2030-06-15 12:00:00,sim@hotboat.cl,1003244.0,luz,520.0
2030-06-15 12:00:00,sim@hotboat.cl,1003244.0,gas,10000.0
2030-06-16 12:00:00,sim@hotboat.cl,1003245.0,leña,1500.0
2030-06-16 12:00:00,sim@hotboat.cl,1003245.0,agua,700.0
2030-06-16 12:00:00,sim@hotboat.cl,1003245.0,luz,520.0
2030-06-16 12:00:00,sim@hotboat.cl,1003245.0,gas,10000.0
2030-06-17 12:00:00,sim@hotboat.cl,1003246.0,leña,1500.0
2030-06-17 12:00:00,sim@hotboat.cl,1003246.0,agua,700.0
2030-06-17 12:00:00,sim@hotboat.cl,1003246.0,luz,520.0
2030-06-17 12:00:00,sim@hotboat.cl,1003246.0,gas,10000.0
2030-06-19 12:00:00,sim@hotboat.cl,1003247.0,leña,1500.0
2030-06-19 12:00:00,sim@hotboat.cl,1003247.0,agua,700.0
2030-06-19 12:00:00,sim@hotboat.cl,1003247.0,luz,520.0
2030-06-19 12:00:00,sim@hotboat.cl,1003247.0,gas,10000.0
2030-06-22 12:00:00,sim@hotboat.cl,1003248.0,leña,1500.0
2030-06-22 12:00:00,sim@hotboat.cl,1003248.0,agua,700.0
2030-06-22 12:00:00,sim@hotboat.cl,1003248.0,luz,520.0
2030-06-22 12:00:00,sim@hotboat.cl,1003248.0,gas,10000.0
2030-06-25 12:00:00,sim@hotboat.cl,1003249.0,leña,1500.0
2030-06-25 12:00:00,sim@hotboat.cl,1003249.0,agua,700.0
2030-06-25 12:00:00,sim@hotboat.cl,1003249.0,luz,520.0
2030-06-25 12:00:00,sim@hotboat.cl,1003249.0,gas,10000.0
2030-06-26 12:00:00,sim@hotboat.cl,1003250.0,leña,1500.0
2030-06-26 12:00:00,sim@hotboat.cl,1003250.0,agua,700.0
2030-06-26 12:00:00,sim@hotboat.cl,1003250.0,luz,520.0
2030-06-26 12:00:00,sim@hotboat.cl,1003250.0,gas,10000.0
2030-06-27 12:00:00,sim@hotboat.cl,1003251.0,leña,1500.0
2030-06-27 12:00:00,sim@hotboat.cl,1003251.0,agua,700.0
2030-06-27 12:00:00,sim@hotboat.cl,1003251.0,luz,520.0
2030-06-27 12:00:00,sim@hotboat.cl,1003251.0,gas,10000.0
2030-06-27 12:10:00,sim@hotboat.cl,1003252.0,leña,1500.0
2030-06-27 12:10:00,sim@hotboat.cl,1003252.0,agua,700.0
2030-06-27 12:10:00,sim@hotboat.cl,1003252.0,luz,520.0
2030-06-27 12:10:00,sim@hotboat.cl,1003252.0,gas,10000.0
2030-06-27 12:20:00,sim@hotboat.cl,1003253.0,leña,1500.0
2030-06-27 12:20:00,sim@hotboat.cl,1003253.0,agua,700.0
2030-06-27 12:20:00,sim@hotboat.cl,1003253.0,luz,520.0
2030-06-27 12:20:00,sim@hotboat.cl,1003253.0,gas,10000.0
2030-06-29 12:00:00,sim@hotboat.cl,1003254.0,leña,1500.0
2030-06-29 12:00:00,sim@hotboat.cl,1003254.0,agua,700.0
2030-06-29 12:00:00,sim@hotboat.cl,1003254.0,luz,520.0
2030-06-29 12:00:00,sim@hotboat.cl,1003254.0,gas,10000.0
2030-06-29 12:10:00,sim@hotboat.cl,1003255.0,leña,1500.0
2030-06-29 12:10:00,sim@hotboat.cl,1003255.0,agua,700.0
2030-06-29 12:10:00,sim@hotboat.cl,1003255.0,luz,520.0
2030-06-29 12:10:00,sim@hotboat.cl,1003255.0,gas,10000.0
2030-06-29 12:20:00,sim@hotboat.cl,1003256.0,leña,1500.0
2030-06-29 12:20:00,sim@hotboat.cl,1003256.0,agua,700.0
2030-06-29 12:20:00,sim@hotboat.cl,1003256.0,luz,520.0
2030-06-29 12:20:00,sim@hotboat.cl,1003256.0,gas,10000.0
2030-06-30 12:00:00,sim@hotboat.cl,1003257.0,leña,1500.0
2030-06-30 12:00:00,sim@hotboat.cl,1003257.0,agua,700.0
2030-06-30 12:00:00,sim@hotboat.cl,1003257.0,luz,520.0
2030-06-30 12:00:00,sim@hotboat.cl,1003257.0,gas,10000.0
2030-06-30 12:10:00,sim@hotboat.cl,1003258.0,leña,1500.0
2030-06-30 12:10:00,sim@hotboat.cl,1003258.0,agua,700.0
2030-06-30 12:10:00,sim@hotboat.cl,1003258.0,luz,520.0
2030-06-30 12:10:00,sim@hotboat.cl,1003258.0,gas,10000.0
2030-06-30 12:20:00,sim@hotboat.cl,1003259.0,leña,1500.0
2030-06-30 12:20:00,sim@hotboat.cl,1003259.0,agua,700.0
2030-06-30 12:20:00,sim@hotboat.cl,1003259.0,luz,520.0
2030-06-30 12:20:00,sim@hotboat.cl,1003259.0,gas,10000.0
2030-06-01 20:00:00,sim@hotboat.cl,,pago extra ayudante (diario),150000.0
2030-06-02 20:00:00,sim@hotboat.cl,,pago extra ayudante (diario),60000.0
2030-06-03 20:00:00,sim@hotboat.cl,,pago extra ayudante (diario),30000.0
2030-06-04 20:00:00,sim@hotboat.cl,,pago extra ayudante (diario),90000.0
2030-06-05 20:00:00,sim@hotboat.cl,,pago extra ayudante (diario),60000.0
2030-06-07 20:00:00,sim@hotboat.cl,,pago extra ayudante (diario),30000.0
2030-06-08 20:00:00,sim@hotboat.cl,,pago extra ayudante (diario),60000.0
2030-06-09 20:00:00,sim@hotboat.cl,,pago extra ayudante (diario),30000.0
2030-06-12 20:00:00,sim@hotboat.cl,,pago extra ayudante (diario),30000.0
2030-06-15 20:00:00,sim@hotboat.cl,,pago extra ayudante (diario),30000.0
2030-06-16 20:00:00,sim@hotboat.cl,,pago extra ayudante (diario),30000.0
2030-06-17 20:00:00,sim@hotboat.cl,,pago extra ayudante (diario),30000.0
2030-06-19 20:00:00,sim@hotboat.cl,,pago extra ayudante (diario),30000.0
2030-06-22 20:00:00,sim@hotboat.cl,,pago extra ayudante (diario),30000.0
2030-06-25 20:00:00,sim@hotboat.cl,,pago extra ayudante (diario),30000.0
2030-06-26 20:00:00,sim@hotboat.cl,,pago extra ayudante (diario),30000.0
2030-06-27 20:00:00,sim@hotboat.cl,,pago extra ayudante (diario),90000.0
2030-06-29 20:00:00,sim@hotboat.cl,,pago extra ayudante (diario),90000.0
2030-06-30 20:00:00,sim@hotboat.cl,,pago extra ayudante (diario),90000.0
2030-07-01 12:00:00,sim@hotboat.cl,1003260.0,leña,1500.0
2030-07-01 12:00:00,sim@hotboat.cl,1003260.0,agua,700.0
2030-07-01 12:00:00,sim@hotboat.cl,1003260.0,luz,520.0
2030-07-01 12:00:00,sim@hotboat.cl,1003260.0,gas,10000.0
2030-07-01 12:10:00,sim@hotboat.cl,1003261.0,leña,1500.0
2030-07-01 12:10:00,sim@hotboat.cl,1003261.0,agua,700.0
2030-07-01 12:10:00,sim@hotboat.cl,1003261.0,luz,520.0
2030-07-01 12:10:00,sim@hotboat.cl,1003261.0,gas,10000.0
2030-07-02 12:00:00,sim@hotboat.cl,1003262.0,leña,1500.0
2030-07-02 12:00:00,sim@hotboat.cl,1003262.0,agua,700.0
2030-07-02 12:00:00,sim@hotboat.cl,1003262.0,luz,520.0
2030-07-02 12:00:00,sim@hotboat.cl,1003262.0,gas,10000.0
2030-07-02 12:10:00,sim@hotboat.cl,1003263.0,leña,1500.0
2030-07-02 12:10:00,sim@hotboat.cl,1003263.0,agua,700.0
2030-07-02 12:10:00,sim@hotboat.cl,1003263.0,luz,520.0
2030-07-02 12:10:00,sim@hotboat.cl,1003263.0,gas,10000.0
2030-07-02 12:20:00,sim@hotboat.cl,1003264.0,leña,1500.0
2030-07-02 12:20:00,sim@hotboat.cl,1003264.0,agua,700.0
2030-07-02 12:20:00,sim@hotboat.cl,1003264.0,luz,520.0
2030-07-02 12:20:00,sim@hotboat.cl,1003264.0,gas,10000.0
2030-07-03 12:00:00,sim@hotboat.cl,1003265.0,leña,1500.0
2030-07-03 12:00:00,sim@hotboat.cl,1003265.0,agua,700.0
2030-07-03 12:00:00,sim@hotboat.cl,1003265.0,luz,520.0
2030-07-03 12:00:00,sim@hotboat.cl,1003265.0,gas,10000.0
2030-07-03 12:10:00,sim@hotboat.cl,1003266.0,leña,1500.0
2030-07-03 12:10:00,sim@hotboat.cl,1003266.0,agua,700.0
2030-07-03 12:10:00,sim@hotboat.cl,1003266.0,luz,520.0
2030-07-03 12:10:00,sim@hotboat.cl,1003266.0,gas,10000.0
2030-07-03 12:20:00,sim@hotboat.cl,1003267.0,leña,1500.0
2030-07-03 12:20:00,sim@hotboat.cl,1003267.0,agua,700.0
2030-07-03 12:20:00,sim@hotboat.cl,1003267.0,luz,520.0
2030-07-03 12:20:00,sim@hotboat.cl,1003267.0,gas,10000.0
2030-07-03 12:30:00,sim@hotboat.cl,1003268.0,leña,1500.0
2030-07-03 12:30:00,sim@hotboat.cl,1003268.0,agua,700.0
2030-07-03 12:30:00,sim@hotboat.cl,1003268.0,luz,520.0
2030-07-03 12:30:00,sim@hotboat.cl,1003268.0,gas,10000.0
2030-07-04 12:00:00,sim@hotboat.cl,1003269.0,leña,1500.0
2030-07-04 12:00:00,sim@hotboat.cl,1003269.0,agua,700.0
2030-07-04 12:00:00,sim@hotboat.cl,1003269.0,luz,520.0
2030-07-04 12:00:00,sim@hotboat.cl,1003269.0,gas,10000.0
2030-07-05 12:00:00,sim@hotboat.cl,1003270.0,leña,1500.0
2030-07-05 12:00:00,sim@hotboat.cl,1003270.0,agua,700.0
2030-07-05 12:00:00,sim@hotboat.cl,1003270.0,luz,520.0
2030-07-05 12:00:00,sim@hotboat.cl,1003270.0,gas,10000.0
2030-07-05 12:10:00,sim@hotboat.cl,1003271.0,leña,1500.0
2030-07-05 12:10:00,sim@hotboat.cl,1003271.0,agua,700.0
2030-07-05 12:10:00,sim@hotboat.cl,1003271.0,luz,520.0
2030-07-05 12:10:00,sim@hotboat.cl,1003271.0,gas,10000.0
2030-07-05 12:20:00,sim@hotboat.cl,1003272.0,leña,1500.0
2030-07-05 12:20:00,sim@hotboat.cl,1003272.0,agua,700.0
2030-07-05 12:20:00,sim@hotboat.cl,1003272.0,luz,520.0
2030-07-05 12:20:00,sim@hotboat.cl,1003272.0,gas,10000.0
2030-07-06 12:00:00,sim@hotboat.cl,1003273.0,leña,1500.0
2030-07-06 12:00:00,sim@hotboat.cl,1003273.0,agua,700.0
2030-07-06 12:00:00,sim@hotboat.cl,1003273.0,luz,520.0
2030-07-06 12:00:00,sim@hotboat.cl,1003273.0,gas,10000.0
2030-07-06 12:10:00,sim@hotboat.cl,1003274.0,leña,1500.0
2030-07-06 12:10:00,sim@hotboat.cl,1003274.0,agua,700.0
2030-07-06 12:10:00,sim@hotboat.cl,1003274.0,luz,520.0
2030-07-06 12:10:00,sim@hotboat.cl,1003274.0,gas,10000.0
2030-07-06 12:20:00,sim@hotboat.cl,1003275.0,leña,1500.0
2030-07-06 12:20:00,sim@hotboat.cl,1003275.0,agua,700.0
2030-07-06 12:20:00,sim@hotboat.cl,1003275.0,luz,520.0
2030-07-06 12:20:00,sim@hotboat.cl,1003275.0,gas,10000.0
2030-07-06 12:30:00,sim@hotboat.cl,1003276.0,leña,1500.0
2030-07-06 12:30:00,sim@hotboat.cl,1003276.0,agua,700.0
2030-07-06 12:30:00,sim@hotboat.cl,1003276.0,luz,520.0
2030-07-06 12:30:00,sim@hotboat.cl,1003276.0,gas,10000.0
2030-07-06 12:40:00,sim@hotboat.cl,1003277.0,leña,1500.0
2030-07-06 12:40:00,sim@hotboat.cl,1003277.0,agua,700.0
2030-07-06 12:40:00,sim@hotboat.cl,1003277.0,luz,520.0
2030-07-06 12:40:00,sim@hotboat.cl,1003277.0,gas,10000.0
2030-07-07 12:00:00,sim@hotboat.cl,1003278.0,leña,1500.0
2030-07-07 12:00:00,sim@hotboat.cl,1003278.0,agua,700.0
2030-07-07 12:00:00,sim@hotboat.cl,1003278.0,luz,520.0
2030-07-07 12:00:00,sim@hotboat.cl,1003278.0,gas,10000.0
2030-07-07 12:00:00,sim@hotboat.cl,1003279.0,leña,1500.0
2030-07-07 12:00:00,sim@hotboat.cl,1003279.0,agua,700.0
2030-07-07 12:00:00,sim@hotboat.cl,1003279.0,luz,520.0
2030-07-07 12:00:00,sim@hotboat.cl,1003279.0,gas,10000.0
2030-07-07 12:10:00,sim@hotboat.cl,1003280.0,leña,1500.0
2030-07-07 12:10:00,sim@hotboat.cl,1003280.0,agua,700.0
2030-07-07 12:10:00,sim@hotboat.cl,1003280.0,luz,520.0
2030-07-07 12:10:00,sim@hotboat.cl,1003280.0,gas,10000.0
2030-07-07 12:10:00,sim@hotboat.cl,1003281.0,leña,1500.0
2030-07-07 12:10:00,sim@hotboat.cl,1003281.0,agua,700.0
2030-07-07 12:10:00,sim@hotboat.cl,1003281.0,luz,520.0
2030-07-07 12:10:00,sim@hotboat.cl,1003281.0,gas,10000.0
2030-07-07 12:20:00,sim@hotboat.cl,1003282.0,leña,1500.0
2030-07-07 12:20:00,sim@hotboat.cl,1003282.0,agua,700.0
2030-07-07 12:20:00,sim@hotboat.cl,1003282.0,luz,520.0
2030-07-07 12:20:00,sim@hotboat.cl,1003282.0,gas,10000.0
2030-07-07 12:20:00,sim@hotboat.cl,1003283.0,leña,1500.0
2030-07-07 12:20:00,sim@hotboat.cl,1003283.0,agua,700.0
2030-07-07 12:20:00,sim@hotboat.cl,1003283.0,luz,520.0
2030-07-07 12:20:00,sim@hotboat.cl,1003283.0,gas,10000.0
2030-07-07 12:30:00,sim@hotboat.cl,1003284.0,leña,1500.0
2030-07-07 12:30:00,sim@hotboat.cl,1003284.0,agua,700.0
2030-07-07 12:30:00,sim@hotboat.cl,1003284.0,luz,520.0
2030-07-07 12:30:00,sim@hotboat.cl,1003284.0,gas,10000.0
2030-07-07 12:30:00,sim@hotboat.cl,1003285.0,leña,1500.0
2030-07-07 12:30:00,sim@hotboat.cl,1003285.0,agua,700.0
2030-07-07 12:30:00,sim@hotboat.cl,1003285.0,luz,520.0
2030-07-07 12:30:00,sim@hotboat.cl,1003285.0,gas,10000.0
2030-07-07 12:40:00,sim@hotboat.cl,1003286.0,leña,1500.0
2030-07-07 12:40:00,sim@hotboat.cl,1003286.0,agua,700.0
2030-07-07 12:40:00,sim@hotboat.cl,1003286.0,luz,520.0
2030-07-07 12:40:00,sim@hotboat.cl,1003286.0,gas,10000.0
2030-07-07 12:40:00,sim@hotboat.cl,1003287.0,leña,1500.0
2030-07-07 12:40:00,sim@hotboat.cl,1003287.0,agua,700.0
2030-07-07 12:40:00,sim@hotboat.cl,1003287.0,luz,520.0
2030-07-07 12:40:00,sim@hotboat.cl,1003287.0,gas,10000.0
2030-07-07 12:50:00,sim@hotboat.cl,1003288.0,leña,1500.0
2030-07-07 12:50:00,sim@hotboat.cl,1003288.0,agua,700.0
2030-07-07 12:50:00,sim@hotboat.cl,1003288.0,luz,520.0
2030-07-07 12:50:00,sim@hotboat.cl,1003288.0,gas,10000.0
2030-07-07 12:50:00,sim@hotboat.cl,1003289.0,leña,1500.0
2030-07-07 12:50:00,sim@hotboat.cl,1003289.0,agua,700.0
2030-07-07 12:50:00,sim@hotboat.cl,1003289.0,luz,520.0
2030-07-07 12:50:00,sim@hotboat.cl,1003289.0,gas,10000.0
2030-07-10 12:00:00,sim@hotboat.cl,1003290.0,leña,1500.0
2030-07-10 12:00:00,sim@hotboat.cl,1003290.0,agua,700.0
2030-07-10 12:00:00,sim@hotboat.cl,1003290.0,luz,520.0
2030-07-10 12:00:00,sim@hotboat.cl,1003290.0,gas,10000.0
2030-07-10 12:10:00,sim@hotboat.cl,1003291.0,leña,1500.0
2030-07-10 12:10:00,sim@hotboat.cl,1003291.0,agua,700.0
2030-07-10 12:10:00,sim@hotboat.cl,1003291.0,luz,520.0
2030-07-10 12:10:00,sim@hotboat.cl,1003291.0,gas,10000.0
2030-07-12 12:00:00,sim@hotboat.cl,1003292.0,leña,1500.0
2030-07-12 12:00:00,sim@hotboat.cl,1003292.0,agua,700.0
2030-07-12 12:00:00,sim@hotboat.cl,1003292.0,luz,520.0
2030-07-12 12:00:00,sim@hotboat.cl,1003292.0,gas,10000.0
2030-07-13 12:00:00,sim@hotboat.cl,1003293.0,leña,1500.0
2030-07-13 12:00:00,sim@hotboat.cl,1003293.0,agua,700.0
2030-07-13 12:00:00,sim@hotboat.cl,1003293.0,luz,520.0
2030-07-13 12:00:00,sim@hotboat.cl,1003293.0,gas,10000.0
2030-07-13 12:00:00,sim@hotboat.cl,1003294.0,leña,1500.0
2030-07-13 12:00:00,sim@hotboat.cl,1003294.0,agua,700.0
2030-07-13 12:00:00,sim@hotboat.cl,1003294.0,luz,520.0
2030-07-13 12:00:00,sim@hotboat.cl,1003294.0,gas,10000.0
2030-07-13 12:10:00,sim@hotboat.cl,1003295.0,leña,1500.0
2030-07-13 12:10:00,sim@hotboat.cl,1003295.0,agua,700.0
2030-07-13 12:10:00,sim@hotboat.cl,1003295.0,luz,520.0
2030-07-13 12:10:00,sim@hotboat.cl,1003295.0,gas,10000.0
2030-07-13 12:20:00,sim@hotboat.cl,1003296.0,leña,1500.0
2030-07-13 12:20:00,sim@hotboat.cl,1003296.0,agua,700.0
2030-07-13 12:20:00,sim@hotboat.cl,1003296.0,luz,520.0
2030-07-13 12:20:00,sim@hotboat.cl,1003296.0,gas,10000.0
2030-07-13 12:30:00,sim@hotboat.cl,1003297.0,leña,1500.0
2030-07-13 12:30:00,sim@hotboat.cl,1003297.0,agua,700.0
2030-07-13 12:30:00,sim@hotboat.cl,1003297.0,luz,520.0
2030-07-13 12:30:00,sim@hotboat.cl,1003297.0,gas,10000.0
2030-07-13 12:40:00,sim@hotboat.cl,1003298.0,leña,1500.0
2030-07-13 12:40:00,sim@hotboat.cl,1003298.0,agua,700.0
2030-07-13 12:40:00,sim@hotboat.cl,1003298.0,luz,520.0
2030-07-13 12:40:00,sim@hotboat.cl,1003298.0,gas,10000.0
2030-07-13 12:50:00,sim@hotboat.cl,1003299.0,leña,1500.0
2030-07-13 12:50:00,sim@hotboat.cl,1003299.0,agua,700.0
2030-07-13 12:50:00,sim@hotboat.cl,1003299.0,luz,520.0
2030-07-13 12:50:00,sim@hotboat.cl,1003299.0,gas,10000.0
2030-07-14 12:00:00,sim@hotboat.cl,1003300.0,leña,1500.0
2030-07-14 12:00:00,sim@hotboat.cl,1003300.0,agua,700.0
2030-07-14 12:00:00,sim@hotboat.cl,1003300.0,luz,520.0
2030-07-14 12:00:00,sim@hotboat.cl,1003300.0,gas,10000.0
2030-07-14 12:10:00,sim@hotboat.cl,1003301.0,leña,1500.0
2030-07-14 12:10:00,sim@hotboat.cl,1003301.0,agua,700.0
2030-07-14 12:10:00,sim@hotboat.cl,1003301.0,luz,520.0
2030-07-14 12:10:00,sim@hotboat.cl,1003301.0,gas,10000.0
2030-07-14 12:20:00,sim@hotboat.cl,1003302.0,leña,1500.0
2030-07-14 12:20:00,sim@hotboat.cl,1003302.0,agua,700.0
2030-07-14 12:20:00,sim@hotboat.cl,1003302.0,luz,520.0
2030-07-14 12:20:00,sim@hotboat.cl,1003302.0,gas,10000.0
2030-07-14 12:30:00,sim@hotboat.cl,1003303.0,leña,1500.0
2030-07-14 12:30:00,sim@hotboat.cl,1003303.0,agua,700.0
2030-07-14 12:30:00,sim@hotboat.cl,1003303.0,luz,520.0
2030-07-14 12:30:00,sim@hotboat.cl,1003303.0,gas,10000.0
2030-07-14 12:40:00,sim@hotboat.cl,1003304.0,leña,1500.0
2030-07-14 12:40:00,sim@hotboat.cl,1003304.0,agua,700.0
2030-07-14 12:40:00,sim@hotboat.cl,1003304.0,luz,520.0
2030-07-14 12:40:00,sim@hotboat.cl,1003304.0,gas,10000.0
2030-07-15 12:00:00,sim@hotboat.cl,1003305.0,leña,1500.0
2030-07-15 12:00:00,sim@hotboat.cl,1003305.0,agua,700.0
2030-07-15 12:00:00,sim@hotboat.cl,1003305.0,luz,520.0
2030-07-15 12:00:00,sim@hotboat.cl,1003305.0,gas,10000.0
2030-07-15 12:10:00,sim@hotboat.cl,1003306.0,leña,1500.0
2030-07-15 12:10:00,sim@hotboat.cl,1003306.0,agua,700.0
2030-07-15 12:10:00,sim@hotboat.cl,1003306.0,luz,520.0
2030-07-15 12:10:00,sim@hotboat.cl,1003306.0,gas,10000.0
2030-07-15 12:20:00,sim@hotboat.cl,1003307.0,leña,1500.0
2030-07-15 12:20:00,sim@hotboat.cl,1003307.0,agua,700.0
2030-07-15 12:20:00,sim@hotboat.cl,1003307.0,luz,520.0
2030-07-15 12:20:00,sim@hotboat.cl,1003307.0,gas,10000.0
2030-07-16 12:00:00,sim@hotboat.cl,1003308.0,leña,1500.0
2030-07-16 12:00:00,sim@hotboat.cl,1003308.0,agua,700.0
2030-07-16 12:00:00,sim@hotboat.cl,1003308.0,luz,520.0
2030-07-16 12:00:00,sim@hotboat.cl,1003308.0,gas,10000.0
2030-07-17 12:00:00,sim@hotboat.cl,1003309.0,leña,1500.0
2030-07-17 12:00:00,sim@hotboat.cl,1003309.0,agua,700.0
2030-07-17 12:00:00,sim@hotboat.cl,1003309.0,luz,520.0
2030-07-17 12:00:00,sim@hotboat.cl,1003309.0,gas,10000.0
2030-07-17 12:10:00,sim@hotboat.cl,1003310.0,leña,1500.0
2030-07-17 12:10:00,sim@hotboat.cl,1003310.0,agua,700.0
2030-07-17 12:10:00,sim@hotboat.cl,1003310.0,luz,520.0
2030-07-17 12:10:00,sim@hotboat.cl,1003310.0,gas,10000.0
2030-07-18 12:00:00,sim@hotboat.cl,1003311.0,leña,1500.0
2030-07-18 12:00:00,sim@hotboat.cl,1003311.0,agua,700.0
2030-07-18 12:00:00,sim@hotboat.cl,1003311.0,luz,520.0
2030-07-18 12:00:00,sim@hotboat.cl,1003311.0,gas,10000.0
2030-07-19 12:00:00,sim@hotboat.cl,1003312.0,leña,1500.0
2030-07-19 12:00:00,sim@hotboat.cl,1003312.0,agua,700.0
2030-07-19 12:00:00,sim@hotboat.cl,1003312.0,luz,520.0
2030-07-19 12:00:00,sim@hotboat.cl,1003312.0,gas,10000.0
2030-07-19 12:10:00,sim@hotboat.cl,1003313.0,leña,1500.0
2030-07-19 12:10:00,sim@hotboat.cl,1003313.0,agua,700.0
2030-07-19 12:10:00,sim@hotboat.cl,1003313.0,luz,520.0
2030-07-19 12:10:00,sim@hotboat.cl,1003313.0,gas,10000.0
2030-07-20 12:00:00,sim@hotboat.cl,1003314.0,leña,1500.0
2030-07-20 12:00:00,sim@hotboat.cl,1003314.0,agua,700.0
2030-07-20 12:00:00,sim@hotboat.cl,1003314.0,luz,520.0
2030-07-20 12:00:00,sim@hotboat.cl,1003314.0,gas,10000.0
2030-07-20 12:10:00,sim@hotboat.cl,1003315.0,leña,1500.0
2030-07-20 12:10:00,sim@hotboat.cl,1003315.0,agua,700.0
2030-07-20 12:10:00,sim@hotboat.cl,1003315.0,luz,520.0
2030-07-20 12:10:00,sim@hotboat.cl,1003315.0,gas,10000.0
2030-07-20 12:20:00,sim@hotboat.cl,1003316.0,leña,1500.0
2030-07-20 12:20:00,sim@hotboat.cl,1003316.0,agua,700.0
2030-07-20 12:20:00,sim@hotboat.cl,1003316.0,luz,520.0
2030-07-20 12:20:00,sim@hotboat.cl,1003316.0,gas,10000.0
2030-07-20 12:30:00,sim@hotboat.cl,1003317.0,leña,1500.0
2030-07-20 12:30:00,sim@hotboat.cl,1003317.0,agua,700.0
2030-07-20 12:30:00,sim@hotboat.cl,1003317.0,luz,520.0
2030-07-20 12:30:00,sim@hotboat.cl,1003317.0,gas,10000.0
2030-07-21 12:00:00,sim@hotboat.cl,1003318.0,leña,1500.0
2030-07-21 12:00:00,sim@hotboat.cl,1003318.0,agua,700.0
2030-07-21 12:00:00,sim@hotboat.cl,1003318.0,luz,520.0
2030-07-21 12:00:00,sim@hotboat.cl,1003318.0,gas,10000.0
2030-07-21 12:00:00,sim@hotboat.cl,1003319.0,leña,1500.0
2030-07-21 12:00:00,sim@hotboat.cl,1003319.0,agua,700.0
2030-07-21 12:00:00,sim@hotboat.cl,1003319.0,luz,520.0
2030-07-21 12:00:00,sim@hotboat.cl,1003319.0,gas,10000.0
2030-07-21 12:10:00,sim@hotboat.cl,1003320.0,leña,1500.0
2030-07-21 12:10:00,sim@hotboat.cl,1003320.0,agua,700.0
2030-07-21 12:10:00,sim@hotboat.cl,1003320.0,luz,520.0
2030-07-21 12:10:00,sim@hotboat.cl,1003320.0,gas,10000.0
2030-07-21 12:10:00,sim@hotboat.cl,1003321.0,leña,1500.0
2030-07-21 12:10:00,sim@hotboat.cl,1003321.0,agua,700.0
2030-07-21 12:10:00,sim@hotboat.cl,1003321.0,luz,520.0
2030-07-21 12:10:00,sim@hotboat.cl,1003321.0,gas,10000.0
2030-07-21 12:20:00,sim@hotboat.cl,1003322.0,leña,1500.0
2030-07-21 12:20:00,sim@hotboat.cl,1003322.0,agua,700.0
2030-07-21 12:20:00,sim@hotboat.cl,1003322.0,luz,520.0
2030-07-21 12:20:00,sim@hotboat.cl,1003322.0,gas,10000.0
2030-07-21 12:20:00,sim@hotboat.cl,1003323.0,leña,1500.0
2030-07-21 12:20:00,sim@hotboat.cl,1003323.0,agua,700.0
2030-07-21 12:20:00,sim@hotboat.cl,1003323.0,luz,520.0
2030-07-21 12:20:00,sim@hotboat.cl,1003323.0,gas,10000.0
2030-07-21 12:30:00,sim@hotboat.cl,1003324.0,leña,1500.0
2030-07-21 12:30:00,sim@hotboat.cl,1003324.0,agua,700.0
2030-07-21 12:30:00,sim@hotboat.cl,1003324.0,luz,520.0
2030-07-21 12:30:00,sim@hotboat.cl,1003324.0,gas,10000.0
2030-07-21 12:30:00,sim@hotboat.cl,1003325.0,leña,1500.0
2030-07-21 12:30:00,sim@hotboat.cl,1003325.0,agua,700.0
2030-07-21 12:30:00,sim@hotboat.cl,1003325.0,luz,520.0
2030-07-21 12:30:00,sim@hotboat.cl,1003325.0,gas,10000.0
2030-07-21 12:40:00,sim@hotboat.cl,1003326.0,leña,1500.0
2030-07-21 12:40:00,sim@hotboat.cl,1003326.0,agua,700.0
2030-07-21 12:40:00,sim@hotboat.cl,1003326.0,luz,520.0
2030-07-21 12:40:00,sim@hotboat.cl,1003326.0,gas,10000.0
2030-07-21 12:40:00,sim@hotboat.cl,1003327.0,leña,1500.0
2030-07-21 12:40:00,sim@hotboat.cl,1003327.0,agua,700.0
2030-07-21 12:40:00,sim@hotboat.cl,1003327.0,luz,520.0
2030-07-21 12:40:00,sim@hotboat.cl,1003327.0,gas,10000.0
2030-07-21 12:50:00,sim@hotboat.cl,1003328.0,leña,1500.0
2030-07-21 12:50:00,sim@hotboat.cl,1003328.0,agua,700.0
2030-07-21 12:50:00,sim@hotboat.cl,1003328.0,luz,520.0
2030-07-21 12:50:00,sim@hotboat.cl,1003328.0,gas,10000.0
2030-07-22 12:00:00,sim@hotboat.cl,1003329.0,leña,1500.0
2030-07-22 12:00:00,sim@hotboat.cl,1003329.0,agua,700.0
2030-07-22 12:00:00,sim@hotboat.cl,1003329.0,luz,520.0
2030-07-22 12:00:00,sim@hotboat.cl,1003329.0,gas,10000.0
2030-07-22 12:10:00,sim@hotboat.cl,1003330.0,leña,1500.0
2030-07-22 12:10:00,sim@hotboat.cl,1003330.0,agua,700.0
2030-07-22 12:10:00,sim@hotboat.cl,1003330.0,luz,520.0
2030-07-22 12:10:00,sim@hotboat.cl,1003330.0,gas,10000.0
2030-07-23 12:00:00,sim@hotboat.cl,1003331.0,leña,1500.0
2030-07-23 12:00:00,sim@hotboat.cl,1003331.0,agua,700.0
2030-07-23 12:00:00,sim@hotboat.cl,1003331.0,luz,520.0
2030-07-23 12:00:00,sim@hotboat.cl,1003331.0,gas,10000.0
2030-07-23 12:10:00,sim@hotboat.cl,1003332.0,leña,1500.0
2030-07-23 12:10:00,sim@hotboat.cl,1003332.0,agua,700.0
2030-07-23 12:10:00,sim@hotboat.cl,1003332.0,luz,520.0
2030-07-23 12:10:00,sim@hotboat.cl,1003332.0,gas,10000.0
2030-07-23 12:20:00,sim@hotboat.cl,1003333.0,leña,1500.0
2030-07-23 12:20:00,sim@hotboat.cl,1003333.0,agua,700.0
2030-07-23 12:20:00,sim@hotboat.cl,1003333.0,luz,520.0
2030-07-23 12:20:00,sim@hotboat.cl,1003333.0,gas,10000.0
2030-07-24 12:00:00,sim@hotboat.cl,1003334.0,leña,1500.0
2030-07-24 12:00:00,sim@hotboat.cl,1003334.0,agua,700.0
2030-07-24 12:00:00,sim@hotboat.cl,1003334.0,luz,520.0
2030-07-24 12:00:00,sim@hotboat.cl,1003334.0,gas,10000.0
2030-07-24 12:10:00,sim@hotboat.cl,1003335.0,leña,1500.0
2030-07-24 12:10:00,sim@hotboat.cl,1003335.0,agua,700.0
2030-07-24 12:10:00,sim@hotboat.cl,1003335.0,luz,520.0
2030-07-24 12:10:00,sim@hotboat.cl,1003335.0,gas,10000.0
2030-07-24 12:20:00,sim@hotboat.cl,1003336.0,leña,1500.0
2030-07-24 12:20:00,sim@hotboat.cl,1003336.0,agua,700.0
2030-07-24 12:20:00,sim@hotboat.cl,1003336.0,luz,520.0
2030-07-24 12:20:00,sim@hotboat.cl,1003336.0,gas,10000.0
2030-07-25 12:00:00,sim@hotboat.cl,1003337.0,leña,1500.0
2030-07-25 12:00:00,sim@hotboat.cl,1003337.0,agua,700.0
2030-07-25 12:00:00,sim@hotboat.cl,1003337.0,luz,520.0
2030-07-25 12:00:00,sim@hotboat.cl,1003337.0,gas,10000.0
2030-07-25 12:10:00,sim@hotboat.cl,1003338.0,leña,1500.0
2030-07-25 12:10:00,sim@hotboat.cl,1003338.0,agua,700.0
2030-07-25 12:10:00,sim@hotboat.cl,1003338.0,luz,520.0
2030-07-25 12:10:00,sim@hotboat.cl,1003338.0,gas,10000.0
2030-07-25 12:20:00,sim@hotboat.cl,1003339.0,leña,1500.0
2030-07-25 12:20:00,sim@hotboat.cl,1003339.0,agua,700.0
2030-07-25 12:20:00,sim@hotboat.cl,1003339.0,luz,520.0
2030-07-25 12:20:00,sim@hotboat.cl,1003339.0,gas,10000.0
2030-07-26 12:00:00,sim@hotboat.cl,1003340.0,leña,1500.0
2030-07-26 12:00:00,sim@hotboat.cl,1003340.0,agua,700.0
2030-07-26 12:00:00,sim@hotboat.cl,1003340.0,luz,520.0
2030-07-26 12:00:00,sim@hotboat.cl,1003340.0,gas,10000.0
2030-07-27 12:00:00,sim@hotboat.cl,1003341.0,leña,1500.0
2030-07-27 12:00:00,sim@hotboat.cl,1003341.0,agua,700.0
2030-07-27 12:00:00,sim@hotboat.cl,1003341.0,luz,520.0
2030-07-27 12:00:00,sim@hotboat.cl,1003341.0,gas,10000.0
2030-07-27 12:10:00,sim@hotboat.cl,1003342.0,leña,1500.0
2030-07-27 12:10:00,sim@hotboat.cl,1003342.0,agua,700.0
2030-07-27 12:10:00,sim@hotboat.cl,1003342.0,luz,520.0
2030-07-27 12:10:00,sim@hotboat.cl,1003342.0,gas,10000.0
2030-07-27 12:20:00,sim@hotboat.cl,1003343.0,leña,1500.0
2030-07-27 12:20:00,sim@hotboat.cl,1003343.0,agua,700.0
2030-07-27 12:20:00,sim@hotboat.cl,1003343.0,luz,520.0
2030-07-27 12:20:00,sim@hotboat.cl,1003343.0,gas,10000.0
2030-07-27 12:30:00,sim@hotboat.cl,1003344.0,leña,1500.0
2030-07-27 12:30:00,sim@hotboat.cl,1003344.0,agua,700.0
2030-07-27 12:30:00,sim@hotboat.cl,1003344.0,luz,520.0
2030-07-27 12:30:00,sim@hotboat.cl,1003344.0,gas,10000.0
2030-07-27 12:40:00,sim@hotboat.cl,1003345.0,leña,1500.0
2030-07-27 12:40:00,sim@hotboat.cl,1003345.0,agua,700.0
2030-07-27 12:40:00,sim@hotboat.cl,1003345.0,luz,520.0
2030-07-27 12:40:00,sim@hotboat.cl,1003345.0,gas,10000.0
2030-07-27 12:50:00,sim@hotboat.cl,1003346.0,leña,1500.0
2030-07-27 12:50:00,sim@hotboat.cl,1003346.0,agua,700.0
2030-07-27 12:50:00,sim@hotboat.cl,1003346.0,luz,520.0
2030-07-27 12:50:00,sim@hotboat.cl,1003346.0,gas,10000.0
2030-07-28 12:00:00,sim@hotboat.cl,1003347.0,leña,1500.0
2030-07-28 12:00:00,sim@hotboat.cl,1003347.0,agua,700.0
2030-07-28 12:00:00,sim@hotboat.cl,1003347.0,luz,520.0
2030-07-28 12:00:00,sim@hotboat.cl,1003347.0,gas,10000.0
2030-07-28 12:10:00,sim@hotboat.cl,1003348.0,leña,1500.0
2030-07-28 12:10:00,sim@hotboat.cl,1003348.0,agua,700.0
2030-07-28 12:10:00,sim@hotboat.cl,1003348.0,luz,520.0
2030-07-28 12:10:00,sim@hotboat.cl,1003348.0,gas,10000.0
2030-07-28 12:20:00,sim@hotboat.cl,1003349.0,leña,1500.0
2030-07-28 12:20:00,sim@hotboat.cl,1003349.0,agua,700.0
2030-07-28 12:20:00,sim@hotboat.cl,1003349.0,luz,520.0
2030-07-28 12:20:00,sim@hotboat.cl,1003349.0,gas,10000.0
2030-07-28 12:30:00,sim@hotboat.cl,1003350.0,leña,1500.0
2030-07-28 12:30:00,sim@hotboat.cl,1003350.0,agua,700.0
2030-07-28 12:30:00,sim@hotboat.cl,1003350.0,luz,520.0
2030-07-28 12:30:00,sim@hotboat.cl,1003350.0,gas,10000.0
2030-07-28 12:40:00,sim@hotboat.cl,1003351.0,leña,1500.0
2030-07-28 12:40:00,sim@hotboat.cl,1003351.0,agua,700.0
2030-07-28 12:40:00,sim@hotboat.cl,1003351.0,luz,520.0
2030-07-28 12:40:00,sim@hotboat.cl,1003351.0,gas,10000.0
2030-07-28 12:50:00,sim@hotboat.cl,1003352.0,leña,1500.0
2030-07-28 12:50:00,sim@hotboat.cl,1003352.0,agua,700.0
2030-07-28 12:50:00,sim@hotboat.cl,1003352.0,luz,520.0
2030-07-28 12:50:00,sim@hotboat.cl,1003352.0,gas,10000.0
2030-07-29 12:00:00,sim@hotboat.cl,1003353.0,leña,1500.0
2030-07-29 12:00:00,sim@hotboat.cl,1003353.0,agua,700.0
2030-07-29 12:00:00,sim@hotboat.cl,1003353.0,luz,520.0
2030-07-29 12:00:00,sim@hotboat.cl,1003353.0,gas,10000.0
2030-07-29 12:10:00,sim@hotboat.cl,1003354.0,leña,1500.0
2030-07-29 12:10:00,sim@hotboat.cl,1003354.0,agua,700.0
2030-07-29 12:10:00,sim@hotboat.cl,1003354.0,luz,520.0
2030-07-29 12:10:00,sim@hotboat.cl,1003354.0,gas,10000.0
2030-07-31 12:00:00,sim@hotboat.cl,1003355.0,leña,1500.0
2030-07-31 12:00:00,sim@hotboat.cl,1003355.0,agua,700.0
2030-07-31 12:00:00,sim@hotboat.cl,1003355.0,luz,520.0
2030-07-31 12:00:00,sim@hotboat.cl,1003355.0,gas,10000.0
2030-07-31 12:10:00,sim@hotboat.cl,1003356.0,leña,1500.0
2030-07-31 12:10:00,sim@hotboat.cl,1003356.0,agua,700.0
2030-07-31 12:10:00,sim@hotboat.cl,1003356.0,luz,520.0
2030-07-31 12:10:00,sim@hotboat.cl,1003356.0,gas,10000.0
2030-07-31 12:20:00,sim@hotboat.cl,1003357.0,leña,1500.0
2030-07-31 12:20:00,sim@hotboat.cl,1003357.0,agua,700.0
2030-07-31 12:20:00,sim@hotboat.cl,1003357.0,luz,520.0
2030-07-31 12:20:00,sim@hotboat.cl,1003357.0,gas,10000.0
2030-07-01 20:00:00,sim@hotboat.cl,,pago extra ayudante (diario),60000.0
2030-07-02 20:00:00,sim@hotboat.cl,,pago extra ayudante (diario),90000.0
2030-07-03 20:00:00,sim@hotboat.cl,,pago extra ayudante (diario),120000.0
2030-07-04 20:00:00,sim@hotboat.cl,,pago extra ayudante (diario),30000.0
2030-07-05 20:00:00,sim@hotboat.cl,,pago extra ayudante (diario),90000.0
2030-07-06 20:00:00,sim@hotboat.cl,,pago extra ayudante (diario),150000.0
2030-07-07 20:00:00,sim@hotboat.cl,,pago extra ayudante (diario),210000.0
2030-07-10 20:00:00,sim@hotboat.cl,,pago extra ayudante (diario),60000.0
2030-07-12 20:00:00,sim@hotboat.cl,,pago extra ayudante (diario),30000.0
2030-07-13 20:00:00,sim@hotboat.cl,,pago extra ayudante (diario),210000.0
2030-07-14 20:00:00,sim@hotboat.cl,,pago extra ayudante (diario),150000.0
2030-07-15 20:00:00,sim@hotboat.cl,,pago extra ayudante (diario),90000.0
2030-07-16 20:00:00,sim@hotboat.cl,,pago extra ayudante (diario),30000.0
2030-07-17 20:00:00,sim@hotboat.cl,,pago extra ayudante (diario),60000.0
2030-07-18 20:00:00,sim@hotboat.cl,,pago extra ayudante (diario),30000.0
2030-07-19 20:00:00,sim@hotboat.cl,,pago extra ayudante (diario),60000.0
2030-07-20 20:00:00,sim@hotboat.cl,,pago extra ayudante (diario),120000.0
2030-07-21 20:00:00,sim@hotboat.cl,,pago extra ayudante (diario),210000.0
2030-07-22 20:00:00,sim@hotboat.cl,,pago extra ayudante (diario),60000.0
2030-07-23 20:00:00,sim@hotboat.cl,,pago extra ayudante (diario),90000.0
2030-07-24 20:00:00,sim@hotboat.cl,,pago extra ayudante (diario),90000.0
2030-07-25 20:00:00,sim@hotboat.cl,,pago extra ayudante (diario),90000.0
2030-07-26 20:00:00,sim@hotboat.cl,,pago extra ayudante (diario),30000.0
2030-07-27 20:00:00,sim@hotboat.cl,,pago extra ayudante (diario),180000.0
2030-07-28 20:00:00,sim@hotboat.cl,,pago extra ayudante (diario),180000.0
2030-07-29 20:00:00,sim@hotboat.cl,,pago extra ayudante (diario),60000.0
2030-07-31 20:00:00,sim@hotboat.cl,,pago extra ayudante (diario),90000.0
2030-08-01 12:00:00,sim@hotboat.cl,1003358.0,leña,1500.0
2030-08-01 12:00:00,sim@hotboat.cl,1003358.0,agua,700.0
2030-08-01 12:00:00,sim@hotboat.cl,1003358.0,luz,520.0
2030-08-01 12:00:00,sim@hotboat.cl,1003358.0,gas,10000.0
2030-08-02 12:00:00,sim@hotboat.cl,1003359.0,leña,1500.0
2030-08-02 12:00:00,sim@hotboat.cl,1003359.0,agua,700.0
2030-08-02 12:00:00,sim@hotboat.cl,1003359.0,luz,520.0
2030-08-02 12:00:00,sim@hotboat.cl,1003359.0,gas,10000.0
2030-08-02 12:10:00,sim@hotboat.cl,1003360.0,leña,1500.0
2030-08-02 12:10:00,sim@hotboat.cl,1003360.0,agua,700.0
2030-08-02 12:10:00,sim@hotboat.cl,1003360.0,luz,520.0
2030-08-02 12:10:00,sim@hotboat.cl,1003360.0,gas,10000.0
2030-08-03 12:00:00,sim@hotboat.cl,1003361.0,leña,1500.0
2030-08-03 12:00:00,sim@hotboat.cl,1003361.0,agua,700.0
2030-08-03 12:00:00,sim@hotboat.cl,1003361.0,luz,520.0
2030-08-03 12:00:00,sim@hotboat.cl,1003361.0,gas,10000.0
2030-08-03 12:10:00,sim@hotboat.cl,1003362.0,leña,1500.0
2030-08-03 12:10:00,sim@hotboat.cl,1003362.0,agua,700.0
2030-08-03 12:10:00,sim@hotboat.cl,1003362.0,luz,520.0
2030-08-03 12:10:00,sim@hotboat.cl,1003362.0,gas,10000.0
2030-08-03 12:20:00,sim@hotboat.cl,1003363.0,leña,1500.0
2030-08-03 12:20:00,sim@hotboat.cl,1003363.0,agua,700.0
2030-08-03 12:20:00,sim@hotboat.cl,1003363.0,luz,520.0
2030-08-03 12:20:00,sim@hotboat.cl,1003363.0,gas,10000.0
2030-08-03 12:30:00,sim@hotboat.cl,1003364.0,leña,1500.0
2030-08-03 12:30:00,sim@hotboat.cl,1003364.0,agua,700.0
2030-08-03 12:30:00,sim@hotboat.cl,1003364.0,luz,520.0
2030-08-03 12:30:00,sim@hotboat.cl,1003364.0,gas,10000.0
2030-08-03 12:40:00,sim@hotboat.cl,1003365.0,leña,1500.0
2030-08-03 12:40:00,sim@hotboat.cl,1003365.0,agua,700.0
2030-08-03 12:40:00,sim@hotboat.cl,1003365.0,luz,520.0
2030-08-03 12:40:00,sim@hotboat.cl,1003365.0,gas,10000.0
2030-08-04 12:00:00,sim@hotboat.cl,1003366.0,leña,1500.0
2030-08-04 12:00:00,sim@hotboat.cl,1003366.0,agua,700.0
2030-08-04 12:00:00,sim@hotboat.cl,1003366.0,luz,520.0
2030-08-04 12:00:00,sim@hotboat.cl,1003366.0,gas,10000.0
2030-08-04 12:10:00,sim@hotboat.cl,1003367.0,leña,1500.0
2030-08-04 12:10:00,sim@hotboat.cl,1003367.0,agua,700.0
2030-08-04 12:10:00,sim@hotboat.cl,1003367.0,luz,520.0
2030-08-04 12:10:00,sim@hotboat.cl,1003367.0,gas,10000.0
2030-08-05 12:00:00,sim@hotboat.cl,1003368.0,leña,1500.0
2030-08-05 12:00:00,sim@hotboat.cl,1003368.0,agua,700.0
2030-08-05 12:00:00,sim@hotboat.cl,1003368.0,luz,520.0
2030-08-05 12:00:00,sim@hotboat.cl,1003368.0,gas,10000.0
2030-08-05 12:10:00,sim@hotboat.cl,1003369.0,leña,1500.0
2030-08-05 12:10:00,sim@hotboat.cl,1003369.0,agua,700.0
2030-08-05 12:10:00,sim@hotboat.cl,1003369.0,luz,520.0
2030-08-05 12:10:00,sim@hotboat.cl,1003369.0,gas,10000.0
2030-08-07 12:00:00,sim@hotboat.cl,1003370.0,leña,1500.0
2030-08-07 12:00:00,sim@hotboat.cl,1003370.0,agua,700.0
2030-08-07 12:00:00,sim@hotboat.cl,1003370.0,luz,520.0
2030-08-07 12:00:00,sim@hotboat.cl,1003370.0,gas,10000.0
2030-08-10 12:00:00,sim@hotboat.cl,1003371.0,leña,1500.0
2030-08-10 12:00:00,sim@hotboat.cl,1003371.0,agua,700.0
2030-08-10 12:00:00,sim@hotboat.cl,1003371.0,luz,520.0
2030-08-10 12:00:00,sim@hotboat.cl,1003371.0,gas,10000.0
2030-08-10 12:10:00,sim@hotboat.cl,1003372.0,leña,1500.0
2030-08-10 12:10:00,sim@hotboat.cl,1003372.0,agua,700.0
2030-08-10 12:10:00,sim@hotboat.cl,1003372.0,luz,520.0
2030-08-10 12:10:00,sim@hotboat.cl,1003372.0,gas,10000.0
2030-08-11 12:00:00,sim@hotboat.cl,1003373.0,leña,1500.0
2030-08-11 12:00:00,sim@hotboat.cl,1003373.0,agua,700.0
2030-08-11 12:00:00,sim@hotboat.cl,1003373.0,luz,520.0
2030-08-11 12:00:00,sim@hotboat.cl,1003373.0,gas,10000.0
2030-08-12 12:00:00,sim@hotboat.cl,1003374.0,leña,1500.0
2030-08-12 12:00:00,sim@hotboat.cl,1003374.0,agua,700.0
2030-08-12 12:00:00,sim@hotboat.cl,1003374.0,luz,520.0
2030-08-12 12:00:00,sim@hotboat.cl,1003374.0,gas,10000.0
2030-08-17 12:00:00,sim@hotboat.cl,1003375.0,leña,1500.0
2030-08-17 12:00:00,sim@hotboat.cl,1003375.0,agua,700.0
2030-08-17 12:00:00,sim@hotboat.cl,1003375.0,luz,520.0
2030-08-17 12:00:00,sim@hotboat.cl,1003375.0,gas,10000.0
2030-08-18 12:00:00,sim@hotboat.cl,1003376.0,leña,1500.0
2030-08-18 12:00:00,sim@hotboat.cl,1003376.0,agua,700.0
2030-08-18 12:00:00,sim@hotboat.cl,1003376.0,luz,520.0
2030-08-18 12:00:00,sim@hotboat.cl,1003376.0,gas,10000.0
2030-08-18 12:10:00,sim@hotboat.cl,1003377.0,leña,1500.0
2030-08-18 12:10:00,sim@hotboat.cl,1003377.0,agua,700.0
2030-08-18 12:10:00,sim@hotboat.cl,1003377.0,luz,520.0
2030-08-18 12:10:00,sim@hotboat.cl,1003377.0,gas,10000.0
2030-08-19 12:00:00,sim@hotboat.cl,1003378.0,leña,1500.0
2030-08-19 12:00:00,sim@hotboat.cl,1003378.0,agua,700.0
2030-08-19 12:00:00,sim@hotboat.cl,1003378.0,luz,520.0
2030-08-19 12:00:00,sim@hotboat.cl,1003378.0,gas,10000.0
2030-08-23 12:00:00,sim@hotboat.cl,1003379.0,leña,1500.0
2030-08-23 12:00:00,sim@hotboat.cl,1003379.0,agua,700.0
2030-08-23 12:00:00,sim@hotboat.cl,1003379.0,luz,520.0
2030-08-23 12:00:00,sim@hotboat.cl,1003379.0,gas,10000.0
2030-08-24 12:00:00,sim@hotboat.cl,1003380.0,leña,1500.0
2030-08-24 12:00:00,sim@hotboat.cl,1003380.0,agua,700.0
2030-08-24 12:00:00,sim@hotboat.cl,1003380.0,luz,520.0
2030-08-24 12:00:00,sim@hotboat.cl,1003380.0,gas,10000.0
2030-08-26 12:00:00,sim@hotboat.cl,1003381.0,leña,1500.0
2030-08-26 12:00:00,sim@hotboat.cl,1003381.0,agua,700.0
2030-08-26 12:00:00,sim@hotboat.cl,1003381.0,luz,520.0
2030-08-26 12:00:00,sim@hotboat.cl,1003381.0,gas,10000.0
2030-08-27 12:00:00,sim@hotboat.cl,1003382.0,leña,1500.0
2030-08-27 12:00:00,sim@hotboat.cl,1003382.0,agua,700.0
2030-08-27 12:00:00,sim@hotboat.cl,1003382.0,luz,520.0
2030-08-27 12:00:00,sim@hotboat.cl,1003382.0,gas,10000.0
2030-08-27 12:10:00,sim@hotboat.cl,1003383.0,leña,1500.0
2030-08-27 12:10:00,sim@hotboat.cl,1003383.0,agua,700.0
2030-08-27 12:10:00,sim@hotboat.cl,1003383.0,luz,520.0
2030-08-27 12:10:00,sim@hotboat.cl,1003383.0,gas,10000.0
2030-08-27 12:20:00,sim@hotboat.cl,1003384.0,leña,1500.0
2030-08-27 12:20:00,sim@hotboat.cl,1003384.0,agua,700.0
2030-08-27 12:20:00,sim@hotboat.cl,1003384.0,luz,520.0
2030-08-27 12:20:00,sim@hotboat.cl,1003384.0,gas,10000.0
2030-08-29 12:00:00,sim@hotboat.cl,1003385.0,leña,1500.0
2030-08-29 12:00:00,sim@hotboat.cl,1003385.0,agua,700.0
2030-08-29 12:00:00,sim@hotboat.cl,1003385.0,luz,520.0
2030-08-29 12:00:00,sim@hotboat.cl,1003385.0,gas,10000.0
2030-08-31 12:00:00,sim@hotboat.cl,1003386.0,leña,1500.0
2030-08-31 12:00:00,sim@hotboat.cl,1003386.0,agua,700.0
2030-08-31 12:00:00,sim@hotboat.cl,1003386.0,luz,520.0
2030-08-31 12:00:00,sim@hotboat.cl,1003386.0,gas,10000.0
2030-08-31 12:10:00,sim@hotboat.cl,1003387.0,leña,1500.0
2030-08-31 12:10:00,sim@hotboat.cl,1003387.0,agua,700.0
2030-08-31 12:10:00,sim@hotboat.cl,1003387.0,luz,520.0
2030-08-31 12:10:00,sim@hotboat.cl,1003387.0,gas,10000.0
2030-08-31 12:20:00,sim@hotboat.cl,1003388.0,leña,1500.0
2030-08-31 12:20:00,sim@hotboat.cl,1003388.0,agua,700.0
2030-08-31 12:20:00,sim@hotboat.cl,1003388.0,luz,520.0
2030-08-31 12:20:00,sim@hotboat.cl,1003388.0,gas,10000.0
2030-08-31 12:30:00,sim@hotboat.cl,1003389.0,leña,1500.0
2030-08-31 12:30:00,sim@hotboat.cl,1003389.0,agua,700.0
2030-08-31 12:30:00,sim@hotboat.cl,1003389.0,luz,520.0
2030-08-31 12:30:00,sim@hotboat.cl,1003389.0,gas,10000.0
2030-08-01 20:00:00,sim@hotboat.cl,,pago extra ayudante (diario),30000.0
2030-08-02 20:00:00,sim@hotboat.cl,,pago extra ayudante (diario),60000.0
2030-08-03 20:00:00,sim@hotboat.cl,,pago extra ayudante (diario),150000.0
2030-08-04 20:00:00,sim@hotboat.cl,,pago extra ayudante (diario),60000.0
2030-08-05 20:00:00,sim@hotboat.cl,,pago extra ayudante (diario),60000.0
2030-08-07 20:00:00,sim@hotboat.cl,,pago extra ayudante (diario),30000.0
2030-08-10 20:00:00,sim@hotboat.cl,,pago extra ayudante (diario),60000.0
2030-08-11 20:00:00,sim@hotboat.cl,,pago extra ayudante (diario),30000.0
2030-08-12 20:00:00,sim@hotboat.cl,,pago extra ayudante (diario),30000.0
2030-08-17 20:00:00,sim@hotboat.cl,,pago extra ayudante (diario),30000.0
2030-08-18 20:00:00,sim@hotboat.cl,,pago extra ayudante (diario),60000.0
2030-08-19 20:00:00,sim@hotboat.cl,,pago extra ayudante (diario),30000.0
2030-08-23 20:00:00,sim@hotboat.cl,,pago extra ayudante (diario),30000.0
2030-08-24 20:00:00,sim@hotboat.cl,,pago extra ayudante (diario),30000.0
2030-08-26 20:00:00,sim@hotboat.cl,,pago extra ayudante (diario),30000.0
2030-08-27 20:00:00,sim@hotboat.cl,,pago extra ayudante (diario),90000.0
2030-08-29 20:00:00,sim@hotboat.cl,,pago extra ayudante (diario),30000.0
2030-08-31 20:00:00,sim@hotboat.cl,,pago extra ayudante (diario),120000.0
2030-09-01 12:00:00,sim@hotboat.cl,1003390.0,leña,1500.0
2030-09-01 12:00:00,sim@hotboat.cl,1003390.0,agua,700.0
2030-09-01 12:00:00,sim@hotboat.cl,1003390.0,luz,520.0
2030-09-01 12:00:00,sim@hotboat.cl,1003390.0,gas,10000.0
2030-09-01 12:10:00,sim@hotboat.cl,1003391.0,leña,1500.0
2030-09-01 12:10:00,sim@hotboat.cl,1003391.0,agua,700.0
2030-09-01 12:10:00,sim@hotboat.cl,1003391.0,luz,520.0
2030-09-01 12:10:00,sim@hotboat.cl,1003391.0,gas,10000.0
2030-09-01 12:20:00,sim@hotboat.cl,1003392.0,leña,1500.0
2030-09-01 12:20:00,sim@hotboat.cl,1003392.0,agua,700.0
2030-09-01 12:20:00,sim@hotboat.cl,1003392.0,luz,520.0
2030-09-01 12:20:00,sim@hotboat.cl,1003392.0,gas,10000.0
2030-09-01 12:30:00,sim@hotboat.cl,1003393.0,leña,1500.0
2030-09-01 12:30:00,sim@hotboat.cl,1003393.0,agua,700.0
2030-09-01 12:30:00,sim@hotboat.cl,1003393.0,luz,520.0
2030-09-01 12:30:00,sim@hotboat.cl,1003393.0,gas,10000.0
2030-09-01 12:40:00,sim@hotboat.cl,1003394.0,leña,1500.0
2030-09-01 12:40:00,sim@hotboat.cl,1003394.0,agua,700.0
2030-09-01 12:40:00,sim@hotboat.cl,1003394.0,luz,520.0
2030-09-01 12:40:00,sim@hotboat.cl,1003394.0,gas,10000.0
2030-09-02 12:00:00,sim@hotboat.cl,1003395.0,leña,1500.0
2030-09-02 12:00:00,sim@hotboat.cl,1003395.0,agua,700.0
2030-09-02 12:00:00,sim@hotboat.cl,1003395.0,luz,520.0
2030-09-02 12:00:00,sim@hotboat.cl,1003395.0,gas,10000.0
2030-09-02 12:10:00,sim@hotboat.cl,1003396.0,leña,1500.0
2030-09-02 12:10:00,sim@hotboat.cl,1003396.0,agua,700.0
2030-09-02 12:10:00,sim@hotboat.cl,1003396.0,luz,520.0
2030-09-02 12:10:00,sim@hotboat.cl,1003396.0,gas,10000.0
2030-09-03 12:00:00,sim@hotboat.cl,1003397.0,leña,1500.0
2030-09-03 12:00:00,sim@hotboat.cl,1003397.0,agua,700.0
2030-09-03 12:00:00,sim@hotboat.cl,1003397.0,luz,520.0
2030-09-03 12:00:00,sim@hotboat.cl,1003397.0,gas,10000.0
2030-09-03 12:10:00,sim@hotboat.cl,1003398.0,leña,1500.0
2030-09-03 12:10:00,sim@hotboat.cl,1003398.0,agua,700.0
2030-09-03 12:10:00,sim@hotboat.cl,1003398.0,luz,520.0
2030-09-03 12:10:00,sim@hotboat.cl,1003398.0,gas,10000.0
2030-09-03 12:20:00,sim@hotboat.cl,1003399.0,leña,1500.0
2030-09-03 12:20:00,sim@hotboat.cl,1003399.0,agua,700.0
2030-09-03 12:20:00,sim@hotboat.cl,1003399.0,luz,520.0
2030-09-03 12:20:00,sim@hotboat.cl,1003399.0,gas,10000.0
2030-09-04 12:00:00,sim@hotboat.cl,1003400.0,leña,1500.0
2030-09-04 12:00:00,sim@hotboat.cl,1003400.0,agua,700.0
2030-09-04 12:00:00,sim@hotboat.cl,1003400.0,luz,520.0
2030-09-04 12:00:00,sim@hotboat.cl,1003400.0,gas,10000.0
2030-09-04 12:10:00,sim@hotboat.cl,1003401.0,leña,1500.0
2030-09-04 12:10:00,sim@hotboat.cl,1003401.0,agua,700.0
2030-09-04 12:10:00,sim@hotboat.cl,1003401.0,luz,520.0
2030-09-04 12:10:00,sim@hotboat.cl,1003401.0,gas,10000.0
2030-09-06 12:00:00,sim@hotboat.cl,1003402.0,leña,1500.0
2030-09-06 12:00:00,sim@hotboat.cl,1003402.0,agua,700.0
2030-09-06 12:00:00,sim@hotboat.cl,1003402.0,luz,520.0
2030-09-06 12:00:00,sim@hotboat.cl,1003402.0,gas,10000.0
2030-09-06 12:10:00,sim@hotboat.cl,1003403.0,leña,1500.0
2030-09-06 12:10:00,sim@hotboat.cl,1003403.0,agua,700.0
2030-09-06 12:10:00,sim@hotboat.cl,1003403.0,luz,520.0
2030-09-06 12:10:00,sim@hotboat.cl,1003403.0,gas,10000.0
2030-09-07 12:00:00,sim@hotboat.cl,1003404.0,leña,1500.0
2030-09-07 12:00:00,sim@hotboat.cl,1003404.0,agua,700.0
2030-09-07 12:00:00,sim@hotboat.cl,1003404.0,luz,520.0
2030-09-07 12:00:00,sim@hotboat.cl,1003404.0,gas,10000.0
2030-09-07 12:10:00,sim@hotboat.cl,1003405.0,leña,1500.0
2030-09-07 12:10:00,sim@hotboat.cl,1003405.0,agua,700.0
2030-09-07 12:10:00,sim@hotboat.cl,1003405.0,luz,520.0
2030-09-07 12:10:00,sim@hotboat.cl,1003405.0,gas,10000.0
2030-09-07 12:20:00,sim@hotboat.cl,1003406.0,leña,1500.0
2030-09-07 12:20:00,sim@hotboat.cl,1003406.0,agua,700.0
2030-09-07 12:20:00,sim@hotboat.cl,1003406.0,luz,520.0
2030-09-07 12:20:00,sim@hotboat.cl,1003406.0,gas,10000.0
2030-09-08 12:00:00,sim@hotboat.cl,1003407.0,leña,1500.0
2030-09-08 12:00:00,sim@hotboat.cl,1003407.0,agua,700.0
2030-09-08 12:00:00,sim@hotboat.cl,1003407.0,luz,520.0
2030-09-08 12:00:00,sim@hotboat.cl,1003407.0,gas,10000.0
2030-09-08 12:10:00,sim@hotboat.cl,1003408.0,leña,1500.0
2030-09-08 12:10:00,sim@hotboat.cl,1003408.0,agua,700.0
2030-09-08 12:10:00,sim@hotboat.cl,1003408.0,luz,520.0
2030-09-08 12:10:00,sim@hotboat.cl,1003408.0,gas,10000.0
2030-09-08 12:20:00,sim@hotboat.cl,1003409.0,leña,1500.0
2030-09-08 12:20:00,sim@hotboat.cl,1003409.0,agua,700.0
2030-09-08 12:20:00,sim@hotboat.cl,1003409.0,luz,520.0
2030-09-08 12:20:00,sim@hotboat.cl,1003409.0,gas,10000.0
2030-09-11 12:00:00,sim@hotboat.cl,1003410.0,leña,1500.0
2030-09-11 12:00:00,sim@hotboat.cl,1003410.0,agua,700.0
2030-09-11 12:00:00,sim@hotboat.cl,1003410.0,luz,520.0
2030-09-11 12:00:00,sim@hotboat.cl,1003410.0,gas,10000.0
2030-09-14 12:00:00,sim@hotboat.cl,1003411.0,leña,1500.0
2030-09-14 12:00:00,sim@hotboat.cl,1003411.0,agua,700.0
2030-09-14 12:00:00,sim@hotboat.cl,1003411.0,luz,520.0
2030-09-14 12:00:00,sim@hotboat.cl,1003411.0,gas,10000.0
2030-09-15 12:00:00,sim@hotboat.cl,1003412.0,leña,1500.0
2030-09-15 12:00:00,sim@hotboat.cl,1003412.0,agua,700.0
2030-09-15 12:00:00,sim@hotboat.cl,1003412.0,luz,520.0
2030-09-15 12:00:00,sim@hotboat.cl,1003412.0,gas,10000.0
2030-09-16 12:00:00,sim@hotboat.cl,1003413.0,leña,1500.0
2030-09-16 12:00:00,sim@hotboat.cl,1003413.0,agua,700.0
2030-09-16 12:00:00,sim@hotboat.cl,1003413.0,luz,520.0
2030-09-16 12:00:00,sim@hotboat.cl,1003413.0,gas,10000.0
2030-09-18 12:00:00,sim@hotboat.cl,1003414.0,leña,1500.0
2030-09-18 12:00:00,sim@hotboat.cl,1003414.0,agua,700.0
2030-09-18 12:00:00,sim@hotboat.cl,1003414.0,luz,520.0
2030-09-18 12:00:00,sim@hotboat.cl,1003414.0,gas,10000.0
2030-09-21 12:00:00,sim@hotboat.cl,1003415.0,leña,1500.0
2030-09-21 12:00:00,sim@hotboat.cl,1003415.0,agua,700.0
2030-09-21 12:00:00,sim@hotboat.cl,1003415.0,luz,520.0
2030-09-21 12:00:00,sim@hotboat.cl,1003415.0,gas,10000.0
2030-09-21 12:10:00,sim@hotboat.cl,1003416.0,leña,1500.0
2030-09-21 12:10:00,sim@hotboat.cl,1003416.0,agua,700.0
2030-09-21 12:10:00,sim@hotboat.cl,1003416.0,luz,520.0
2030-09-21 12:10:00,sim@hotboat.cl,1003416.0,gas,10000.0
2030-09-21 12:20:00,sim@hotboat.cl,1003417.0,leña,1500.0
2030-09-21 12:20:00,sim@hotboat.cl,1003417.0,agua,700.0
2030-09-21 12:20:00,sim@hotboat.cl,1003417.0,luz,520.0
2030-09-21 12:20:00,sim@hotboat.cl,1003417.0,gas,10000.0
2030-09-22 12:00:00,sim@hotboat.cl,1003418.0,leña,1500.0
2030-09-22 12:00:00,sim@hotboat.cl,1003418.0,agua,700.0
2030-09-22 12:00:00,sim@hotboat.cl,1003418.0,luz,520.0
2030-09-22 12:00:00,sim@hotboat.cl,1003418.0,gas,10000.0
2030-09-22 12:10:00,sim@hotboat.cl,1003419.0,leña,1500.0
2030-09-22 12:10:00,sim@hotboat.cl,1003419.0,agua,700.0
2030-09-22 12:10:00,sim@hotboat.cl,1003419.0,luz,520.0
2030-09-22 12:10:00,sim@hotboat.cl,1003419.0,gas,10000.0
2030-09-24 12:00:00,sim@hotboat.cl,1003420.0,leña,1500.0
2030-09-24 12:00:00,sim@hotboat.cl,1003420.0,agua,700.0
2030-09-24 12:00:00,sim@hotboat.cl,1003420.0,luz,520.0
2030-09-24 12:00:00,sim@hotboat.cl,1003420.0,gas,10000.0
2030-09-25 12:00:00,sim@hotboat.cl,1003421.0,leña,1500.0
2030-09-25 12:00:00,sim@hotboat.cl,1003421.0,agua,700.0
2030-09-25 12:00:00,sim@hotboat.cl,1003421.0,luz,520.0
2030-09-25 12:00:00,sim@hotboat.cl,1003421.0,gas,10000.0
2030-09-26 12:00:00,sim@hotboat.cl,1003422.0,leña,1500.0
2030-09-26 12:00:00,sim@hotboat.cl,1003422.0,agua,700.0
2030-09-26 12:00:00,sim@hotboat.cl,1003422.0,luz,520.0
2030-09-26 12:00:00,sim@hotboat.cl,1003422.0,gas,10000.0
2030-09-26 12:10:00,sim@hotboat.cl,1003423.0,leña,1500.0
2030-09-26 12:10:00,sim@hotboat.cl,1003423.0,agua,700.0
2030-09-26 12:10:00,sim@hotboat.cl,1003423.0,luz,520.0
2030-09-26 12:10:00,sim@hotboat.cl,1003423.0,gas,10000.0
2030-09-26 12:20:00,sim@hotboat.cl,1003424.0,leña,1500.0
2030-09-26 12:20:00,sim@hotboat.cl,1003424.0,agua,700.0
2030-09-26 12:20:00,sim@hotboat.cl,1003424.0,luz,520.0
2030-09-26 12:20:00,sim@hotboat.cl,1003424.0,gas,10000.0
2030-09-28 12:00:00,sim@hotboat.cl,1003425.0,leña,1500.0
2030-09-28 12:00:00,sim@hotboat.cl,1003425.0,agua,700.0
2030-09-28 12:00:00,sim@hotboat.cl,1003425.0,luz,520.0
2030-09-28 12:00:00,sim@hotboat.cl,1003425.0,gas,10000.0
2030-09-28 12:10:00,sim@hotboat.cl,1003426.0,leña,1500.0
2030-09-28 12:10:00,sim@hotboat.cl,1003426.0,agua,700.0
2030-09-28 12:10:00,sim@hotboat.cl,1003426.0,luz,520.0
2030-09-28 12:10:00,sim@hotboat.cl,1003426.0,gas,10000.0
2030-09-28 12:20:00,sim@hotboat.cl,1003427.0,leña,1500.0
2030-09-28 12:20:00,sim@hotboat.cl,1003427.0,agua,700.0
2030-09-28 12:20:00,sim@hotboat.cl,1003427.0,luz,520.0
2030-09-28 12:20:00,sim@hotboat.cl,1003427.0,gas,10000.0
2030-09-29 12:00:00,sim@hotboat.cl,1003428.0,leña,1500.0
2030-09-29 12:00:00,sim@hotboat.cl,1003428.0,agua,700.0
2030-09-29 12:00:00,sim@hotboat.cl,1003428.0,luz,520.0
2030-09-29 12:00:00,sim@hotboat.cl,1003428.0,gas,10000.0
2030-09-29 12:10:00,sim@hotboat.cl,1003429.0,leña,1500.0
2030-09-29 12:10:00,sim@hotboat.cl,1003429.0,agua,700.0
2030-09-29 12:10:00,sim@hotboat.cl,1003429.0,luz,520.0
2030-09-29 12:10:00,sim@hotboat.cl,1003429.0,gas,10000.0
2030-09-29 12:20:00,sim@hotboat.cl,1003430.0,leña,1500.0
2030-09-29 12:20:00,sim@hotboat.cl,1003430.0,agua,700.0
2030-09-29 12:20:00,sim@hotboat.cl,1003430.0,luz,520.0
2030-09-29 12:20:00,sim@hotboat.cl,1003430.0,gas,10000.0
2030-09-29 12:30:00,sim@hotboat.cl,1003431.0,leña,1500.0
2030-09-29 12:30:00,sim@hotboat.cl,1003431.0,agua,700.0
2030-09-29 12:30:00,sim@hotboat.cl,1003431.0,luz,520.0
2030-09-29 12:30:00,sim@hotboat.cl,1003431.0,gas,10000.0
2030-09-30 12:00:00,sim@hotboat.cl,1003432.0,leña,1500.0
2030-09-30 12:00:00,sim@hotboat.cl,1003432.0,agua,700.0
2030-09-30 12:00:00,sim@hotboat.cl,1003432.0,luz,520.0
2030-09-30 12:00:00,sim@hotboat.cl,1003432.0,gas,10000.0
2030-09-30 12:10:00,sim@hotboat.cl,1003433.0,leña,1500.0
2030-09-30 12:10:00,sim@hotboat.cl,1003433.0,agua,700.0
2030-09-30 12:10:00,sim@hotboat.cl,1003433.0,luz,520.0
2030-09-30 12:10:00,sim@hotboat.cl,1003433.0,gas,10000.0
2030-09-01 20:00:00,sim@hotboat.cl,,pago extra ayudante (diario),150000.0
2030-09-02 20:00:00,sim@hotboat.cl,,pago extra ayudante (diario),60000.0
2030-09-03 20:00:00,sim@hotboat.cl,,pago extra ayudante (diario),90000.0
2030-09-04 20:00:00,sim@hotboat.cl,,pago extra ayudante (diario),60000.0
2030-09-06 20:00:00,sim@hotboat.cl,,pago extra ayudante (diario),60000.0
2030-09-07 20:00:00,sim@hotboat.cl,,pago extra ayudante (diario),90000.0
2030-09-08 20:00:00,sim@hotboat.cl,,pago extra ayudante (diario),90000.0
2030-09-11 20:00:00,sim@hotboat.cl,,pago extra ayudante (diario),30000.0
2030-09-14 20:00:00,sim@hotboat.cl,,pago extra ayudante (diario),30000.0
2030-09-15 20:00:00,sim@hotboat.cl,,pago extra ayudante (diario),30000.0
2030-09-16 20:00:00,sim@hotboat.cl,,pago extra ayudante (diario),30000.0
2030-09-18 20:00:00,sim@hotboat.cl,,pago extra ayudante (diario),30000.0
2030-09-21 20:00:00,sim@hotboat.cl,,pago extra ayudante (diario),90000.0
2030-09-22 20:00:00,sim@hotboat.cl,,pago extra ayudante (diario),60000.0
2030-09-24 20:00:00,sim@hotboat.cl,,pago extra ayudante (diario),30000.0
2030-09-25 20:00:00,sim@hotboat.cl,,pago extra ayudante (diario),30000.0
2030-09-26 20:00:00,sim@hotboat.cl,,pago extra ayudante (diario),90000.0
2030-09-28 20:00:00,sim@hotboat.cl,,pago extra ayudante (diario),90000.0
2030-09-29 20:00:00,sim@hotboat.cl,,pago extra ayudante (diario),120000.0
2030-09-30 20:00:00,sim@hotboat.cl,,pago extra ayudante (diario),60000.0
2030-10-01 12:00:00,sim@hotboat.cl,1003434.0,leña,1500.0
2030-10-01 12:00:00,sim@hotboat.cl,1003434.0,agua,700.0
2030-10-01 12:00:00,sim@hotboat.cl,1003434.0,luz,520.0
2030-10-01 12:00:00,sim@hotboat.cl,1003434.0,gas,10000.0
2030-10-02 12:00:00,sim@hotboat.cl,1003435.0,leña,1500.0
2030-10-02 12:00:00,sim@hotboat.cl,1003435.0,agua,700.0
2030-10-02 12:00:00,sim@hotboat.cl,1003435.0,luz,520.0
2030-10-02 12:00:00,sim@hotboat.cl,1003435.0,gas,10000.0
2030-10-02 12:10:00,sim@hotboat.cl,1003436.0,leña,1500.0
2030-10-02 12:10:00,sim@hotboat.cl,1003436.0,agua,700.0
2030-10-02 12:10:00,sim@hotboat.cl,1003436.0,luz,520.0
2030-10-02 12:10:00,sim@hotboat.cl,1003436.0,gas,10000.0
2030-10-03 12:00:00,sim@hotboat.cl,1003437.0,leña,1500.0
2030-10-03 12:00:00,sim@hotboat.cl,1003437.0,agua,700.0
2030-10-03 12:00:00,sim@hotboat.cl,1003437.0,luz,520.0
2030-10-03 12:00:00,sim@hotboat.cl,1003437.0,gas,10000.0
2030-10-03 12:10:00,sim@hotboat.cl,1003438.0,leña,1500.0
2030-10-03 12:10:00,sim@hotboat.cl,1003438.0,agua,700.0
2030-10-03 12:10:00,sim@hotboat.cl,1003438.0,luz,520.0
2030-10-03 12:10:00,sim@hotboat.cl,1003438.0,gas,10000.0
2030-10-05 12:00:00,sim@hotboat.cl,1003439.0,leña,1500.0
2030-10-05 12:00:00,sim@hotboat.cl,1003439.0,agua,700.0
2030-10-05 12:00:00,sim@hotboat.cl,1003439.0,luz,520.0
2030-10-05 12:00:00,sim@hotboat.cl,1003439.0,gas,10000.0
2030-10-05 12:10:00,sim@hotboat.cl,1003440.0,leña,1500.0
2030-10-05 12:10:00,sim@hotboat.cl,1003440.0,agua,700.0
2030-10-05 12:10:00,sim@hotboat.cl,1003440.0,luz,520.0
2030-10-05 12:10:00,sim@hotboat.cl,1003440.0,gas,10000.0
2030-10-05 12:20:00,sim@hotboat.cl,1003441.0,leña,1500.0
2030-10-05 12:20:00,sim@hotboat.cl,1003441.0,agua,700.0
2030-10-05 12:20:00,sim@hotboat.cl,1003441.0,luz,520.0
2030-10-05 12:20:00,sim@hotboat.cl,1003441.0,gas,10000.0
2030-10-05 12:30:00,sim@hotboat.cl,1003442.0,leña,1500.0
2030-10-05 12:30:00,sim@hotboat.cl,1003442.0,agua,700.0
2030-10-05 12:30:00,sim@hotboat.cl,1003442.0,luz,520.0
2030-10-05 12:30:00,sim@hotboat.cl,1003442.0,gas,10000.0
2030-10-05 12:40:00,sim@hotboat.cl,1003443.0,leña,1500.0
2030-10-05 12:40:00,sim@hotboat.cl,1003443.0,agua,700.0
2030-10-05 12:40:00,sim@hotboat.cl,1003443.0,luz,520.0
2030-10-05 12:40:00,sim@hotboat.cl,1003443.0,gas,10000.0
2030-10-06 12:00:00,sim@hotboat.cl,1003444.0,leña,1500.0
2030-10-06 12:00:00,sim@hotboat.cl,1003444.0,agua,700.0
2030-10-06 12:00:00,sim@hotboat.cl,1003444.0,luz,520.0
2030-10-06 12:00:00,sim@hotboat.cl,1003444.0,gas,10000.0
2030-10-06 12:10:00,sim@hotboat.cl,1003445.0,leña,1500.0
2030-10-06 12:10:00,sim@hotboat.cl,1003445.0,agua,700.0
2030-10-06 12:10:00,sim@hotboat.cl,1003445.0,luz,520.0
2030-10-06 12:10:00,sim@hotboat.cl,1003445.0,gas,10000.0
2030-10-06 12:20:00,sim@hotboat.cl,1003446.0,leña,1500.0
2030-10-06 12:20:00,sim@hotboat.cl,1003446.0,agua,700.0
2030-10-06 12:20:00,sim@hotboat.cl,1003446.0,luz,520.0
2030-10-06 12:20:00,sim@hotboat.cl,1003446.0,gas,10000.0
2030-10-07 12:00:00,sim@hotboat.cl,1003447.0,leña,1500.0
2030-10-07 12:00:00,sim@hotboat.cl,1003447.0,agua,700.0
2030-10-07 12:00:00,sim@hotboat.cl,1003447.0,luz,520.0
2030-10-07 12:00:00,sim@hotboat.cl,1003447.0,gas,10000.0
2030-10-10 12:00:00,sim@hotboat.cl,1003448.0,leña,1500.0
2030-10-10 12:00:00,sim@hotboat.cl,1003448.0,agua,700.0
2030-10-10 12:00:00,sim@hotboat.cl,1003448.0,luz,520.0
2030-10-10 12:00:00,sim@hotboat.cl,1003448.0,gas,10000.0
2030-10-12 12:00:00,sim@hotboat.cl,1003449.0,leña,1500.0
2030-10-12 12:00:00,sim@hotboat.cl,1003449.0,agua,700.0
2030-10-12 12:00:00,sim@hotboat.cl,1003449.0,luz,520.0
2030-10-12 12:00:00,sim@hotboat.cl,1003449.0,gas,10000.0
2030-10-12 12:10:00,sim@hotboat.cl,1003450.0,leña,1500.0
2030-10-12 12:10:00,sim@hotboat.cl,1003450.0,agua,700.0
2030-10-12 12:10:00,sim@hotboat.cl,1003450.0,luz,520.0
2030-10-12 12:10:00,sim@hotboat.cl,1003450.0,gas,10000.0
2030-10-12 12:20:00,sim@hotboat.cl,1003451.0,leña,1500.0
2030-10-12 12:20:00,sim@hotboat.cl,1003451.0,agua,700.0
2030-10-12 12:20:00,sim@hotboat.cl,1003451.0,luz,520.0
2030-10-12 12:20:00,sim@hotboat.cl,1003451.0,gas,10000.0
2030-10-13 12:00:00,sim@hotboat.cl,1003452.0,leña,1500.0
2030-10-13 12:00:00,sim@hotboat.cl,1003452.0,agua,700.0
2030-10-13 12:00:00,sim@hotboat.cl,1003452.0,luz,520.0
2030-10-13 12:00:00,sim@hotboat.cl,1003452.0,gas,10000.0
2030-10-15 12:00:00,sim@hotboat.cl,1003453.0,leña,1500.0
2030-10-15 12:00:00,sim@hotboat.cl,1003453.0,agua,700.0
2030-10-15 12:00:00,sim@hotboat.cl,1003453.0,luz,520.0
2030-10-15 12:00:00,sim@hotboat.cl,1003453.0,gas,10000.0
2030-10-17 12:00:00,sim@hotboat.cl,1003454.0,leña,1500.0
2030-10-17 12:00:00,sim@hotboat.cl,1003454.0,agua,700.0
2030-10-17 12:00:00,sim@hotboat.cl,1003454.0,luz,520.0
2030-10-17 12:00:00,sim@hotboat.cl,1003454.0,gas,10000.0
2030-10-19 12:00:00,sim@hotboat.cl,1003455.0,leña,1500.0
2030-10-19 12:00:00,sim@hotboat.cl,1003455.0,agua,700.0
2030-10-19 12:00:00,sim@hotboat.cl,1003455.0,luz,520.0
2030-10-19 12:00:00,sim@hotboat.cl,1003455.0,gas,10000.0
2030-10-20 12:00:00,sim@hotboat.cl,1003456.0,leña,1500.0
2030-10-20 12:00:00,sim@hotboat.cl,1003456.0,agua,700.0
2030-10-20 12:00:00,sim@hotboat.cl,1003456.0,luz,520.0
2030-10-20 12:00:00,sim@hotboat.cl,1003456.0,gas,10000.0
2030-10-20 12:10:00,sim@hotboat.cl,1003457.0,leña,1500.0
2030-10-20 12:10:00,sim@hotboat.cl,1003457.0,agua,700.0
2030-10-20 12:10:00,sim@hotboat.cl,1003457.0,luz,520.0
2030-10-20 12:10:00,sim@hotboat.cl,1003457.0,gas,10000.0
2030-10-20 12:20:00,sim@hotboat.cl,1003458.0,leña,1500.0
2030-10-20 12:20:00,sim@hotboat.cl,1003458.0,agua,700.0
2030-10-20 12:20:00,sim@hotboat.cl,1003458.0,luz,520.0
2030-10-20 12:20:00,sim@hotboat.cl,1003458.0,gas,10000.0
2030-10-23 12:00:00,sim@hotboat.cl,1003459.0,leña,1500.0
2030-10-23 12:00:00,sim@hotboat.cl,1003459.0,agua,700.0
2030-10-23 12:00:00,sim@hotboat.cl,1003459.0,luz,520.0
2030-10-23 12:00:00,sim@hotboat.cl,1003459.0,gas,10000.0
2030-10-24 12:00:00,sim@hotboat.cl,1003460.0,leña,1500.0
2030-10-24 12:00:00,sim@hotboat.cl,1003460.0,agua,700.0
2030-10-24 12:00:00,sim@hotboat.cl,1003460.0,luz,520.0
2030-10-24 12:00:00,sim@hotboat.cl,1003460.0,gas,10000.0
2030-10-25 12:00:00,sim@hotboat.cl,1003461.0,leña,1500.0
2030-10-25 12:00:00,sim@hotboat.cl,1003461.0,agua,700.0
2030-10-25 12:00:00,sim@hotboat.cl,1003461.0,luz,520.0
2030-10-25 12:00:00,sim@hotboat.cl,1003461.0,gas,10000.0
2030-10-25 12:10:00,sim@hotboat.cl,1003462.0,leña,1500.0
2030-10-25 12:10:00,sim@hotboat.cl,1003462.0,agua,700.0
2030-10-25 12:10:00,sim@hotboat.cl,1003462.0,luz,520.0
2030-10-25 12:10:00,sim@hotboat.cl,1003462.0,gas,10000.0
2030-10-25 12:20:00,sim@hotboat.cl,1003463.0,leña,1500.0
2030-10-25 12:20:00,sim@hotboat.cl,1003463.0,agua,700.0
2030-10-25 12:20:00,sim@hotboat.cl,1003463.0,luz,520.0
2030-10-25 12:20:00,sim@hotboat.cl,1003463.0,gas,10000.0
2030-10-26 12:00:00,sim@hotboat.cl,1003464.0,leña,1500.0
2030-10-26 12:00:00,sim@hotboat.cl,1003464.0,agua,700.0
2030-10-26 12:00:00,sim@hotboat.cl,1003464.0,luz,520.0
2030-10-26 12:00:00,sim@hotboat.cl,1003464.0,gas,10000.0
2030-10-26 12:10:00,sim@hotboat.cl,1003465.0,leña,1500.0
2030-10-26 12:10:00,sim@hotboat.cl,1003465.0,agua,700.0
2030-10-26 12:10:00,sim@hotboat.cl,1003465.0,luz,520.0
2030-10-26 12:10:00,sim@hotboat.cl,1003465.0,gas,10000.0
2030-10-27 12:00:00,sim@hotboat.cl,1003466.0,leña,1500.0
2030-10-27 12:00:00,sim@hotboat.cl,1003466.0,agua,700.0
2030-10-27 12:00:00,sim@hotboat.cl,1003466.0,luz,520.0
2030-10-27 12:00:00,sim@hotboat.cl,1003466.0,gas,10000.0
2030-10-27 12:10:00,sim@hotboat.cl,1003467.0,leña,1500.0
2030-10-27 12:10:00,sim@hotboat.cl,1003467.0,agua,700.0
2030-10-27 12:10:00,sim@hotboat.cl,1003467.0,luz,520.0
2030-10-27 12:10:00,sim@hotboat.cl,1003467.0,gas,10000.0
2030-10-27 12:20:00,sim@hotboat.cl,1003468.0,leña,1500.0
2030-10-27 12:20:00,sim@hotboat.cl,1003468.0,agua,700.0
2030-10-27 12:20:00,sim@hotboat.cl,1003468.0,luz,520.0
2030-10-27 12:20:00,sim@hotboat.cl,1003468.0,gas,10000.0
2030-10-29 12:00:00,sim@hotboat.cl,1003469.0,leña,1500.0
2030-10-29 12:00:00,sim@hotboat.cl,1003469.0,agua,700.0
2030-10-29 12:00:00,sim@hotboat.cl,1003469.0,luz,520.0
2030-10-29 12:00:00,sim@hotboat.cl,1003469.0,gas,10000.0
2030-10-29 12:10:00,sim@hotboat.cl,1003470.0,leña,1500.0
2030-10-29 12:10:00,sim@hotboat.cl,1003470.0,agua,700.0
2030-10-29 12:10:00,sim@hotboat.cl,1003470.0,luz,520.0
2030-10-29 12:10:00,sim@hotboat.cl,1003470.0,gas,10000.0
2030-10-01 20:00:00,sim@hotboat.cl,,pago extra ayudante (diario),30000.0
2030-10-02 20:00:00,sim@hotboat.cl,,pago extra ayudante (diario),60000.0
2030-10-03 20:00:00,sim@hotboat.cl,,pago extra ayudante (diario),60000.0
2030-10-05 20:00:00,sim@hotboat.cl,,pago extra ayudante (diario),150000.0
2030-10-06 20:00:00,sim@hotboat.cl,,pago extra ayudante (diario),90000.0
2030-10-07 20:00:00,sim@hotboat.cl,,pago extra ayudante (diario),30000.0
2030-10-10 20:00:00,sim@hotboat.cl,,pago extra ayudante (diario),30000.0
2030-10-12 20:00:00,sim@hotboat.cl,,pago extra ayudante (diario),90000.0
2030-10-13 20:00:00,sim@hotboat.cl,,pago extra ayudante (diario),30000.0
2030-10-15 20:00:00,sim@hotboat.cl,,pago extra ayudante (diario),30000.0
2030-10-17 20:00:00,sim@hotboat.cl,,pago extra ayudante (diario),30000.0
2030-10-19 20:00:00,sim@hotboat.cl,,pago extra ayudante (diario),30000.0
2030-10-20 20:00:00,sim@hotboat.cl,,pago extra ayudante (diario),90000.0
2030-10-23 20:00:00,sim@hotboat.cl,,pago extra ayudante (diario),30000.0
2030-10-24 20:00:00,sim@hotboat.cl,,pago extra ayudante (diario),30000.0
2030-10-25 20:00:00,sim@hotboat.cl,,pago extra ayudante (diario),90000.0
2030-10-26 20:00:00,sim@hotboat.cl,,pago extra ayudante (diario),60000.0
2030-10-27 20:00:00,sim@hotboat.cl,,pago extra ayudante (diario),90000.0
2030-10-29 20:00:00,sim@hotboat.cl,,pago extra ayudante (diario),60000.0
2030-11-01 12:00:00,sim@hotboat.cl,1003471.0,leña,1500.0
2030-11-01 12:00:00,sim@hotboat.cl,1003471.0,agua,700.0
2030-11-01 12:00:00,sim@hotboat.cl,1003471.0,luz,520.0
2030-11-01 12:00:00,sim@hotboat.cl,1003471.0,gas,10000.0
2030-11-01 12:10:00,sim@hotboat.cl,1003472.0,leña,1500.0
2030-11-01 12:10:00,sim@hotboat.cl,1003472.0,agua,700.0
2030-11-01 12:10:00,sim@hotboat.cl,1003472.0,luz,520.0
2030-11-01 12:10:00,sim@hotboat.cl,1003472.0,gas,10000.0
2030-11-02 12:00:00,sim@hotboat.cl,1003473.0,leña,1500.0
2030-11-02 12:00:00,sim@hotboat.cl,1003473.0,agua,700.0
2030-11-02 12:00:00,sim@hotboat.cl,1003473.0,luz,520.0
2030-11-02 12:00:00,sim@hotboat.cl,1003473.0,gas,10000.0
2030-11-02 12:10:00,sim@hotboat.cl,1003474.0,leña,1500.0
2030-11-02 12:10:00,sim@hotboat.cl,1003474.0,agua,700.0
2030-11-02 12:10:00,sim@hotboat.cl,1003474.0,luz,520.0
2030-11-02 12:10:00,sim@hotboat.cl,1003474.0,gas,10000.0
2030-11-02 12:20:00,sim@hotboat.cl,1003475.0,leña,1500.0
2030-11-02 12:20:00,sim@hotboat.cl,1003475.0,agua,700.0
2030-11-02 12:20:00,sim@hotboat.cl,1003475.0,luz,520.0
2030-11-02 12:20:00,sim@hotboat.cl,1003475.0,gas,10000.0
2030-11-02 12:30:00,sim@hotboat.cl,1003476.0,leña,1500.0
2030-11-02 12:30:00,sim@hotboat.cl,1003476.0,agua,700.0
2030-11-02 12:30:00,sim@hotboat.cl,1003476.0,luz,520.0
2030-11-02 12:30:00,sim@hotboat.cl,1003476.0,gas,10000.0
2030-11-02 12:40:00,sim@hotboat.cl,1003477.0,leña,1500.0
2030-11-02 12:40:00,sim@hotboat.cl,1003477.0,agua,700.0
2030-11-02 12:40:00,sim@hotboat.cl,1003477.0,luz,520.0
2030-11-02 12:40:00,sim@hotboat.cl,1003477.0,gas,10000.0
2030-11-03 12:00:00,sim@hotboat.cl,1003478.0,leña,1500.0
2030-11-03 12:00:00,sim@hotboat.cl,1003478.0,agua,700.0
2030-11-03 12:00:00,sim@hotboat.cl,1003478.0,luz,520.0
2030-11-03 12:00:00,sim@hotboat.cl,1003478.0,gas,10000.0
2030-11-03 12:10:00,sim@hotboat.cl,1003479.0,leña,1500.0
2030-11-03 12:10:00,sim@hotboat.cl,1003479.0,agua,700.0
2030-11-03 12:10:00,sim@hotboat.cl,1003479.0,luz,520.0
2030-11-03 12:10:00,sim@hotboat.cl,1003479.0,gas,10000.0
2030-11-03 12:20:00,sim@hotboat.cl,1003480.0,leña,1500.0
2030-11-03 12:20:00,sim@hotboat.cl,1003480.0,agua,700.0
2030-11-03 12:20:00,sim@hotboat.cl,1003480.0,luz,520.0
2030-11-03 12:20:00,sim@hotboat.cl,1003480.0,gas,10000.0
2030-11-03 12:30:00,sim@hotboat.cl,1003481.0,leña,1500.0
2030-11-03 12:30:00,sim@hotboat.cl,1003481.0,agua,700.0
2030-11-03 12:30:00,sim@hotboat.cl,1003481.0,luz,520.0
2030-11-03 12:30:00,sim@hotboat.cl,1003481.0,gas,10000.0
2030-11-04 12:00:00,sim@hotboat.cl,1003482.0,leña,1500.0
2030-11-04 12:00:00,sim@hotboat.cl,1003482.0,agua,700.0
2030-11-04 12:00:00,sim@hotboat.cl,1003482.0,luz,520.0
2030-11-04 12:00:00,sim@hotboat.cl,1003482.0,gas,10000.0
2030-11-04 12:10:00,sim@hotboat.cl,1003483.0,leña,1500.0
2030-11-04 12:10:00,sim@hotboat.cl,1003483.0,agua,700.0
2030-11-04 12:10:00,sim@hotboat.cl,1003483.0,luz,520.0
2030-11-04 12:10:00,sim@hotboat.cl,1003483.0,gas,10000.0
2030-11-04 12:20:00,sim@hotboat.cl,1003484.0,leña,1500.0
2030-11-04 12:20:00,sim@hotboat.cl,1003484.0,agua,700.0
2030-11-04 12:20:00,sim@hotboat.cl,1003484.0,luz,520.0
2030-11-04 12:20:00,sim@hotboat.cl,1003484.0,gas,10000.0
2030-11-05 12:00:00,sim@hotboat.cl,1003485.0,leña,1500.0
2030-11-05 12:00:00,sim@hotboat.cl,1003485.0,agua,700.0
2030-11-05 12:00:00,sim@hotboat.cl,1003485.0,luz,520.0
2030-11-05 12:00:00,sim@hotboat.cl,1003485.0,gas,10000.0
2030-11-05 12:10:00,sim@hotboat.cl,1003486.0,leña,1500.0
2030-11-05 12:10:00,sim@hotboat.cl,1003486.0,agua,700.0
2030-11-05 12:10:00,sim@hotboat.cl,1003486.0,luz,520.0
2030-11-05 12:10:00,sim@hotboat.cl,1003486.0,gas,10000.0
2030-11-07 12:00:00,sim@hotboat.cl,1003487.0,leña,1500.0
2030-11-07 12:00:00,sim@hotboat.cl,1003487.0,agua,700.0
2030-11-07 12:00:00,sim@hotboat.cl,1003487.0,luz,520.0
2030-11-07 12:00:00,sim@hotboat.cl,1003487.0,gas,10000.0
2030-11-07 12:10:00,sim@hotboat.cl,1003488.0,leña,1500.0
2030-11-07 12:10:00,sim@hotboat.cl,1003488.0,agua,700.0
2030-11-07 12:10:00,sim@hotboat.cl,1003488.0,luz,520.0
2030-11-07 12:10:00,sim@hotboat.cl,1003488.0,gas,10000.0
2030-11-09 12:00:00,sim@hotboat.cl,1003489.0,leña,1500.0
2030-11-09 12:00:00,sim@hotboat.cl,1003489.0,agua,700.0
2030-11-09 12:00:00,sim@hotboat.cl,1003489.0,luz,520.0
2030-11-09 12:00:00,sim@hotboat.cl,1003489.0,gas,10000.0
2030-11-09 12:10:00,sim@hotboat.cl,1003490.0,leña,1500.0
2030-11-09 12:10:00,sim@hotboat.cl,1003490.0,agua,700.0
2030-11-09 12:10:00,sim@hotboat.cl,1003490.0,luz,520.0
2030-11-09 12:10:00,sim@hotboat.cl,1003490.0,gas,10000.0
2030-11-09 12:20:00,sim@hotboat.cl,1003491.0,leña,1500.0
2030-11-09 12:20:00,sim@hotboat.cl,1003491.0,agua,700.0
2030-11-09 12:20:00,sim@hotboat.cl,1003491.0,luz,520.0
2030-11-09 12:20:00,sim@hotboat.cl,1003491.0,gas,10000.0
2030-11-10 12:00:00,sim@hotboat.cl,1003492.0,leña,1500.0
2030-11-10 12:00:00,sim@hotboat.cl,1003492.0,agua,700.0
2030-11-10 12:00:00,sim@hotboat.cl,1003492.0,luz,520.0
2030-11-10 12:00:00,sim@hotboat.cl,1003492.0,gas,10000.0
2030-11-12 12:00:00,sim@hotboat.cl,1003493.0,leña,1500.0
2030-11-12 12:00:00,sim@hotboat.cl,1003493.0,agua,700.0
2030-11-12 12:00:00,sim@hotboat.cl,1003493.0,luz,520.0
2030-11-12 12:00:00,sim@hotboat.cl,1003493.0,gas,10000.0
2030-11-15 12:00:00,sim@hotboat.cl,1003494.0,leña,1500.0
2030-11-15 12:00:00,sim@hotboat.cl,1003494.0,agua,700.0
2030-11-15 12:00:00,sim@hotboat.cl,1003494.0,luz,520.0
2030-11-15 12:00:00,sim@hotboat.cl,1003494.0,gas,10000.0
2030-11-16 12:00:00,sim@hotboat.cl,1003495.0,leña,1500.0
2030-11-16 12:00:00,sim@hotboat.cl,1003495.0,agua,700.0
2030-11-16 12:00:00,sim@hotboat.cl,1003495.0,luz,520.0
2030-11-16 12:00:00,sim@hotboat.cl,1003495.0,gas,10000.0
2030-11-17 12:00:00,sim@hotboat.cl,1003496.0,leña,1500.0
2030-11-17 12:00:00,sim@hotboat.cl,1003496.0,agua,700.0
2030-11-17 12:00:00,sim@hotboat.cl,1003496.0,luz,520.0
2030-11-17 12:00:00,sim@hotboat.cl,1003496.0,gas,10000.0
2030-11-17 12:10:00,sim@hotboat.cl,1003497.0,leña,1500.0
2030-11-17 12:10:00,sim@hotboat.cl,1003497.0,agua,700.0
2030-11-17 12:10:00,sim@hotboat.cl,1003497.0,luz,520.0
2030-11-17 12:10:00,sim@hotboat.cl,1003497.0,gas,10000.0
2030-11-17 12:20:00,sim@hotboat.cl,1003498.0,leña,1500.0
2030-11-17 12:20:00,sim@hotboat.cl,1003498.0,agua,700.0
2030-11-17 12:20:00,sim@hotboat.cl,1003498.0,luz,520.0
2030-11-17 12:20:00,sim@hotboat.cl,1003498.0,gas,10000.0
2030-11-19 12:00:00,sim@hotboat.cl,1003499.0,leña,1500.0
2030-11-19 12:00:00,sim@hotboat.cl,1003499.0,agua,700.0
2030-11-19 12:00:00,sim@hotboat.cl,1003499.0,luz,520.0
2030-11-19 12:00:00,sim@hotboat.cl,1003499.0,gas,10000.0
2030-11-23 12:00:00,sim@hotboat.cl,1003500.0,leña,1500.0
2030-11-23 12:00:00,sim@hotboat.cl,1003500.0,agua,700.0
2030-11-23 12:00:00,sim@hotboat.cl,1003500.0,luz,520.0
2030-11-23 12:00:00,sim@hotboat.cl,1003500.0,gas,10000.0
2030-11-23 12:10:00,sim@hotboat.cl,1003501.0,leña,1500.0
2030-11-23 12:10:00,sim@hotboat.cl,1003501.0,agua,700.0
2030-11-23 12:10:00,sim@hotboat.cl,1003501.0,luz,520.0
2030-11-23 12:10:00,sim@hotboat.cl,1003501.0,gas,10000.0
2030-11-24 12:00:00,sim@hotboat.cl,1003502.0,leña,1500.0
2030-11-24 12:00:00,sim@hotboat.cl,1003502.0,agua,700.0
2030-11-24 12:00:00,sim@hotboat.cl,1003502.0,luz,520.0
2030-11-24 12:00:00,sim@hotboat.cl,1003502.0,gas,10000.0
2030-11-24 12:10:00,sim@hotboat.cl,1003503.0,leña,1500.0
2030-11-24 12:10:00,sim@hotboat.cl,1003503.0,agua,700.0
2030-11-24 12:10:00,sim@hotboat.cl,1003503.0,luz,520.0
2030-11-24 12:10:00,sim@hotboat.cl,1003503.0,gas,10000.0
2030-11-24 12:20:00,sim@hotboat.cl,1003504.0,leña,1500.0
2030-11-24 12:20:00,sim@hotboat.cl,1003504.0,agua,700.0
2030-11-24 12:20:00,sim@hotboat.cl,1003504.0,luz,520.0
2030-11-24 12:20:00,sim@hotboat.cl,1003504.0,gas,10000.0
2030-11-24 12:30:00,sim@hotboat.cl,1003505.0,leña,1500.0
2030-11-24 12:30:00,sim@hotboat.cl,1003505.0,agua,700.0
2030-11-24 12:30:00,sim@hotboat.cl,1003505.0,luz,520.0
2030-11-24 12:30:00,sim@hotboat.cl,1003505.0,gas,10000.0
2030-11-25 12:00:00,sim@hotboat.cl,1003506.0,leña,1500.0
2030-11-25 12:00:00,sim@hotboat.cl,1003506.0,agua,700.0
2030-11-25 12:00:00,sim@hotboat.cl,1003506.0,luz,520.0
2030-11-25 12:00:00,sim@hotboat.cl,1003506.0,gas,10000.0
2030-11-26 12:00:00,sim@hotboat.cl,1003507.0,leña,1500.0
2030-11-26 12:00:00,sim@hotboat.cl,1003507.0,agua,700.0
2030-11-26 12:00:00,sim@hotboat.cl,1003507.0,luz,520.0
2030-11-26 12:00:00,sim@hotboat.cl,1003507.0,gas,10000.0
2030-11-26 12:10:00,sim@hotboat.cl,1003508.0,leña,1500.0
2030-11-26 12:10:00,sim@hotboat.cl,1003508.0,agua,700.0
2030-11-26 12:10:00,sim@hotboat.cl,1003508.0,luz,520.0
2030-11-26 12:10:00,sim@hotboat.cl,1003508.0,gas,10000.0
2030-11-27 12:00:00,sim@hotboat.cl,1003509.0,leña,1500.0
2030-11-27 12:00:00,sim@hotboat.cl,1003509.0,agua,700.0
2030-11-27 12:00:00,sim@hotboat.cl,1003509.0,luz,520.0
2030-11-27 12:00:00,sim@hotboat.cl,1003509.0,gas,10000.0
2030-11-27 12:10:00,sim@hotboat.cl,1003510.0,leña,1500.0
2030-11-27 12:10:00,sim@hotboat.cl,1003510.0,agua,700.0
2030-11-27 12:10:00,sim@hotboat.cl,1003510.0,luz,520.0
2030-11-27 12:10:00,sim@hotboat.cl,1003510.0,gas,10000.0
2030-11-27 12:20:00,sim@hotboat.cl,1003511.0,leña,1500.0
2030-11-27 12:20:00,sim@hotboat.cl,1003511.0,agua,700.0
2030-11-27 12:20:00,sim@hotboat.cl,1003511.0,luz,520.0
2030-11-27 12:20:00,sim@hotboat.cl,1003511.0,gas,10000.0
2030-11-29 12:00:00,sim@hotboat.cl,1003512.0,leña,1500.0
2030-11-29 12:00:00,sim@hotboat.cl,1003512.0,agua,700.0
2030-11-29 12:00:00,sim@hotboat.cl,1003512.0,luz,520.0
2030-11-29 12:00:00,sim@hotboat.cl,1003512.0,gas,10000.0
2030-11-29 12:10:00,sim@hotboat.cl,1003513.0,leña,1500.0
2030-11-29 12:10:00,sim@hotboat.cl,1003513.0,agua,700.0
2030-11-29 12:10:00,sim@hotboat.cl,1003513.0,luz,520.0
2030-11-29 12:10:00,sim@hotboat.cl,1003513.0,gas,10000.0
2030-11-30 12:00:00,sim@hotboat.cl,1003514.0,leña,1500.0
2030-11-30 12:00:00,sim@hotboat.cl,1003514.0,agua,700.0
2030-11-30 12:00:00,sim@hotboat.cl,1003514.0,luz,520.0
2030-11-30 12:00:00,sim@hotboat.cl,1003514.0,gas,10000.0
2030-11-30 12:10:00,sim@hotboat.cl,1003515.0,leña,1500.0
2030-11-30 12:10:00,sim@hotboat.cl,1003515.0,agua,700.0
2030-11-30 12:10:00,sim@hotboat.cl,1003515.0,luz,520.0
2030-11-30 12:10:00,sim@hotboat.cl,1003515.0,gas,10000.0
2030-11-30 12:20:00,sim@hotboat.cl,1003516.0,leña,1500.0
2030-11-30 12:20:00,sim@hotboat.cl,1003516.0,agua,700.0
2030-11-30 12:20:00,sim@hotboat.cl,1003516.0,luz,520.0
2030-11-30 12:20:00,sim@hotboat.cl,1003516.0,gas,10000.0
2030-11-30 12:30:00,sim@hotboat.cl,1003517.0,leña,1500.0
2030-11-30 12:30:00,sim@hotboat.cl,1003517.0,agua,700.0
2030-11-30 12:30:00,sim@hotboat.cl,1003517.0,luz,520.0
2030-11-30 12:30:00,sim@hotboat.cl,1003517.0,gas,10000.0
2030-11-01 20:00:00,sim@hotboat.cl,,pago extra ayudante (diario),60000.0
2030-11-02 20:00:00,sim@hotboat.cl,,pago extra ayudante (diario),150000.0
2030-11-03 20:00:00,sim@hotboat.cl,,pago extra ayudante (diario),120000.0
2030-11-04 20:00:00,sim@hotboat.cl,,pago extra ayudante (diario),90000.0
2030-11-05 20:00:00,sim@hotboat.cl,,pago extra ayudante (diario),60000.0
2030-11-07 20:00:00,sim@hotboat.cl,,pago extra ayudante (diario),60000.0
2030-11-09 20:00:00,sim@hotboat.cl,,pago extra ayudante (diario),90000.0
2030-11-10 20:00:00,sim@hotboat.cl,,pago extra ayudante (diario),30000.0
2030-11-12 20:00:00,sim@hotboat.cl,,pago extra ayudante (diario),30000.0
2030-11-15 20:00:00,sim@hotboat.cl,,pago extra ayudante (diario),30000.0
2030-11-16 20:00:00,sim@hotboat.cl,,pago extra ayudante (diario),30000.0
2030-11-17 20:00:00,sim@hotboat.cl,,pago extra ayudante (diario),90000.0
2030-11-19 20:00:00,sim@hotboat.cl,,pago extra ayudante (diario),30000.0
2030-11-23 20:00:00,sim@hotboat.cl,,pago extra ayudante (diario),60000.0
2030-11-24 20:00:00,sim@hotboat.cl,,pago extra ayudante (diario),120000.0
2030-11-25 20:00:00,sim@hotboat.cl,,pago extra ayudante (diario),30000.0
2030-11-26 20:00:00,sim@hotboat.cl,,pago extra ayudante (diario),60000.0
2030-11-27 20:00:00,sim@hotboat.cl,,pago extra ayudante (diario),90000.0
2030-11-29 20:00:00,sim@hotboat.cl,,pago extra ayudante (diario),60000.0
2030-11-30 20:00:00,sim@hotboat.cl,,pago extra ayudante (diario),120000.0
2030-12-01 12:00:00,sim@hotboat.cl,1003518.0,leña,1500.0
2030-12-01 12:00:00,sim@hotboat.cl,1003518.0,agua,700.0
2030-12-01 12:00:00,sim@hotboat.cl,1003518.0,luz,520.0
2030-12-01 12:00:00,sim@hotboat.cl,1003518.0,gas,10000.0
2030-12-01 12:10:00,sim@hotboat.cl,1003519.0,leña,1500.0
2030-12-01 12:10:00,sim@hotboat.cl,1003519.0,agua,700.0
2030-12-01 12:10:00,sim@hotboat.cl,1003519.0,luz,520.0
2030-12-01 12:10:00,sim@hotboat.cl,1003519.0,gas,10000.0
2030-12-01 12:20:00,sim@hotboat.cl,1003520.0,leña,1500.0
2030-12-01 12:20:00,sim@hotboat.cl,1003520.0,agua,700.0
2030-12-01 12:20:00,sim@hotboat.cl,1003520.0,luz,520.0
2030-12-01 12:20:00,sim@hotboat.cl,1003520.0,gas,10000.0
2030-12-01 12:30:00,sim@hotboat.cl,1003521.0,leña,1500.0
2030-12-01 12:30:00,sim@hotboat.cl,1003521.0,agua,700.0
2030-12-01 12:30:00,sim@hotboat.cl,1003521.0,luz,520.0
2030-12-01 12:30:00,sim@hotboat.cl,1003521.0,gas,10000.0
2030-12-01 12:40:00,sim@hotboat.cl,1003522.0,leña,1500.0
2030-12-01 12:40:00,sim@hotboat.cl,1003522.0,agua,700.0
2030-12-01 12:40:00,sim@hotboat.cl,1003522.0,luz,520.0
2030-12-01 12:40:00,sim@hotboat.cl,1003522.0,gas,10000.0
2030-12-02 12:00:00,sim@hotboat.cl,1003523.0,leña,1500.0
2030-12-02 12:00:00,sim@hotboat.cl,1003523.0,agua,700.0
2030-12-02 12:00:00,sim@hotboat.cl,1003523.0,luz,520.0
2030-12-02 12:00:00,sim@hotboat.cl,1003523.0,gas,10000.0
2030-12-02 12:10:00,sim@hotboat.cl,1003524.0,leña,1500.0
2030-12-02 12:10:00,sim@hotboat.cl,1003524.0,agua,700.0
2030-12-02 12:10:00,sim@hotboat.cl,1003524.0,luz,520.0
2030-12-02 12:10:00,sim@hotboat.cl,1003524.0,gas,10000.0
2030-12-03 12:00:00,sim@hotboat.cl,1003525.0,leña,1500.0
2030-12-03 12:00:00,sim@hotboat.cl,1003525.0,agua,700.0
2030-12-03 12:00:00,sim@hotboat.cl,1003525.0,luz,520.0
2030-12-03 12:00:00,sim@hotboat.cl,1003525.0,gas,10000.0
2030-12-03 12:10:00,sim@hotboat.cl,1003526.0,leña,1500.0
2030-12-03 12:10:00,sim@hotboat.cl,1003526.0,agua,700.0
2030-12-03 12:10:00,sim@hotboat.cl,1003526.0,luz,520.0
2030-12-03 12:10:00,sim@hotboat.cl,1003526.0,gas,10000.0
2030-12-03 12:20:00,sim@hotboat.cl,1003527.0,leña,1500.0
2030-12-03 12:20:00,sim@hotboat.cl,1003527.0,agua,700.0
2030-12-03 12:20:00,sim@hotboat.cl,1003527.0,luz,520.0
2030-12-03 12:20:00,sim@hotboat.cl,1003527.0,gas,10000.0
2030-12-04 12:00:00,sim@hotboat.cl,1003528.0,leña,1500.0
2030-12-04 12:00:00,sim@hotboat.cl,1003528.0,agua,700.0
2030-12-04 12:00:00,sim@hotboat.cl,1003528.0,luz,520.0
2030-12-04 12:00:00,sim@hotboat.cl,1003528.0,gas,10000.0
2030-12-04 12:10:00,sim@hotboat.cl,1003529.0,leña,1500.0
2030-12-04 12:10:00,sim@hotboat.cl,1003529.0,agua,700.0
2030-12-04 12:10:00,sim@hotboat.cl,1003529.0,luz,520.0
2030-12-04 12:10:00,sim@hotboat.cl,1003529.0,gas,10000.0
2030-12-06 12:00:00,sim@hotboat.cl,1003530.0,leña,1500.0
2030-12-06 12:00:00,sim@hotboat.cl,1003530.0,agua,700.0
2030-12-06 12:00:00,sim@hotboat.cl,1003530.0,luz,520.0
2030-12-06 12:00:00,sim@hotboat.cl,1003530.0,gas,10000.0
2030-12-06 12:10:00,sim@hotboat.cl,1003531.0,leña,1500.0
2030-12-06 12:10:00,sim@hotboat.cl,1003531.0,agua,700.0
2030-12-06 12:10:00,sim@hotboat.cl,1003531.0,luz,520.0
2030-12-06 12:10:00,sim@hotboat.cl,1003531.0,gas,10000.0
2030-12-07 12:00:00,sim@hotboat.cl,1003532.0,leña,1500.0
2030-12-07 12:00:00,sim@hotboat.cl,1003532.0,agua,700.0
2030-12-07 12:00:00,sim@hotboat.cl,1003532.0,luz,520.0
2030-12-07 12:00:00,sim@hotboat.cl,1003532.0,gas,10000.0
2030-12-07 12:10:00,sim@hotboat.cl,1003533.0,leña,1500.0
2030-12-07 12:10:00,sim@hotboat.cl,1003533.0,agua,700.0
2030-12-07 12:10:00,sim@hotboat.cl,1003533.0,luz,520.0
2030-12-07 12:10:00,sim@hotboat.cl,1003533.0,gas,10000.0
2030-12-07 12:20:00,sim@hotboat.cl,1003534.0,leña,1500.0
2030-12-07 12:20:00,sim@hotboat.cl,1003534.0,agua,700.0
2030-12-07 12:20:00,sim@hotboat.cl,1003534.0,luz,520.0
2030-12-07 12:20:00,sim@hotboat.cl,1003534.0,gas,10000.0
2030-12-07 12:30:00,sim@hotboat.cl,1003535.0,leña,1500.0
2030-12-07 12:30:00,sim@hotboat.cl,1003535.0,agua,700.0
2030-12-07 12:30:00,sim@hotboat.cl,1003535.0,luz,520.0
2030-12-07 12:30:00,sim@hotboat.cl,1003535.0,gas,10000.0
2030-12-07 12:40:00,sim@hotboat.cl,1003536.0,leña,1500.0
2030-12-07 12:40:00,sim@hotboat.cl,1003536.0,agua,700.0
2030-12-07 12:40:00,sim@hotboat.cl,1003536.0,luz,520.0
2030-12-07 12:40:00,sim@hotboat.cl,1003536.0,gas,10000.0
2030-12-08 12:00:00,sim@hotboat.cl,1003537.0,leña,1500.0
2030-12-08 12:00:00,sim@hotboat.cl,1003537.0,agua,700.0
2030-12-08 12:00:00,sim@hotboat.cl,1003537.0,luz,520.0
2030-12-08 12:00:00,sim@hotboat.cl,1003537.0,gas,10000.0
2030-12-08 12:10:00,sim@hotboat.cl,1003538.0,leña,1500.0
2030-12-08 12:10:00,sim@hotboat.cl,1003538.0,agua,700.0
2030-12-08 12:10:00,sim@hotboat.cl,1003538.0,luz,520.0
2030-12-08 12:10:00,sim@hotboat.cl,1003538.0,gas,10000.0
2030-12-08 12:20:00,sim@hotboat.cl,1003539.0,leña,1500.0
2030-12-08 12:20:00,sim@hotboat.cl,1003539.0,agua,700.0
2030-12-08 12:20:00,sim@hotboat.cl,1003539.0,luz,520.0
2030-12-08 12:20:00,sim@hotboat.cl,1003539.0,gas,10000.0
2030-12-11 12:00:00,sim@hotboat.cl,1003540.0,leña,1500.0
2030-12-11 12:00:00,sim@hotboat.cl,1003540.0,agua,700.0
2030-12-11 12:00:00,sim@hotboat.cl,1003540.0,luz,520.0
2030-12-11 12:00:00,sim@hotboat.cl,1003540.0,gas,10000.0
2030-12-13 12:00:00,sim@hotboat.cl,1003541.0,leña,1500.0
2030-12-13 12:00:00,sim@hotboat.cl,1003541.0,agua,700.0
2030-12-13 12:00:00,sim@hotboat.cl,1003541.0,luz,520.0
2030-12-13 12:00:00,sim@hotboat.cl,1003541.0,gas,10000.0
2030-12-14 12:00:00,sim@hotboat.cl,1003542.0,leña,1500.0
2030-12-14 12:00:00,sim@hotboat.cl,1003542.0,agua,700.0
2030-12-14 12:00:00,sim@hotboat.cl,1003542.0,luz,520.0
2030-12-14 12:00:00,sim@hotboat.cl,1003542.0,gas,10000.0
2030-12-14 12:10:00,sim@hotboat.cl,1003543.0,leña,1500.0
2030-12-14 12:10:00,sim@hotboat.cl,1003543.0,agua,700.0
2030-12-14 12:10:00,sim@hotboat.cl,1003543.0,luz,520.0
2030-12-14 12:10:00,sim@hotboat.cl,1003543.0,gas,10000.0
2030-12-15 12:00:00,sim@hotboat.cl,1003544.0,leña,1500.0
2030-12-15 12:00:00,sim@hotboat.cl,1003544.0,agua,700.0
2030-12-15 12:00:00,sim@hotboat.cl,1003544.0,luz,520.0
2030-12-15 12:00:00,sim@hotboat.cl,1003544.0,gas,10000.0
2030-12-16 12:00:00,sim@hotboat.cl,1003545.0,leña,1500.0
2030-12-16 12:00:00,sim@hotboat.cl,1003545.0,agua,700.0
2030-12-16 12:00:00,sim@hotboat.cl,1003545.0,luz,520.0
2030-12-16 12:00:00,sim@hotboat.cl,1003545.0,gas,10000.0
2030-12-16 12:10:00,sim@hotboat.cl,1003546.0,leña,1500.0
2030-12-16 12:10:00,sim@hotboat.cl,1003546.0,agua,700.0
2030-12-16 12:10:00,sim@hotboat.cl,1003546.0,luz,520.0
2030-12-16 12:10:00,sim@hotboat.cl,1003546.0,gas,10000.0
2030-12-18 12:00:00,sim@hotboat.cl,1003547.0,leña,1500.0
2030-12-18 12:00:00,sim@hotboat.cl,1003547.0,agua,700.0
2030-12-18 12:00:00,sim@hotboat.cl,1003547.0,luz,520.0
2030-12-18 12:00:00,sim@hotboat.cl,1003547.0,gas,10000.0
2030-12-21 12:00:00,sim@hotboat.cl,1003548.0,leña,1500.0
2030-12-21 12:00:00,sim@hotboat.cl,1003548.0,agua,700.0
2030-12-21 12:00:00,sim@hotboat.cl,1003548.0,luz,520.0
2030-12-21 12:00:00,sim@hotboat.cl,1003548.0,gas,10000.0
2030-12-21 12:10:00,sim@hotboat.cl,1003549.0,leña,1500.0
2030-12-21 12:10:00,sim@hotboat.cl,1003549.0,agua,700.0
2030-12-21 12:10:00,sim@hotboat.cl,1003549.0,luz,520.0
2030-12-21 12:10:00,sim@hotboat.cl,1003549.0,gas,10000.0
2030-12-21 12:20:00,sim@hotboat.cl,1003550.0,leña,1500.0
2030-12-21 12:20:00,sim@hotboat.cl,1003550.0,agua,700.0
2030-12-21 12:20:00,sim@hotboat.cl,1003550.0,luz,520.0
2030-12-21 12:20:00,sim@hotboat.cl,1003550.0,gas,10000.0
2030-12-22 12:00:00,sim@hotboat.cl,1003551.0,leña,1500.0
2030-12-22 12:00:00,sim@hotboat.cl,1003551.0,agua,700.0
2030-12-22 12:00:00,sim@hotboat.cl,1003551.0,luz,520.0
2030-12-22 12:00:00,sim@hotboat.cl,1003551.0,gas,10000.0
2030-12-22 12:10:00,sim@hotboat.cl,1003552.0,leña,1500.0
2030-12-22 12:10:00,sim@hotboat.cl,1003552.0,agua,700.0
2030-12-22 12:10:00,sim@hotboat.cl,1003552.0,luz,520.0
2030-12-22 12:10:00,sim@hotboat.cl,1003552.0,gas,10000.0
2030-12-22 12:20:00,sim@hotboat.cl,1003553.0,leña,1500.0
2030-12-22 12:20:00,sim@hotboat.cl,1003553.0,agua,700.0
2030-12-22 12:20:00,sim@hotboat.cl,1003553.0,luz,520.0
2030-12-22 12:20:00,sim@hotboat.cl,1003553.0,gas,10000.0
2030-12-24 12:00:00,sim@hotboat.cl,1003554.0,leña,1500.0
2030-12-24 12:00:00,sim@hotboat.cl,1003554.0,agua,700.0
2030-12-24 12:00:00,sim@hotboat.cl,1003554.0,luz,520.0
2030-12-24 12:00:00,sim@hotboat.cl,1003554.0,gas,10000.0
2030-12-24 12:10:00,sim@hotboat.cl,1003555.0,leña,1500.0
2030-12-24 12:10:00,sim@hotboat.cl,1003555.0,agua,700.0
2030-12-24 12:10:00,sim@hotboat.cl,1003555.0,luz,520.0
2030-12-24 12:10:00,sim@hotboat.cl,1003555.0,gas,10000.0
2030-12-25 12:00:00,sim@hotboat.cl,1003556.0,leña,1500.0
2030-12-25 12:00:00,sim@hotboat.cl,1003556.0,agua,700.0
2030-12-25 12:00:00,sim@hotboat.cl,1003556.0,luz,520.0
2030-12-25 12:00:00,sim@hotboat.cl,1003556.0,gas,10000.0
2030-12-25 12:10:00,sim@hotboat.cl,1003557.0,leña,1500.0
2030-12-25 12:10:00,sim@hotboat.cl,1003557.0,agua,700.0
2030-12-25 12:10:00,sim@hotboat.cl,1003557.0,luz,520.0
2030-12-25 12:10:00,sim@hotboat.cl,1003557.0,gas,10000.0
2030-12-26 12:00:00,sim@hotboat.cl,1003558.0,leña,1500.0
2030-12-26 12:00:00,sim@hotboat.cl,1003558.0,agua,700.0
2030-12-26 12:00:00,sim@hotboat.cl,1003558.0,luz,520.0
2030-12-26 12:00:00,sim@hotboat.cl,1003558.0,gas,10000.0
2030-12-26 12:10:00,sim@hotboat.cl,1003559.0,leña,1500.0
2030-12-26 12:10:00,sim@hotboat.cl,1003559.0,agua,700.0
2030-12-26 12:10:00,sim@hotboat.cl,1003559.0,luz,520.0
2030-12-26 12:10:00,sim@hotboat.cl,1003559.0,gas,10000.0
2030-12-26 12:20:00,sim@hotboat.cl,1003560.0,leña,1500.0
2030-12-26 12:20:00,sim@hotboat.cl,1003560.0,agua,700.0
2030-12-26 12:20:00,sim@hotboat.cl,1003560.0,luz,520.0
2030-12-26 12:20:00,sim@hotboat.cl,1003560.0,gas,10000.0
2030-12-28 12:00:00,sim@hotboat.cl,1003561.0,leña,1500.0
2030-12-28 12:00:00,sim@hotboat.cl,1003561.0,agua,700.0
2030-12-28 12:00:00,sim@hotboat.cl,1003561.0,luz,520.0
2030-12-28 12:00:00,sim@hotboat.cl,1003561.0,gas,10000.0
2030-12-28 12:10:00,sim@hotboat.cl,1003562.0,leña,1500.0
2030-12-28 12:10:00,sim@hotboat.cl,1003562.0,agua,700.0
2030-12-28 12:10:00,sim@hotboat.cl,1003562.0,luz,520.0
2030-12-28 12:10:00,sim@hotboat.cl,1003562.0,gas,10000.0
2030-12-28 12:20:00,sim@hotboat.cl,1003563.0,leña,1500.0
2030-12-28 12:20:00,sim@hotboat.cl,1003563.0,agua,700.0
2030-12-28 12:20:00,sim@hotboat.cl,1003563.0,luz,520.0
2030-12-28 12:20:00,sim@hotboat.cl,1003563.0,gas,10000.0
2030-12-28 12:30:00,sim@hotboat.cl,1003564.0,leña,1500.0
2030-12-28 12:30:00,sim@hotboat.cl,1003564.0,agua,700.0
2030-12-28 12:30:00,sim@hotboat.cl,1003564.0,luz,520.0
2030-12-28 12:30:00,sim@hotboat.cl,1003564.0,gas,10000.0
2030-12-29 12:00:00,sim@hotboat.cl,1003565.0,leña,1500.0
2030-12-29 12:00:00,sim@hotboat.cl,1003565.0,agua,700.0
2030-12-29 12:00:00,sim@hotboat.cl,1003565.0,luz,520.0
2030-12-29 12:00:00,sim@hotboat.cl,1003565.0,gas,10000.0
2030-12-29 12:10:00,sim@hotboat.cl,1003566.0,leña,1500.0
2030-12-29 12:10:00,sim@hotboat.cl,1003566.0,agua,700.0
2030-12-29 12:10:00,sim@hotboat.cl,1003566.0,luz,520.0
2030-12-29 12:10:00,sim@hotboat.cl,1003566.0,gas,10000.0
2030-12-29 12:20:00,sim@hotboat.cl,1003567.0,leña,1500.0
2030-12-29 12:20:00,sim@hotboat.cl,1003567.0,agua,700.0
2030-12-29 12:20:00,sim@hotboat.cl,1003567.0,luz,520.0
2030-12-29 12:20:00,sim@hotboat.cl,1003567.0,gas,10000.0
2030-12-29 12:30:00,sim@hotboat.cl,1003568.0,leña,1500.0
2030-12-29 12:30:00,sim@hotboat.cl,1003568.0,agua,700.0
2030-12-29 12:30:00,sim@hotboat.cl,1003568.0,luz,520.0
2030-12-29 12:30:00,sim@hotboat.cl,1003568.0,gas,10000.0
2030-12-29 12:40:00,sim@hotboat.cl,1003569.0,leña,1500.0
2030-12-29 12:40:00,sim@hotboat.cl,1003569.0,agua,700.0
2030-12-29 12:40:00,sim@hotboat.cl,1003569.0,luz,520.0
2030-12-29 12:40:00,sim@hotboat.cl,1003569.0,gas,10000.0
2030-12-30 12:00:00,sim@hotboat.cl,1003570.0,leña,1500.0
2030-12-30 12:00:00,sim@hotboat.cl,1003570.0,agua,700.0
2030-12-30 12:00:00,sim@hotboat.cl,1003570.0,luz,520.0
2030-12-30 12:00:00,sim@hotboat.cl,1003570.0,gas,10000.0
2030-12-30 12:10:00,sim@hotboat.cl,1003571.0,leña,1500.0
2030-12-30 12:10:00,sim@hotboat.cl,1003571.0,agua,700.0
2030-12-30 12:10:00,sim@hotboat.cl,1003571.0,luz,520.0
2030-12-30 12:10:00,sim@hotboat.cl,1003571.0,gas,10000.0
2030-12-01 20:00:00,sim@hotboat.cl,,pago extra ayudante (diario),150000.0
2030-12-02 20:00:00,sim@hotboat.cl,,pago extra ayudante (diario),60000.0
2030-12-03 20:00:00,sim@hotboat.cl,,pago extra ayudante (diario),90000.0
2030-12-04 20:00:00,sim@hotboat.cl,,pago extra ayudante (diario),60000.0
2030-12-06 20:00:00,sim@hotboat.cl,,pago extra ayudante (diario),60000.0
2030-12-07 20:00:00,sim@hotboat.cl,,pago extra ayudante (diario),150000.0
2030-12-08 20:00:00,sim@hotboat.cl,,pago extra ayudante (diario),90000.0
2030-12-11 20:00:00,sim@hotboat.cl,,pago extra ayudante (diario),30000.0
2030-12-13 20:00:00,sim@hotboat.cl,,pago extra ayudante (diario),30000.0
2030-12-14 20:00:00,sim@hotboat.cl,,pago extra ayudante (diario),60000.0
2030-12-15 20:00:00,sim@hotboat.cl,,pago extra ayudante (diario),30000.0
2030-12-16 20:00:00,sim@hotboat.cl,,pago extra ayudante (diario),60000.0
2030-12-18 20:00:00,sim@hotboat.cl,,pago extra ayudante (diario),30000.0
2030-12-21 20:00:00,sim@hotboat.cl,,pago extra ayudante (diario),90000.0
2030-12-22 20:00:00,sim@hotboat.cl,,pago extra ayudante (diario),90000.0
2030-12-24 20:00:00,sim@hotboat.cl,,pago extra ayudante (diario),60000.0
2030-12-25 20:00:00,sim@hotboat.cl,,pago extra ayudante (diario),60000.0
2030-12-26 20:00:00,sim@hotboat.cl,,pago extra ayudante (diario),90000.0
2030-12-28 20:00:00,sim@hotboat.cl,,pago extra ayudante (diario),120000.0
2030-12-29 20:00:00,sim@hotboat.cl,,pago extra ayudante (diario),150000.0
2030-12-30 20:00:00,sim@hotboat.cl,,pago extra ayudante (diario),60000.0
