fecha,email,id_reserva,descripcion,monto
2025-08-01 12:00:00,sim@hotboat.cl,1000000,Ingreso simulado por reserva,150000
2025-08-02 12:00:00,sim@hotboat.cl,1000001,Ingreso simulado por reserva,150000
2025-08-03 12:00:00,sim@hotboat.cl,1000002,Ingreso simulado por reserva,150000
2025-08-03 12:10:00,sim@hotboat.cl,1000003,Ingreso simulado por reserva,150000
2025-08-06 12:00:00,sim@hotboat.cl,1000004,Ingreso simulado por reserva,150000
2025-08-09 12:00:00,sim@hotboat.cl,1000005,Ingreso simulado por reserva,150000
2025-08-10 12:00:00,sim@hotboat.cl,1000006,Ingreso simulado por reserva,150000
2025-08-10 12:10:00,sim@hotboat.cl,1000007,Ingreso simulado por reserva,150000
2025-08-12 12:00:00,sim@hotboat.cl,1000008,Ingreso simulado por reserva,150000
2025-08-12 12:10:00,sim@hotboat.cl,1000009,Ingreso simulado por reserva,150000
2025-08-13 12:00:00,sim@hotboat.cl,1000010,Ingreso simulado por reserva,150000
2025-08-16 12:00:00,sim@hotboat.cl,1000011,Ingreso simulado por reserva,150000
2025-08-29 12:00:00,sim@hotboat.cl,1000012,Ingreso simulado por reserva,150000
2025-09-01 12:00:00,sim@hotboat.cl,1000013,Ingreso simulado por reserva,150000
2025-09-04 12:00:00,sim@hotboat.cl,1000014,Ingreso simulado por reserva,150000
2025-09-05 12:00:00,sim@hotboat.cl,1000015,Ingreso simulado por reserva,150000
2025-09-06 12:00:00,sim@hotboat.cl,1000016,Ingreso simulado por reserva,150000
2025-09-07 12:00:00,sim@hotboat.cl,1000017,Ingreso simulado por reserva,150000
2025-09-07 12:10:00,sim@hotboat.cl,1000018,Ingreso simulado por reserva,150000
2025-09-07 12:20:00,sim@hotboat.cl,1000019,Ingreso simulado por reserva,150000
2025-09-10 12:00:00,sim@hotboat.cl,1000020,Ingreso simulado por reserva,150000
2025-09-10 12:10:00,sim@hotboat.cl,1000021,Ingreso simulado por reserva,150000
2025-09-11 12:00:00,sim@hotboat.cl,1000022,Ingreso simulado por reserva,150000
2025-09-13 12:00:00,sim@hotboat.cl,1000023,Ingreso simulado por reserva,150000
2025-09-14 12:00:00,sim@hotboat.cl,1000024,Ingreso simulado por reserva,150000
2025-09-14 12:10:00,sim@hotboat.cl,1000025,Ingreso simulado por reserva,150000
2025-09-20 12:00:00,sim@hotboat.cl,1000026,Ingreso simulado por reserva,150000
2025-09-27 12:00:00,sim@hotboat.cl,1000027,Ingreso simulado por reserva,150000
2025-09-29 12:00:00,sim@hotboat.cl,1000028,Ingreso simulado por reserva,150000
2025-10-01 12:00:00,sim@hotboat.cl,1000029,Ingreso simulado por reserva,150000
2025-10-04 12:00:00,sim@hotboat.cl,1000030,Ingreso simulado por reserva,150000
2025-10-05 12:00:00,sim@hotboat.cl,1000031,Ingreso simulado por reserva,150000
2025-10-05 12:10:00,sim@hotboat.cl,1000032,Ingreso simulado por reserva,150000
2025-10-05 12:20:00,sim@hotboat.cl,1000033,Ingreso simulado por reserva,150000
2025-10-06 12:00:00,sim@hotboat.cl,1000034,Ingreso simulado por reserva,150000
2025-10-10 12:00:00,sim@hotboat.cl,1000035,Ingreso simulado por reserva,150000
2025-10-10 12:10:00,sim@hotboat.cl,1000036,Ingreso simulado por reserva,150000
2025-10-11 12:00:00,sim@hotboat.cl,1000037,Ingreso simulado por reserva,150000
2025-10-12 12:00:00,sim@hotboat.cl,1000038,Ingreso simulado por reserva,150000
2025-10-12 12:10:00,sim@hotboat.cl,1000039,Ingreso simulado por reserva,150000
2025-10-13 12:00:00,sim@hotboat.cl,1000040,Ingreso simulado por reserva,150000
2025-10-18 12:00:00,sim@hotboat.cl,1000041,Ingreso simulado por reserva,150000
2025-10-25 12:00:00,sim@hotboat.cl,1000042,Ingreso simulado por reserva,150000
2025-10-29 12:00:00,sim@hotboat.cl,1000043,Ingreso simulado por reserva,150000
2025-11-01 12:00:00,sim@hotboat.cl,1000044,Ingreso simulado por reserva,150000
2025-11-02 12:00:00,sim@hotboat.cl,1000045,Ingreso simulado por reserva,150000
2025-11-02 12:10:00,sim@hotboat.cl,1000046,Ingreso simulado por reserva,150000
2025-11-02 12:20:00,sim@hotboat.cl,1000047,Ingreso simulado por reserva,150000
2025-11-03 12:00:00,sim@hotboat.cl,1000048,Ingreso simulado por reserva,150000
2025-11-05 12:00:00,sim@hotboat.cl,1000049,Ingreso simulado por reserva,150000
2025-11-06 12:00:00,sim@hotboat.cl,1000050,Ingreso simulado por reserva,150000
2025-11-06 12:10:00,sim@hotboat.cl,1000051,Ingreso simulado por reserva,150000
2025-11-07 12:00:00,sim@hotboat.cl,1000052,Ingreso simulado por reserva,150000
2025-11-08 12:00:00,sim@hotboat.cl,1000053,Ingreso simulado por reserva,150000
2025-11-09 12:00:00,sim@hotboat.cl,1000054,Ingreso simulado por reserva,150000
2025-11-09 12:10:00,sim@hotboat.cl,1000055,Ingreso simulado por reserva,150000
2025-11-12 12:00:00,sim@hotboat.cl,1000056,Ingreso simulado por reserva,150000
2025-11-12 12:10:00,sim@hotboat.cl,1000057,Ingreso simulado por reserva,150000
2025-11-13 12:00:00,sim@hotboat.cl,1000058,Ingreso simulado por reserva,150000
2025-11-15 12:00:00,sim@hotboat.cl,1000059,Ingreso simulado por reserva,150000
2025-11-22 12:00:00,sim@hotboat.cl,1000060,Ingreso simulado por reserva,150000
2025-11-26 12:00:00,sim@hotboat.cl,1000061,Ingreso simulado por reserva,150000
2025-11-29 12:00:00,sim@hotboat.cl,1000062,Ingreso simulado por reserva,150000
2025-11-30 12:00:00,sim@hotboat.cl,1000063,Ingreso simulado por reserva,150000
2025-12-01 12:00:00,sim@hotboat.cl,1000064,Ingreso simulado por reserva,150000
2025-12-03 12:00:00,sim@hotboat.cl,1000065,Ingreso simulado por reserva,150000
2025-12-04 12:00:00,sim@hotboat.cl,1000066,Ingreso simulado por reserva,150000
2025-12-04 12:10:00,sim@hotboat.cl,1000067,Ingreso simulado por reserva,150000
2025-12-05 12:00:00,sim@hotboat.cl,1000068,Ingreso simulado por reserva,150000
2025-12-06 12:00:00,sim@hotboat.cl,1000069,Ingreso simulado por reserva,150000
2025-12-06 12:10:00,sim@hotboat.cl,1000070,Ingreso simulado por reserva,150000
2025-12-06 12:20:00,sim@hotboat.cl,1000071,Ingreso simulado por reserva,150000
2025-12-07 12:00:00,sim@hotboat.cl,1000072,Ingreso simulado por reserva,150000
2025-12-07 12:10:00,sim@hotboat.cl,1000073,Ingreso simulado por reserva,150000
2025-12-07 12:20:00,sim@hotboat.cl,1000074,Ingreso simulado por reserva,150000
2025-12-07 12:30:00,sim@hotboat.cl,1000075,Ingreso simulado por reserva,150000
2025-12-10 12:00:00,sim@hotboat.cl,1000076,Ingreso simulado por reserva,150000
2025-12-10 12:10:00,sim@hotboat.cl,1000077,Ingreso simulado por reserva,150000
2025-12-11 12:00:00,sim@hotboat.cl,1000078,Ingreso simulado por reserva,150000
2025-12-13 12:00:00,sim@hotboat.cl,1000079,Ingreso simulado por reserva,150000
2025-12-14 12:00:00,sim@hotboat.cl,1000080,Ingreso simulado por reserva,150000
2025-12-14 12:10:00,sim@hotboat.cl,1000081,Ingreso simulado por reserva,150000
2025-12-14 12:20:00,sim@hotboat.cl,1000082,Ingreso simulado por reserva,150000
2025-12-14 12:30:00,sim@hotboat.cl,1000083,Ingreso simulado por reserva,150000
2025-12-20 12:00:00,sim@hotboat.cl,1000084,Ingreso simulado por reserva,150000
2025-12-24 12:00:00,sim@hotboat.cl,1000085,Ingreso simulado por reserva,150000
2025-12-27 12:00:00,sim@hotboat.cl,1000086,Ingreso simulado por reserva,150000
2025-12-29 12:00:00,sim@hotboat.cl,1000087,Ingreso simulado por reserva,150000
2025-12-30 12:00:00,sim@hotboat.cl,1000088,Ingreso simulado por reserva,150000
2026-01-03 12:00:00,sim@hotboat.cl,1000089,Ingreso simulado por reserva,150000
2026-01-03 12:00:00,sim@hotboat.cl,1000090,Ingreso simulado por reserva,150000
2026-01-03 12:10:00,sim@hotboat.cl,1000091,Ingreso simulado por reserva,150000
2026-01-03 12:10:00,sim@hotboat.cl,1000092,Ingreso simulado por reserva,150000
2026-01-03 12:20:00,sim@hotboat.cl,1000093,Ingreso simulado por reserva,150000
2026-01-03 12:20:00,sim@hotboat.cl,1000094,Ingreso simulado por reserva,150000
2026-01-03 12:30:00,sim@hotboat.cl,1000095,Ingreso simulado por reserva,150000
2026-01-03 12:30:00,sim@hotboat.cl,1000096,Ingreso simulado por reserva,150000
2026-01-03 12:40:00,sim@hotboat.cl,1000097,Ingreso simulado por reserva,150000
2026-01-03 12:40:00,sim@hotboat.cl,1000098,Ingreso simulado por reserva,150000
2026-01-03 12:50:00,sim@hotboat.cl,1000099,Ingreso simulado por reserva,150000
2026-01-04 12:00:00,sim@hotboat.cl,1000100,Ingreso simulado por reserva,150000
2026-01-04 12:00:00,sim@hotboat.cl,1000101,Ingreso simulado por reserva,150000
2026-01-04 12:00:00,sim@hotboat.cl,1000102,Ingreso simulado por reserva,150000
2026-01-04 12:10:00,sim@hotboat.cl,1000103,Ingreso simulado por reserva,150000
2026-01-04 12:10:00,sim@hotboat.cl,1000104,Ingreso simulado por reserva,150000
2026-01-04 12:10:00,sim@hotboat.cl,1000105,Ingreso simulado por reserva,150000
2026-01-04 12:20:00,sim@hotboat.cl,1000106,Ingreso simulado por reserva,150000
2026-01-04 12:20:00,sim@hotboat.cl,1000107,Ingreso simulado por reserva,150000
2026-01-04 12:20:00,sim@hotboat.cl,1000108,Ingreso simulado por reserva,150000
2026-01-04 12:30:00,sim@hotboat.cl,1000109,Ingreso simulado por reserva,150000
2026-01-04 12:30:00,sim@hotboat.cl,1000110,Ingreso simulado por reserva,150000
2026-01-04 12:30:00,sim@hotboat.cl,1000111,Ingreso simulado por reserva,150000
2026-01-04 12:40:00,sim@hotboat.cl,1000112,Ingreso simulado por reserva,150000
2026-01-04 12:40:00,sim@hotboat.cl,1000113,Ingreso simulado por reserva,150000
2026-01-04 12:40:00,sim@hotboat.cl,1000114,Ingreso simulado por reserva,150000
2026-01-04 12:50:00,sim@hotboat.cl,1000115,Ingreso simulado por reserva,150000
2026-01-04 12:50:00,sim@hotboat.cl,1000116,Ingreso simulado por reserva,150000
2026-01-04 12:50:00,sim@hotboat.cl,1000117,Ingreso simulado por reserva,150000
2026-01-10 12:00:00,sim@hotboat.cl,1000118,Ingreso simulado por reserva,150000
2026-01-10 12:00:00,sim@hotboat.cl,1000119,Ingreso simulado por reserva,150000
2026-01-10 12:10:00,sim@hotboat.cl,1000120,Ingreso simulado por reserva,150000
2026-01-10 12:10:00,sim@hotboat.cl,1000121,Ingreso simulado por reserva,150000
2026-01-10 12:20:00,sim@hotboat.cl,1000122,Ingreso simulado por reserva,150000
2026-01-10 12:20:00,sim@hotboat.cl,1000123,Ingreso simulado por reserva,150000
2026-01-10 12:30:00,sim@hotboat.cl,1000124,Ingreso simulado por reserva,150000
2026-01-10 12:30:00,sim@hotboat.cl,1000125,Ingreso simulado por reserva,150000
2026-01-10 12:40:00,sim@hotboat.cl,1000126,Ingreso simulado por reserva,150000
2026-01-10 12:40:00,sim@hotboat.cl,1000127,Ingreso simulado por reserva,150000
2026-01-10 12:50:00,sim@hotboat.cl,1000128,Ingreso simulado por reserva,150000
2026-01-11 12:00:00,sim@hotboat.cl,1000129,Ingreso simulado por reserva,150000
2026-01-11 12:00:00,sim@hotboat.cl,1000130,Ingreso simulado por reserva,150000
2026-01-11 12:00:00,sim@hotboat.cl,1000131,Ingreso simulado por reserva,150000
2026-01-11 12:10:00,sim@hotboat.cl,1000132,Ingreso simulado por reserva,150000
2026-01-11 12:10:00,sim@hotboat.cl,1000133,Ingreso simulado por reserva,150000
2026-01-11 12:10:00,sim@hotboat.cl,1000134,Ingreso simulado por reserva,150000
2026-01-11 12:20:00,sim@hotboat.cl,1000135,Ingreso simulado por reserva,150000
2026-01-11 12:20:00,sim@hotboat.cl,1000136,Ingreso simulado por reserva,150000
2026-01-11 12:20:00,sim@hotboat.cl,1000137,Ingreso simulado por reserva,150000
2026-01-11 12:30:00,sim@hotboat.cl,1000138,Ingreso simulado por reserva,150000
2026-01-11 12:30:00,sim@hotboat.cl,1000139,Ingreso simulado por reserva,150000
2026-01-11 12:30:00,sim@hotboat.cl,1000140,Ingreso simulado por reserva,150000
2026-01-11 12:40:00,sim@hotboat.cl,1000141,Ingreso simulado por reserva,150000
2026-01-11 12:40:00,sim@hotboat.cl,1000142,Ingreso simulado por reserva,150000
2026-01-11 12:40:00,sim@hotboat.cl,1000143,Ingreso simulado por reserva,150000
2026-01-11 12:50:00,sim@hotboat.cl,1000144,Ingreso simulado por reserva,150000
2026-01-11 12:50:00,sim@hotboat.cl,1000145,Ingreso simulado por reserva,150000
2026-01-11 12:50:00,sim@hotboat.cl,1000146,Ingreso simulado por reserva,150000
2026-01-17 12:00:00,sim@hotboat.cl,1000147,Ingreso simulado por reserva,150000
2026-01-17 12:00:00,sim@hotboat.cl,1000148,Ingreso simulado por reserva,150000
2026-01-17 12:00:00,sim@hotboat.cl,1000149,Ingreso simulado por reserva,150000
2026-01-17 12:10:00,sim@hotboat.cl,1000150,Ingreso simulado por reserva,150000
2026-01-17 12:10:00,sim@hotboat.cl,1000151,Ingreso simulado por reserva,150000
2026-01-17 12:10:00,sim@hotboat.cl,1000152,Ingreso simulado por reserva,150000
2026-01-17 12:20:00,sim@hotboat.cl,1000153,Ingreso simulado por reserva,150000
2026-01-17 12:20:00,sim@hotboat.cl,1000154,Ingreso simulado por reserva,150000
2026-01-17 12:30:00,sim@hotboat.cl,1000155,Ingreso simulado por reserva,150000
2026-01-17 12:30:00,sim@hotboat.cl,1000156,Ingreso simulado por reserva,150000
2026-01-17 12:40:00,sim@hotboat.cl,1000157,Ingreso simulado por reserva,150000
2026-01-17 12:40:00,sim@hotboat.cl,1000158,Ingreso simulado por reserva,150000
2026-01-17 12:50:00,sim@hotboat.cl,1000159,Ingreso simulado por reserva,150000
2026-01-17 12:50:00,sim@hotboat.cl,1000160,Ingreso simulado por reserva,150000
2026-01-18 12:00:00,sim@hotboat.cl,1000161,Ingreso simulado por reserva,150000
2026-01-18 12:00:00,sim@hotboat.cl,1000162,Ingreso simulado por reserva,150000
2026-01-18 12:10:00,sim@hotboat.cl,1000163,Ingreso simulado por reserva,150000
2026-01-18 12:10:00,sim@hotboat.cl,1000164,Ingreso simulado por reserva,150000
2026-01-18 12:20:00,sim@hotboat.cl,1000165,Ingreso simulado por reserva,150000
2026-01-18 12:20:00,sim@hotboat.cl,1000166,Ingreso simulado por reserva,150000
2026-01-18 12:30:00,sim@hotboat.cl,1000167,Ingreso simulado por reserva,150000
2026-01-18 12:30:00,sim@hotboat.cl,1000168,Ingreso simulado por reserva,150000
2026-01-18 12:40:00,sim@hotboat.cl,1000169,Ingreso simulado por reserva,150000
2026-01-18 12:40:00,sim@hotboat.cl,1000170,Ingreso simulado por reserva,150000
2026-01-18 12:50:00,sim@hotboat.cl,1000171,Ingreso simulado por reserva,150000
2026-01-18 12:50:00,sim@hotboat.cl,1000172,Ingreso simulado por reserva,150000
2026-01-24 12:00:00,sim@hotboat.cl,1000173,Ingreso simulado por reserva,150000
2026-01-24 12:00:00,sim@hotboat.cl,1000174,Ingreso simulado por reserva,150000
2026-01-24 12:00:00,sim@hotboat.cl,1000175,Ingreso simulado por reserva,150000
2026-01-24 12:10:00,sim@hotboat.cl,1000176,Ingreso simulado por reserva,150000
2026-01-24 12:10:00,sim@hotboat.cl,1000177,Ingreso simulado por reserva,150000
2026-01-24 12:10:00,sim@hotboat.cl,1000178,Ingreso simulado por reserva,150000
2026-01-24 12:20:00,sim@hotboat.cl,1000179,Ingreso simulado por reserva,150000
2026-01-24 12:20:00,sim@hotboat.cl,1000180,Ingreso simulado por reserva,150000
2026-01-24 12:30:00,sim@hotboat.cl,1000181,Ingreso simulado por reserva,150000
2026-01-24 12:30:00,sim@hotboat.cl,1000182,Ingreso simulado por reserva,150000
2026-01-24 12:40:00,sim@hotboat.cl,1000183,Ingreso simulado por reserva,150000
2026-01-24 12:40:00,sim@hotboat.cl,1000184,Ingreso simulado por reserva,150000
2026-01-24 12:50:00,sim@hotboat.cl,1000185,Ingreso simulado por reserva,150000
2026-01-24 12:50:00,sim@hotboat.cl,1000186,Ingreso simulado por reserva,150000
2026-01-25 12:00:00,sim@hotboat.cl,1000187,Ingreso simulado por reserva,150000
2026-01-25 12:00:00,sim@hotboat.cl,1000188,Ingreso simulado por reserva,150000
2026-01-25 12:10:00,sim@hotboat.cl,1000189,Ingreso simulado por reserva,150000
2026-01-25 12:10:00,sim@hotboat.cl,1000190,Ingreso simulado por reserva,150000
2026-01-25 12:20:00,sim@hotboat.cl,1000191,Ingreso simulado por reserva,150000
2026-01-25 12:30:00,sim@hotboat.cl,1000192,Ingreso simulado por reserva,150000
2026-01-25 12:40:00,sim@hotboat.cl,1000193,Ingreso simulado por reserva,150000
2026-01-25 12:50:00,sim@hotboat.cl,1000194,Ingreso simulado por reserva,150000
2026-01-31 12:00:00,sim@hotboat.cl,1000195,Ingreso simulado por reserva,150000
2026-01-31 12:00:00,sim@hotboat.cl,1000196,Ingreso simulado por reserva,150000
2026-01-31 12:00:00,sim@hotboat.cl,1000197,Ingreso simulado por reserva,150000
2026-01-31 12:10:00,sim@hotboat.cl,1000198,Ingreso simulado por reserva,150000
2026-01-31 12:10:00,sim@hotboat.cl,1000199,Ingreso simulado por reserva,150000
2026-01-31 12:10:00,sim@hotboat.cl,1000200,Ingreso simulado por reserva,150000
2026-01-31 12:20:00,sim@hotboat.cl,1000201,Ingreso simulado por reserva,150000
2026-01-31 12:20:00,sim@hotboat.cl,1000202,Ingreso simulado por reserva,150000
2026-01-31 12:30:00,sim@hotboat.cl,1000203,Ingreso simulado por reserva,150000
2026-01-31 12:30:00,sim@hotboat.cl,1000204,Ingreso simulado por reserva,150000
2026-01-31 12:40:00,sim@hotboat.cl,1000205,Ingreso simulado por reserva,150000
2026-01-31 12:40:00,sim@hotboat.cl,1000206,Ingreso simulado por reserva,150000
2026-01-31 12:50:00,sim@hotboat.cl,1000207,Ingreso simulado por reserva,150000
2026-01-31 12:50:00,sim@hotboat.cl,1000208,Ingreso simulado por reserva,150000
2026-02-01 12:00:00,sim@hotboat.cl,1000209,Ingreso simulado por reserva,150000
2026-02-01 12:00:00,sim@hotboat.cl,1000210,Ingreso simulado por reserva,150000
2026-02-01 12:10:00,sim@hotboat.cl,1000211,Ingreso simulado por reserva,150000
2026-02-01 12:10:00,sim@hotboat.cl,1000212,Ingreso simulado por reserva,150000
2026-02-01 12:20:00,sim@hotboat.cl,1000213,Ingreso simulado por reserva,150000
2026-02-01 12:20:00,sim@hotboat.cl,1000214,Ingreso simulado por reserva,150000
2026-02-01 12:30:00,sim@hotboat.cl,1000215,Ingreso simulado por reserva,150000
2026-02-01 12:40:00,sim@hotboat.cl,1000216,Ingreso simulado por reserva,150000
2026-02-01 12:50:00,sim@hotboat.cl,1000217,Ingreso simulado por reserva,150000
2026-02-02 12:00:00,sim@hotboat.cl,1000218,Ingreso simulado por reserva,150000
2026-02-02 12:10:00,sim@hotboat.cl,1000219,Ingreso simulado por reserva,150000
2026-02-02 12:20:00,sim@hotboat.cl,1000220,Ingreso simulado por reserva,150000
2026-02-02 12:30:00,sim@hotboat.cl,1000221,Ingreso simulado por reserva,150000
2026-02-03 12:00:00,sim@hotboat.cl,1000222,Ingreso simulado por reserva,150000
2026-02-03 12:10:00,sim@hotboat.cl,1000223,Ingreso simulado por reserva,150000
2026-02-04 12:00:00,sim@hotboat.cl,1000224,Ingreso simulado por reserva,150000
2026-02-04 12:10:00,sim@hotboat.cl,1000225,Ingreso simulado por reserva,150000
2026-02-04 12:20:00,sim@hotboat.cl,1000226,Ingreso simulado por reserva,150000
2026-02-04 12:30:00,sim@hotboat.cl,1000227,Ingreso simulado por reserva,150000
2026-02-04 12:40:00,sim@hotboat.cl,1000228,Ingreso simulado por reserva,150000
2026-02-05 12:00:00,sim@hotboat.cl,1000229,Ingreso simulado por reserva,150000
2026-02-05 12:10:00,sim@hotboat.cl,1000230,Ingreso simulado por reserva,150000
2026-02-05 12:20:00,sim@hotboat.cl,1000231,Ingreso simulado por reserva,150000
2026-02-05 12:30:00,sim@hotboat.cl,1000232,Ingreso simulado por reserva,150000
2026-02-05 12:40:00,sim@hotboat.cl,1000233,Ingreso simulado por reserva,150000
2026-02-06 12:00:00,sim@hotboat.cl,1000234,Ingreso simulado por reserva,150000
2026-02-06 12:10:00,sim@hotboat.cl,1000235,Ingreso simulado por reserva,150000
2026-02-07 12:00:00,sim@hotboat.cl,1000236,Ingreso simulado por reserva,150000
2026-02-07 12:00:00,sim@hotboat.cl,1000237,Ingreso simulado por reserva,150000
2026-02-07 12:00:00,sim@hotboat.cl,1000238,Ingreso simulado por reserva,150000
2026-02-07 12:10:00,sim@hotboat.cl,1000239,Ingreso simulado por reserva,150000
2026-02-07 12:10:00,sim@hotboat.cl,1000240,Ingreso simulado por reserva,150000
2026-02-07 12:20:00,sim@hotboat.cl,1000241,Ingreso simulado por reserva,150000
2026-02-07 12:20:00,sim@hotboat.cl,1000242,Ingreso simulado por reserva,150000
2026-02-07 12:30:00,sim@hotboat.cl,1000243,Ingreso simulado por reserva,150000
2026-02-07 12:30:00,sim@hotboat.cl,1000244,Ingreso simulado por reserva,150000
2026-02-07 12:40:00,sim@hotboat.cl,1000245,Ingreso simulado por reserva,150000
2026-02-07 12:40:00,sim@hotboat.cl,1000246,Ingreso simulado por reserva,150000
2026-02-07 12:50:00,sim@hotboat.cl,1000247,Ingreso simulado por reserva,150000
2026-02-07 12:50:00,sim@hotboat.cl,1000248,Ingreso simulado por reserva,150000
2026-02-08 12:00:00,sim@hotboat.cl,1000249,Ingreso simulado por reserva,150000
2026-02-08 12:10:00,sim@hotboat.cl,1000250,Ingreso simulado por reserva,150000
2026-02-08 12:20:00,sim@hotboat.cl,1000251,Ingreso simulado por reserva,150000
2026-02-08 12:30:00,sim@hotboat.cl,1000252,Ingreso simulado por reserva,150000
2026-02-08 12:40:00,sim@hotboat.cl,1000253,Ingreso simulado por reserva,150000
2026-02-08 12:50:00,sim@hotboat.cl,1000254,Ingreso simulado por reserva,150000
2026-02-09 12:00:00,sim@hotboat.cl,1000255,Ingreso simulado por reserva,150000
2026-02-10 12:00:00,sim@hotboat.cl,1000256,Ingreso simulado por reserva,150000
2026-02-10 12:10:00,sim@hotboat.cl,1000257,Ingreso simulado por reserva,150000
2026-02-10 12:20:00,sim@hotboat.cl,1000258,Ingreso simulado por reserva,150000
2026-02-10 12:30:00,sim@hotboat.cl,1000259,Ingreso simulado por reserva,150000
2026-02-11 12:00:00,sim@hotboat.cl,1000260,Ingreso simulado por reserva,150000
2026-02-11 12:10:00,sim@hotboat.cl,1000261,Ingreso simulado por reserva,150000
2026-02-11 12:20:00,sim@hotboat.cl,1000262,Ingreso simulado por reserva,150000
2026-02-11 12:30:00,sim@hotboat.cl,1000263,Ingreso simulado por reserva,150000
2026-02-12 12:00:00,sim@hotboat.cl,1000264,Ingreso simulado por reserva,150000
2026-02-12 12:10:00,sim@hotboat.cl,1000265,Ingreso simulado por reserva,150000
2026-02-12 12:20:00,sim@hotboat.cl,1000266,Ingreso simulado por reserva,150000
2026-02-12 12:30:00,sim@hotboat.cl,1000267,Ingreso simulado por reserva,150000
2026-02-13 12:00:00,sim@hotboat.cl,1000268,Ingreso simulado por reserva,150000
2026-02-14 12:00:00,sim@hotboat.cl,1000269,Ingreso simulado por reserva,150000
2026-02-14 12:00:00,sim@hotboat.cl,1000270,Ingreso simulado por reserva,150000
2026-02-14 12:00:00,sim@hotboat.cl,1000271,Ingreso simulado por reserva,150000
2026-02-14 12:10:00,sim@hotboat.cl,1000272,Ingreso simulado por reserva,150000
2026-02-14 12:10:00,sim@hotboat.cl,1000273,Ingreso simulado por reserva,150000
2026-02-14 12:10:00,sim@hotboat.cl,1000274,Ingreso simulado por reserva,150000
2026-02-14 12:20:00,sim@hotboat.cl,1000275,Ingreso simulado por reserva,150000
2026-02-14 12:20:00,sim@hotboat.cl,1000276,Ingreso simulado por reserva,150000
2026-02-14 12:30:00,sim@hotboat.cl,1000277,Ingreso simulado por reserva,150000
2026-02-14 12:30:00,sim@hotboat.cl,1000278,Ingreso simulado por reserva,150000
2026-02-14 12:40:00,sim@hotboat.cl,1000279,Ingreso simulado por reserva,150000
2026-02-14 12:40:00,sim@hotboat.cl,1000280,Ingreso simulado por reserva,150000
2026-02-14 12:50:00,sim@hotboat.cl,1000281,Ingreso simulado por reserva,150000
2026-02-14 12:50:00,sim@hotboat.cl,1000282,Ingreso simulado por reserva,150000
2026-02-15 12:00:00,sim@hotboat.cl,1000283,Ingreso simulado por reserva,150000
2026-02-15 12:00:00,sim@hotboat.cl,1000284,Ingreso simulado por reserva,150000
2026-02-15 12:10:00,sim@hotboat.cl,1000285,Ingreso simulado por reserva,150000
2026-02-15 12:10:00,sim@hotboat.cl,1000286,Ingreso simulado por reserva,150000
2026-02-15 12:20:00,sim@hotboat.cl,1000287,Ingreso simulado por reserva,150000
2026-02-15 12:20:00,sim@hotboat.cl,1000288,Ingreso simulado por reserva,150000
2026-02-15 12:30:00,sim@hotboat.cl,1000289,Ingreso simulado por reserva,150000
2026-02-15 12:30:00,sim@hotboat.cl,1000290,Ingreso simulado por reserva,150000
2026-02-15 12:40:00,sim@hotboat.cl,1000291,Ingreso simulado por reserva,150000
2026-02-15 12:50:00,sim@hotboat.cl,1000292,Ingreso simulado por reserva,150000
2026-02-16 12:00:00,sim@hotboat.cl,1000293,Ingreso simulado por reserva,150000
2026-02-16 12:10:00,sim@hotboat.cl,1000294,Ingreso simulado por reserva,150000
2026-02-17 12:00:00,sim@hotboat.cl,1000295,Ingreso simulado por reserva,150000
2026-02-17 12:10:00,sim@hotboat.cl,1000296,Ingreso simulado por reserva,150000
2026-02-17 12:20:00,sim@hotboat.cl,1000297,Ingreso simulado por reserva,150000
2026-02-18 12:00:00,sim@hotboat.cl,1000298,Ingreso simulado por reserva,150000
2026-02-18 12:10:00,sim@hotboat.cl,1000299,Ingreso simulado por reserva,150000
2026-02-19 12:00:00,sim@hotboat.cl,1000300,Ingreso simulado por reserva,150000
2026-02-19 12:10:00,sim@hotboat.cl,1000301,Ingreso simulado por reserva,150000
2026-02-19 12:20:00,sim@hotboat.cl,1000302,Ingreso simulado por reserva,150000
2026-02-20 12:00:00,sim@hotboat.cl,1000303,Ingreso simulado por reserva,150000
2026-02-20 12:10:00,sim@hotboat.cl,1000304,Ingreso simulado por reserva,150000
2026-02-21 12:00:00,sim@hotboat.cl,1000305,Ingreso simulado por reserva,150000
2026-02-21 12:00:00,sim@hotboat.cl,1000306,Ingreso simulado por reserva,150000
2026-02-21 12:10:00,sim@hotboat.cl,1000307,Ingreso simulado por reserva,150000
2026-02-21 12:10:00,sim@hotboat.cl,1000308,Ingreso simulado por reserva,150000
2026-02-21 12:20:00,sim@hotboat.cl,1000309,Ingreso simulado por reserva,150000
2026-02-21 12:20:00,sim@hotboat.cl,1000310,Ingreso simulado por reserva,150000
2026-02-21 12:30:00,sim@hotboat.cl,1000311,Ingreso simulado por reserva,150000
2026-02-21 12:30:00,sim@hotboat.cl,1000312,Ingreso simulado por reserva,150000
2026-02-21 12:40:00,sim@hotboat.cl,1000313,Ingreso simulado por reserva,150000
2026-02-21 12:50:00,sim@hotboat.cl,1000314,Ingreso simulado por reserva,150000
2026-02-22 12:00:00,sim@hotboat.cl,1000315,Ingreso simulado por reserva,150000
2026-02-22 12:00:00,sim@hotboat.cl,1000316,Ingreso simulado por reserva,150000
2026-02-22 12:10:00,sim@hotboat.cl,1000317,Ingreso simulado por reserva,150000
2026-02-22 12:10:00,sim@hotboat.cl,1000318,Ingreso simulado por reserva,150000
2026-02-22 12:20:00,sim@hotboat.cl,1000319,Ingreso simulado por reserva,150000
2026-02-22 12:30:00,sim@hotboat.cl,1000320,Ingreso simulado por reserva,150000
2026-02-22 12:40:00,sim@hotboat.cl,1000321,Ingreso simulado por reserva,150000
2026-02-22 12:50:00,sim@hotboat.cl,1000322,Ingreso simulado por reserva,150000
2026-02-24 12:00:00,sim@hotboat.cl,1000323,Ingreso simulado por reserva,150000
2026-02-25 12:00:00,sim@hotboat.cl,1000324,Ingreso simulado por reserva,150000
2026-02-25 12:10:00,sim@hotboat.cl,1000325,Ingreso simulado por reserva,150000
2026-02-25 12:20:00,sim@hotboat.cl,1000326,Ingreso simulado por reserva,150000
2026-02-25 12:30:00,sim@hotboat.cl,1000327,Ingreso simulado por reserva,150000
2026-02-25 12:40:00,sim@hotboat.cl,1000328,Ingreso simulado por reserva,150000
2026-02-26 12:00:00,sim@hotboat.cl,1000329,Ingreso simulado por reserva,150000
2026-02-26 12:10:00,sim@hotboat.cl,1000330,Ingreso simulado por reserva,150000
2026-02-26 12:20:00,sim@hotboat.cl,1000331,Ingreso simulado por reserva,150000
2026-02-27 12:00:00,sim@hotboat.cl,1000332,Ingreso simulado por reserva,150000
2026-02-27 12:10:00,sim@hotboat.cl,1000333,Ingreso simulado por reserva,150000
2026-02-27 12:20:00,sim@hotboat.cl,1000334,Ingreso simulado por reserva,150000
2026-02-28 12:00:00,sim@hotboat.cl,1000335,Ingreso simulado por reserva,150000
2026-02-28 12:10:00,sim@hotboat.cl,1000336,Ingreso simulado por reserva,150000
2026-02-28 12:20:00,sim@hotboat.cl,1000337,Ingreso simulado por reserva,150000
2026-02-28 12:30:00,sim@hotboat.cl,1000338,Ingreso simulado por reserva,150000
2026-03-01 12:00:00,sim@hotboat.cl,1000339,Ingreso simulado por reserva,150000
2026-03-01 12:10:00,sim@hotboat.cl,1000340,Ingreso simulado por reserva,150000
2026-03-02 12:00:00,sim@hotboat.cl,1000341,Ingreso simulado por reserva,150000
2026-03-05 12:00:00,sim@hotboat.cl,1000342,Ingreso simulado por reserva,150000
2026-03-05 12:10:00,sim@hotboat.cl,1000343,Ingreso simulado por reserva,150000
2026-03-06 12:00:00,sim@hotboat.cl,1000344,Ingreso simulado por reserva,150000
2026-03-07 12:00:00,sim@hotboat.cl,1000345,Ingreso simulado por reserva,150000
2026-03-07 12:10:00,sim@hotboat.cl,1000346,Ingreso simulado por reserva,150000
2026-03-07 12:20:00,sim@hotboat.cl,1000347,Ingreso simulado por reserva,150000
2026-03-08 12:00:00,sim@hotboat.cl,1000348,Ingreso simulado por reserva,150000
2026-03-11 12:00:00,sim@hotboat.cl,1000349,Ingreso simulado por reserva,150000
2026-03-11 12:10:00,sim@hotboat.cl,1000350,Ingreso simulado por reserva,150000
2026-03-12 12:00:00,sim@hotboat.cl,1000351,Ingreso simulado por reserva,150000
2026-03-14 12:00:00,sim@hotboat.cl,1000352,Ingreso simulado por reserva,150000
2026-03-14 12:10:00,sim@hotboat.cl,1000353,Ingreso simulado por reserva,150000
2026-03-15 12:00:00,sim@hotboat.cl,1000354,Ingreso simulado por reserva,150000
2026-03-22 12:00:00,sim@hotboat.cl,1000355,Ingreso simulado por reserva,150000
2026-03-29 12:00:00,sim@hotboat.cl,1000356,Ingreso simulado por reserva,150000
2026-03-30 12:00:00,sim@hotboat.cl,1000357,Ingreso simulado por reserva,150000
2026-03-31 12:00:00,sim@hotboat.cl,1000358,Ingreso simulado por reserva,150000
2026-04-01 12:00:00,sim@hotboat.cl,1000359,Ingreso simulado por reserva,150000
2026-04-04 12:00:00,sim@hotboat.cl,1000360,Ingreso simulado por reserva,150000
2026-04-04 12:10:00,sim@hotboat.cl,1000361,Ingreso simulado por reserva,150000
2026-04-04 12:20:00,sim@hotboat.cl,1000362,Ingreso simulado por reserva,150000
2026-04-05 12:00:00,sim@hotboat.cl,1000363,Ingreso simulado por reserva,150000
2026-04-05 12:10:00,sim@hotboat.cl,1000364,Ingreso simulado por reserva,150000
2026-04-05 12:20:00,sim@hotboat.cl,1000365,Ingreso simulado por reserva,150000
2026-04-06 12:00:00,sim@hotboat.cl,1000366,Ingreso simulado por reserva,150000
2026-04-06 12:10:00,sim@hotboat.cl,1000367,Ingreso simulado por reserva,150000
2026-04-07 12:00:00,sim@hotboat.cl,1000368,Ingreso simulado por reserva,150000
2026-04-10 12:00:00,sim@hotboat.cl,1000369,Ingreso simulado por reserva,150000
2026-04-10 12:10:00,sim@hotboat.cl,1000370,Ingreso simulado por reserva,150000
2026-04-11 12:00:00,sim@hotboat.cl,1000371,Ingreso simulado por reserva,150000
2026-04-12 12:00:00,sim@hotboat.cl,1000372,Ingreso simulado por reserva,150000
2026-04-12 12:10:00,sim@hotboat.cl,1000373,Ingreso simulado por reserva,150000
2026-04-13 12:00:00,sim@hotboat.cl,1000374,Ingreso simulado por reserva,150000
2026-04-18 12:00:00,sim@hotboat.cl,1000375,Ingreso simulado por reserva,150000
2026-04-25 12:00:00,sim@hotboat.cl,1000376,Ingreso simulado por reserva,150000
2026-04-29 12:00:00,sim@hotboat.cl,1000377,Ingreso simulado por reserva,150000
2026-04-30 12:00:00,sim@hotboat.cl,1000378,Ingreso simulado por reserva,150000
2026-05-01 12:00:00,sim@hotboat.cl,1000379,Ingreso simulado por reserva,150000
2026-05-02 12:00:00,sim@hotboat.cl,1000380,Ingreso simulado por reserva,150000
2026-05-03 12:00:00,sim@hotboat.cl,1000381,Ingreso simulado por reserva,150000
2026-05-03 12:10:00,sim@hotboat.cl,1000382,Ingreso simulado por reserva,150000
2026-05-03 12:20:00,sim@hotboat.cl,1000383,Ingreso simulado por reserva,150000
2026-05-06 12:00:00,sim@hotboat.cl,1000384,Ingreso simulado por reserva,150000
2026-05-06 12:10:00,sim@hotboat.cl,1000385,Ingreso simulado por reserva,150000
2026-05-07 12:00:00,sim@hotboat.cl,1000386,Ingreso simulado por reserva,150000
2026-05-09 12:00:00,sim@hotboat.cl,1000387,Ingreso simulado por reserva,150000
2026-05-10 12:00:00,sim@hotboat.cl,1000388,Ingreso simulado por reserva,150000
2026-05-10 12:10:00,sim@hotboat.cl,1000389,Ingreso simulado por reserva,150000
2026-05-12 12:00:00,sim@hotboat.cl,1000390,Ingreso simulado por reserva,150000
2026-05-12 12:10:00,sim@hotboat.cl,1000391,Ingreso simulado por reserva,150000
2026-05-13 12:00:00,sim@hotboat.cl,1000392,Ingreso simulado por reserva,150000
2026-05-16 12:00:00,sim@hotboat.cl,1000393,Ingreso simulado por reserva,150000
2026-05-23 12:00:00,sim@hotboat.cl,1000394,Ingreso simulado por reserva,150000
2026-05-26 12:00:00,sim@hotboat.cl,1000395,Ingreso simulado por reserva,150000
2026-05-29 12:00:00,sim@hotboat.cl,1000396,Ingreso simulado por reserva,150000
2026-05-30 12:00:00,sim@hotboat.cl,1000397,Ingreso simulado por reserva,150000
2026-05-31 12:00:00,sim@hotboat.cl,1000398,Ingreso simulado por reserva,150000
2026-06-01 12:00:00,sim@hotboat.cl,1000399,Ingreso simulado por reserva,150000
2026-06-04 12:00:00,sim@hotboat.cl,1000400,Ingreso simulado por reserva,150000
2026-06-06 12:00:00,sim@hotboat.cl,1000401,Ingreso simulado por reserva,150000
2026-06-07 12:00:00,sim@hotboat.cl,1000402,Ingreso simulado por reserva,150000
2026-06-07 12:10:00,sim@hotboat.cl,1000403,Ingreso simulado por reserva,150000
2026-06-07 12:20:00,sim@hotboat.cl,1000404,Ingreso simulado por reserva,150000
2026-06-10 12:00:00,sim@hotboat.cl,1000405,Ingreso simulado por reserva,150000
2026-06-10 12:10:00,sim@hotboat.cl,1000406,Ingreso simulado por reserva,150000
2026-06-11 12:00:00,sim@hotboat.cl,1000407,Ingreso simulado por reserva,150000
2026-06-13 12:00:00,sim@hotboat.cl,1000408,Ingreso simulado por reserva,150000
2026-06-14 12:00:00,sim@hotboat.cl,1000409,Ingreso simulado por reserva,150000
2026-06-14 12:10:00,sim@hotboat.cl,1000410,Ingreso simulado por reserva,150000
2026-06-20 12:00:00,sim@hotboat.cl,1000411,Ingreso simulado por reserva,150000
2026-06-27 12:00:00,sim@hotboat.cl,1000412,Ingreso simulado por reserva,150000
2026-06-29 12:00:00,sim@hotboat.cl,1000413,Ingreso simulado por reserva,150000
2026-07-01 12:00:00,sim@hotboat.cl,1000414,Ingreso simulado por reserva,150000
2026-07-01 12:10:00,sim@hotboat.cl,1000415,Ingreso simulado por reserva,150000
2026-07-02 12:00:00,sim@hotboat.cl,1000416,Ingreso simulado por reserva,150000
2026-07-03 12:00:00,sim@hotboat.cl,1000417,Ingreso simulado por reserva,150000
2026-07-03 12:10:00,sim@hotboat.cl,1000418,Ingreso simulado por reserva,150000
2026-07-04 12:00:00,sim@hotboat.cl,1000419,Ingreso simulado por reserva,150000
2026-07-04 12:10:00,sim@hotboat.cl,1000420,Ingreso simulado por reserva,150000
2026-07-04 12:20:00,sim@hotboat.cl,1000421,Ingreso simulado por reserva,150000
2026-07-04 12:30:00,sim@hotboat.cl,1000422,Ingreso simulado por reserva,150000
2026-07-04 12:40:00,sim@hotboat.cl,1000423,Ingreso simulado por reserva,150000
2026-07-05 12:00:00,sim@hotboat.cl,1000424,Ingreso simulado por reserva,150000
2026-07-05 12:10:00,sim@hotboat.cl,1000425,Ingreso simulado por reserva,150000
2026-07-05 12:20:00,sim@hotboat.cl,1000426,Ingreso simulado por reserva,150000
2026-07-05 12:30:00,sim@hotboat.cl,1000427,Ingreso simulado por reserva,150000
2026-07-06 12:00:00,sim@hotboat.cl,1000428,Ingreso simulado por reserva,150000
2026-07-06 12:10:00,sim@hotboat.cl,1000429,Ingreso simulado por reserva,150000
2026-07-07 12:00:00,sim@hotboat.cl,1000430,Ingreso simulado por reserva,150000
2026-07-09 12:00:00,sim@hotboat.cl,1000431,Ingreso simulado por reserva,150000
2026-07-10 12:00:00,sim@hotboat.cl,1000432,Ingreso simulado por reserva,150000
2026-07-10 12:10:00,sim@hotboat.cl,1000433,Ingreso simulado por reserva,150000
2026-07-11 12:00:00,sim@hotboat.cl,1000434,Ingreso simulado por reserva,150000
2026-07-11 12:10:00,sim@hotboat.cl,1000435,Ingreso simulado por reserva,150000
2026-07-12 12:00:00,sim@hotboat.cl,1000436,Ingreso simulado por reserva,150000
2026-07-12 12:10:00,sim@hotboat.cl,1000437,Ingreso simulado por reserva,150000
2026-07-12 12:20:00,sim@hotboat.cl,1000438,Ingreso simulado por reserva,150000
2026-07-12 12:30:00,sim@hotboat.cl,1000439,Ingreso simulado por reserva,150000
2026-07-12 12:40:00,sim@hotboat.cl,1000440,Ingreso simulado por reserva,150000
2026-07-12 12:50:00,sim@hotboat.cl,1000441,Ingreso simulado por reserva,150000
2026-07-13 12:00:00,sim@hotboat.cl,1000442,Ingreso simulado por reserva,150000
2026-07-18 12:00:00,sim@hotboat.cl,1000443,Ingreso simulado por reserva,150000
2026-07-18 12:10:00,sim@hotboat.cl,1000444,Ingreso simulado por reserva,150000
2026-07-20 12:00:00,sim@hotboat.cl,1000445,Ingreso simulado por reserva,150000
2026-07-24 12:00:00,sim@hotboat.cl,1000446,Ingreso simulado por reserva,150000
2026-07-25 12:00:00,sim@hotboat.cl,1000447,Ingreso simulado por reserva,150000
2026-07-25 12:10:00,sim@hotboat.cl,1000448,Ingreso simulado por reserva,150000
2026-07-25 12:20:00,sim@hotboat.cl,1000449,Ingreso simulado por reserva,150000
2026-07-26 12:00:00,sim@hotboat.cl,1000450,Ingreso simulado por reserva,150000
2026-07-27 12:00:00,sim@hotboat.cl,1000451,Ingreso simulado por reserva,150000
2026-07-29 12:00:00,sim@hotboat.cl,1000452,Ingreso simulado por reserva,150000
2026-07-30 12:00:00,sim@hotboat.cl,1000453,Ingreso simulado por reserva,150000
2026-08-01 12:00:00,sim@hotboat.cl,1000454,Ingreso simulado por reserva,150000
2026-08-02 12:00:00,sim@hotboat.cl,1000455,Ingreso simulado por reserva,150000
2026-08-02 12:10:00,sim@hotboat.cl,1000456,Ingreso simulado por reserva,150000
2026-08-02 12:20:00,sim@hotboat.cl,1000457,Ingreso simulado por reserva,150000
2026-08-03 12:00:00,sim@hotboat.cl,1000458,Ingreso simulado por reserva,150000
2026-08-06 12:00:00,sim@hotboat.cl,1000459,Ingreso simulado por reserva,150000
2026-08-06 12:10:00,sim@hotboat.cl,1000460,Ingreso simulado por reserva,150000
2026-08-07 12:00:00,sim@hotboat.cl,1000461,Ingreso simulado por reserva,150000
2026-08-08 12:00:00,sim@hotboat.cl,1000462,Ingreso simulado por reserva,150000
2026-08-09 12:00:00,sim@hotboat.cl,1000463,Ingreso simulado por reserva,150000
2026-08-09 12:10:00,sim@hotboat.cl,1000464,Ingreso simulado por reserva,150000
2026-08-12 12:00:00,sim@hotboat.cl,1000465,Ingreso simulado por reserva,150000
2026-08-12 12:10:00,sim@hotboat.cl,1000466,Ingreso simulado por reserva,150000
2026-08-13 12:00:00,sim@hotboat.cl,1000467,Ingreso simulado por reserva,150000
2026-08-15 12:00:00,sim@hotboat.cl,1000468,Ingreso simulado por reserva,150000
2026-08-22 12:00:00,sim@hotboat.cl,1000469,Ingreso simulado por reserva,150000
2026-08-26 12:00:00,sim@hotboat.cl,1000470,Ingreso simulado por reserva,150000
2026-08-29 12:00:00,sim@hotboat.cl,1000471,Ingreso simulado por reserva,150000
2026-08-30 12:00:00,sim@hotboat.cl,1000472,Ingreso simulado por reserva,150000
2026-08-31 12:00:00,sim@hotboat.cl,1000473,Ingreso simulado por reserva,150000
2026-09-01 12:00:00,sim@hotboat.cl,1000474,Ingreso simulado por reserva,150000
2026-09-03 12:00:00,sim@hotboat.cl,1000475,Ingreso simulado por reserva,150000
2026-09-04 12:00:00,sim@hotboat.cl,1000476,Ingreso simulado por reserva,150000
2026-09-04 12:10:00,sim@hotboat.cl,1000477,Ingreso simulado por reserva,150000
2026-09-05 12:00:00,sim@hotboat.cl,1000478,Ingreso simulado por reserva,150000
2026-09-05 12:10:00,sim@hotboat.cl,1000479,Ingreso simulado por reserva,150000
2026-09-05 12:20:00,sim@hotboat.cl,1000480,Ingreso simulado por reserva,150000
2026-09-06 12:00:00,sim@hotboat.cl,1000481,Ingreso simulado por reserva,150000
2026-09-06 12:10:00,sim@hotboat.cl,1000482,Ingreso simulado por reserva,150000
2026-09-06 12:20:00,sim@hotboat.cl,1000483,Ingreso simulado por reserva,150000
2026-09-06 12:30:00,sim@hotboat.cl,1000484,Ingreso simulado por reserva,150000
2026-09-07 12:00:00,sim@hotboat.cl,1000485,Ingreso simulado por reserva,150000
2026-09-10 12:00:00,sim@hotboat.cl,1000486,Ingreso simulado por reserva,150000
2026-09-10 12:10:00,sim@hotboat.cl,1000487,Ingreso simulado por reserva,150000
2026-09-11 12:00:00,sim@hotboat.cl,1000488,Ingreso simulado por reserva,150000
2026-09-12 12:00:00,sim@hotboat.cl,1000489,Ingreso simulado por reserva,150000
2026-09-13 12:00:00,sim@hotboat.cl,1000490,Ingreso simulado por reserva,150000
2026-09-13 12:10:00,sim@hotboat.cl,1000491,Ingreso simulado por reserva,150000
2026-09-13 12:20:00,sim@hotboat.cl,1000492,Ingreso simulado por reserva,150000
2026-09-13 12:30:00,sim@hotboat.cl,1000493,Ingreso simulado por reserva,150000
2026-09-19 12:00:00,sim@hotboat.cl,1000494,Ingreso simulado por reserva,150000
2026-09-24 12:00:00,sim@hotboat.cl,1000495,Ingreso simulado por reserva,150000
2026-09-26 12:00:00,sim@hotboat.cl,1000496,Ingreso simulado por reserva,150000
2026-09-29 12:00:00,sim@hotboat.cl,1000497,Ingreso simulado por reserva,150000
2026-09-30 12:00:00,sim@hotboat.cl,1000498,Ingreso simulado por reserva,150000
2026-10-01 12:00:00,sim@hotboat.cl,1000499,Ingreso simulado por reserva,150000
2026-10-03 12:00:00,sim@hotboat.cl,1000500,Ingreso simulado por reserva,150000
2026-10-03 12:10:00,sim@hotboat.cl,1000501,Ingreso simulado por reserva,150000
2026-10-04 12:00:00,sim@hotboat.cl,1000502,Ingreso simulado por reserva,150000
2026-10-04 12:10:00,sim@hotboat.cl,1000503,Ingreso simulado por reserva,150000
2026-10-04 12:20:00,sim@hotboat.cl,1000504,Ingreso simulado por reserva,150000
2026-10-06 12:00:00,sim@hotboat.cl,1000505,Ingreso simulado por reserva,150000
2026-10-06 12:10:00,sim@hotboat.cl,1000506,Ingreso simulado por reserva,150000
2026-10-07 12:00:00,sim@hotboat.cl,1000507,Ingreso simulado por reserva,150000
2026-10-10 12:00:00,sim@hotboat.cl,1000508,Ingreso simulado por reserva,150000
2026-10-11 12:00:00,sim@hotboat.cl,1000509,Ingreso simulado por reserva,150000
2026-10-11 12:10:00,sim@hotboat.cl,1000510,Ingreso simulado por reserva,150000
2026-10-12 12:00:00,sim@hotboat.cl,1000511,Ingreso simulado por reserva,150000
2026-10-12 12:10:00,sim@hotboat.cl,1000512,Ingreso simulado por reserva,150000
2026-10-13 12:00:00,sim@hotboat.cl,1000513,Ingreso simulado por reserva,150000
2026-10-17 12:00:00,sim@hotboat.cl,1000514,Ingreso simulado por reserva,150000
2026-10-24 12:00:00,sim@hotboat.cl,1000515,Ingreso simulado por reserva,150000
2026-10-29 12:00:00,sim@hotboat.cl,1000516,Ingreso simulado por reserva,150000
2026-10-30 12:00:00,sim@hotboat.cl,1000517,Ingreso simulado por reserva,150000
2026-10-31 12:00:00,sim@hotboat.cl,1000518,Ingreso simulado por reserva,150000
2026-11-01 12:00:00,sim@hotboat.cl,1000519,Ingreso simulado por reserva,150000
2026-11-01 12:10:00,sim@hotboat.cl,1000520,Ingreso simulado por reserva,150000
2026-11-01 12:20:00,sim@hotboat.cl,1000521,Ingreso simulado por reserva,150000
2026-11-01 12:30:00,sim@hotboat.cl,1000522,Ingreso simulado por reserva,150000
2026-11-02 12:00:00,sim@hotboat.cl,1000523,Ingreso simulado por reserva,150000
2026-11-03 12:00:00,sim@hotboat.cl,1000524,Ingreso simulado por reserva,150000
2026-11-04 12:00:00,sim@hotboat.cl,1000525,Ingreso simulado por reserva,150000
2026-11-05 12:00:00,sim@hotboat.cl,1000526,Ingreso simulado por reserva,150000
2026-11-05 12:10:00,sim@hotboat.cl,1000527,Ingreso simulado por reserva,150000
2026-11-06 12:00:00,sim@hotboat.cl,1000528,Ingreso simulado por reserva,150000
2026-11-07 12:00:00,sim@hotboat.cl,1000529,Ingreso simulado por reserva,150000
2026-11-07 12:10:00,sim@hotboat.cl,1000530,Ingreso simulado por reserva,150000
2026-11-07 12:20:00,sim@hotboat.cl,1000531,Ingreso simulado por reserva,150000
2026-11-07 12:30:00,sim@hotboat.cl,1000532,Ingreso simulado por reserva,150000
2026-11-08 12:00:00,sim@hotboat.cl,1000533,Ingreso simulado por reserva,150000
2026-11-11 12:00:00,sim@hotboat.cl,1000534,Ingreso simulado por reserva,150000
2026-11-11 12:10:00,sim@hotboat.cl,1000535,Ingreso simulado por reserva,150000
2026-11-12 12:00:00,sim@hotboat.cl,1000536,Ingreso simulado por reserva,150000
2026-11-14 12:00:00,sim@hotboat.cl,1000537,Ingreso simulado por reserva,150000
2026-11-14 12:10:00,sim@hotboat.cl,1000538,Ingreso simulado por reserva,150000
2026-11-14 12:20:00,sim@hotboat.cl,1000539,Ingreso simulado por reserva,150000
2026-11-14 12:30:00,sim@hotboat.cl,1000540,Ingreso simulado por reserva,150000
2026-11-15 12:00:00,sim@hotboat.cl,1000541,Ingreso simulado por reserva,150000
2026-11-19 12:00:00,sim@hotboat.cl,1000542,Ingreso simulado por reserva,150000
2026-11-22 12:00:00,sim@hotboat.cl,1000543,Ingreso simulado por reserva,150000
2026-11-25 12:00:00,sim@hotboat.cl,1000544,Ingreso simulado por reserva,150000
2026-11-26 12:00:00,sim@hotboat.cl,1000545,Ingreso simulado por reserva,150000
2026-11-29 12:00:00,sim@hotboat.cl,1000546,Ingreso simulado por reserva,150000
2026-11-29 12:10:00,sim@hotboat.cl,1000547,Ingreso simulado por reserva,150000
2026-11-30 12:00:00,sim@hotboat.cl,1000548,Ingreso simulado por reserva,150000
2026-12-01 12:00:00,sim@hotboat.cl,1000549,Ingreso simulado por reserva,150000
2026-12-01 12:10:00,sim@hotboat.cl,1000550,Ingreso simulado por reserva,150000
2026-12-02 12:00:00,sim@hotboat.cl,1000551,Ingreso simulado por reserva,150000
2026-12-03 12:00:00,sim@hotboat.cl,1000552,Ingreso simulado por reserva,150000
2026-12-04 12:00:00,sim@hotboat.cl,1000553,Ingreso simulado por reserva,150000
2026-12-04 12:10:00,sim@hotboat.cl,1000554,Ingreso simulado por reserva,150000
2026-12-05 12:00:00,sim@hotboat.cl,1000555,Ingreso simulado por reserva,150000
2026-12-05 12:10:00,sim@hotboat.cl,1000556,Ingreso simulado por reserva,150000
2026-12-05 12:20:00,sim@hotboat.cl,1000557,Ingreso simulado por reserva,150000
2026-12-05 12:30:00,sim@hotboat.cl,1000558,Ingreso simulado por reserva,150000
2026-12-06 12:00:00,sim@hotboat.cl,1000559,Ingreso simulado por reserva,150000
2026-12-06 12:10:00,sim@hotboat.cl,1000560,Ingreso simulado por reserva,150000
2026-12-06 12:20:00,sim@hotboat.cl,1000561,Ingreso simulado por reserva,150000
2026-12-06 12:30:00,sim@hotboat.cl,1000562,Ingreso simulado por reserva,150000
2026-12-07 12:00:00,sim@hotboat.cl,1000563,Ingreso simulado por reserva,150000
2026-12-10 12:00:00,sim@hotboat.cl,1000564,Ingreso simulado por reserva,150000
2026-12-10 12:10:00,sim@hotboat.cl,1000565,Ingreso simulado por reserva,150000
2026-12-11 12:00:00,sim@hotboat.cl,1000566,Ingreso simulado por reserva,150000
2026-12-12 12:00:00,sim@hotboat.cl,1000567,Ingreso simulado por reserva,150000
2026-12-13 12:00:00,sim@hotboat.cl,1000568,Ingreso simulado por reserva,150000
2026-12-13 12:10:00,sim@hotboat.cl,1000569,Ingreso simulado por reserva,150000
2026-12-13 12:20:00,sim@hotboat.cl,1000570,Ingreso simulado por reserva,150000
2026-12-13 12:30:00,sim@hotboat.cl,1000571,Ingreso simulado por reserva,150000
2026-12-13 12:40:00,sim@hotboat.cl,1000572,Ingreso simulado por reserva,150000
2026-12-13 12:50:00,sim@hotboat.cl,1000573,Ingreso simulado por reserva,150000
2026-12-18 12:00:00,sim@hotboat.cl,1000574,Ingreso simulado por reserva,150000
2026-12-19 12:00:00,sim@hotboat.cl,1000575,Ingreso simulado por reserva,150000
2026-12-19 12:10:00,sim@hotboat.cl,1000576,Ingreso simulado por reserva,150000
2026-12-24 12:00:00,sim@hotboat.cl,1000577,Ingreso simulado por reserva,150000
2026-12-25 12:00:00,sim@hotboat.cl,1000578,Ingreso simulado por reserva,150000
2026-12-26 12:00:00,sim@hotboat.cl,1000579,Ingreso simulado por reserva,150000
2026-12-26 12:10:00,sim@hotboat.cl,1000580,Ingreso simulado por reserva,150000
2026-12-27 12:00:00,sim@hotboat.cl,1000581,Ingreso simulado por reserva,150000
2026-12-29 12:00:00,sim@hotboat.cl,1000582,Ingreso simulado por reserva,150000
2026-12-30 12:00:00,sim@hotboat.cl,1000583,Ingreso simulado por reserva,150000
2027-08-01 12:00:00,sim@hotboat.cl,1000584,Ingreso simulado por reserva,150000
2027-08-01 12:10:00,sim@hotboat.cl,1000585,Ingreso simulado por reserva,150000
2027-08-02 12:00:00,sim@hotboat.cl,1000586,Ingreso simulado por reserva,150000
2027-08-05 12:00:00,sim@hotboat.cl,1000587,Ingreso simulado por reserva,150000
2027-08-05 12:10:00,sim@hotboat.cl,1000588,Ingreso simulado por reserva,150000
2027-08-06 12:00:00,sim@hotboat.cl,1000589,Ingreso simulado por reserva,150000
2027-08-07 12:00:00,sim@hotboat.cl,1000590,Ingreso simulado por reserva,150000
2027-08-07 12:10:00,sim@hotboat.cl,1000591,Ingreso simulado por reserva,150000
2027-08-07 12:20:00,sim@hotboat.cl,1000592,Ingreso simulado por reserva,150000
2027-08-08 12:00:00,sim@hotboat.cl,1000593,Ingreso simulado por reserva,150000
2027-08-11 12:00:00,sim@hotboat.cl,1000594,Ingreso simulado por reserva,150000
2027-08-11 12:10:00,sim@hotboat.cl,1000595,Ingreso simulado por reserva,150000
2027-08-12 12:00:00,sim@hotboat.cl,1000596,Ingreso simulado por reserva,150000
2027-08-14 12:00:00,sim@hotboat.cl,1000597,Ingreso simulado por reserva,150000
2027-08-14 12:10:00,sim@hotboat.cl,1000598,Ingreso simulado por reserva,150000
2027-08-15 12:00:00,sim@hotboat.cl,1000599,Ingreso simulado por reserva,150000
2027-08-22 12:00:00,sim@hotboat.cl,1000600,Ingreso simulado por reserva,150000
2027-08-29 12:00:00,sim@hotboat.cl,1000601,Ingreso simulado por reserva,150000
2027-08-30 12:00:00,sim@hotboat.cl,1000602,Ingreso simulado por reserva,150000
2028-08-01 12:00:00,sim@hotboat.cl,1000603,Ingreso simulado por reserva,150000
2028-08-04 12:00:00,sim@hotboat.cl,1000604,Ingreso simulado por reserva,150000
2028-08-04 12:10:00,sim@hotboat.cl,1000605,Ingreso simulado por reserva,150000
2028-08-05 12:00:00,sim@hotboat.cl,1000606,Ingreso simulado por reserva,150000
2028-08-05 12:10:00,sim@hotboat.cl,1000607,Ingreso simulado por reserva,150000
2028-08-05 12:20:00,sim@hotboat.cl,1000608,Ingreso simulado por reserva,150000
2028-08-06 12:00:00,sim@hotboat.cl,1000609,Ingreso simulado por reserva,150000
2028-08-06 12:10:00,sim@hotboat.cl,1000610,Ingreso simulado por reserva,150000
2028-08-06 12:20:00,sim@hotboat.cl,1000611,Ingreso simulado por reserva,150000
2028-08-06 12:30:00,sim@hotboat.cl,1000612,Ingreso simulado por reserva,150000
2028-08-07 12:00:00,sim@hotboat.cl,1000613,Ingreso simulado por reserva,150000
2028-08-10 12:00:00,sim@hotboat.cl,1000614,Ingreso simulado por reserva,150000
2028-08-10 12:10:00,sim@hotboat.cl,1000615,Ingreso simulado por reserva,150000
2028-08-11 12:00:00,sim@hotboat.cl,1000616,Ingreso simulado por reserva,150000
2028-08-12 12:00:00,sim@hotboat.cl,1000617,Ingreso simulado por reserva,150000
2028-08-13 12:00:00,sim@hotboat.cl,1000618,Ingreso simulado por reserva,150000
2028-08-13 12:10:00,sim@hotboat.cl,1000619,Ingreso simulado por reserva,150000
2028-08-13 12:20:00,sim@hotboat.cl,1000620,Ingreso simulado por reserva,150000
2028-08-19 12:00:00,sim@hotboat.cl,1000621,Ingreso simulado por reserva,150000
2028-08-26 12:00:00,sim@hotboat.cl,1000622,Ingreso simulado por reserva,150000
2028-08-29 12:00:00,sim@hotboat.cl,1000623,Ingreso simulado por reserva,150000
2028-08-30 12:00:00,sim@hotboat.cl,1000624,Ingreso simulado por reserva,150000
2027-09-01 12:00:00,sim@hotboat.cl,1000625,Ingreso simulado por reserva,150000
2027-09-04 12:00:00,sim@hotboat.cl,1000626,Ingreso simulado por reserva,150000
2027-09-04 12:10:00,sim@hotboat.cl,1000627,Ingreso simulado por reserva,150000
2027-09-04 12:20:00,sim@hotboat.cl,1000628,Ingreso simulado por reserva,150000
2027-09-05 12:00:00,sim@hotboat.cl,1000629,Ingreso simulado por reserva,150000
2027-09-05 12:10:00,sim@hotboat.cl,1000630,Ingreso simulado por reserva,150000
2027-09-05 12:20:00,sim@hotboat.cl,1000631,Ingreso simulado por reserva,150000
2027-09-05 12:30:00,sim@hotboat.cl,1000632,Ingreso simulado por reserva,150000
2027-09-06 12:00:00,sim@hotboat.cl,1000633,Ingreso simulado por reserva,150000
2027-09-06 12:10:00,sim@hotboat.cl,1000634,Ingreso simulado por reserva,150000
2027-09-07 12:00:00,sim@hotboat.cl,1000635,Ingreso simulado por reserva,150000
2027-09-10 12:00:00,sim@hotboat.cl,1000636,Ingreso simulado por reserva,150000
2027-09-10 12:10:00,sim@hotboat.cl,1000637,Ingreso simulado por reserva,150000
2027-09-11 12:00:00,sim@hotboat.cl,1000638,Ingreso simulado por reserva,150000
2027-09-12 12:00:00,sim@hotboat.cl,1000639,Ingreso simulado por reserva,150000
2027-09-12 12:10:00,sim@hotboat.cl,1000640,Ingreso simulado por reserva,150000
2027-09-12 12:20:00,sim@hotboat.cl,1000641,Ingreso simulado por reserva,150000
2027-09-13 12:00:00,sim@hotboat.cl,1000642,Ingreso simulado por reserva,150000
2027-09-18 12:00:00,sim@hotboat.cl,1000643,Ingreso simulado por reserva,150000
2027-09-24 12:00:00,sim@hotboat.cl,1000644,Ingreso simulado por reserva,150000
2027-09-25 12:00:00,sim@hotboat.cl,1000645,Ingreso simulado por reserva,150000
2027-09-29 12:00:00,sim@hotboat.cl,1000646,Ingreso simulado por reserva,150000
2027-09-30 12:00:00,sim@hotboat.cl,1000647,Ingreso simulado por reserva,150000
2028-09-01 12:00:00,sim@hotboat.cl,1000648,Ingreso simulado por reserva,150000
2028-09-02 12:00:00,sim@hotboat.cl,1000649,Ingreso simulado por reserva,150000
2028-09-02 12:10:00,sim@hotboat.cl,1000650,Ingreso simulado por reserva,150000
2028-09-02 12:20:00,sim@hotboat.cl,1000651,Ingreso simulado por reserva,150000
2028-09-03 12:00:00,sim@hotboat.cl,1000652,Ingreso simulado por reserva,150000
2028-09-03 12:10:00,sim@hotboat.cl,1000653,Ingreso simulado por reserva,150000
2028-09-03 12:20:00,sim@hotboat.cl,1000654,Ingreso simulado por reserva,150000
2028-09-03 12:30:00,sim@hotboat.cl,1000655,Ingreso simulado por reserva,150000
2028-09-05 12:00:00,sim@hotboat.cl,1000656,Ingreso simulado por reserva,150000
2028-09-06 12:00:00,sim@hotboat.cl,1000657,Ingreso simulado por reserva,150000
2028-09-06 12:10:00,sim@hotboat.cl,1000658,Ingreso simulado por reserva,150000
2028-09-07 12:00:00,sim@hotboat.cl,1000659,Ingreso simulado por reserva,150000
2028-09-09 12:00:00,sim@hotboat.cl,1000660,Ingreso simulado por reserva,150000
2028-09-10 12:00:00,sim@hotboat.cl,1000661,Ingreso simulado por reserva,150000
2028-09-10 12:10:00,sim@hotboat.cl,1000662,Ingreso simulado por reserva,150000
2028-09-10 12:20:00,sim@hotboat.cl,1000663,Ingreso simulado por reserva,150000
2028-09-10 12:30:00,sim@hotboat.cl,1000664,Ingreso simulado por reserva,150000
2028-09-12 12:00:00,sim@hotboat.cl,1000665,Ingreso simulado por reserva,150000
2028-09-12 12:10:00,sim@hotboat.cl,1000666,Ingreso simulado por reserva,150000
2028-09-13 12:00:00,sim@hotboat.cl,1000667,Ingreso simulado por reserva,150000
2028-09-16 12:00:00,sim@hotboat.cl,1000668,Ingreso simulado por reserva,150000
2028-09-20 12:00:00,sim@hotboat.cl,1000669,Ingreso simulado por reserva,150000
2028-09-23 12:00:00,sim@hotboat.cl,1000670,Ingreso simulado por reserva,150000
2028-09-26 12:00:00,sim@hotboat.cl,1000671,Ingreso simulado por reserva,150000
2028-09-27 12:00:00,sim@hotboat.cl,1000672,Ingreso simulado por reserva,150000
2028-09-29 12:00:00,sim@hotboat.cl,1000673,Ingreso simulado por reserva,150000
2028-09-30 12:00:00,sim@hotboat.cl,1000674,Ingreso simulado por reserva,150000
2028-09-30 12:10:00,sim@hotboat.cl,1000675,Ingreso simulado por reserva,150000
2027-10-01 12:00:00,sim@hotboat.cl,1000676,Ingreso simulado por reserva,150000
2027-10-02 12:00:00,sim@hotboat.cl,1000677,Ingreso simulado por reserva,150000
2027-10-02 12:10:00,sim@hotboat.cl,1000678,Ingreso simulado por reserva,150000
2027-10-02 12:20:00,sim@hotboat.cl,1000679,Ingreso simulado por reserva,150000
2027-10-03 12:00:00,sim@hotboat.cl,1000680,Ingreso simulado por reserva,150000
2027-10-03 12:10:00,sim@hotboat.cl,1000681,Ingreso simulado por reserva,150000
2027-10-03 12:20:00,sim@hotboat.cl,1000682,Ingreso simulado por reserva,150000
2027-10-06 12:00:00,sim@hotboat.cl,1000683,Ingreso simulado por reserva,150000
2027-10-06 12:10:00,sim@hotboat.cl,1000684,Ingreso simulado por reserva,150000
2027-10-07 12:00:00,sim@hotboat.cl,1000685,Ingreso simulado por reserva,150000
2027-10-09 12:00:00,sim@hotboat.cl,1000686,Ingreso simulado por reserva,150000
2027-10-10 12:00:00,sim@hotboat.cl,1000687,Ingreso simulado por reserva,150000
2027-10-10 12:10:00,sim@hotboat.cl,1000688,Ingreso simulado por reserva,150000
2027-10-12 12:00:00,sim@hotboat.cl,1000689,Ingreso simulado por reserva,150000
2027-10-12 12:10:00,sim@hotboat.cl,1000690,Ingreso simulado por reserva,150000
2027-10-13 12:00:00,sim@hotboat.cl,1000691,Ingreso simulado por reserva,150000
2027-10-16 12:00:00,sim@hotboat.cl,1000692,Ingreso simulado por reserva,150000
2027-10-23 12:00:00,sim@hotboat.cl,1000693,Ingreso simulado por reserva,150000
2027-10-26 12:00:00,sim@hotboat.cl,1000694,Ingreso simulado por reserva,150000
2027-10-29 12:00:00,sim@hotboat.cl,1000695,Ingreso simulado por reserva,150000
2027-10-30 12:00:00,sim@hotboat.cl,1000696,Ingreso simulado por reserva,150000
2027-10-31 12:00:00,sim@hotboat.cl,1000697,Ingreso simulado por reserva,150000
2028-10-01 12:00:00,sim@hotboat.cl,1000698,Ingreso simulado por reserva,150000
2028-10-01 12:10:00,sim@hotboat.cl,1000699,Ingreso simulado por reserva,150000
2028-10-01 12:20:00,sim@hotboat.cl,1000700,Ingreso simulado por reserva,150000
2028-10-02 12:00:00,sim@hotboat.cl,1000701,Ingreso simulado por reserva,150000
2028-10-04 12:00:00,sim@hotboat.cl,1000702,Ingreso simulado por reserva,150000
2028-10-05 12:00:00,sim@hotboat.cl,1000703,Ingreso simulado por reserva,150000
2028-10-05 12:10:00,sim@hotboat.cl,1000704,Ingreso simulado por reserva,150000
2028-10-06 12:00:00,sim@hotboat.cl,1000705,Ingreso simulado por reserva,150000
2028-10-07 12:00:00,sim@hotboat.cl,1000706,Ingreso simulado por reserva,150000
2028-10-07 12:10:00,sim@hotboat.cl,1000707,Ingreso simulado por reserva,150000
2028-10-07 12:20:00,sim@hotboat.cl,1000708,Ingreso simulado por reserva,150000
2028-10-07 12:30:00,sim@hotboat.cl,1000709,Ingreso simulado por reserva,150000
2028-10-08 12:00:00,sim@hotboat.cl,1000710,Ingreso simulado por reserva,150000
2028-10-11 12:00:00,sim@hotboat.cl,1000711,Ingreso simulado por reserva,150000
2028-10-11 12:10:00,sim@hotboat.cl,1000712,Ingreso simulado por reserva,150000
2028-10-12 12:00:00,sim@hotboat.cl,1000713,Ingreso simulado por reserva,150000
2028-10-14 12:00:00,sim@hotboat.cl,1000714,Ingreso simulado por reserva,150000
2028-10-14 12:10:00,sim@hotboat.cl,1000715,Ingreso simulado por reserva,150000
2028-10-14 12:20:00,sim@hotboat.cl,1000716,Ingreso simulado por reserva,150000
2028-10-14 12:30:00,sim@hotboat.cl,1000717,Ingreso simulado por reserva,150000
2028-10-15 12:00:00,sim@hotboat.cl,1000718,Ingreso simulado por reserva,150000
2028-10-22 12:00:00,sim@hotboat.cl,1000719,Ingreso simulado por reserva,150000
2028-10-25 12:00:00,sim@hotboat.cl,1000720,Ingreso simulado por reserva,150000
2028-10-29 12:00:00,sim@hotboat.cl,1000721,Ingreso simulado por reserva,150000
2028-10-30 12:00:00,sim@hotboat.cl,1000722,Ingreso simulado por reserva,150000
2028-10-31 12:00:00,sim@hotboat.cl,1000723,Ingreso simulado por reserva,150000
2027-11-01 12:00:00,sim@hotboat.cl,1000724,Ingreso simulado por reserva,150000
2027-11-03 12:00:00,sim@hotboat.cl,1000725,Ingreso simulado por reserva,150000
2027-11-04 12:00:00,sim@hotboat.cl,1000726,Ingreso simulado por reserva,150000
2027-11-04 12:10:00,sim@hotboat.cl,1000727,Ingreso simulado por reserva,150000
2027-11-05 12:00:00,sim@hotboat.cl,1000728,Ingreso simulado por reserva,150000
2027-11-06 12:00:00,sim@hotboat.cl,1000729,Ingreso simulado por reserva,150000
2027-11-06 12:10:00,sim@hotboat.cl,1000730,Ingreso simulado por reserva,150000
2027-11-06 12:20:00,sim@hotboat.cl,1000731,Ingreso simulado por reserva,150000
2027-11-06 12:30:00,sim@hotboat.cl,1000732,Ingreso simulado por reserva,150000
2027-11-07 12:00:00,sim@hotboat.cl,1000733,Ingreso simulado por reserva,150000
2027-11-07 12:10:00,sim@hotboat.cl,1000734,Ingreso simulado por reserva,150000
2027-11-07 12:20:00,sim@hotboat.cl,1000735,Ingreso simulado por reserva,150000
2027-11-07 12:30:00,sim@hotboat.cl,1000736,Ingreso simulado por reserva,150000
2027-11-10 12:00:00,sim@hotboat.cl,1000737,Ingreso simulado por reserva,150000
2027-11-10 12:10:00,sim@hotboat.cl,1000738,Ingreso simulado por reserva,150000
2027-11-11 12:00:00,sim@hotboat.cl,1000739,Ingreso simulado por reserva,150000
2027-11-13 12:00:00,sim@hotboat.cl,1000740,Ingreso simulado por reserva,150000
2027-11-14 12:00:00,sim@hotboat.cl,1000741,Ingreso simulado por reserva,150000
2027-11-14 12:10:00,sim@hotboat.cl,1000742,Ingreso simulado por reserva,150000
2027-11-14 12:20:00,sim@hotboat.cl,1000743,Ingreso simulado por reserva,150000
2027-11-14 12:30:00,sim@hotboat.cl,1000744,Ingreso simulado por reserva,150000
2027-11-14 12:40:00,sim@hotboat.cl,1000745,Ingreso simulado por reserva,150000
2027-11-20 12:00:00,sim@hotboat.cl,1000746,Ingreso simulado por reserva,150000
2027-11-24 12:00:00,sim@hotboat.cl,1000747,Ingreso simulado por reserva,150000
2027-11-25 12:00:00,sim@hotboat.cl,1000748,Ingreso simulado por reserva,150000
2027-11-27 12:00:00,sim@hotboat.cl,1000749,Ingreso simulado por reserva,150000
2027-11-27 12:10:00,sim@hotboat.cl,1000750,Ingreso simulado por reserva,150000
2027-11-29 12:00:00,sim@hotboat.cl,1000751,Ingreso simulado por reserva,150000
2027-11-30 12:00:00,sim@hotboat.cl,1000752,Ingreso simulado por reserva,150000
2028-11-01 12:00:00,sim@hotboat.cl,1000753,Ingreso simulado por reserva,150000
2028-11-01 12:10:00,sim@hotboat.cl,1000754,Ingreso simulado por reserva,150000
2028-11-02 12:00:00,sim@hotboat.cl,1000755,Ingreso simulado por reserva,150000
2028-11-03 12:00:00,sim@hotboat.cl,1000756,Ingreso simulado por reserva,150000
2028-11-04 12:00:00,sim@hotboat.cl,1000757,Ingreso simulado por reserva,150000
2028-11-04 12:10:00,sim@hotboat.cl,1000758,Ingreso simulado por reserva,150000
2028-11-04 12:20:00,sim@hotboat.cl,1000759,Ingreso simulado por reserva,150000
2028-11-04 12:30:00,sim@hotboat.cl,1000760,Ingreso simulado por reserva,150000
2028-11-05 12:00:00,sim@hotboat.cl,1000761,Ingreso simulado por reserva,150000
2028-11-05 12:10:00,sim@hotboat.cl,1000762,Ingreso simulado por reserva,150000
2028-11-05 12:20:00,sim@hotboat.cl,1000763,Ingreso simulado por reserva,150000
2028-11-05 12:30:00,sim@hotboat.cl,1000764,Ingreso simulado por reserva,150000
2028-11-06 12:00:00,sim@hotboat.cl,1000765,Ingreso simulado por reserva,150000
2028-11-06 12:10:00,sim@hotboat.cl,1000766,Ingreso simulado por reserva,150000
2028-11-07 12:00:00,sim@hotboat.cl,1000767,Ingreso simulado por reserva,150000
2028-11-10 12:00:00,sim@hotboat.cl,1000768,Ingreso simulado por reserva,150000
2028-11-10 12:10:00,sim@hotboat.cl,1000769,Ingreso simulado por reserva,150000
2028-11-11 12:00:00,sim@hotboat.cl,1000770,Ingreso simulado por reserva,150000
2028-11-12 12:00:00,sim@hotboat.cl,1000771,Ingreso simulado por reserva,150000
2028-11-12 12:10:00,sim@hotboat.cl,1000772,Ingreso simulado por reserva,150000
2028-11-12 12:20:00,sim@hotboat.cl,1000773,Ingreso simulado por reserva,150000
2028-11-12 12:30:00,sim@hotboat.cl,1000774,Ingreso simulado por reserva,150000
2028-11-12 12:40:00,sim@hotboat.cl,1000775,Ingreso simulado por reserva,150000
2028-11-12 12:50:00,sim@hotboat.cl,1000776,Ingreso simulado por reserva,150000
2028-11-13 12:00:00,sim@hotboat.cl,1000777,Ingreso simulado por reserva,150000
2028-11-18 12:00:00,sim@hotboat.cl,1000778,Ingreso simulado por reserva,150000
2028-11-18 12:10:00,sim@hotboat.cl,1000779,Ingreso simulado por reserva,150000
2028-11-20 12:00:00,sim@hotboat.cl,1000780,Ingreso simulado por reserva,150000
2028-11-24 12:00:00,sim@hotboat.cl,1000781,Ingreso simulado por reserva,150000
2028-11-25 12:00:00,sim@hotboat.cl,1000782,Ingreso simulado por reserva,150000
2028-11-25 12:10:00,sim@hotboat.cl,1000783,Ingreso simulado por reserva,150000
2028-11-26 12:00:00,sim@hotboat.cl,1000784,Ingreso simulado por reserva,150000
2028-11-27 12:00:00,sim@hotboat.cl,1000785,Ingreso simulado por reserva,150000
2028-11-29 12:00:00,sim@hotboat.cl,1000786,Ingreso simulado por reserva,150000
2028-11-30 12:00:00,sim@hotboat.cl,1000787,Ingreso simulado por reserva,150000
2027-12-01 12:00:00,sim@hotboat.cl,1000788,Ingreso simulado por reserva,150000
2027-12-01 12:10:00,sim@hotboat.cl,1000789,Ingreso simulado por reserva,150000
2027-12-02 12:00:00,sim@hotboat.cl,1000790,Ingreso simulado por reserva,150000
2027-12-03 12:00:00,sim@hotboat.cl,1000791,Ingreso simulado por reserva,150000
2027-12-04 12:00:00,sim@hotboat.cl,1000792,Ingreso simulado por reserva,150000
2027-12-04 12:10:00,sim@hotboat.cl,1000793,Ingreso simulado por reserva,150000
2027-12-04 12:20:00,sim@hotboat.cl,1000794,Ingreso simulado por reserva,150000
2027-12-04 12:30:00,sim@hotboat.cl,1000795,Ingreso simulado por reserva,150000
2027-12-04 12:40:00,sim@hotboat.cl,1000796,Ingreso simulado por reserva,150000
2027-12-05 12:00:00,sim@hotboat.cl,1000797,Ingreso simulado por reserva,150000
2027-12-05 12:10:00,sim@hotboat.cl,1000798,Ingreso simulado por reserva,150000
2027-12-05 12:20:00,sim@hotboat.cl,1000799,Ingreso simulado por reserva,150000
2027-12-05 12:30:00,sim@hotboat.cl,1000800,Ingreso simulado por reserva,150000
2027-12-06 12:00:00,sim@hotboat.cl,1000801,Ingreso simulado por reserva,150000
2027-12-06 12:10:00,sim@hotboat.cl,1000802,Ingreso simulado por reserva,150000
2027-12-07 12:00:00,sim@hotboat.cl,1000803,Ingreso simulado por reserva,150000
2027-12-10 12:00:00,sim@hotboat.cl,1000804,Ingreso simulado por reserva,150000
2027-12-10 12:10:00,sim@hotboat.cl,1000805,Ingreso simulado por reserva,150000
2027-12-11 12:00:00,sim@hotboat.cl,1000806,Ingreso simulado por reserva,150000
2027-12-12 12:00:00,sim@hotboat.cl,1000807,Ingreso simulado por reserva,150000
2027-12-12 12:10:00,sim@hotboat.cl,1000808,Ingreso simulado por reserva,150000
2027-12-12 12:20:00,sim@hotboat.cl,1000809,Ingreso simulado por reserva,150000
2027-12-12 12:30:00,sim@hotboat.cl,1000810,Ingreso simulado por reserva,150000
2027-12-12 12:40:00,sim@hotboat.cl,1000811,Ingreso simulado por reserva,150000
2027-12-12 12:50:00,sim@hotboat.cl,1000812,Ingreso simulado por reserva,150000
2027-12-13 12:00:00,sim@hotboat.cl,1000813,Ingreso simulado por reserva,150000
2027-12-18 12:00:00,sim@hotboat.cl,1000814,Ingreso simulado por reserva,150000
2027-12-18 12:10:00,sim@hotboat.cl,1000815,Ingreso simulado por reserva,150000
2027-12-20 12:00:00,sim@hotboat.cl,1000816,Ingreso simulado por reserva,150000
2027-12-24 12:00:00,sim@hotboat.cl,1000817,Ingreso simulado por reserva,150000
2027-12-25 12:00:00,sim@hotboat.cl,1000818,Ingreso simulado por reserva,150000
2027-12-25 12:10:00,sim@hotboat.cl,1000819,Ingreso simulado por reserva,150000
2027-12-26 12:00:00,sim@hotboat.cl,1000820,Ingreso simulado por reserva,150000
2027-12-27 12:00:00,sim@hotboat.cl,1000821,Ingreso simulado por reserva,150000
2027-12-29 12:00:00,sim@hotboat.cl,1000822,Ingreso simulado por reserva,150000
2027-12-30 12:00:00,sim@hotboat.cl,1000823,Ingreso simulado por reserva,150000
2028-12-01 12:00:00,sim@hotboat.cl,1000824,Ingreso simulado por reserva,150000
2028-12-01 12:10:00,sim@hotboat.cl,1000825,Ingreso simulado por reserva,150000
2028-12-02 12:00:00,sim@hotboat.cl,1000826,Ingreso simulado por reserva,150000
2028-12-02 12:10:00,sim@hotboat.cl,1000827,Ingreso simulado por reserva,150000
2028-12-02 12:20:00,sim@hotboat.cl,1000828,Ingreso simulado por reserva,150000
2028-12-02 12:30:00,sim@hotboat.cl,1000829,Ingreso simulado por reserva,150000
2028-12-03 12:00:00,sim@hotboat.cl,1000830,Ingreso simulado por reserva,150000
2028-12-03 12:10:00,sim@hotboat.cl,1000831,Ingreso simulado por reserva,150000
2028-12-03 12:20:00,sim@hotboat.cl,1000832,Ingreso simulado por reserva,150000
2028-12-03 12:30:00,sim@hotboat.cl,1000833,Ingreso simulado por reserva,150000
2028-12-04 12:00:00,sim@hotboat.cl,1000834,Ingreso simulado por reserva,150000
2028-12-05 12:00:00,sim@hotboat.cl,1000835,Ingreso simulado por reserva,150000
2028-12-05 12:10:00,sim@hotboat.cl,1000836,Ingreso simulado por reserva,150000
2028-12-06 12:00:00,sim@hotboat.cl,1000837,Ingreso simulado por reserva,150000
2028-12-06 12:10:00,sim@hotboat.cl,1000838,Ingreso simulado por reserva,150000
2028-12-07 12:00:00,sim@hotboat.cl,1000839,Ingreso simulado por reserva,150000
2028-12-09 12:00:00,sim@hotboat.cl,1000840,Ingreso simulado por reserva,150000
2028-12-10 12:00:00,sim@hotboat.cl,1000841,Ingreso simulado por reserva,150000
2028-12-10 12:10:00,sim@hotboat.cl,1000842,Ingreso simulado por reserva,150000
2028-12-10 12:20:00,sim@hotboat.cl,1000843,Ingreso simulado por reserva,150000
2028-12-10 12:30:00,sim@hotboat.cl,1000844,Ingreso simulado por reserva,150000
2028-12-10 12:40:00,sim@hotboat.cl,1000845,Ingreso simulado por reserva,150000
2028-12-10 12:50:00,sim@hotboat.cl,1000846,Ingreso simulado por reserva,150000
2028-12-11 12:00:00,sim@hotboat.cl,1000847,Ingreso simulado por reserva,150000
2028-12-12 12:00:00,sim@hotboat.cl,1000848,Ingreso simulado por reserva,150000
2028-12-12 12:10:00,sim@hotboat.cl,1000849,Ingreso simulado por reserva,150000
2028-12-12 12:20:00,sim@hotboat.cl,1000850,Ingreso simulado por reserva,150000
2028-12-13 12:00:00,sim@hotboat.cl,1000851,Ingreso simulado por reserva,150000
2028-12-16 12:00:00,sim@hotboat.cl,1000852,Ingreso simulado por reserva,150000
2028-12-20 12:00:00,sim@hotboat.cl,1000853,Ingreso simulado por reserva,150000
2028-12-23 12:00:00,sim@hotboat.cl,1000854,Ingreso simulado por reserva,150000
2028-12-23 12:10:00,sim@hotboat.cl,1000855,Ingreso simulado por reserva,150000
2028-12-24 12:00:00,sim@hotboat.cl,1000856,Ingreso simulado por reserva,150000
2028-12-25 12:00:00,sim@hotboat.cl,1000857,Ingreso simulado por reserva,150000
2028-12-26 12:00:00,sim@hotboat.cl,1000858,Ingreso simulado por reserva,150000
2028-12-27 12:00:00,sim@hotboat.cl,1000859,Ingreso simulado por reserva,150000
2028-12-29 12:00:00,sim@hotboat.cl,1000860,Ingreso simulado por reserva,150000
2028-12-30 12:00:00,sim@hotboat.cl,1000861,Ingreso simulado por reserva,150000
2028-12-30 12:10:00,sim@hotboat.cl,1000862,Ingreso simulado por reserva,150000
2028-12-30 12:20:00,sim@hotboat.cl,1000863,Ingreso simulado por reserva,150000
2028-12-30 12:30:00,sim@hotboat.cl,1000864,Ingreso simulado por reserva,150000
2028-12-31 12:00:00,sim@hotboat.cl,1000865,Ingreso simulado por reserva,150000
2028-12-31 12:10:00,sim@hotboat.cl,1000866,Ingreso simulado por reserva,150000
2027-01-01 12:00:00,sim@hotboat.cl,1000867,Ingreso simulado por reserva,150000
2027-01-01 12:10:00,sim@hotboat.cl,1000868,Ingreso simulado por reserva,150000
2027-01-01 12:20:00,sim@hotboat.cl,1000869,Ingreso simulado por reserva,150000
2027-01-01 12:30:00,sim@hotboat.cl,1000870,Ingreso simulado por reserva,150000
2027-01-02 12:00:00,sim@hotboat.cl,1000871,Ingreso simulado por reserva,150000
2027-01-02 12:00:00,sim@hotboat.cl,1000872,Ingreso simulado por reserva,150000
2027-01-02 12:10:00,sim@hotboat.cl,1000873,Ingreso simulado por reserva,150000
2027-01-02 12:20:00,sim@hotboat.cl,1000874,Ingreso simulado por reserva,150000
2027-01-02 12:30:00,sim@hotboat.cl,1000875,Ingreso simulado por reserva,150000
2027-01-02 12:40:00,sim@hotboat.cl,1000876,Ingreso simulado por reserva,150000
2027-01-02 12:50:00,sim@hotboat.cl,1000877,Ingreso simulado por reserva,150000
2027-01-03 12:00:00,sim@hotboat.cl,1000878,Ingreso simulado por reserva,150000
2027-01-03 12:00:00,sim@hotboat.cl,1000879,Ingreso simulado por reserva,150000
2027-01-03 12:00:00,sim@hotboat.cl,1000880,Ingreso simulado por reserva,150000
2027-01-03 12:10:00,sim@hotboat.cl,1000881,Ingreso simulado por reserva,150000
2027-01-03 12:10:00,sim@hotboat.cl,1000882,Ingreso simulado por reserva,150000
2027-01-03 12:20:00,sim@hotboat.cl,1000883,Ingreso simulado por reserva,150000
2027-01-03 12:20:00,sim@hotboat.cl,1000884,Ingreso simulado por reserva,150000
2027-01-03 12:30:00,sim@hotboat.cl,1000885,Ingreso simulado por reserva,150000
2027-01-03 12:30:00,sim@hotboat.cl,1000886,Ingreso simulado por reserva,150000
2027-01-03 12:40:00,sim@hotboat.cl,1000887,Ingreso simulado por reserva,150000
2027-01-03 12:40:00,sim@hotboat.cl,1000888,Ingreso simulado por reserva,150000
2027-01-03 12:50:00,sim@hotboat.cl,1000889,Ingreso simulado por reserva,150000
2027-01-03 12:50:00,sim@hotboat.cl,1000890,Ingreso simulado por reserva,150000
2027-01-04 12:00:00,sim@hotboat.cl,1000891,Ingreso simulado por reserva,150000
2027-01-04 12:10:00,sim@hotboat.cl,1000892,Ingreso simulado por reserva,150000
2027-01-04 12:20:00,sim@hotboat.cl,1000893,Ingreso simulado por reserva,150000
2027-01-05 12:00:00,sim@hotboat.cl,1000894,Ingreso simulado por reserva,150000
2027-01-05 12:10:00,sim@hotboat.cl,1000895,Ingreso simulado por reserva,150000
2027-01-05 12:20:00,sim@hotboat.cl,1000896,Ingreso simulado por reserva,150000
2027-01-05 12:30:00,sim@hotboat.cl,1000897,Ingreso simulado por reserva,150000
2027-01-05 12:40:00,sim@hotboat.cl,1000898,Ingreso simulado por reserva,150000
2027-01-06 12:00:00,sim@hotboat.cl,1000899,Ingreso simulado por reserva,150000
2027-01-06 12:10:00,sim@hotboat.cl,1000900,Ingreso simulado por reserva,150000
2027-01-06 12:20:00,sim@hotboat.cl,1000901,Ingreso simulado por reserva,150000
2027-01-06 12:30:00,sim@hotboat.cl,1000902,Ingreso simulado por reserva,150000
2027-01-06 12:40:00,sim@hotboat.cl,1000903,Ingreso simulado por reserva,150000
2027-01-07 12:00:00,sim@hotboat.cl,1000904,Ingreso simulado por reserva,150000
2027-01-07 12:10:00,sim@hotboat.cl,1000905,Ingreso simulado por reserva,150000
2027-01-08 12:00:00,sim@hotboat.cl,1000906,Ingreso simulado por reserva,150000
2027-01-09 12:00:00,sim@hotboat.cl,1000907,Ingreso simulado por reserva,150000
2027-01-09 12:10:00,sim@hotboat.cl,1000908,Ingreso simulado por reserva,150000
2027-01-09 12:20:00,sim@hotboat.cl,1000909,Ingreso simulado por reserva,150000
2027-01-09 12:30:00,sim@hotboat.cl,1000910,Ingreso simulado por reserva,150000
2027-01-09 12:40:00,sim@hotboat.cl,1000911,Ingreso simulado por reserva,150000
2027-01-09 12:50:00,sim@hotboat.cl,1000912,Ingreso simulado por reserva,150000
2027-01-10 12:00:00,sim@hotboat.cl,1000913,Ingreso simulado por reserva,150000
2027-01-10 12:00:00,sim@hotboat.cl,1000914,Ingreso simulado por reserva,150000
2027-01-10 12:00:00,sim@hotboat.cl,1000915,Ingreso simulado por reserva,150000
2027-01-10 12:10:00,sim@hotboat.cl,1000916,Ingreso simulado por reserva,150000
2027-01-10 12:10:00,sim@hotboat.cl,1000917,Ingreso simulado por reserva,150000
2027-01-10 12:20:00,sim@hotboat.cl,1000918,Ingreso simulado por reserva,150000
2027-01-10 12:20:00,sim@hotboat.cl,1000919,Ingreso simulado por reserva,150000
2027-01-10 12:30:00,sim@hotboat.cl,1000920,Ingreso simulado por reserva,150000
2027-01-10 12:30:00,sim@hotboat.cl,1000921,Ingreso simulado por reserva,150000
2027-01-10 12:40:00,sim@hotboat.cl,1000922,Ingreso simulado por reserva,150000
2027-01-10 12:40:00,sim@hotboat.cl,1000923,Ingreso simulado por reserva,150000
2027-01-10 12:50:00,sim@hotboat.cl,1000924,Ingreso simulado por reserva,150000
2027-01-10 12:50:00,sim@hotboat.cl,1000925,Ingreso simulado por reserva,150000
2027-01-11 12:00:00,sim@hotboat.cl,1000926,Ingreso simulado por reserva,150000
2027-01-11 12:10:00,sim@hotboat.cl,1000927,Ingreso simulado por reserva,150000
2027-01-11 12:20:00,sim@hotboat.cl,1000928,Ingreso simulado por reserva,150000
2027-01-11 12:30:00,sim@hotboat.cl,1000929,Ingreso simulado por reserva,150000
2027-01-12 12:00:00,sim@hotboat.cl,1000930,Ingreso simulado por reserva,150000
2027-01-12 12:10:00,sim@hotboat.cl,1000931,Ingreso simulado por reserva,150000
2027-01-12 12:20:00,sim@hotboat.cl,1000932,Ingreso simulado por reserva,150000
2027-01-12 12:30:00,sim@hotboat.cl,1000933,Ingreso simulado por reserva,150000
2027-01-12 12:40:00,sim@hotboat.cl,1000934,Ingreso simulado por reserva,150000
2027-01-13 12:00:00,sim@hotboat.cl,1000935,Ingreso simulado por reserva,150000
2027-01-13 12:10:00,sim@hotboat.cl,1000936,Ingreso simulado por reserva,150000
2027-01-13 12:20:00,sim@hotboat.cl,1000937,Ingreso simulado por reserva,150000
2027-01-13 12:30:00,sim@hotboat.cl,1000938,Ingreso simulado por reserva,150000
2027-01-14 12:00:00,sim@hotboat.cl,1000939,Ingreso simulado por reserva,150000
2027-01-14 12:10:00,sim@hotboat.cl,1000940,Ingreso simulado por reserva,150000
2027-01-15 12:00:00,sim@hotboat.cl,1000941,Ingreso simulado por reserva,150000
2027-01-15 12:10:00,sim@hotboat.cl,1000942,Ingreso simulado por reserva,150000
2027-01-16 12:00:00,sim@hotboat.cl,1000943,Ingreso simulado por reserva,150000
2027-01-16 12:00:00,sim@hotboat.cl,1000944,Ingreso simulado por reserva,150000
2027-01-16 12:10:00,sim@hotboat.cl,1000945,Ingreso simulado por reserva,150000
2027-01-16 12:10:00,sim@hotboat.cl,1000946,Ingreso simulado por reserva,150000
2027-01-16 12:20:00,sim@hotboat.cl,1000947,Ingreso simulado por reserva,150000
2027-01-16 12:20:00,sim@hotboat.cl,1000948,Ingreso simulado por reserva,150000
2027-01-16 12:30:00,sim@hotboat.cl,1000949,Ingreso simulado por reserva,150000
2027-01-16 12:40:00,sim@hotboat.cl,1000950,Ingreso simulado por reserva,150000
2027-01-16 12:50:00,sim@hotboat.cl,1000951,Ingreso simulado por reserva,150000
2027-01-17 12:00:00,sim@hotboat.cl,1000952,Ingreso simulado por reserva,150000
2027-01-17 12:00:00,sim@hotboat.cl,1000953,Ingreso simulado por reserva,150000
2027-01-17 12:10:00,sim@hotboat.cl,1000954,Ingreso simulado por reserva,150000
2027-01-17 12:10:00,sim@hotboat.cl,1000955,Ingreso simulado por reserva,150000
2027-01-17 12:20:00,sim@hotboat.cl,1000956,Ingreso simulado por reserva,150000
2027-01-17 12:30:00,sim@hotboat.cl,1000957,Ingreso simulado por reserva,150000
2027-01-17 12:40:00,sim@hotboat.cl,1000958,Ingreso simulado por reserva,150000
2027-01-17 12:50:00,sim@hotboat.cl,1000959,Ingreso simulado por reserva,150000
2027-01-18 12:00:00,sim@hotboat.cl,1000960,Ingreso simulado por reserva,150000
2027-01-18 12:10:00,sim@hotboat.cl,1000961,Ingreso simulado por reserva,150000
2027-01-18 12:20:00,sim@hotboat.cl,1000962,Ingreso simulado por reserva,150000
2027-01-19 12:00:00,sim@hotboat.cl,1000963,Ingreso simulado por reserva,150000
2027-01-19 12:10:00,sim@hotboat.cl,1000964,Ingreso simulado por reserva,150000
2027-01-20 12:00:00,sim@hotboat.cl,1000965,Ingreso simulado por reserva,150000
2027-01-20 12:10:00,sim@hotboat.cl,1000966,Ingreso simulado por reserva,150000
2027-01-20 12:20:00,sim@hotboat.cl,1000967,Ingreso simulado por reserva,150000
2027-01-21 12:00:00,sim@hotboat.cl,1000968,Ingreso simulado por reserva,150000
2027-01-21 12:10:00,sim@hotboat.cl,1000969,Ingreso simulado por reserva,150000
2027-01-23 12:00:00,sim@hotboat.cl,1000970,Ingreso simulado por reserva,150000
2027-01-23 12:00:00,sim@hotboat.cl,1000971,Ingreso simulado por reserva,150000
2027-01-23 12:10:00,sim@hotboat.cl,1000972,Ingreso simulado por reserva,150000
2027-01-23 12:20:00,sim@hotboat.cl,1000973,Ingreso simulado por reserva,150000
2027-01-23 12:30:00,sim@hotboat.cl,1000974,Ingreso simulado por reserva,150000
2027-01-23 12:40:00,sim@hotboat.cl,1000975,Ingreso simulado por reserva,150000
2027-01-23 12:50:00,sim@hotboat.cl,1000976,Ingreso simulado por reserva,150000
2027-01-24 12:00:00,sim@hotboat.cl,1000977,Ingreso simulado por reserva,150000
2027-01-24 12:10:00,sim@hotboat.cl,1000978,Ingreso simulado por reserva,150000
2027-01-24 12:20:00,sim@hotboat.cl,1000979,Ingreso simulado por reserva,150000
2027-01-24 12:30:00,sim@hotboat.cl,1000980,Ingreso simulado por reserva,150000
2027-01-25 12:00:00,sim@hotboat.cl,1000981,Ingreso simulado por reserva,150000
2027-01-26 12:00:00,sim@hotboat.cl,1000982,Ingreso simulado por reserva,150000
2027-01-26 12:10:00,sim@hotboat.cl,1000983,Ingreso simulado por reserva,150000
2027-01-26 12:20:00,sim@hotboat.cl,1000984,Ingreso simulado por reserva,150000
2027-01-26 12:30:00,sim@hotboat.cl,1000985,Ingreso simulado por reserva,150000
2027-01-26 12:40:00,sim@hotboat.cl,1000986,Ingreso simulado por reserva,150000
2027-01-27 12:00:00,sim@hotboat.cl,1000987,Ingreso simulado por reserva,150000
2027-01-27 12:10:00,sim@hotboat.cl,1000988,Ingreso simulado por reserva,150000
2027-01-27 12:20:00,sim@hotboat.cl,1000989,Ingreso simulado por reserva,150000
2027-01-28 12:00:00,sim@hotboat.cl,1000990,Ingreso simulado por reserva,150000
2027-01-28 12:10:00,sim@hotboat.cl,1000991,Ingreso simulado por reserva,150000
2027-01-28 12:20:00,sim@hotboat.cl,1000992,Ingreso simulado por reserva,150000
2027-01-29 12:00:00,sim@hotboat.cl,1000993,Ingreso simulado por reserva,150000
2027-01-29 12:10:00,sim@hotboat.cl,1000994,Ingreso simulado por reserva,150000
2027-01-29 12:20:00,sim@hotboat.cl,1000995,Ingreso simulado por reserva,150000
2027-01-30 12:00:00,sim@hotboat.cl,1000996,Ingreso simulado por reserva,150000
2027-01-30 12:00:00,sim@hotboat.cl,1000997,Ingreso simulado por reserva,150000
2027-01-30 12:10:00,sim@hotboat.cl,1000998,Ingreso simulado por reserva,150000
2027-01-30 12:10:00,sim@hotboat.cl,1000999,Ingreso simulado por reserva,150000
2027-01-30 12:20:00,sim@hotboat.cl,1001000,Ingreso simulado por reserva,150000
2027-01-30 12:30:00,sim@hotboat.cl,1001001,Ingreso simulado por reserva,150000
2027-01-30 12:40:00,sim@hotboat.cl,1001002,Ingreso simulado por reserva,150000
2027-01-30 12:50:00,sim@hotboat.cl,1001003,Ingreso simulado por reserva,150000
2027-01-31 12:00:00,sim@hotboat.cl,1001004,Ingreso simulado por reserva,150000
2027-01-31 12:00:00,sim@hotboat.cl,1001005,Ingreso simulado por reserva,150000
2027-01-31 12:10:00,sim@hotboat.cl,1001006,Ingreso simulado por reserva,150000
2027-01-31 12:20:00,sim@hotboat.cl,1001007,Ingreso simulado por reserva,150000
2027-01-31 12:30:00,sim@hotboat.cl,1001008,Ingreso simulado por reserva,150000
2027-01-31 12:40:00,sim@hotboat.cl,1001009,Ingreso simulado por reserva,150000
2027-01-31 12:50:00,sim@hotboat.cl,1001010,Ingreso simulado por reserva,150000
2028-01-01 12:00:00,sim@hotboat.cl,1001011,Ingreso simulado por reserva,150000
2028-01-01 12:00:00,sim@hotboat.cl,1001012,Ingreso simulado por reserva,150000
2028-01-01 12:10:00,sim@hotboat.cl,1001013,Ingreso simulado por reserva,150000
2028-01-01 12:10:00,sim@hotboat.cl,1001014,Ingreso simulado por reserva,150000
2028-01-01 12:20:00,sim@hotboat.cl,1001015,Ingreso simulado por reserva,150000
2028-01-01 12:20:00,sim@hotboat.cl,1001016,Ingreso simulado por reserva,150000
2028-01-01 12:30:00,sim@hotboat.cl,1001017,Ingreso simulado por reserva,150000
2028-01-01 12:40:00,sim@hotboat.cl,1001018,Ingreso simulado por reserva,150000
2028-01-01 12:50:00,sim@hotboat.cl,1001019,Ingreso simulado por reserva,150000
2028-01-02 12:00:00,sim@hotboat.cl,1001020,Ingreso simulado por reserva,150000
2028-01-02 12:00:00,sim@hotboat.cl,1001021,Ingreso simulado por reserva,150000
2028-01-02 12:00:00,sim@hotboat.cl,1001022,Ingreso simulado por reserva,150000
2028-01-02 12:10:00,sim@hotboat.cl,1001023,Ingreso simulado por reserva,150000
2028-01-02 12:10:00,sim@hotboat.cl,1001024,Ingreso simulado por reserva,150000
2028-01-02 12:10:00,sim@hotboat.cl,1001025,Ingreso simulado por reserva,150000
2028-01-02 12:20:00,sim@hotboat.cl,1001026,Ingreso simulado por reserva,150000
2028-01-02 12:20:00,sim@hotboat.cl,1001027,Ingreso simulado por reserva,150000
2028-01-02 12:30:00,sim@hotboat.cl,1001028,Ingreso simulado por reserva,150000
2028-01-02 12:30:00,sim@hotboat.cl,1001029,Ingreso simulado por reserva,150000
2028-01-02 12:40:00,sim@hotboat.cl,1001030,Ingreso simulado por reserva,150000
2028-01-02 12:40:00,sim@hotboat.cl,1001031,Ingreso simulado por reserva,150000
2028-01-02 12:50:00,sim@hotboat.cl,1001032,Ingreso simulado por reserva,150000
2028-01-02 12:50:00,sim@hotboat.cl,1001033,Ingreso simulado por reserva,150000
2028-01-03 12:00:00,sim@hotboat.cl,1001034,Ingreso simulado por reserva,150000
2028-01-03 12:10:00,sim@hotboat.cl,1001035,Ingreso simulado por reserva,150000
2028-01-03 12:20:00,sim@hotboat.cl,1001036,Ingreso simulado por reserva,150000
2028-01-03 12:30:00,sim@hotboat.cl,1001037,Ingreso simulado por reserva,150000
2028-01-04 12:00:00,sim@hotboat.cl,1001038,Ingreso simulado por reserva,150000
2028-01-04 12:10:00,sim@hotboat.cl,1001039,Ingreso simulado por reserva,150000
2028-01-04 12:20:00,sim@hotboat.cl,1001040,Ingreso simulado por reserva,150000
2028-01-05 12:00:00,sim@hotboat.cl,1001041,Ingreso simulado por reserva,150000
2028-01-05 12:10:00,sim@hotboat.cl,1001042,Ingreso simulado por reserva,150000
2028-01-05 12:20:00,sim@hotboat.cl,1001043,Ingreso simulado por reserva,150000
2028-01-05 12:30:00,sim@hotboat.cl,1001044,Ingreso simulado por reserva,150000
2028-01-05 12:40:00,sim@hotboat.cl,1001045,Ingreso simulado por reserva,150000
2028-01-05 12:50:00,sim@hotboat.cl,1001046,Ingreso simulado por reserva,150000
2028-01-06 12:00:00,sim@hotboat.cl,1001047,Ingreso simulado por reserva,150000
2028-01-06 12:10:00,sim@hotboat.cl,1001048,Ingreso simulado por reserva,150000
2028-01-06 12:20:00,sim@hotboat.cl,1001049,Ingreso simulado por reserva,150000
2028-01-06 12:30:00,sim@hotboat.cl,1001050,Ingreso simulado por reserva,150000
2028-01-06 12:40:00,sim@hotboat.cl,1001051,Ingreso simulado por reserva,150000
2028-01-06 12:50:00,sim@hotboat.cl,1001052,Ingreso simulado por reserva,150000
2028-01-07 12:00:00,sim@hotboat.cl,1001053,Ingreso simulado por reserva,150000
2028-01-07 12:10:00,sim@hotboat.cl,1001054,Ingreso simulado por reserva,150000
2028-01-08 12:00:00,sim@hotboat.cl,1001055,Ingreso simulado por reserva,150000
2028-01-08 12:00:00,sim@hotboat.cl,1001056,Ingreso simulado por reserva,150000
2028-01-08 12:10:00,sim@hotboat.cl,1001057,Ingreso simulado por reserva,150000
2028-01-08 12:20:00,sim@hotboat.cl,1001058,Ingreso simulado por reserva,150000
2028-01-08 12:30:00,sim@hotboat.cl,1001059,Ingreso simulado por reserva,150000
2028-01-08 12:40:00,sim@hotboat.cl,1001060,Ingreso simulado por reserva,150000
2028-01-08 12:50:00,sim@hotboat.cl,1001061,Ingreso simulado por reserva,150000
2028-01-09 12:00:00,sim@hotboat.cl,1001062,Ingreso simulado por reserva,150000
2028-01-09 12:00:00,sim@hotboat.cl,1001063,Ingreso simulado por reserva,150000
2028-01-09 12:00:00,sim@hotboat.cl,1001064,Ingreso simulado por reserva,150000
2028-01-09 12:10:00,sim@hotboat.cl,1001065,Ingreso simulado por reserva,150000
2028-01-09 12:10:00,sim@hotboat.cl,1001066,Ingreso simulado por reserva,150000
2028-01-09 12:10:00,sim@hotboat.cl,1001067,Ingreso simulado por reserva,150000
2028-01-09 12:20:00,sim@hotboat.cl,1001068,Ingreso simulado por reserva,150000
2028-01-09 12:20:00,sim@hotboat.cl,1001069,Ingreso simulado por reserva,150000
2028-01-09 12:20:00,sim@hotboat.cl,1001070,Ingreso simulado por reserva,150000
2028-01-09 12:30:00,sim@hotboat.cl,1001071,Ingreso simulado por reserva,150000
2028-01-09 12:30:00,sim@hotboat.cl,1001072,Ingreso simulado por reserva,150000
2028-01-09 12:30:00,sim@hotboat.cl,1001073,Ingreso simulado por reserva,150000
2028-01-09 12:40:00,sim@hotboat.cl,1001074,Ingreso simulado por reserva,150000
2028-01-09 12:40:00,sim@hotboat.cl,1001075,Ingreso simulado por reserva,150000
2028-01-09 12:50:00,sim@hotboat.cl,1001076,Ingreso simulado por reserva,150000
2028-01-09 12:50:00,sim@hotboat.cl,1001077,Ingreso simulado por reserva,150000
2028-01-10 12:00:00,sim@hotboat.cl,1001078,Ingreso simulado por reserva,150000
2028-01-10 12:10:00,sim@hotboat.cl,1001079,Ingreso simulado por reserva,150000
2028-01-11 12:00:00,sim@hotboat.cl,1001080,Ingreso simulado por reserva,150000
2028-01-11 12:10:00,sim@hotboat.cl,1001081,Ingreso simulado por reserva,150000
2028-01-11 12:20:00,sim@hotboat.cl,1001082,Ingreso simulado por reserva,150000
2028-01-11 12:30:00,sim@hotboat.cl,1001083,Ingreso simulado por reserva,150000
2028-01-11 12:40:00,sim@hotboat.cl,1001084,Ingreso simulado por reserva,150000
2028-01-12 12:00:00,sim@hotboat.cl,1001085,Ingreso simulado por reserva,150000
2028-01-12 12:10:00,sim@hotboat.cl,1001086,Ingreso simulado por reserva,150000
2028-01-12 12:20:00,sim@hotboat.cl,1001087,Ingreso simulado por reserva,150000
2028-01-12 12:30:00,sim@hotboat.cl,1001088,Ingreso simulado por reserva,150000
2028-01-12 12:40:00,sim@hotboat.cl,1001089,Ingreso simulado por reserva,150000
2028-01-12 12:50:00,sim@hotboat.cl,1001090,Ingreso simulado por reserva,150000
2028-01-13 12:00:00,sim@hotboat.cl,1001091,Ingreso simulado por reserva,150000
2028-01-13 12:10:00,sim@hotboat.cl,1001092,Ingreso simulado por reserva,150000
2028-01-13 12:20:00,sim@hotboat.cl,1001093,Ingreso simulado por reserva,150000
2028-01-13 12:30:00,sim@hotboat.cl,1001094,Ingreso simulado por reserva,150000
2028-01-13 12:40:00,sim@hotboat.cl,1001095,Ingreso simulado por reserva,150000
2028-01-14 12:00:00,sim@hotboat.cl,1001096,Ingreso simulado por reserva,150000
2028-01-14 12:10:00,sim@hotboat.cl,1001097,Ingreso simulado por reserva,150000
2028-01-15 12:00:00,sim@hotboat.cl,1001098,Ingreso simulado por reserva,150000
2028-01-15 12:00:00,sim@hotboat.cl,1001099,Ingreso simulado por reserva,150000
2028-01-15 12:10:00,sim@hotboat.cl,1001100,Ingreso simulado por reserva,150000
2028-01-15 12:10:00,sim@hotboat.cl,1001101,Ingreso simulado por reserva,150000
2028-01-15 12:20:00,sim@hotboat.cl,1001102,Ingreso simulado por reserva,150000
2028-01-15 12:20:00,sim@hotboat.cl,1001103,Ingreso simulado por reserva,150000
2028-01-15 12:30:00,sim@hotboat.cl,1001104,Ingreso simulado por reserva,150000
2028-01-15 12:30:00,sim@hotboat.cl,1001105,Ingreso simulado por reserva,150000
2028-01-15 12:40:00,sim@hotboat.cl,1001106,Ingreso simulado por reserva,150000
2028-01-15 12:40:00,sim@hotboat.cl,1001107,Ingreso simulado por reserva,150000
2028-01-15 12:50:00,sim@hotboat.cl,1001108,Ingreso simulado por reserva,150000
2028-01-16 12:00:00,sim@hotboat.cl,1001109,Ingreso simulado por reserva,150000
2028-01-16 12:00:00,sim@hotboat.cl,1001110,Ingreso simulado por reserva,150000
2028-01-16 12:10:00,sim@hotboat.cl,1001111,Ingreso simulado por reserva,150000
2028-01-16 12:10:00,sim@hotboat.cl,1001112,Ingreso simulado por reserva,150000
2028-01-16 12:20:00,sim@hotboat.cl,1001113,Ingreso simulado por reserva,150000
2028-01-16 12:20:00,sim@hotboat.cl,1001114,Ingreso simulado por reserva,150000
2028-01-16 12:30:00,sim@hotboat.cl,1001115,Ingreso simulado por reserva,150000
2028-01-16 12:30:00,sim@hotboat.cl,1001116,Ingreso simulado por reserva,150000
2028-01-16 12:40:00,sim@hotboat.cl,1001117,Ingreso simulado por reserva,150000
2028-01-16 12:40:00,sim@hotboat.cl,1001118,Ingreso simulado por reserva,150000
2028-01-16 12:50:00,sim@hotboat.cl,1001119,Ingreso simulado por reserva,150000
2028-01-17 12:00:00,sim@hotboat.cl,1001120,Ingreso simulado por reserva,150000
2028-01-17 12:10:00,sim@hotboat.cl,1001121,Ingreso simulado por reserva,150000
2028-01-18 12:00:00,sim@hotboat.cl,1001122,Ingreso simulado por reserva,150000
2028-01-18 12:10:00,sim@hotboat.cl,1001123,Ingreso simulado por reserva,150000
2028-01-18 12:20:00,sim@hotboat.cl,1001124,Ingreso simulado por reserva,150000
2028-01-18 12:30:00,sim@hotboat.cl,1001125,Ingreso simulado por reserva,150000
2028-01-18 12:40:00,sim@hotboat.cl,1001126,Ingreso simulado por reserva,150000
2028-01-18 12:50:00,sim@hotboat.cl,1001127,Ingreso simulado por reserva,150000
2028-01-19 12:00:00,sim@hotboat.cl,1001128,Ingreso simulado por reserva,150000
2028-01-19 12:10:00,sim@hotboat.cl,1001129,Ingreso simulado por reserva,150000
2028-01-19 12:20:00,sim@hotboat.cl,1001130,Ingreso simulado por reserva,150000
2028-01-20 12:00:00,sim@hotboat.cl,1001131,Ingreso simulado por reserva,150000
2028-01-20 12:10:00,sim@hotboat.cl,1001132,Ingreso simulado por reserva,150000
2028-01-20 12:20:00,sim@hotboat.cl,1001133,Ingreso simulado por reserva,150000
2028-01-21 12:00:00,sim@hotboat.cl,1001134,Ingreso simulado por reserva,150000
2028-01-21 12:10:00,sim@hotboat.cl,1001135,Ingreso simulado por reserva,150000
2028-01-21 12:20:00,sim@hotboat.cl,1001136,Ingreso simulado por reserva,150000
2028-01-22 12:00:00,sim@hotboat.cl,1001137,Ingreso simulado por reserva,150000
2028-01-22 12:00:00,sim@hotboat.cl,1001138,Ingreso simulado por reserva,150000
2028-01-22 12:10:00,sim@hotboat.cl,1001139,Ingreso simulado por reserva,150000
2028-01-22 12:10:00,sim@hotboat.cl,1001140,Ingreso simulado por reserva,150000
2028-01-22 12:20:00,sim@hotboat.cl,1001141,Ingreso simulado por reserva,150000
2028-01-22 12:20:00,sim@hotboat.cl,1001142,Ingreso simulado por reserva,150000
2028-01-22 12:30:00,sim@hotboat.cl,1001143,Ingreso simulado por reserva,150000
2028-01-22 12:40:00,sim@hotboat.cl,1001144,Ingreso simulado por reserva,150000
2028-01-22 12:50:00,sim@hotboat.cl,1001145,Ingreso simulado por reserva,150000
2028-01-23 12:00:00,sim@hotboat.cl,1001146,Ingreso simulado por reserva,150000
2028-01-23 12:10:00,sim@hotboat.cl,1001147,Ingreso simulado por reserva,150000
2028-01-23 12:20:00,sim@hotboat.cl,1001148,Ingreso simulado por reserva,150000
2028-01-23 12:30:00,sim@hotboat.cl,1001149,Ingreso simulado por reserva,150000
2028-01-23 12:40:00,sim@hotboat.cl,1001150,Ingreso simulado por reserva,150000
2028-01-23 12:50:00,sim@hotboat.cl,1001151,Ingreso simulado por reserva,150000
2028-01-25 12:00:00,sim@hotboat.cl,1001152,Ingreso simulado por reserva,150000
2028-01-26 12:00:00,sim@hotboat.cl,1001153,Ingreso simulado por reserva,150000
2028-01-26 12:10:00,sim@hotboat.cl,1001154,Ingreso simulado por reserva,150000
2028-01-26 12:20:00,sim@hotboat.cl,1001155,Ingreso simulado por reserva,150000
2028-01-26 12:30:00,sim@hotboat.cl,1001156,Ingreso simulado por reserva,150000
2028-01-26 12:40:00,sim@hotboat.cl,1001157,Ingreso simulado por reserva,150000
2028-01-27 12:00:00,sim@hotboat.cl,1001158,Ingreso simulado por reserva,150000
2028-01-27 12:10:00,sim@hotboat.cl,1001159,Ingreso simulado por reserva,150000
2028-01-27 12:20:00,sim@hotboat.cl,1001160,Ingreso simulado por reserva,150000
2028-01-28 12:00:00,sim@hotboat.cl,1001161,Ingreso simulado por reserva,150000
2028-01-28 12:10:00,sim@hotboat.cl,1001162,Ingreso simulado por reserva,150000
2028-01-28 12:20:00,sim@hotboat.cl,1001163,Ingreso simulado por reserva,150000
2028-01-29 12:00:00,sim@hotboat.cl,1001164,Ingreso simulado por reserva,150000
2028-01-29 12:00:00,sim@hotboat.cl,1001165,Ingreso simulado por reserva,150000
2028-01-29 12:10:00,sim@hotboat.cl,1001166,Ingreso simulado por reserva,150000
2028-01-29 12:10:00,sim@hotboat.cl,1001167,Ingreso simulado por reserva,150000
2028-01-29 12:20:00,sim@hotboat.cl,1001168,Ingreso simulado por reserva,150000
2028-01-29 12:30:00,sim@hotboat.cl,1001169,Ingreso simulado por reserva,150000
2028-01-29 12:40:00,sim@hotboat.cl,1001170,Ingreso simulado por reserva,150000
2028-01-29 12:50:00,sim@hotboat.cl,1001171,Ingreso simulado por reserva,150000
2028-01-30 12:00:00,sim@hotboat.cl,1001172,Ingreso simulado por reserva,150000
2028-01-30 12:00:00,sim@hotboat.cl,1001173,Ingreso simulado por reserva,150000
2028-01-30 12:10:00,sim@hotboat.cl,1001174,Ingreso simulado por reserva,150000
2028-01-30 12:10:00,sim@hotboat.cl,1001175,Ingreso simulado por reserva,150000
2028-01-30 12:20:00,sim@hotboat.cl,1001176,Ingreso simulado por reserva,150000
2028-01-30 12:30:00,sim@hotboat.cl,1001177,Ingreso simulado por reserva,150000
2028-01-30 12:40:00,sim@hotboat.cl,1001178,Ingreso simulado por reserva,150000
2028-01-30 12:50:00,sim@hotboat.cl,1001179,Ingreso simulado por reserva,150000
2028-01-31 12:00:00,sim@hotboat.cl,1001180,Ingreso simulado por reserva,150000
2028-01-31 12:10:00,sim@hotboat.cl,1001181,Ingreso simulado por reserva,150000
2028-01-31 12:20:00,sim@hotboat.cl,1001182,Ingreso simulado por reserva,150000
2028-01-31 12:30:00,sim@hotboat.cl,1001183,Ingreso simulado por reserva,150000
2027-02-01 12:00:00,sim@hotboat.cl,1001184,Ingreso simulado por reserva,150000
2027-02-01 12:10:00,sim@hotboat.cl,1001185,Ingreso simulado por reserva,150000
2027-02-01 12:20:00,sim@hotboat.cl,1001186,Ingreso simulado por reserva,150000
2027-02-01 12:30:00,sim@hotboat.cl,1001187,Ingreso simulado por reserva,150000
2027-02-02 12:00:00,sim@hotboat.cl,1001188,Ingreso simulado por reserva,150000
2027-02-02 12:10:00,sim@hotboat.cl,1001189,Ingreso simulado por reserva,150000
2027-02-02 12:20:00,sim@hotboat.cl,1001190,Ingreso simulado por reserva,150000
2027-02-03 12:00:00,sim@hotboat.cl,1001191,Ingreso simulado por reserva,150000
2027-02-03 12:10:00,sim@hotboat.cl,1001192,Ingreso simulado por reserva,150000
2027-02-03 12:20:00,sim@hotboat.cl,1001193,Ingreso simulado por reserva,150000
2027-02-03 12:30:00,sim@hotboat.cl,1001194,Ingreso simulado por reserva,150000
2027-02-03 12:40:00,sim@hotboat.cl,1001195,Ingreso simulado por reserva,150000
2027-02-03 12:50:00,sim@hotboat.cl,1001196,Ingreso simulado por reserva,150000
2027-02-04 12:00:00,sim@hotboat.cl,1001197,Ingreso simulado por reserva,150000
2027-02-04 12:10:00,sim@hotboat.cl,1001198,Ingreso simulado por reserva,150000
2027-02-04 12:20:00,sim@hotboat.cl,1001199,Ingreso simulado por reserva,150000
2027-02-04 12:30:00,sim@hotboat.cl,1001200,Ingreso simulado por reserva,150000
2027-02-04 12:40:00,sim@hotboat.cl,1001201,Ingreso simulado por reserva,150000
2027-02-04 12:50:00,sim@hotboat.cl,1001202,Ingreso simulado por reserva,150000
2027-02-05 12:00:00,sim@hotboat.cl,1001203,Ingreso simulado por reserva,150000
2027-02-05 12:10:00,sim@hotboat.cl,1001204,Ingreso simulado por reserva,150000
2027-02-06 12:00:00,sim@hotboat.cl,1001205,Ingreso simulado por reserva,150000
2027-02-06 12:00:00,sim@hotboat.cl,1001206,Ingreso simulado por reserva,150000
2027-02-06 12:10:00,sim@hotboat.cl,1001207,Ingreso simulado por reserva,150000
2027-02-06 12:10:00,sim@hotboat.cl,1001208,Ingreso simulado por reserva,150000
2027-02-06 12:20:00,sim@hotboat.cl,1001209,Ingreso simulado por reserva,150000
2027-02-06 12:20:00,sim@hotboat.cl,1001210,Ingreso simulado por reserva,150000
2027-02-06 12:30:00,sim@hotboat.cl,1001211,Ingreso simulado por reserva,150000
2027-02-06 12:40:00,sim@hotboat.cl,1001212,Ingreso simulado por reserva,150000
2027-02-06 12:50:00,sim@hotboat.cl,1001213,Ingreso simulado por reserva,150000
2027-02-07 12:00:00,sim@hotboat.cl,1001214,Ingreso simulado por reserva,150000
2027-02-07 12:00:00,sim@hotboat.cl,1001215,Ingreso simulado por reserva,150000
2027-02-07 12:00:00,sim@hotboat.cl,1001216,Ingreso simulado por reserva,150000
2027-02-07 12:10:00,sim@hotboat.cl,1001217,Ingreso simulado por reserva,150000
2027-02-07 12:10:00,sim@hotboat.cl,1001218,Ingreso simulado por reserva,150000
2027-02-07 12:10:00,sim@hotboat.cl,1001219,Ingreso simulado por reserva,150000
2027-02-07 12:20:00,sim@hotboat.cl,1001220,Ingreso simulado por reserva,150000
2027-02-07 12:20:00,sim@hotboat.cl,1001221,Ingreso simulado por reserva,150000
2027-02-07 12:30:00,sim@hotboat.cl,1001222,Ingreso simulado por reserva,150000
2027-02-07 12:30:00,sim@hotboat.cl,1001223,Ingreso simulado por reserva,150000
2027-02-07 12:40:00,sim@hotboat.cl,1001224,Ingreso simulado por reserva,150000
2027-02-07 12:40:00,sim@hotboat.cl,1001225,Ingreso simulado por reserva,150000
2027-02-07 12:50:00,sim@hotboat.cl,1001226,Ingreso simulado por reserva,150000
2027-02-07 12:50:00,sim@hotboat.cl,1001227,Ingreso simulado por reserva,150000
2027-02-08 12:00:00,sim@hotboat.cl,1001228,Ingreso simulado por reserva,150000
2027-02-08 12:10:00,sim@hotboat.cl,1001229,Ingreso simulado por reserva,150000
2027-02-09 12:00:00,sim@hotboat.cl,1001230,Ingreso simulado por reserva,150000
2027-02-09 12:10:00,sim@hotboat.cl,1001231,Ingreso simulado por reserva,150000
2027-02-09 12:20:00,sim@hotboat.cl,1001232,Ingreso simulado por reserva,150000
2027-02-09 12:30:00,sim@hotboat.cl,1001233,Ingreso simulado por reserva,150000
2027-02-10 12:00:00,sim@hotboat.cl,1001234,Ingreso simulado por reserva,150000
2027-02-10 12:10:00,sim@hotboat.cl,1001235,Ingreso simulado por reserva,150000
2027-02-10 12:20:00,sim@hotboat.cl,1001236,Ingreso simulado por reserva,150000
2027-02-10 12:30:00,sim@hotboat.cl,1001237,Ingreso simulado por reserva,150000
2027-02-10 12:40:00,sim@hotboat.cl,1001238,Ingreso simulado por reserva,150000
2027-02-10 12:50:00,sim@hotboat.cl,1001239,Ingreso simulado por reserva,150000
2027-02-11 12:00:00,sim@hotboat.cl,1001240,Ingreso simulado por reserva,150000
2027-02-11 12:10:00,sim@hotboat.cl,1001241,Ingreso simulado por reserva,150000
2027-02-11 12:20:00,sim@hotboat.cl,1001242,Ingreso simulado por reserva,150000
2027-02-11 12:30:00,sim@hotboat.cl,1001243,Ingreso simulado por reserva,150000
2027-02-11 12:40:00,sim@hotboat.cl,1001244,Ingreso simulado por reserva,150000
2027-02-12 12:00:00,sim@hotboat.cl,1001245,Ingreso simulado por reserva,150000
2027-02-12 12:10:00,sim@hotboat.cl,1001246,Ingreso simulado por reserva,150000
2027-02-13 12:00:00,sim@hotboat.cl,1001247,Ingreso simulado por reserva,150000
2027-02-13 12:00:00,sim@hotboat.cl,1001248,Ingreso simulado por reserva,150000
2027-02-13 12:10:00,sim@hotboat.cl,1001249,Ingreso simulado por reserva,150000
2027-02-13 12:10:00,sim@hotboat.cl,1001250,Ingreso simulado por reserva,150000
2027-02-13 12:20:00,sim@hotboat.cl,1001251,Ingreso simulado por reserva,150000
2027-02-13 12:30:00,sim@hotboat.cl,1001252,Ingreso simulado por reserva,150000
2027-02-13 12:40:00,sim@hotboat.cl,1001253,Ingreso simulado por reserva,150000
2027-02-13 12:50:00,sim@hotboat.cl,1001254,Ingreso simulado por reserva,150000
2027-02-14 12:00:00,sim@hotboat.cl,1001255,Ingreso simulado por reserva,150000
2027-02-14 12:00:00,sim@hotboat.cl,1001256,Ingreso simulado por reserva,150000
2027-02-14 12:00:00,sim@hotboat.cl,1001257,Ingreso simulado por reserva,150000
2027-02-14 12:10:00,sim@hotboat.cl,1001258,Ingreso simulado por reserva,150000
2027-02-14 12:10:00,sim@hotboat.cl,1001259,Ingreso simulado por reserva,150000
2027-02-14 12:10:00,sim@hotboat.cl,1001260,Ingreso simulado por reserva,150000
2027-02-14 12:20:00,sim@hotboat.cl,1001261,Ingreso simulado por reserva,150000
2027-02-14 12:20:00,sim@hotboat.cl,1001262,Ingreso simulado por reserva,150000
2027-02-14 12:20:00,sim@hotboat.cl,1001263,Ingreso simulado por reserva,150000
2027-02-14 12:30:00,sim@hotboat.cl,1001264,Ingreso simulado por reserva,150000
2027-02-14 12:30:00,sim@hotboat.cl,1001265,Ingreso simulado por reserva,150000
2027-02-14 12:30:00,sim@hotboat.cl,1001266,Ingreso simulado por reserva,150000
2027-02-14 12:40:00,sim@hotboat.cl,1001267,Ingreso simulado por reserva,150000
2027-02-14 12:40:00,sim@hotboat.cl,1001268,Ingreso simulado por reserva,150000
2027-02-14 12:40:00,sim@hotboat.cl,1001269,Ingreso simulado por reserva,150000
2027-02-14 12:50:00,sim@hotboat.cl,1001270,Ingreso simulado por reserva,150000
2027-02-14 12:50:00,sim@hotboat.cl,1001271,Ingreso simulado por reserva,150000
2027-02-15 12:00:00,sim@hotboat.cl,1001272,Ingreso simulado por reserva,150000
2027-02-15 12:10:00,sim@hotboat.cl,1001273,Ingreso simulado por reserva,150000
2027-02-16 12:00:00,sim@hotboat.cl,1001274,Ingreso simulado por reserva,150000
2027-02-16 12:10:00,sim@hotboat.cl,1001275,Ingreso simulado por reserva,150000
2027-02-16 12:20:00,sim@hotboat.cl,1001276,Ingreso simulado por reserva,150000
2027-02-16 12:30:00,sim@hotboat.cl,1001277,Ingreso simulado por reserva,150000
2027-02-17 12:00:00,sim@hotboat.cl,1001278,Ingreso simulado por reserva,150000
2027-02-17 12:10:00,sim@hotboat.cl,1001279,Ingreso simulado por reserva,150000
2027-02-17 12:20:00,sim@hotboat.cl,1001280,Ingreso simulado por reserva,150000
2027-02-18 12:00:00,sim@hotboat.cl,1001281,Ingreso simulado por reserva,150000
2027-02-18 12:10:00,sim@hotboat.cl,1001282,Ingreso simulado por reserva,150000
2027-02-18 12:20:00,sim@hotboat.cl,1001283,Ingreso simulado por reserva,150000
2027-02-19 12:00:00,sim@hotboat.cl,1001284,Ingreso simulado por reserva,150000
2027-02-19 12:10:00,sim@hotboat.cl,1001285,Ingreso simulado por reserva,150000
2027-02-19 12:20:00,sim@hotboat.cl,1001286,Ingreso simulado por reserva,150000
2027-02-20 12:00:00,sim@hotboat.cl,1001287,Ingreso simulado por reserva,150000
2027-02-20 12:00:00,sim@hotboat.cl,1001288,Ingreso simulado por reserva,150000
2027-02-20 12:10:00,sim@hotboat.cl,1001289,Ingreso simulado por reserva,150000
2027-02-20 12:10:00,sim@hotboat.cl,1001290,Ingreso simulado por reserva,150000
2027-02-20 12:20:00,sim@hotboat.cl,1001291,Ingreso simulado por reserva,150000
2027-02-20 12:20:00,sim@hotboat.cl,1001292,Ingreso simulado por reserva,150000
2027-02-20 12:30:00,sim@hotboat.cl,1001293,Ingreso simulado por reserva,150000
2027-02-20 12:30:00,sim@hotboat.cl,1001294,Ingreso simulado por reserva,150000
2027-02-20 12:40:00,sim@hotboat.cl,1001295,Ingreso simulado por reserva,150000
2027-02-20 12:40:00,sim@hotboat.cl,1001296,Ingreso simulado por reserva,150000
2027-02-20 12:50:00,sim@hotboat.cl,1001297,Ingreso simulado por reserva,150000
2027-02-20 12:50:00,sim@hotboat.cl,1001298,Ingreso simulado por reserva,150000
2027-02-21 12:00:00,sim@hotboat.cl,1001299,Ingreso simulado por reserva,150000
2027-02-21 12:00:00,sim@hotboat.cl,1001300,Ingreso simulado por reserva,150000
2027-02-21 12:10:00,sim@hotboat.cl,1001301,Ingreso simulado por reserva,150000
2027-02-21 12:10:00,sim@hotboat.cl,1001302,Ingreso simulado por reserva,150000
2027-02-21 12:20:00,sim@hotboat.cl,1001303,Ingreso simulado por reserva,150000
2027-02-21 12:20:00,sim@hotboat.cl,1001304,Ingreso simulado por reserva,150000
2027-02-21 12:30:00,sim@hotboat.cl,1001305,Ingreso simulado por reserva,150000
2027-02-21 12:30:00,sim@hotboat.cl,1001306,Ingreso simulado por reserva,150000
2027-02-21 12:40:00,sim@hotboat.cl,1001307,Ingreso simulado por reserva,150000
2027-02-21 12:40:00,sim@hotboat.cl,1001308,Ingreso simulado por reserva,150000
2027-02-21 12:50:00,sim@hotboat.cl,1001309,Ingreso simulado por reserva,150000
2027-02-21 12:50:00,sim@hotboat.cl,1001310,Ingreso simulado por reserva,150000
2027-02-23 12:00:00,sim@hotboat.cl,1001311,Ingreso simulado por reserva,150000
2027-02-24 12:00:00,sim@hotboat.cl,1001312,Ingreso simulado por reserva,150000
2027-02-24 12:10:00,sim@hotboat.cl,1001313,Ingreso simulado por reserva,150000
2027-02-24 12:20:00,sim@hotboat.cl,1001314,Ingreso simulado por reserva,150000
2027-02-24 12:30:00,sim@hotboat.cl,1001315,Ingreso simulado por reserva,150000
2027-02-24 12:40:00,sim@hotboat.cl,1001316,Ingreso simulado por reserva,150000
2027-02-25 12:00:00,sim@hotboat.cl,1001317,Ingreso simulado por reserva,150000
2027-02-25 12:10:00,sim@hotboat.cl,1001318,Ingreso simulado por reserva,150000
2027-02-25 12:20:00,sim@hotboat.cl,1001319,Ingreso simulado por reserva,150000
2027-02-26 12:00:00,sim@hotboat.cl,1001320,Ingreso simulado por reserva,150000
2027-02-26 12:10:00,sim@hotboat.cl,1001321,Ingreso simulado por reserva,150000
2027-02-26 12:20:00,sim@hotboat.cl,1001322,Ingreso simulado por reserva,150000
2027-02-27 12:00:00,sim@hotboat.cl,1001323,Ingreso simulado por reserva,150000
2027-02-27 12:00:00,sim@hotboat.cl,1001324,Ingreso simulado por reserva,150000
2027-02-27 12:10:00,sim@hotboat.cl,1001325,Ingreso simulado por reserva,150000
2027-02-27 12:10:00,sim@hotboat.cl,1001326,Ingreso simulado por reserva,150000
2027-02-27 12:20:00,sim@hotboat.cl,1001327,Ingreso simulado por reserva,150000
2027-02-27 12:20:00,sim@hotboat.cl,1001328,Ingreso simulado por reserva,150000
2027-02-27 12:30:00,sim@hotboat.cl,1001329,Ingreso simulado por reserva,150000
2027-02-27 12:30:00,sim@hotboat.cl,1001330,Ingreso simulado por reserva,150000
2027-02-27 12:40:00,sim@hotboat.cl,1001331,Ingreso simulado por reserva,150000
2027-02-27 12:40:00,sim@hotboat.cl,1001332,Ingreso simulado por reserva,150000
2027-02-27 12:50:00,sim@hotboat.cl,1001333,Ingreso simulado por reserva,150000
2027-02-28 12:00:00,sim@hotboat.cl,1001334,Ingreso simulado por reserva,150000
2027-02-28 12:10:00,sim@hotboat.cl,1001335,Ingreso simulado por reserva,150000
2027-02-28 12:20:00,sim@hotboat.cl,1001336,Ingreso simulado por reserva,150000
2027-02-28 12:30:00,sim@hotboat.cl,1001337,Ingreso simulado por reserva,150000
2027-02-28 12:40:00,sim@hotboat.cl,1001338,Ingreso simulado por reserva,150000
2027-02-28 12:50:00,sim@hotboat.cl,1001339,Ingreso simulado por reserva,150000
2028-02-01 12:00:00,sim@hotboat.cl,1001340,Ingreso simulado por reserva,150000
2028-02-01 12:10:00,sim@hotboat.cl,1001341,Ingreso simulado por reserva,150000
2028-02-01 12:20:00,sim@hotboat.cl,1001342,Ingreso simulado por reserva,150000
2028-02-01 12:30:00,sim@hotboat.cl,1001343,Ingreso simulado por reserva,150000
2028-02-02 12:00:00,sim@hotboat.cl,1001344,Ingreso simulado por reserva,150000
2028-02-02 12:10:00,sim@hotboat.cl,1001345,Ingreso simulado por reserva,150000
2028-02-02 12:20:00,sim@hotboat.cl,1001346,Ingreso simulado por reserva,150000
2028-02-03 12:00:00,sim@hotboat.cl,1001347,Ingreso simulado por reserva,150000
2028-02-03 12:00:00,sim@hotboat.cl,1001348,Ingreso simulado por reserva,150000
2028-02-03 12:10:00,sim@hotboat.cl,1001349,Ingreso simulado por reserva,150000
2028-02-03 12:20:00,sim@hotboat.cl,1001350,Ingreso simulado por reserva,150000
2028-02-03 12:30:00,sim@hotboat.cl,1001351,Ingreso simulado por reserva,150000
2028-02-03 12:40:00,sim@hotboat.cl,1001352,Ingreso simulado por reserva,150000
2028-02-03 12:50:00,sim@hotboat.cl,1001353,Ingreso simulado por reserva,150000
2028-02-04 12:00:00,sim@hotboat.cl,1001354,Ingreso simulado por reserva,150000
2028-02-04 12:10:00,sim@hotboat.cl,1001355,Ingreso simulado por reserva,150000
2028-02-04 12:20:00,sim@hotboat.cl,1001356,Ingreso simulado por reserva,150000
2028-02-04 12:30:00,sim@hotboat.cl,1001357,Ingreso simulado por reserva,150000
2028-02-04 12:40:00,sim@hotboat.cl,1001358,Ingreso simulado por reserva,150000
2028-02-04 12:50:00,sim@hotboat.cl,1001359,Ingreso simulado por reserva,150000
2028-02-05 12:00:00,sim@hotboat.cl,1001360,Ingreso simulado por reserva,150000
2028-02-05 12:00:00,sim@hotboat.cl,1001361,Ingreso simulado por reserva,150000
2028-02-05 12:10:00,sim@hotboat.cl,1001362,Ingreso simulado por reserva,150000
2028-02-05 12:10:00,sim@hotboat.cl,1001363,Ingreso simulado por reserva,150000
2028-02-05 12:20:00,sim@hotboat.cl,1001364,Ingreso simulado por reserva,150000
2028-02-05 12:20:00,sim@hotboat.cl,1001365,Ingreso simulado por reserva,150000
2028-02-05 12:30:00,sim@hotboat.cl,1001366,Ingreso simulado por reserva,150000
2028-02-05 12:30:00,sim@hotboat.cl,1001367,Ingreso simulado por reserva,150000
2028-02-05 12:40:00,sim@hotboat.cl,1001368,Ingreso simulado por reserva,150000
2028-02-05 12:40:00,sim@hotboat.cl,1001369,Ingreso simulado por reserva,150000
2028-02-05 12:50:00,sim@hotboat.cl,1001370,Ingreso simulado por reserva,150000
2028-02-06 12:00:00,sim@hotboat.cl,1001371,Ingreso simulado por reserva,150000
2028-02-06 12:00:00,sim@hotboat.cl,1001372,Ingreso simulado por reserva,150000
2028-02-06 12:00:00,sim@hotboat.cl,1001373,Ingreso simulado por reserva,150000
2028-02-06 12:10:00,sim@hotboat.cl,1001374,Ingreso simulado por reserva,150000
2028-02-06 12:10:00,sim@hotboat.cl,1001375,Ingreso simulado por reserva,150000
2028-02-06 12:10:00,sim@hotboat.cl,1001376,Ingreso simulado por reserva,150000
2028-02-06 12:20:00,sim@hotboat.cl,1001377,Ingreso simulado por reserva,150000
2028-02-06 12:20:00,sim@hotboat.cl,1001378,Ingreso simulado por reserva,150000
2028-02-06 12:20:00,sim@hotboat.cl,1001379,Ingreso simulado por reserva,150000
2028-02-06 12:30:00,sim@hotboat.cl,1001380,Ingreso simulado por reserva,150000
2028-02-06 12:30:00,sim@hotboat.cl,1001381,Ingreso simulado por reserva,150000
2028-02-06 12:30:00,sim@hotboat.cl,1001382,Ingreso simulado por reserva,150000
2028-02-06 12:40:00,sim@hotboat.cl,1001383,Ingreso simulado por reserva,150000
2028-02-06 12:40:00,sim@hotboat.cl,1001384,Ingreso simulado por reserva,150000
2028-02-06 12:40:00,sim@hotboat.cl,1001385,Ingreso simulado por reserva,150000
2028-02-06 12:50:00,sim@hotboat.cl,1001386,Ingreso simulado por reserva,150000
2028-02-06 12:50:00,sim@hotboat.cl,1001387,Ingreso simulado por reserva,150000
2028-02-06 12:50:00,sim@hotboat.cl,1001388,Ingreso simulado por reserva,150000
2028-02-07 12:00:00,sim@hotboat.cl,1001389,Ingreso simulado por reserva,150000
2028-02-07 12:10:00,sim@hotboat.cl,1001390,Ingreso simulado por reserva,150000
2028-02-08 12:00:00,sim@hotboat.cl,1001391,Ingreso simulado por reserva,150000
2028-02-08 12:10:00,sim@hotboat.cl,1001392,Ingreso simulado por reserva,150000
2028-02-08 12:20:00,sim@hotboat.cl,1001393,Ingreso simulado por reserva,150000
2028-02-09 12:00:00,sim@hotboat.cl,1001394,Ingreso simulado por reserva,150000
2028-02-09 12:10:00,sim@hotboat.cl,1001395,Ingreso simulado por reserva,150000
2028-02-09 12:20:00,sim@hotboat.cl,1001396,Ingreso simulado por reserva,150000
2028-02-09 12:30:00,sim@hotboat.cl,1001397,Ingreso simulado por reserva,150000
2028-02-09 12:40:00,sim@hotboat.cl,1001398,Ingreso simulado por reserva,150000
2028-02-10 12:00:00,sim@hotboat.cl,1001399,Ingreso simulado por reserva,150000
2028-02-10 12:10:00,sim@hotboat.cl,1001400,Ingreso simulado por reserva,150000
2028-02-10 12:20:00,sim@hotboat.cl,1001401,Ingreso simulado por reserva,150000
2028-02-10 12:30:00,sim@hotboat.cl,1001402,Ingreso simulado por reserva,150000
2028-02-10 12:40:00,sim@hotboat.cl,1001403,Ingreso simulado por reserva,150000
2028-02-10 12:50:00,sim@hotboat.cl,1001404,Ingreso simulado por reserva,150000
2028-02-11 12:00:00,sim@hotboat.cl,1001405,Ingreso simulado por reserva,150000
2028-02-11 12:10:00,sim@hotboat.cl,1001406,Ingreso simulado por reserva,150000
2028-02-11 12:20:00,sim@hotboat.cl,1001407,Ingreso simulado por reserva,150000
2028-02-11 12:30:00,sim@hotboat.cl,1001408,Ingreso simulado por reserva,150000
2028-02-11 12:40:00,sim@hotboat.cl,1001409,Ingreso simulado por reserva,150000
2028-02-11 12:50:00,sim@hotboat.cl,1001410,Ingreso simulado por reserva,150000
2028-02-12 12:00:00,sim@hotboat.cl,1001411,Ingreso simulado por reserva,150000
2028-02-12 12:00:00,sim@hotboat.cl,1001412,Ingreso simulado por reserva,150000
2028-02-12 12:10:00,sim@hotboat.cl,1001413,Ingreso simulado por reserva,150000
2028-02-12 12:10:00,sim@hotboat.cl,1001414,Ingreso simulado por reserva,150000
2028-02-12 12:20:00,sim@hotboat.cl,1001415,Ingreso simulado por reserva,150000
2028-02-12 12:20:00,sim@hotboat.cl,1001416,Ingreso simulado por reserva,150000
2028-02-12 12:30:00,sim@hotboat.cl,1001417,Ingreso simulado por reserva,150000
2028-02-12 12:30:00,sim@hotboat.cl,1001418,Ingreso simulado por reserva,150000
2028-02-12 12:40:00,sim@hotboat.cl,1001419,Ingreso simulado por reserva,150000
2028-02-12 12:40:00,sim@hotboat.cl,1001420,Ingreso simulado por reserva,150000
2028-02-12 12:50:00,sim@hotboat.cl,1001421,Ingreso simulado por reserva,150000
2028-02-13 12:00:00,sim@hotboat.cl,1001422,Ingreso simulado por reserva,150000
2028-02-13 12:00:00,sim@hotboat.cl,1001423,Ingreso simulado por reserva,150000
2028-02-13 12:00:00,sim@hotboat.cl,1001424,Ingreso simulado por reserva,150000
2028-02-13 12:10:00,sim@hotboat.cl,1001425,Ingreso simulado por reserva,150000
2028-02-13 12:10:00,sim@hotboat.cl,1001426,Ingreso simulado por reserva,150000
2028-02-13 12:10:00,sim@hotboat.cl,1001427,Ingreso simulado por reserva,150000
2028-02-13 12:20:00,sim@hotboat.cl,1001428,Ingreso simulado por reserva,150000
2028-02-13 12:20:00,sim@hotboat.cl,1001429,Ingreso simulado por reserva,150000
2028-02-13 12:20:00,sim@hotboat.cl,1001430,Ingreso simulado por reserva,150000
2028-02-13 12:30:00,sim@hotboat.cl,1001431,Ingreso simulado por reserva,150000
2028-02-13 12:30:00,sim@hotboat.cl,1001432,Ingreso simulado por reserva,150000
2028-02-13 12:30:00,sim@hotboat.cl,1001433,Ingreso simulado por reserva,150000
2028-02-13 12:40:00,sim@hotboat.cl,1001434,Ingreso simulado por reserva,150000
2028-02-13 12:40:00,sim@hotboat.cl,1001435,Ingreso simulado por reserva,150000
2028-02-13 12:40:00,sim@hotboat.cl,1001436,Ingreso simulado por reserva,150000
2028-02-13 12:50:00,sim@hotboat.cl,1001437,Ingreso simulado por reserva,150000
2028-02-13 12:50:00,sim@hotboat.cl,1001438,Ingreso simulado por reserva,150000
2028-02-13 12:50:00,sim@hotboat.cl,1001439,Ingreso simulado por reserva,150000
2028-02-14 12:00:00,sim@hotboat.cl,1001440,Ingreso simulado por reserva,150000
2028-02-14 12:10:00,sim@hotboat.cl,1001441,Ingreso simulado por reserva,150000
2028-02-15 12:00:00,sim@hotboat.cl,1001442,Ingreso simulado por reserva,150000
2028-02-15 12:10:00,sim@hotboat.cl,1001443,Ingreso simulado por reserva,150000
2028-02-16 12:00:00,sim@hotboat.cl,1001444,Ingreso simulado por reserva,150000
2028-02-16 12:10:00,sim@hotboat.cl,1001445,Ingreso simulado por reserva,150000
2028-02-16 12:20:00,sim@hotboat.cl,1001446,Ingreso simulado por reserva,150000
2028-02-16 12:30:00,sim@hotboat.cl,1001447,Ingreso simulado por reserva,150000
2028-02-16 12:40:00,sim@hotboat.cl,1001448,Ingreso simulado por reserva,150000
2028-02-16 12:50:00,sim@hotboat.cl,1001449,Ingreso simulado por reserva,150000
2028-02-17 12:00:00,sim@hotboat.cl,1001450,Ingreso simulado por reserva,150000
2028-02-17 12:10:00,sim@hotboat.cl,1001451,Ingreso simulado por reserva,150000
2028-02-17 12:20:00,sim@hotboat.cl,1001452,Ingreso simulado por reserva,150000
2028-02-18 12:00:00,sim@hotboat.cl,1001453,Ingreso simulado por reserva,150000
2028-02-18 12:10:00,sim@hotboat.cl,1001454,Ingreso simulado por reserva,150000
2028-02-18 12:20:00,sim@hotboat.cl,1001455,Ingreso simulado por reserva,150000
2028-02-19 12:00:00,sim@hotboat.cl,1001456,Ingreso simulado por reserva,150000
2028-02-19 12:00:00,sim@hotboat.cl,1001457,Ingreso simulado por reserva,150000
2028-02-19 12:00:00,sim@hotboat.cl,1001458,Ingreso simulado por reserva,150000
2028-02-19 12:10:00,sim@hotboat.cl,1001459,Ingreso simulado por reserva,150000
2028-02-19 12:10:00,sim@hotboat.cl,1001460,Ingreso simulado por reserva,150000
2028-02-19 12:10:00,sim@hotboat.cl,1001461,Ingreso simulado por reserva,150000
2028-02-19 12:20:00,sim@hotboat.cl,1001462,Ingreso simulado por reserva,150000
2028-02-19 12:20:00,sim@hotboat.cl,1001463,Ingreso simulado por reserva,150000
2028-02-19 12:30:00,sim@hotboat.cl,1001464,Ingreso simulado por reserva,150000
2028-02-19 12:30:00,sim@hotboat.cl,1001465,Ingreso simulado por reserva,150000
2028-02-19 12:40:00,sim@hotboat.cl,1001466,Ingreso simulado por reserva,150000
2028-02-19 12:40:00,sim@hotboat.cl,1001467,Ingreso simulado por reserva,150000
2028-02-19 12:50:00,sim@hotboat.cl,1001468,Ingreso simulado por reserva,150000
2028-02-19 12:50:00,sim@hotboat.cl,1001469,Ingreso simulado por reserva,150000
2028-02-20 12:00:00,sim@hotboat.cl,1001470,Ingreso simulado por reserva,150000
2028-02-20 12:00:00,sim@hotboat.cl,1001471,Ingreso simulado por reserva,150000
2028-02-20 12:00:00,sim@hotboat.cl,1001472,Ingreso simulado por reserva,150000
2028-02-20 12:10:00,sim@hotboat.cl,1001473,Ingreso simulado por reserva,150000
2028-02-20 12:10:00,sim@hotboat.cl,1001474,Ingreso simulado por reserva,150000
2028-02-20 12:20:00,sim@hotboat.cl,1001475,Ingreso simulado por reserva,150000
2028-02-20 12:20:00,sim@hotboat.cl,1001476,Ingreso simulado por reserva,150000
2028-02-20 12:30:00,sim@hotboat.cl,1001477,Ingreso simulado por reserva,150000
2028-02-20 12:30:00,sim@hotboat.cl,1001478,Ingreso simulado por reserva,150000
2028-02-20 12:40:00,sim@hotboat.cl,1001479,Ingreso simulado por reserva,150000
2028-02-20 12:40:00,sim@hotboat.cl,1001480,Ingreso simulado por reserva,150000
2028-02-20 12:50:00,sim@hotboat.cl,1001481,Ingreso simulado por reserva,150000
2028-02-20 12:50:00,sim@hotboat.cl,1001482,Ingreso simulado por reserva,150000
2028-02-21 12:00:00,sim@hotboat.cl,1001483,Ingreso simulado por reserva,150000
2028-02-21 12:10:00,sim@hotboat.cl,1001484,Ingreso simulado por reserva,150000
2028-02-21 12:20:00,sim@hotboat.cl,1001485,Ingreso simulado por reserva,150000
2028-02-23 12:00:00,sim@hotboat.cl,1001486,Ingreso simulado por reserva,150000
2028-02-24 12:00:00,sim@hotboat.cl,1001487,Ingreso simulado por reserva,150000
2028-02-24 12:10:00,sim@hotboat.cl,1001488,Ingreso simulado por reserva,150000
2028-02-24 12:20:00,sim@hotboat.cl,1001489,Ingreso simulado por reserva,150000
2028-02-24 12:30:00,sim@hotboat.cl,1001490,Ingreso simulado por reserva,150000
2028-02-24 12:40:00,sim@hotboat.cl,1001491,Ingreso simulado por reserva,150000
2028-02-25 12:00:00,sim@hotboat.cl,1001492,Ingreso simulado por reserva,150000
2028-02-25 12:10:00,sim@hotboat.cl,1001493,Ingreso simulado por reserva,150000
2028-02-25 12:20:00,sim@hotboat.cl,1001494,Ingreso simulado por reserva,150000
2028-02-26 12:00:00,sim@hotboat.cl,1001495,Ingreso simulado por reserva,150000
2028-02-26 12:00:00,sim@hotboat.cl,1001496,Ingreso simulado por reserva,150000
2028-02-26 12:00:00,sim@hotboat.cl,1001497,Ingreso simulado por reserva,150000
2028-02-26 12:10:00,sim@hotboat.cl,1001498,Ingreso simulado por reserva,150000
2028-02-26 12:10:00,sim@hotboat.cl,1001499,Ingreso simulado por reserva,150000
2028-02-26 12:10:00,sim@hotboat.cl,1001500,Ingreso simulado por reserva,150000
2028-02-26 12:20:00,sim@hotboat.cl,1001501,Ingreso simulado por reserva,150000
2028-02-26 12:20:00,sim@hotboat.cl,1001502,Ingreso simulado por reserva,150000
2028-02-26 12:30:00,sim@hotboat.cl,1001503,Ingreso simulado por reserva,150000
2028-02-26 12:30:00,sim@hotboat.cl,1001504,Ingreso simulado por reserva,150000
2028-02-26 12:40:00,sim@hotboat.cl,1001505,Ingreso simulado por reserva,150000
2028-02-26 12:40:00,sim@hotboat.cl,1001506,Ingreso simulado por reserva,150000
2028-02-26 12:50:00,sim@hotboat.cl,1001507,Ingreso simulado por reserva,150000
2028-02-26 12:50:00,sim@hotboat.cl,1001508,Ingreso simulado por reserva,150000
2028-02-27 12:00:00,sim@hotboat.cl,1001509,Ingreso simulado por reserva,150000
2028-02-27 12:00:00,sim@hotboat.cl,1001510,Ingreso simulado por reserva,150000
2028-02-27 12:10:00,sim@hotboat.cl,1001511,Ingreso simulado por reserva,150000
2028-02-27 12:10:00,sim@hotboat.cl,1001512,Ingreso simulado por reserva,150000
2028-02-27 12:20:00,sim@hotboat.cl,1001513,Ingreso simulado por reserva,150000
2028-02-27 12:30:00,sim@hotboat.cl,1001514,Ingreso simulado por reserva,150000
2028-02-27 12:40:00,sim@hotboat.cl,1001515,Ingreso simulado por reserva,150000
2028-02-27 12:50:00,sim@hotboat.cl,1001516,Ingreso simulado por reserva,150000
2028-02-28 12:00:00,sim@hotboat.cl,1001517,Ingreso simulado por reserva,150000
2028-02-28 12:10:00,sim@hotboat.cl,1001518,Ingreso simulado por reserva,150000
2028-02-28 12:20:00,sim@hotboat.cl,1001519,Ingreso simulado por reserva,150000
2028-02-28 12:30:00,sim@hotboat.cl,1001520,Ingreso simulado por reserva,150000
2028-02-29 12:00:00,sim@hotboat.cl,1001521,Ingreso simulado por reserva,150000
2028-02-29 12:10:00,sim@hotboat.cl,1001522,Ingreso simulado por reserva,150000
2028-02-29 12:20:00,sim@hotboat.cl,1001523,Ingreso simulado por reserva,150000
2028-02-29 12:30:00,sim@hotboat.cl,1001524,Ingreso simulado por reserva,150000
2028-02-29 12:40:00,sim@hotboat.cl,1001525,Ingreso simulado por reserva,150000
2028-02-29 12:50:00,sim@hotboat.cl,1001526,Ingreso simulado por reserva,150000
2027-03-01 12:00:00,sim@hotboat.cl,1001527,Ingreso simulado por reserva,150000
2027-03-04 12:00:00,sim@hotboat.cl,1001528,Ingreso simulado por reserva,150000
2027-03-04 12:10:00,sim@hotboat.cl,1001529,Ingreso simulado por reserva,150000
2027-03-05 12:00:00,sim@hotboat.cl,1001530,Ingreso simulado por reserva,150000
2027-03-06 12:00:00,sim@hotboat.cl,1001531,Ingreso simulado por reserva,150000
2027-03-06 12:10:00,sim@hotboat.cl,1001532,Ingreso simulado por reserva,150000
2027-03-06 12:20:00,sim@hotboat.cl,1001533,Ingreso simulado por reserva,150000
2027-03-07 12:00:00,sim@hotboat.cl,1001534,Ingreso simulado por reserva,150000
2027-03-07 12:10:00,sim@hotboat.cl,1001535,Ingreso simulado por reserva,150000
2027-03-07 12:20:00,sim@hotboat.cl,1001536,Ingreso simulado por reserva,150000
2027-03-07 12:30:00,sim@hotboat.cl,1001537,Ingreso simulado por reserva,150000
2027-03-10 12:00:00,sim@hotboat.cl,1001538,Ingreso simulado por reserva,150000
2027-03-10 12:10:00,sim@hotboat.cl,1001539,Ingreso simulado por reserva,150000
2027-03-11 12:00:00,sim@hotboat.cl,1001540,Ingreso simulado por reserva,150000
2027-03-13 12:00:00,sim@hotboat.cl,1001541,Ingreso simulado por reserva,150000
2027-03-14 12:00:00,sim@hotboat.cl,1001542,Ingreso simulado por reserva,150000
2027-03-14 12:10:00,sim@hotboat.cl,1001543,Ingreso simulado por reserva,150000
2027-03-14 12:20:00,sim@hotboat.cl,1001544,Ingreso simulado por reserva,150000
2027-03-14 12:30:00,sim@hotboat.cl,1001545,Ingreso simulado por reserva,150000
2027-03-20 12:00:00,sim@hotboat.cl,1001546,Ingreso simulado por reserva,150000
2027-03-24 12:00:00,sim@hotboat.cl,1001547,Ingreso simulado por reserva,150000
2027-03-27 12:00:00,sim@hotboat.cl,1001548,Ingreso simulado por reserva,150000
2027-03-29 12:00:00,sim@hotboat.cl,1001549,Ingreso simulado por reserva,150000
2027-03-30 12:00:00,sim@hotboat.cl,1001550,Ingreso simulado por reserva,150000
2028-03-01 12:00:00,sim@hotboat.cl,1001551,Ingreso simulado por reserva,150000
2028-03-03 12:00:00,sim@hotboat.cl,1001552,Ingreso simulado por reserva,150000
2028-03-04 12:00:00,sim@hotboat.cl,1001553,Ingreso simulado por reserva,150000
2028-03-04 12:10:00,sim@hotboat.cl,1001554,Ingreso simulado por reserva,150000
2028-03-04 12:20:00,sim@hotboat.cl,1001555,Ingreso simulado por reserva,150000
2028-03-04 12:30:00,sim@hotboat.cl,1001556,Ingreso simulado por reserva,150000
2028-03-05 12:00:00,sim@hotboat.cl,1001557,Ingreso simulado por reserva,150000
2028-03-05 12:10:00,sim@hotboat.cl,1001558,Ingreso simulado por reserva,150000
2028-03-05 12:20:00,sim@hotboat.cl,1001559,Ingreso simulado por reserva,150000
2028-03-05 12:30:00,sim@hotboat.cl,1001560,Ingreso simulado por reserva,150000
2028-03-06 12:00:00,sim@hotboat.cl,1001561,Ingreso simulado por reserva,150000
2028-03-06 12:10:00,sim@hotboat.cl,1001562,Ingreso simulado por reserva,150000
2028-03-07 12:00:00,sim@hotboat.cl,1001563,Ingreso simulado por reserva,150000
2028-03-10 12:00:00,sim@hotboat.cl,1001564,Ingreso simulado por reserva,150000
2028-03-10 12:10:00,sim@hotboat.cl,1001565,Ingreso simulado por reserva,150000
2028-03-11 12:00:00,sim@hotboat.cl,1001566,Ingreso simulado por reserva,150000
2028-03-12 12:00:00,sim@hotboat.cl,1001567,Ingreso simulado por reserva,150000
2028-03-12 12:10:00,sim@hotboat.cl,1001568,Ingreso simulado por reserva,150000
2028-03-12 12:20:00,sim@hotboat.cl,1001569,Ingreso simulado por reserva,150000
2028-03-12 12:30:00,sim@hotboat.cl,1001570,Ingreso simulado por reserva,150000
2028-03-12 12:40:00,sim@hotboat.cl,1001571,Ingreso simulado por reserva,150000
2028-03-13 12:00:00,sim@hotboat.cl,1001572,Ingreso simulado por reserva,150000
2028-03-18 12:00:00,sim@hotboat.cl,1001573,Ingreso simulado por reserva,150000
2028-03-24 12:00:00,sim@hotboat.cl,1001574,Ingreso simulado por reserva,150000
2028-03-25 12:00:00,sim@hotboat.cl,1001575,Ingreso simulado por reserva,150000
2028-03-25 12:10:00,sim@hotboat.cl,1001576,Ingreso simulado por reserva,150000
2028-03-27 12:00:00,sim@hotboat.cl,1001577,Ingreso simulado por reserva,150000
2028-03-29 12:00:00,sim@hotboat.cl,1001578,Ingreso simulado por reserva,150000
2028-03-30 12:00:00,sim@hotboat.cl,1001579,Ingreso simulado por reserva,150000
2027-04-01 12:00:00,sim@hotboat.cl,1001580,Ingreso simulado por reserva,150000
2027-04-03 12:00:00,sim@hotboat.cl,1001581,Ingreso simulado por reserva,150000
2027-04-03 12:10:00,sim@hotboat.cl,1001582,Ingreso simulado por reserva,150000
2027-04-03 12:20:00,sim@hotboat.cl,1001583,Ingreso simulado por reserva,150000
2027-04-04 12:00:00,sim@hotboat.cl,1001584,Ingreso simulado por reserva,150000
2027-04-04 12:10:00,sim@hotboat.cl,1001585,Ingreso simulado por reserva,150000
2027-04-04 12:20:00,sim@hotboat.cl,1001586,Ingreso simulado por reserva,150000
2027-04-04 12:30:00,sim@hotboat.cl,1001587,Ingreso simulado por reserva,150000
2027-04-06 12:00:00,sim@hotboat.cl,1001588,Ingreso simulado por reserva,150000
2027-04-06 12:10:00,sim@hotboat.cl,1001589,Ingreso simulado por reserva,150000
2027-04-07 12:00:00,sim@hotboat.cl,1001590,Ingreso simulado por reserva,150000
2027-04-10 12:00:00,sim@hotboat.cl,1001591,Ingreso simulado por reserva,150000
2027-04-11 12:00:00,sim@hotboat.cl,1001592,Ingreso simulado por reserva,150000
2027-04-11 12:10:00,sim@hotboat.cl,1001593,Ingreso simulado por reserva,150000
2027-04-11 12:20:00,sim@hotboat.cl,1001594,Ingreso simulado por reserva,150000
2027-04-11 12:30:00,sim@hotboat.cl,1001595,Ingreso simulado por reserva,150000
2027-04-12 12:00:00,sim@hotboat.cl,1001596,Ingreso simulado por reserva,150000
2027-04-12 12:10:00,sim@hotboat.cl,1001597,Ingreso simulado por reserva,150000
2027-04-13 12:00:00,sim@hotboat.cl,1001598,Ingreso simulado por reserva,150000
2027-04-17 12:00:00,sim@hotboat.cl,1001599,Ingreso simulado por reserva,150000
2027-04-24 12:00:00,sim@hotboat.cl,1001600,Ingreso simulado por reserva,150000
2027-04-26 12:00:00,sim@hotboat.cl,1001601,Ingreso simulado por reserva,150000
2027-04-29 12:00:00,sim@hotboat.cl,1001602,Ingreso simulado por reserva,150000
2027-04-30 12:00:00,sim@hotboat.cl,1001603,Ingreso simulado por reserva,150000
2028-04-01 12:00:00,sim@hotboat.cl,1001604,Ingreso simulado por reserva,150000
2028-04-01 12:10:00,sim@hotboat.cl,1001605,Ingreso simulado por reserva,150000
2028-04-01 12:20:00,sim@hotboat.cl,1001606,Ingreso simulado por reserva,150000
2028-04-02 12:00:00,sim@hotboat.cl,1001607,Ingreso simulado por reserva,150000
2028-04-02 12:10:00,sim@hotboat.cl,1001608,Ingreso simulado por reserva,150000
2028-04-02 12:20:00,sim@hotboat.cl,1001609,Ingreso simulado por reserva,150000
2028-04-02 12:30:00,sim@hotboat.cl,1001610,Ingreso simulado por reserva,150000
2028-04-03 12:00:00,sim@hotboat.cl,1001611,Ingreso simulado por reserva,150000
2028-04-04 12:00:00,sim@hotboat.cl,1001612,Ingreso simulado por reserva,150000
2028-04-05 12:00:00,sim@hotboat.cl,1001613,Ingreso simulado por reserva,150000
2028-04-06 12:00:00,sim@hotboat.cl,1001614,Ingreso simulado por reserva,150000
2028-04-06 12:10:00,sim@hotboat.cl,1001615,Ingreso simulado por reserva,150000
2028-04-07 12:00:00,sim@hotboat.cl,1001616,Ingreso simulado por reserva,150000
2028-04-08 12:00:00,sim@hotboat.cl,1001617,Ingreso simulado por reserva,150000
2028-04-09 12:00:00,sim@hotboat.cl,1001618,Ingreso simulado por reserva,150000
2028-04-09 12:10:00,sim@hotboat.cl,1001619,Ingreso simulado por reserva,150000
2028-04-09 12:20:00,sim@hotboat.cl,1001620,Ingreso simulado por reserva,150000
2028-04-09 12:30:00,sim@hotboat.cl,1001621,Ingreso simulado por reserva,150000
2028-04-12 12:00:00,sim@hotboat.cl,1001622,Ingreso simulado por reserva,150000
2028-04-12 12:10:00,sim@hotboat.cl,1001623,Ingreso simulado por reserva,150000
2028-04-13 12:00:00,sim@hotboat.cl,1001624,Ingreso simulado por reserva,150000
2028-04-15 12:00:00,sim@hotboat.cl,1001625,Ingreso simulado por reserva,150000
2028-04-20 12:00:00,sim@hotboat.cl,1001626,Ingreso simulado por reserva,150000
2028-04-22 12:00:00,sim@hotboat.cl,1001627,Ingreso simulado por reserva,150000
2028-04-26 12:00:00,sim@hotboat.cl,1001628,Ingreso simulado por reserva,150000
2028-04-27 12:00:00,sim@hotboat.cl,1001629,Ingreso simulado por reserva,150000
2028-04-29 12:00:00,sim@hotboat.cl,1001630,Ingreso simulado por reserva,150000
2028-04-29 12:10:00,sim@hotboat.cl,1001631,Ingreso simulado por reserva,150000
2028-04-30 12:00:00,sim@hotboat.cl,1001632,Ingreso simulado por reserva,150000
2027-05-01 12:00:00,sim@hotboat.cl,1001633,Ingreso simulado por reserva,150000
2027-05-01 12:10:00,sim@hotboat.cl,1001634,Ingreso simulado por reserva,150000
2027-05-01 12:20:00,sim@hotboat.cl,1001635,Ingreso simulado por reserva,150000
2027-05-02 12:00:00,sim@hotboat.cl,1001636,Ingreso simulado por reserva,150000
2027-05-02 12:10:00,sim@hotboat.cl,1001637,Ingreso simulado por reserva,150000
2027-05-02 12:20:00,sim@hotboat.cl,1001638,Ingreso simulado por reserva,150000
2027-05-02 12:30:00,sim@hotboat.cl,1001639,Ingreso simulado por reserva,150000
2027-05-03 12:00:00,sim@hotboat.cl,1001640,Ingreso simulado por reserva,150000
2027-05-05 12:00:00,sim@hotboat.cl,1001641,Ingreso simulado por reserva,150000
2027-05-06 12:00:00,sim@hotboat.cl,1001642,Ingreso simulado por reserva,150000
2027-05-06 12:10:00,sim@hotboat.cl,1001643,Ingreso simulado por reserva,150000
2027-05-07 12:00:00,sim@hotboat.cl,1001644,Ingreso simulado por reserva,150000
2027-05-08 12:00:00,sim@hotboat.cl,1001645,Ingreso simulado por reserva,150000
2027-05-09 12:00:00,sim@hotboat.cl,1001646,Ingreso simulado por reserva,150000
2027-05-09 12:10:00,sim@hotboat.cl,1001647,Ingreso simulado por reserva,150000
2027-05-12 12:00:00,sim@hotboat.cl,1001648,Ingreso simulado por reserva,150000
2027-05-12 12:10:00,sim@hotboat.cl,1001649,Ingreso simulado por reserva,150000
2027-05-13 12:00:00,sim@hotboat.cl,1001650,Ingreso simulado por reserva,150000
2027-05-15 12:00:00,sim@hotboat.cl,1001651,Ingreso simulado por reserva,150000
2027-05-22 12:00:00,sim@hotboat.cl,1001652,Ingreso simulado por reserva,150000
2027-05-26 12:00:00,sim@hotboat.cl,1001653,Ingreso simulado por reserva,150000
2027-05-29 12:00:00,sim@hotboat.cl,1001654,Ingreso simulado por reserva,150000
2027-05-30 12:00:00,sim@hotboat.cl,1001655,Ingreso simulado por reserva,150000
2027-05-31 12:00:00,sim@hotboat.cl,1001656,Ingreso simulado por reserva,150000
2028-05-01 12:00:00,sim@hotboat.cl,1001657,Ingreso simulado por reserva,150000
2028-05-03 12:00:00,sim@hotboat.cl,1001658,Ingreso simulado por reserva,150000
2028-05-04 12:00:00,sim@hotboat.cl,1001659,Ingreso simulado por reserva,150000
2028-05-04 12:10:00,sim@hotboat.cl,1001660,Ingreso simulado por reserva,150000
2028-05-05 12:00:00,sim@hotboat.cl,1001661,Ingreso simulado por reserva,150000
2028-05-06 12:00:00,sim@hotboat.cl,1001662,Ingreso simulado por reserva,150000
2028-05-06 12:10:00,sim@hotboat.cl,1001663,Ingreso simulado por reserva,150000
2028-05-06 12:20:00,sim@hotboat.cl,1001664,Ingreso simulado por reserva,150000
2028-05-06 12:30:00,sim@hotboat.cl,1001665,Ingreso simulado por reserva,150000
2028-05-07 12:00:00,sim@hotboat.cl,1001666,Ingreso simulado por reserva,150000
2028-05-07 12:10:00,sim@hotboat.cl,1001667,Ingreso simulado por reserva,150000
2028-05-07 12:20:00,sim@hotboat.cl,1001668,Ingreso simulado por reserva,150000
2028-05-07 12:30:00,sim@hotboat.cl,1001669,Ingreso simulado por reserva,150000
2028-05-10 12:00:00,sim@hotboat.cl,1001670,Ingreso simulado por reserva,150000
2028-05-10 12:10:00,sim@hotboat.cl,1001671,Ingreso simulado por reserva,150000
2028-05-11 12:00:00,sim@hotboat.cl,1001672,Ingreso simulado por reserva,150000
2028-05-13 12:00:00,sim@hotboat.cl,1001673,Ingreso simulado por reserva,150000
2028-05-14 12:00:00,sim@hotboat.cl,1001674,Ingreso simulado por reserva,150000
2028-05-14 12:10:00,sim@hotboat.cl,1001675,Ingreso simulado por reserva,150000
2028-05-14 12:20:00,sim@hotboat.cl,1001676,Ingreso simulado por reserva,150000
2028-05-14 12:30:00,sim@hotboat.cl,1001677,Ingreso simulado por reserva,150000
2028-05-14 12:40:00,sim@hotboat.cl,1001678,Ingreso simulado por reserva,150000
2028-05-20 12:00:00,sim@hotboat.cl,1001679,Ingreso simulado por reserva,150000
2028-05-24 12:00:00,sim@hotboat.cl,1001680,Ingreso simulado por reserva,150000
2028-05-25 12:00:00,sim@hotboat.cl,1001681,Ingreso simulado por reserva,150000
2028-05-27 12:00:00,sim@hotboat.cl,1001682,Ingreso simulado por reserva,150000
2028-05-27 12:10:00,sim@hotboat.cl,1001683,Ingreso simulado por reserva,150000
2028-05-29 12:00:00,sim@hotboat.cl,1001684,Ingreso simulado por reserva,150000
2028-05-30 12:00:00,sim@hotboat.cl,1001685,Ingreso simulado por reserva,150000
2027-06-01 12:00:00,sim@hotboat.cl,1001686,Ingreso simulado por reserva,150000
2027-06-04 12:00:00,sim@hotboat.cl,1001687,Ingreso simulado por reserva,150000
2027-06-04 12:10:00,sim@hotboat.cl,1001688,Ingreso simulado por reserva,150000
2027-06-05 12:00:00,sim@hotboat.cl,1001689,Ingreso simulado por reserva,150000
2027-06-05 12:10:00,sim@hotboat.cl,1001690,Ingreso simulado por reserva,150000
2027-06-06 12:00:00,sim@hotboat.cl,1001691,Ingreso simulado por reserva,150000
2027-06-06 12:10:00,sim@hotboat.cl,1001692,Ingreso simulado por reserva,150000
2027-06-06 12:20:00,sim@hotboat.cl,1001693,Ingreso simulado por reserva,150000
2027-06-07 12:00:00,sim@hotboat.cl,1001694,Ingreso simulado por reserva,150000
2027-06-10 12:00:00,sim@hotboat.cl,1001695,Ingreso simulado por reserva,150000
2027-06-10 12:10:00,sim@hotboat.cl,1001696,Ingreso simulado por reserva,150000
2027-06-11 12:00:00,sim@hotboat.cl,1001697,Ingreso simulado por reserva,150000
2027-06-12 12:00:00,sim@hotboat.cl,1001698,Ingreso simulado por reserva,150000
2027-06-13 12:00:00,sim@hotboat.cl,1001699,Ingreso simulado por reserva,150000
2027-06-13 12:10:00,sim@hotboat.cl,1001700,Ingreso simulado por reserva,150000
2027-06-19 12:00:00,sim@hotboat.cl,1001701,Ingreso simulado por reserva,150000
2027-06-26 12:00:00,sim@hotboat.cl,1001702,Ingreso simulado por reserva,150000
2027-06-29 12:00:00,sim@hotboat.cl,1001703,Ingreso simulado por reserva,150000
2028-06-01 12:00:00,sim@hotboat.cl,1001704,Ingreso simulado por reserva,150000
2028-06-03 12:00:00,sim@hotboat.cl,1001705,Ingreso simulado por reserva,150000
2028-06-03 12:10:00,sim@hotboat.cl,1001706,Ingreso simulado por reserva,150000
2028-06-03 12:20:00,sim@hotboat.cl,1001707,Ingreso simulado por reserva,150000
2028-06-04 12:00:00,sim@hotboat.cl,1001708,Ingreso simulado por reserva,150000
2028-06-04 12:10:00,sim@hotboat.cl,1001709,Ingreso simulado por reserva,150000
2028-06-04 12:20:00,sim@hotboat.cl,1001710,Ingreso simulado por reserva,150000
2028-06-04 12:30:00,sim@hotboat.cl,1001711,Ingreso simulado por reserva,150000
2028-06-06 12:00:00,sim@hotboat.cl,1001712,Ingreso simulado por reserva,150000
2028-06-06 12:10:00,sim@hotboat.cl,1001713,Ingreso simulado por reserva,150000
2028-06-07 12:00:00,sim@hotboat.cl,1001714,Ingreso simulado por reserva,150000
2028-06-10 12:00:00,sim@hotboat.cl,1001715,Ingreso simulado por reserva,150000
2028-06-11 12:00:00,sim@hotboat.cl,1001716,Ingreso simulado por reserva,150000
2028-06-11 12:10:00,sim@hotboat.cl,1001717,Ingreso simulado por reserva,150000
2028-06-11 12:20:00,sim@hotboat.cl,1001718,Ingreso simulado por reserva,150000
2028-06-12 12:00:00,sim@hotboat.cl,1001719,Ingreso simulado por reserva,150000
2028-06-12 12:10:00,sim@hotboat.cl,1001720,Ingreso simulado por reserva,150000
2028-06-13 12:00:00,sim@hotboat.cl,1001721,Ingreso simulado por reserva,150000
2028-06-17 12:00:00,sim@hotboat.cl,1001722,Ingreso simulado por reserva,150000
2028-06-24 12:00:00,sim@hotboat.cl,1001723,Ingreso simulado por reserva,150000
2028-06-29 12:00:00,sim@hotboat.cl,1001724,Ingreso simulado por reserva,150000
2028-06-30 12:00:00,sim@hotboat.cl,1001725,Ingreso simulado por reserva,150000
2027-07-01 12:00:00,sim@hotboat.cl,1001726,Ingreso simulado por reserva,150000
2027-07-01 12:10:00,sim@hotboat.cl,1001727,Ingreso simulado por reserva,150000
2027-07-01 12:20:00,sim@hotboat.cl,1001728,Ingreso simulado por reserva,150000
2027-07-02 12:00:00,sim@hotboat.cl,1001729,Ingreso simulado por reserva,150000
2027-07-03 12:00:00,sim@hotboat.cl,1001730,Ingreso simulado por reserva,150000
2027-07-03 12:10:00,sim@hotboat.cl,1001731,Ingreso simulado por reserva,150000
2027-07-03 12:20:00,sim@hotboat.cl,1001732,Ingreso simulado por reserva,150000
2027-07-03 12:30:00,sim@hotboat.cl,1001733,Ingreso simulado por reserva,150000
2027-07-03 12:40:00,sim@hotboat.cl,1001734,Ingreso simulado por reserva,150000
2027-07-04 12:00:00,sim@hotboat.cl,1001735,Ingreso simulado por reserva,150000
2027-07-04 12:10:00,sim@hotboat.cl,1001736,Ingreso simulado por reserva,150000
2027-07-04 12:20:00,sim@hotboat.cl,1001737,Ingreso simulado por reserva,150000
2027-07-04 12:30:00,sim@hotboat.cl,1001738,Ingreso simulado por reserva,150000
2027-07-05 12:00:00,sim@hotboat.cl,1001739,Ingreso simulado por reserva,150000
2027-07-05 12:10:00,sim@hotboat.cl,1001740,Ingreso simulado por reserva,150000
2027-07-06 12:00:00,sim@hotboat.cl,1001741,Ingreso simulado por reserva,150000
2027-07-06 12:10:00,sim@hotboat.cl,1001742,Ingreso simulado por reserva,150000
2027-07-07 12:00:00,sim@hotboat.cl,1001743,Ingreso simulado por reserva,150000
2027-07-09 12:00:00,sim@hotboat.cl,1001744,Ingreso simulado por reserva,150000
2027-07-10 12:00:00,sim@hotboat.cl,1001745,Ingreso simulado por reserva,150000
2027-07-10 12:10:00,sim@hotboat.cl,1001746,Ingreso simulado por reserva,150000
2027-07-11 12:00:00,sim@hotboat.cl,1001747,Ingreso simulado por reserva,150000
2027-07-11 12:10:00,sim@hotboat.cl,1001748,Ingreso simulado por reserva,150000
2027-07-11 12:20:00,sim@hotboat.cl,1001749,Ingreso simulado por reserva,150000
2027-07-11 12:30:00,sim@hotboat.cl,1001750,Ingreso simulado por reserva,150000
2027-07-11 12:40:00,sim@hotboat.cl,1001751,Ingreso simulado por reserva,150000
2027-07-11 12:50:00,sim@hotboat.cl,1001752,Ingreso simulado por reserva,150000
2027-07-12 12:00:00,sim@hotboat.cl,1001753,Ingreso simulado por reserva,150000
2027-07-12 12:10:00,sim@hotboat.cl,1001754,Ingreso simulado por reserva,150000
2027-07-12 12:20:00,sim@hotboat.cl,1001755,Ingreso simulado por reserva,150000
2027-07-13 12:00:00,sim@hotboat.cl,1001756,Ingreso simulado por reserva,150000
2027-07-17 12:00:00,sim@hotboat.cl,1001757,Ingreso simulado por reserva,150000
2027-07-17 12:10:00,sim@hotboat.cl,1001758,Ingreso simulado por reserva,150000
2027-07-20 12:00:00,sim@hotboat.cl,1001759,Ingreso simulado por reserva,150000
2027-07-23 12:00:00,sim@hotboat.cl,1001760,Ingreso simulado por reserva,150000
2027-07-24 12:00:00,sim@hotboat.cl,1001761,Ingreso simulado por reserva,150000
2027-07-24 12:10:00,sim@hotboat.cl,1001762,Ingreso simulado por reserva,150000
2027-07-24 12:20:00,sim@hotboat.cl,1001763,Ingreso simulado por reserva,150000
2027-07-25 12:00:00,sim@hotboat.cl,1001764,Ingreso simulado por reserva,150000
2027-07-26 12:00:00,sim@hotboat.cl,1001765,Ingreso simulado por reserva,150000
2027-07-27 12:00:00,sim@hotboat.cl,1001766,Ingreso simulado por reserva,150000
2027-07-28 12:00:00,sim@hotboat.cl,1001767,Ingreso simulado por reserva,150000
2027-07-29 12:00:00,sim@hotboat.cl,1001768,Ingreso simulado por reserva,150000
2027-07-30 12:00:00,sim@hotboat.cl,1001769,Ingreso simulado por reserva,150000
2027-07-31 12:00:00,sim@hotboat.cl,1001770,Ingreso simulado por reserva,150000
2027-07-31 12:10:00,sim@hotboat.cl,1001771,Ingreso simulado por reserva,150000
2027-07-31 12:20:00,sim@hotboat.cl,1001772,Ingreso simulado por reserva,150000
2027-07-31 12:30:00,sim@hotboat.cl,1001773,Ingreso simulado por reserva,150000
2028-07-01 12:00:00,sim@hotboat.cl,1001774,Ingreso simulado por reserva,150000
2028-07-01 12:10:00,sim@hotboat.cl,1001775,Ingreso simulado por reserva,150000
2028-07-01 12:20:00,sim@hotboat.cl,1001776,Ingreso simulado por reserva,150000
2028-07-01 12:30:00,sim@hotboat.cl,1001777,Ingreso simulado por reserva,150000
2028-07-01 12:40:00,sim@hotboat.cl,1001778,Ingreso simulado por reserva,150000
2028-07-02 12:00:00,sim@hotboat.cl,1001779,Ingreso simulado por reserva,150000
2028-07-02 12:10:00,sim@hotboat.cl,1001780,Ingreso simulado por reserva,150000
2028-07-02 12:20:00,sim@hotboat.cl,1001781,Ingreso simulado por reserva,150000
2028-07-02 12:30:00,sim@hotboat.cl,1001782,Ingreso simulado por reserva,150000
2028-07-03 12:00:00,sim@hotboat.cl,1001783,Ingreso simulado por reserva,150000
2028-07-03 12:10:00,sim@hotboat.cl,1001784,Ingreso simulado por reserva,150000
2028-07-03 12:20:00,sim@hotboat.cl,1001785,Ingreso simulado por reserva,150000
2028-07-04 12:00:00,sim@hotboat.cl,1001786,Ingreso simulado por reserva,150000
2028-07-05 12:00:00,sim@hotboat.cl,1001787,Ingreso simulado por reserva,150000
2028-07-05 12:10:00,sim@hotboat.cl,1001788,Ingreso simulado por reserva,150000
2028-07-06 12:00:00,sim@hotboat.cl,1001789,Ingreso simulado por reserva,150000
2028-07-06 12:10:00,sim@hotboat.cl,1001790,Ingreso simulado por reserva,150000
2028-07-07 12:00:00,sim@hotboat.cl,1001791,Ingreso simulado por reserva,150000
2028-07-08 12:00:00,sim@hotboat.cl,1001792,Ingreso simulado por reserva,150000
2028-07-08 12:10:00,sim@hotboat.cl,1001793,Ingreso simulado por reserva,150000
2028-07-08 12:20:00,sim@hotboat.cl,1001794,Ingreso simulado por reserva,150000
2028-07-09 12:00:00,sim@hotboat.cl,1001795,Ingreso simulado por reserva,150000
2028-07-09 12:10:00,sim@hotboat.cl,1001796,Ingreso simulado por reserva,150000
2028-07-09 12:20:00,sim@hotboat.cl,1001797,Ingreso simulado por reserva,150000
2028-07-09 12:30:00,sim@hotboat.cl,1001798,Ingreso simulado por reserva,150000
2028-07-09 12:40:00,sim@hotboat.cl,1001799,Ingreso simulado por reserva,150000
2028-07-09 12:50:00,sim@hotboat.cl,1001800,Ingreso simulado por reserva,150000
2028-07-11 12:00:00,sim@hotboat.cl,1001801,Ingreso simulado por reserva,150000
2028-07-11 12:10:00,sim@hotboat.cl,1001802,Ingreso simulado por reserva,150000
2028-07-12 12:00:00,sim@hotboat.cl,1001803,Ingreso simulado por reserva,150000
2028-07-12 12:10:00,sim@hotboat.cl,1001804,Ingreso simulado por reserva,150000
2028-07-12 12:20:00,sim@hotboat.cl,1001805,Ingreso simulado por reserva,150000
2028-07-13 12:00:00,sim@hotboat.cl,1001806,Ingreso simulado por reserva,150000
2028-07-15 12:00:00,sim@hotboat.cl,1001807,Ingreso simulado por reserva,150000
2028-07-15 12:10:00,sim@hotboat.cl,1001808,Ingreso simulado por reserva,150000
2028-07-15 12:20:00,sim@hotboat.cl,1001809,Ingreso simulado por reserva,150000
2028-07-16 12:00:00,sim@hotboat.cl,1001810,Ingreso simulado por reserva,150000
2028-07-20 12:00:00,sim@hotboat.cl,1001811,Ingreso simulado por reserva,150000
2028-07-20 12:10:00,sim@hotboat.cl,1001812,Ingreso simulado por reserva,150000
2028-07-22 12:00:00,sim@hotboat.cl,1001813,Ingreso simulado por reserva,150000
2028-07-22 12:10:00,sim@hotboat.cl,1001814,Ingreso simulado por reserva,150000
2028-07-22 12:20:00,sim@hotboat.cl,1001815,Ingreso simulado por reserva,150000
2028-07-23 12:00:00,sim@hotboat.cl,1001816,Ingreso simulado por reserva,150000
2028-07-25 12:00:00,sim@hotboat.cl,1001817,Ingreso simulado por reserva,150000
2028-07-26 12:00:00,sim@hotboat.cl,1001818,Ingreso simulado por reserva,150000
2028-07-26 12:10:00,sim@hotboat.cl,1001819,Ingreso simulado por reserva,150000
2028-07-26 12:20:00,sim@hotboat.cl,1001820,Ingreso simulado por reserva,150000
2028-07-27 12:00:00,sim@hotboat.cl,1001821,Ingreso simulado por reserva,150000
2028-07-28 12:00:00,sim@hotboat.cl,1001822,Ingreso simulado por reserva,150000
2028-07-29 12:00:00,sim@hotboat.cl,1001823,Ingreso simulado por reserva,150000
2028-07-29 12:10:00,sim@hotboat.cl,1001824,Ingreso simulado por reserva,150000
2028-07-29 12:20:00,sim@hotboat.cl,1001825,Ingreso simulado por reserva,150000
2028-07-29 12:30:00,sim@hotboat.cl,1001826,Ingreso simulado por reserva,150000
2028-07-30 12:00:00,sim@hotboat.cl,1001827,Ingreso simulado por reserva,150000
2028-07-30 12:10:00,sim@hotboat.cl,1001828,Ingreso simulado por reserva,150000
2028-07-30 12:20:00,sim@hotboat.cl,1001829,Ingreso simulado por reserva,150000
2028-07-31 12:00:00,sim@hotboat.cl,1001830,Ingreso simulado por reserva,150000
2028-07-31 12:10:00,sim@hotboat.cl,1001831,Ingreso simulado por reserva,150000
