fecha,categoria,categoria_2,descripcion,monto
2025-08-01 12:00:00,ingreso operativo,Reservas (sim),Ingreso simulado por reserva,150000.0
2025-08-01 12:00:00,costo operativo,luz,luz,520.0
2025-08-01 12:00:00,costo operativo,gas,gas,10000.0
2025-08-01 12:00:00,costo operativo,agua,agua,700.0
2025-08-01 12:00:00,costo operativo,leña,leña,1500.0
2025-08-01 20:00:00,costo operativo,pago extra ayudante (diario),pago extra ayudante (diario),25000.0
2025-08-02 12:00:00,ingreso operativo,Reservas (sim),Ingreso simulado por reserva,150000.0
2025-08-02 12:00:00,costo operativo,leña,leña,1500.0
2025-08-02 12:00:00,costo operativo,agua,agua,700.0
2025-08-02 12:00:00,costo operativo,luz,luz,520.0
2025-08-02 12:00:00,costo operativo,gas,gas,10000.0
2025-08-02 20:00:00,costo operativo,pago extra ayudante (diario),pago extra ayudante (diario),25000.0
2025-08-03 12:00:00,ingreso operativo,Reservas (sim),Ingreso simulado por reserva,150000.0
2025-08-03 12:00:00,costo operativo,leña,leña,1500.0
2025-08-03 12:00:00,costo operativo,agua,agua,700.0
2025-08-03 12:00:00,costo operativo,luz,luz,520.0
2025-08-03 12:00:00,costo operativo,gas,gas,10000.0
2025-08-03 12:10:00,costo operativo,leña,leña,1500.0
2025-08-03 12:10:00,ingreso operativo,Reservas (sim),Ingreso simulado por reserva,150000.0
2025-08-03 12:10:00,costo operativo,luz,luz,520.0
2025-08-03 12:10:00,costo operativo,gas,gas,10000.0
2025-08-03 12:10:00,costo operativo,agua,agua,700.0
2025-08-03 20:00:00,costo operativo,pago extra ayudante (diario),pago extra ayudante (diario),45000.0
2025-08-06 12:00:00,costo operativo,leña,leña,1500.0
2025-08-06 12:00:00,costo operativo,agua,agua,700.0
2025-08-06 12:00:00,costo operativo,gas,gas,10000.0
2025-08-06 12:00:00,costo operativo,luz,luz,520.0
2025-08-06 12:00:00,ingreso operativo,Reservas (sim),Ingreso simulado por reserva,150000.0
2025-08-06 20:00:00,costo operativo,pago extra ayudante (diario),pago extra ayudante (diario),25000.0
2025-08-09 12:00:00,costo operativo,leña,leña,1500.0
2025-08-09 12:00:00,ingreso operativo,Reservas (sim),Ingreso simulado por reserva,150000.0
2025-08-09 12:00:00,costo operativo,agua,agua,700.0
2025-08-09 12:00:00,costo operativo,luz,luz,520.0
2025-08-09 12:00:00,costo operativo,gas,gas,10000.0
2025-08-09 20:00:00,costo operativo,pago extra ayudante (diario),pago extra ayudante (diario),25000.0
2025-08-10 12:00:00,costo operativo,agua,agua,700.0
2025-08-10 12:00:00,costo operativo,gas,gas,10000.0
2025-08-10 12:00:00,costo operativo,luz,luz,520.0
2025-08-10 12:00:00,costo operativo,leña,leña,1500.0
2025-08-10 12:00:00,ingreso operativo,Reservas (sim),Ingreso simulado por reserva,150000.0
2025-08-10 12:10:00,costo operativo,luz,luz,520.0
2025-08-10 12:10:00,costo operativo,agua,agua,700.0
2025-08-10 12:10:00,costo operativo,leña,leña,1500.0
2025-08-10 12:10:00,costo operativo,gas,gas,10000.0
2025-08-10 12:10:00,ingreso operativo,Reservas (sim),Ingreso simulado por reserva,150000.0
2025-08-10 20:00:00,costo operativo,pago extra ayudante (diario),pago extra ayudante (diario),45000.0
2025-08-12 12:00:00,ingreso operativo,Reservas (sim),Ingreso simulado por reserva,150000.0
2025-08-12 12:00:00,costo operativo,leña,leña,1500.0
2025-08-12 12:00:00,costo operativo,agua,agua,700.0
2025-08-12 12:00:00,costo operativo,luz,luz,520.0
2025-08-12 12:00:00,costo operativo,gas,gas,10000.0
2025-08-12 12:10:00,ingreso operativo,Reservas (sim),Ingreso simulado por reserva,150000.0
2025-08-12 12:10:00,costo operativo,leña,leña,1500.0
2025-08-12 12:10:00,costo operativo,agua,agua,700.0
2025-08-12 12:10:00,costo operativo,luz,luz,520.0
2025-08-12 12:10:00,costo operativo,gas,gas,10000.0
2025-08-12 20:00:00,costo operativo,pago extra ayudante (diario),pago extra ayudante (diario),45000.0
2025-08-13 12:00:00,costo operativo,gas,gas,10000.0
2025-08-13 12:00:00,costo operativo,leña,leña,1500.0
2025-08-13 12:00:00,costo operativo,agua,agua,700.0
2025-08-13 12:00:00,costo operativo,luz,luz,520.0
2025-08-13 12:00:00,ingreso operativo,Reservas (sim),Ingreso simulado por reserva,150000.0
2025-08-13 20:00:00,costo operativo,pago extra ayudante (diario),pago extra ayudante (diario),25000.0
2025-08-16 12:00:00,costo operativo,agua,agua,700.0
2025-08-16 12:00:00,costo operativo,luz,luz,520.0
2025-08-16 12:00:00,costo operativo,gas,gas,10000.0
2025-08-16 12:00:00,ingreso operativo,Reservas (sim),Ingreso simulado por reserva,150000.0
2025-08-16 12:00:00,costo operativo,leña,leña,1500.0
2025-08-16 20:00:00,costo operativo,pago extra ayudante (diario),pago extra ayudante (diario),25000.0
2025-08-29 12:00:00,ingreso operativo,Reservas (sim),Ingreso simulado por reserva,150000.0
2025-08-29 12:00:00,costo operativo,luz,luz,520.0
2025-08-29 12:00:00,costo operativo,agua,agua,700.0
2025-08-29 12:00:00,costo operativo,leña,leña,1500.0
2025-08-29 12:00:00,costo operativo,gas,gas,10000.0
2025-08-29 20:00:00,costo operativo,pago extra ayudante (diario),pago extra ayudante (diario),25000.0
2025-08-31 18:00:00,costos fijos,Simulación,Costo fijo mensual simulado,700000.0
2025-08-31 18:00:00,Costos de Marketing,Simulación,Gasto marketing mensual simulado,300000.0
2025-09-01 12:00:00,ingreso operativo,Reservas (sim),Ingreso simulado por reserva,150000.0
2025-09-01 12:00:00,costo operativo,leña,leña,1500.0
2025-09-01 12:00:00,costo operativo,agua,agua,700.0
2025-09-01 12:00:00,costo operativo,luz,luz,520.0
2025-09-01 12:00:00,costo operativo,gas,gas,10000.0
2025-09-01 20:00:00,costo operativo,pago extra ayudante (diario),pago extra ayudante (diario),25000.0
2025-09-04 12:00:00,costo operativo,leña,leña,1500.0
2025-09-04 12:00:00,costo operativo,agua,agua,700.0
2025-09-04 12:00:00,ingreso operativo,Reservas (sim),Ingreso simulado por reserva,150000.0
2025-09-04 12:00:00,costo operativo,gas,gas,10000.0
2025-09-04 12:00:00,costo operativo,luz,luz,520.0
2025-09-04 20:00:00,costo operativo,pago extra ayudante (diario),pago extra ayudante (diario),25000.0
2025-09-05 12:00:00,ingreso operativo,Reservas (sim),Ingreso simulado por reserva,150000.0
2025-09-05 12:00:00,costo operativo,leña,leña,1500.0
2025-09-05 12:00:00,costo operativo,gas,gas,10000.0
2025-09-05 12:00:00,costo operativo,agua,agua,700.0
2025-09-05 12:00:00,costo operativo,luz,luz,520.0
2025-09-05 20:00:00,costo operativo,pago extra ayudante (diario),pago extra ayudante (diario),25000.0
2025-09-06 12:00:00,costo operativo,agua,agua,700.0
2025-09-06 12:00:00,ingreso operativo,Reservas (sim),Ingreso simulado por reserva,150000.0
2025-09-06 12:00:00,costo operativo,leña,leña,1500.0
2025-09-06 12:00:00,costo operativo,luz,luz,520.0
2025-09-06 12:00:00,costo operativo,gas,gas,10000.0
2025-09-06 20:00:00,costo operativo,pago extra ayudante (diario),pago extra ayudante (diario),25000.0
2025-09-07 12:00:00,costo operativo,luz,luz,520.0
2025-09-07 12:00:00,costo operativo,gas,gas,10000.0
2025-09-07 12:00:00,ingreso operativo,Reservas (sim),Ingreso simulado por reserva,150000.0
2025-09-07 12:00:00,costo operativo,agua,agua,700.0
2025-09-07 12:00:00,costo operativo,leña,leña,1500.0
2025-09-07 12:10:00,costo operativo,leña,leña,1500.0
2025-09-07 12:10:00,costo operativo,agua,agua,700.0
2025-09-07 12:10:00,costo operativo,luz,luz,520.0
2025-09-07 12:10:00,costo operativo,gas,gas,10000.0
2025-09-07 12:10:00,ingreso operativo,Reservas (sim),Ingreso simulado por reserva,150000.0
2025-09-07 12:20:00,ingreso operativo,Reservas (sim),Ingreso simulado por reserva,150000.0
2025-09-07 12:20:00,costo operativo,gas,gas,10000.0
2025-09-07 12:20:00,costo operativo,luz,luz,520.0
2025-09-07 12:20:00,costo operativo,agua,agua,700.0
2025-09-07 12:20:00,costo operativo,leña,leña,1500.0
2025-09-07 20:00:00,costo operativo,pago extra ayudante (diario),pago extra ayudante (diario),60000.0
2025-09-10 12:00:00,costo operativo,gas,gas,10000.0
2025-09-10 12:00:00,costo operativo,agua,agua,700.0
2025-09-10 12:00:00,costo operativo,leña,leña,1500.0
2025-09-10 12:00:00,ingreso operativo,Reservas (sim),Ingreso simulado por reserva,150000.0
2025-09-10 12:00:00,costo operativo,luz,luz,520.0
2025-09-10 12:10:00,ingreso operativo,Reservas (sim),Ingreso simulado por reserva,150000.0
2025-09-10 12:10:00,costo operativo,gas,gas,10000.0
2025-09-10 12:10:00,costo operativo,luz,luz,520.0
2025-09-10 12:10:00,costo operativo,leña,leña,1500.0
2025-09-10 12:10:00,costo operativo,agua,agua,700.0
2025-09-10 20:00:00,costo operativo,pago extra ayudante (diario),pago extra ayudante (diario),45000.0
2025-09-11 12:00:00,ingreso operativo,Reservas (sim),Ingreso simulado por reserva,150000.0
2025-09-11 12:00:00,costo operativo,gas,gas,10000.0
2025-09-11 12:00:00,costo operativo,luz,luz,520.0
2025-09-11 12:00:00,costo operativo,agua,agua,700.0
2025-09-11 12:00:00,costo operativo,leña,leña,1500.0
2025-09-11 20:00:00,costo operativo,pago extra ayudante (diario),pago extra ayudante (diario),25000.0
2025-09-13 12:00:00,costo operativo,luz,luz,520.0
2025-09-13 12:00:00,costo operativo,agua,agua,700.0
2025-09-13 12:00:00,costo operativo,leña,leña,1500.0
2025-09-13 12:00:00,ingreso operativo,Reservas (sim),Ingreso simulado por reserva,150000.0
2025-09-13 12:00:00,costo operativo,gas,gas,10000.0
2025-09-13 20:00:00,costo operativo,pago extra ayudante (diario),pago extra ayudante (diario),25000.0
2025-09-14 12:00:00,costo operativo,leña,leña,1500.0
2025-09-14 12:00:00,ingreso operativo,Reservas (sim),Ingreso simulado por reserva,150000.0
2025-09-14 12:00:00,costo operativo,agua,agua,700.0
2025-09-14 12:00:00,costo operativo,luz,luz,520.0
2025-09-14 12:00:00,costo operativo,gas,gas,10000.0
2025-09-14 12:10:00,costo operativo,gas,gas,10000.0
2025-09-14 12:10:00,costo operativo,leña,leña,1500.0
2025-09-14 12:10:00,costo operativo,agua,agua,700.0
2025-09-14 12:10:00,costo operativo,luz,luz,520.0
2025-09-14 12:10:00,ingreso operativo,Reservas (sim),Ingreso simulado por reserva,150000.0
2025-09-14 20:00:00,costo operativo,pago extra ayudante (diario),pago extra ayudante (diario),45000.0
2025-09-20 12:00:00,ingreso operativo,Reservas (sim),Ingreso simulado por reserva,150000.0
2025-09-20 12:00:00,costo operativo,leña,leña,1500.0
2025-09-20 12:00:00,costo operativo,agua,agua,700.0
2025-09-20 12:00:00,costo operativo,luz,luz,520.0
2025-09-20 12:00:00,costo operativo,gas,gas,10000.0
2025-09-20 20:00:00,costo operativo,pago extra ayudante (diario),pago extra ayudante (diario),25000.0
2025-09-27 12:00:00,costo operativo,gas,gas,10000.0
2025-09-27 12:00:00,costo operativo,leña,leña,1500.0
2025-09-27 12:00:00,costo operativo,agua,agua,700.0
2025-09-27 12:00:00,costo operativo,luz,luz,520.0
2025-09-27 12:00:00,ingreso operativo,Reservas (sim),Ingreso simulado por reserva,150000.0
2025-09-27 20:00:00,costo operativo,pago extra ayudante (diario),pago extra ayudante (diario),25000.0
2025-09-29 12:00:00,costo operativo,leña,leña,1500.0
2025-09-29 12:00:00,costo operativo,agua,agua,700.0
2025-09-29 12:00:00,costo operativo,luz,luz,520.0
2025-09-29 12:00:00,costo operativo,gas,gas,10000.0
2025-09-29 12:00:00,ingreso operativo,Reservas (sim),Ingreso simulado por reserva,150000.0
2025-09-29 20:00:00,costo operativo,pago extra ayudante (diario),pago extra ayudante (diario),25000.0
2025-09-30 18:00:00,costos fijos,Simulación,Costo fijo mensual simulado,700000.0
2025-09-30 18:00:00,Costos de Marketing,Simulación,Gasto marketing mensual simulado,300000.0
2025-10-01 12:00:00,costo operativo,leña,leña,1500.0
2025-10-01 12:00:00,costo operativo,agua,agua,700.0
2025-10-01 12:00:00,costo operativo,luz,luz,520.0
2025-10-01 12:00:00,costo operativo,gas,gas,10000.0
2025-10-01 12:00:00,ingreso operativo,Reservas (sim),Ingreso simulado por reserva,150000.0
2025-10-01 20:00:00,costo operativo,pago extra ayudante (diario),pago extra ayudante (diario),25000.0
2025-10-04 12:00:00,ingreso operativo,Reservas (sim),Ingreso simulado por reserva,150000.0
2025-10-04 12:00:00,costo operativo,gas,gas,10000.0
2025-10-04 12:00:00,costo operativo,leña,leña,1500.0
2025-10-04 12:00:00,costo operativo,agua,agua,700.0
2025-10-04 12:00:00,costo operativo,luz,luz,520.0
2025-10-04 20:00:00,costo operativo,pago extra ayudante (diario),pago extra ayudante (diario),25000.0
2025-10-05 12:00:00,costo operativo,luz,luz,520.0
2025-10-05 12:00:00,costo operativo,gas,gas,10000.0
2025-10-05 12:00:00,ingreso operativo,Reservas (sim),Ingreso simulado por reserva,150000.0
2025-10-05 12:00:00,costo operativo,leña,leña,1500.0
2025-10-05 12:00:00,costo operativo,agua,agua,700.0
2025-10-05 12:10:00,costo operativo,gas,gas,10000.0
2025-10-05 12:10:00,costo operativo,luz,luz,520.0
2025-10-05 12:10:00,costo operativo,agua,agua,700.0
2025-10-05 12:10:00,costo operativo,leña,leña,1500.0
2025-10-05 12:10:00,ingreso operativo,Reservas (sim),Ingreso simulado por reserva,150000.0
2025-10-05 12:20:00,ingreso operativo,Reservas (sim),Ingreso simulado por reserva,150000.0
2025-10-05 12:20:00,costo operativo,leña,leña,1500.0
2025-10-05 12:20:00,costo operativo,agua,agua,700.0
2025-10-05 12:20:00,costo operativo,luz,luz,520.0
2025-10-05 12:20:00,costo operativo,gas,gas,10000.0
2025-10-05 20:00:00,costo operativo,pago extra ayudante (diario),pago extra ayudante (diario),60000.0
2025-10-06 12:00:00,costo operativo,luz,luz,520.0
2025-10-06 12:00:00,ingreso operativo,Reservas (sim),Ingreso simulado por reserva,150000.0
2025-10-06 12:00:00,costo operativo,leña,leña,1500.0
2025-10-06 12:00:00,costo operativo,gas,gas,10000.0
2025-10-06 12:00:00,costo operativo,agua,agua,700.0
2025-10-06 20:00:00,costo operativo,pago extra ayudante (diario),pago extra ayudante (diario),25000.0
2025-10-10 12:00:00,costo operativo,agua,agua,700.0
2025-10-10 12:00:00,ingreso operativo,Reservas (sim),Ingreso simulado por reserva,150000.0
2025-10-10 12:00:00,costo operativo,leña,leña,1500.0
2025-10-10 12:00:00,costo operativo,luz,luz,520.0
2025-10-10 12:00:00,costo operativo,gas,gas,10000.0
2025-10-10 12:10:00,costo operativo,leña,leña,1500.0
2025-10-10 12:10:00,costo operativo,agua,agua,700.0
2025-10-10 12:10:00,costo operativo,luz,luz,520.0
2025-10-10 12:10:00,costo operativo,gas,gas,10000.0
2025-10-10 12:10:00,ingreso operativo,Reservas (sim),Ingreso simulado por reserva,150000.0
2025-10-10 20:00:00,costo operativo,pago extra ayudante (diario),pago extra ayudante (diario),45000.0
2025-10-11 12:00:00,costo operativo,agua,agua,700.0
2025-10-11 12:00:00,costo operativo,luz,luz,520.0
2025-10-11 12:00:00,costo operativo,gas,gas,10000.0
2025-10-11 12:00:00,ingreso operativo,Reservas (sim),Ingreso simulado por reserva,150000.0
2025-10-11 12:00:00,costo operativo,leña,leña,1500.0
2025-10-11 20:00:00,costo operativo,pago extra ayudante (diario),pago extra ayudante (diario),25000.0
2025-10-12 12:00:00,costo operativo,luz,luz,520.0
2025-10-12 12:00:00,costo operativo,gas,gas,10000.0
2025-10-12 12:00:00,costo operativo,agua,agua,700.0
2025-10-12 12:00:00,costo operativo,leña,leña,1500.0
2025-10-12 12:00:00,ingreso operativo,Reservas (sim),Ingreso simulado por reserva,150000.0
2025-10-12 12:10:00,ingreso operativo,Reservas (sim),Ingreso simulado por reserva,150000.0
2025-10-12 12:10:00,costo operativo,agua,agua,700.0
2025-10-12 12:10:00,costo operativo,gas,gas,10000.0
2025-10-12 12:10:00,costo operativo,luz,luz,520.0
2025-10-12 12:10:00,costo operativo,leña,leña,1500.0
2025-10-12 20:00:00,costo operativo,pago extra ayudante (diario),pago extra ayudante (diario),45000.0
2025-10-13 12:00:00,ingreso operativo,Reservas (sim),Ingreso simulado por reserva,150000.0
2025-10-13 12:00:00,costo operativo,leña,leña,1500.0
2025-10-13 12:00:00,costo operativo,agua,agua,700.0
2025-10-13 12:00:00,costo operativo,gas,gas,10000.0
2025-10-13 12:00:00,costo operativo,luz,luz,520.0
2025-10-13 20:00:00,costo operativo,pago extra ayudante (diario),pago extra ayudante (diario),25000.0
2025-10-18 12:00:00,costo operativo,luz,luz,520.0
2025-10-18 12:00:00,ingreso operativo,Reservas (sim),Ingreso simulado por reserva,150000.0
2025-10-18 12:00:00,costo operativo,leña,leña,1500.0
2025-10-18 12:00:00,costo operativo,agua,agua,700.0
2025-10-18 12:00:00,costo operativo,gas,gas,10000.0
2025-10-18 20:00:00,costo operativo,pago extra ayudante (diario),pago extra ayudante (diario),25000.0
2025-10-25 12:00:00,costo operativo,agua,agua,700.0
2025-10-25 12:00:00,costo operativo,luz,luz,520.0
2025-10-25 12:00:00,ingreso operativo,Reservas (sim),Ingreso simulado por reserva,150000.0
2025-10-25 12:00:00,costo operativo,leña,leña,1500.0
2025-10-25 12:00:00,costo operativo,gas,gas,10000.0
2025-10-25 20:00:00,costo operativo,pago extra ayudante (diario),pago extra ayudante (diario),25000.0
2025-10-29 12:00:00,costo operativo,leña,leña,1500.0
2025-10-29 12:00:00,costo operativo,agua,agua,700.0
2025-10-29 12:00:00,ingreso operativo,Reservas (sim),Ingreso simulado por reserva,150000.0
2025-10-29 12:00:00,costo operativo,gas,gas,10000.0
2025-10-29 12:00:00,costo operativo,luz,luz,520.0
2025-10-29 20:00:00,costo operativo,pago extra ayudante (diario),pago extra ayudante (diario),25000.0
2025-10-31 18:00:00,costos fijos,Simulación,Costo fijo mensual simulado,700000.0
2025-10-31 18:00:00,Costos de Marketing,Simulación,Gasto marketing mensual simulado,300000.0
2025-11-01 12:00:00,costo operativo,gas,gas,10000.0
2025-11-01 12:00:00,costo operativo,luz,luz,520.0
2025-11-01 12:00:00,costo operativo,agua,agua,700.0
2025-11-01 12:00:00,costo operativo,leña,leña,1500.0
2025-11-01 12:00:00,ingreso operativo,Reservas (sim),Ingreso simulado por reserva,150000.0
2025-11-01 20:00:00,costo operativo,pago extra ayudante (diario),pago extra ayudante (diario),25000.0
2025-11-02 12:00:00,costo operativo,luz,luz,520.0
2025-11-02 12:00:00,costo operativo,leña,leña,1500.0
2025-11-02 12:00:00,ingreso operativo,Reservas (sim),Ingreso simulado por reserva,150000.0
2025-11-02 12:00:00,costo operativo,agua,agua,700.0
2025-11-02 12:00:00,costo operativo,gas,gas,10000.0
2025-11-02 12:10:00,ingreso operativo,Reservas (sim),Ingreso simulado por reserva,150000.0
2025-11-02 12:10:00,costo operativo,leña,leña,1500.0
2025-11-02 12:10:00,costo operativo,agua,agua,700.0
2025-11-02 12:10:00,costo operativo,luz,luz,520.0
2025-11-02 12:10:00,costo operativo,gas,gas,10000.0
2025-11-02 12:20:00,costo operativo,leña,leña,1500.0
2025-11-02 12:20:00,ingreso operativo,Reservas (sim),Ingreso simulado por reserva,150000.0
2025-11-02 12:20:00,costo operativo,gas,gas,10000.0
2025-11-02 12:20:00,costo operativo,luz,luz,520.0
2025-11-02 12:20:00,costo operativo,agua,agua,700.0
2025-11-02 20:00:00,costo operativo,pago extra ayudante (diario),pago extra ayudante (diario),60000.0
2025-11-03 12:00:00,costo operativo,luz,luz,520.0
2025-11-03 12:00:00,costo operativo,agua,agua,700.0
2025-11-03 12:00:00,costo operativo,leña,leña,1500.0
2025-11-03 12:00:00,costo operativo,gas,gas,10000.0
2025-11-03 12:00:00,ingreso operativo,Reservas (sim),Ingreso simulado por reserva,150000.0
2025-11-03 20:00:00,costo operativo,pago extra ayudante (diario),pago extra ayudante (diario),25000.0
2025-11-05 12:00:00,costo operativo,gas,gas,10000.0
2025-11-05 12:00:00,ingreso operativo,Reservas (sim),Ingreso simulado por reserva,150000.0
2025-11-05 12:00:00,costo operativo,luz,luz,520.0
2025-11-05 12:00:00,costo operativo,leña,leña,1500.0
2025-11-05 12:00:00,costo operativo,agua,agua,700.0
2025-11-05 20:00:00,costo operativo,pago extra ayudante (diario),pago extra ayudante (diario),25000.0
2025-11-06 12:00:00,costo operativo,leña,leña,1500.0
2025-11-06 12:00:00,costo operativo,agua,agua,700.0
2025-11-06 12:00:00,costo operativo,luz,luz,520.0
2025-11-06 12:00:00,costo operativo,gas,gas,10000.0
2025-11-06 12:00:00,ingreso operativo,Reservas (sim),Ingreso simulado por reserva,150000.0
2025-11-06 12:10:00,costo operativo,gas,gas,10000.0
2025-11-06 12:10:00,costo operativo,luz,luz,520.0
2025-11-06 12:10:00,ingreso operativo,Reservas (sim),Ingreso simulado por reserva,150000.0
2025-11-06 12:10:00,costo operativo,agua,agua,700.0
2025-11-06 12:10:00,costo operativo,leña,leña,1500.0
2025-11-06 20:00:00,costo operativo,pago extra ayudante (diario),pago extra ayudante (diario),45000.0
2025-11-07 12:00:00,costo operativo,leña,leña,1500.0
2025-11-07 12:00:00,costo operativo,agua,agua,700.0
2025-11-07 12:00:00,costo operativo,luz,luz,520.0
2025-11-07 12:00:00,costo operativo,gas,gas,10000.0
2025-11-07 12:00:00,ingreso operativo,Reservas (sim),Ingreso simulado por reserva,150000.0
2025-11-07 20:00:00,costo operativo,pago extra ayudante (diario),pago extra ayudante (diario),25000.0
2025-11-08 12:00:00,ingreso operativo,Reservas (sim),Ingreso simulado por reserva,150000.0
2025-11-08 12:00:00,costo operativo,leña,leña,1500.0
2025-11-08 12:00:00,costo operativo,gas,gas,10000.0
2025-11-08 12:00:00,costo operativo,luz,luz,520.0
2025-11-08 12:00:00,costo operativo,agua,agua,700.0
2025-11-08 20:00:00,costo operativo,pago extra ayudante (diario),pago extra ayudante (diario),25000.0
2025-11-09 12:00:00,costo operativo,leña,leña,1500.0
2025-11-09 12:00:00,ingreso operativo,Reservas (sim),Ingreso simulado por reserva,150000.0
2025-11-09 12:00:00,costo operativo,agua,agua,700.0
2025-11-09 12:00:00,costo operativo,luz,luz,520.0
2025-11-09 12:00:00,costo operativo,gas,gas,10000.0
2025-11-09 12:10:00,costo operativo,leña,leña,1500.0
2025-11-09 12:10:00,costo operativo,agua,agua,700.0
2025-11-09 12:10:00,costo operativo,luz,luz,520.0
2025-11-09 12:10:00,costo operativo,gas,gas,10000.0
2025-11-09 12:10:00,ingreso operativo,Reservas (sim),Ingreso simulado por reserva,150000.0
2025-11-09 20:00:00,costo operativo,pago extra ayudante (diario),pago extra ayudante (diario),45000.0
2025-11-12 12:00:00,costo operativo,leña,leña,1500.0
2025-11-12 12:00:00,costo operativo,agua,agua,700.0
2025-11-12 12:00:00,costo operativo,luz,luz,520.0
2025-11-12 12:00:00,costo operativo,gas,gas,10000.0
2025-11-12 12:00:00,ingreso operativo,Reservas (sim),Ingreso simulado por reserva,150000.0
2025-11-12 12:10:00,ingreso operativo,Reservas (sim),Ingreso simulado por reserva,150000.0
2025-11-12 12:10:00,costo operativo,leña,leña,1500.0
2025-11-12 12:10:00,costo operativo,luz,luz,520.0
2025-11-12 12:10:00,costo operativo,agua,agua,700.0
2025-11-12 12:10:00,costo operativo,gas,gas,10000.0
2025-11-12 20:00:00,costo operativo,pago extra ayudante (diario),pago extra ayudante (diario),45000.0
2025-11-13 12:00:00,costo operativo,leña,leña,1500.0
2025-11-13 12:00:00,costo operativo,agua,agua,700.0
2025-11-13 12:00:00,costo operativo,luz,luz,520.0
2025-11-13 12:00:00,costo operativo,gas,gas,10000.0
2025-11-13 12:00:00,ingreso operativo,Reservas (sim),Ingreso simulado por reserva,150000.0
2025-11-13 20:00:00,costo operativo,pago extra ayudante (diario),pago extra ayudante (diario),25000.0
2025-11-15 12:00:00,costo operativo,agua,agua,700.0
2025-11-15 12:00:00,costo operativo,luz,luz,520.0
2025-11-15 12:00:00,costo operativo,gas,gas,10000.0
2025-11-15 12:00:00,ingreso operativo,Reservas (sim),Ingreso simulado por reserva,150000.0
2025-11-15 12:00:00,costo operativo,leña,leña,1500.0
2025-11-15 20:00:00,costo operativo,pago extra ayudante (diario),pago extra ayudante (diario),25000.0
2025-11-22 12:00:00,ingreso operativo,Reservas (sim),Ingreso simulado por reserva,150000.0
2025-11-22 12:00:00,costo operativo,agua,agua,700.0
2025-11-22 12:00:00,costo operativo,luz,luz,520.0
2025-11-22 12:00:00,costo operativo,gas,gas,10000.0
2025-11-22 12:00:00,costo operativo,leña,leña,1500.0
2025-11-22 20:00:00,costo operativo,pago extra ayudante (diario),pago extra ayudante (diario),25000.0
2025-11-26 12:00:00,costo operativo,leña,leña,1500.0
2025-11-26 12:00:00,costo operativo,agua,agua,700.0
2025-11-26 12:00:00,costo operativo,luz,luz,520.0
2025-11-26 12:00:00,costo operativo,gas,gas,10000.0
2025-11-26 12:00:00,ingreso operativo,Reservas (sim),Ingreso simulado por reserva,150000.0
2025-11-26 20:00:00,costo operativo,pago extra ayudante (diario),pago extra ayudante (diario),25000.0
2025-11-29 12:00:00,costo operativo,agua,agua,700.0
2025-11-29 12:00:00,costo operativo,luz,luz,520.0
2025-11-29 12:00:00,costo operativo,gas,gas,10000.0
2025-11-29 12:00:00,costo operativo,leña,leña,1500.0
2025-11-29 12:00:00,ingreso operativo,Reservas (sim),Ingreso simulado por reserva,150000.0
2025-11-29 20:00:00,costo operativo,pago extra ayudante (diario),pago extra ayudante (diario),25000.0
2025-11-30 12:00:00,costo operativo,gas,gas,10000.0
2025-11-30 12:00:00,costo operativo,agua,agua,700.0
2025-11-30 12:00:00,costo operativo,leña,leña,1500.0
2025-11-30 12:00:00,ingreso operativo,Reservas (sim),Ingreso simulado por reserva,150000.0
2025-11-30 12:00:00,costo operativo,luz,luz,520.0
2025-11-30 18:00:00,costos fijos,Simulación,Costo fijo mensual simulado,700000.0
2025-11-30 18:00:00,Costos de Marketing,Simulación,Gasto marketing mensual simulado,300000.0
2025-11-30 20:00:00,costo operativo,pago extra ayudante (diario),pago extra ayudante (diario),25000.0
2025-12-01 12:00:00,costo operativo,leña,leña,1500.0
2025-12-01 12:00:00,costo operativo,agua,agua,700.0
2025-12-01 12:00:00,costo operativo,luz,luz,520.0
2025-12-01 12:00:00,costo operativo,gas,gas,10000.0
2025-12-01 12:00:00,ingreso operativo,Reservas (sim),Ingreso simulado por reserva,150000.0
2025-12-01 20:00:00,costo operativo,pago extra ayudante (diario),pago extra ayudante (diario),25000.0
2025-12-03 12:00:00,costo operativo,leña,leña,1500.0
2025-12-03 12:00:00,ingreso operativo,Reservas (sim),Ingreso simulado por reserva,150000.0
2025-12-03 12:00:00,costo operativo,agua,agua,700.0
2025-12-03 12:00:00,costo operativo,luz,luz,520.0
2025-12-03 12:00:00,costo operativo,gas,gas,10000.0
2025-12-03 20:00:00,costo operativo,pago extra ayudante (diario),pago extra ayudante (diario),25000.0
2025-12-04 12:00:00,ingreso operativo,Reservas (sim),Ingreso simulado por reserva,150000.0
2025-12-04 12:00:00,costo operativo,leña,leña,1500.0
2025-12-04 12:00:00,costo operativo,agua,agua,700.0
2025-12-04 12:00:00,costo operativo,luz,luz,520.0
2025-12-04 12:00:00,costo operativo,gas,gas,10000.0
2025-12-04 12:10:00,costo operativo,agua,agua,700.0
2025-12-04 12:10:00,costo operativo,leña,leña,1500.0
2025-12-04 12:10:00,costo operativo,luz,luz,520.0
2025-12-04 12:10:00,costo operativo,gas,gas,10000.0
2025-12-04 12:10:00,ingreso operativo,Reservas (sim),Ingreso simulado por reserva,150000.0
2025-12-04 20:00:00,costo operativo,pago extra ayudante (diario),pago extra ayudante (diario),45000.0
2025-12-05 12:00:00,costo operativo,leña,leña,1500.0
2025-12-05 12:00:00,costo operativo,agua,agua,700.0
2025-12-05 12:00:00,costo operativo,luz,luz,520.0
2025-12-05 12:00:00,costo operativo,gas,gas,10000.0
2025-12-05 12:00:00,ingreso operativo,Reservas (sim),Ingreso simulado por reserva,150000.0
2025-12-05 20:00:00,costo operativo,pago extra ayudante (diario),pago extra ayudante (diario),25000.0
2025-12-06 12:00:00,costo operativo,leña,leña,1500.0
2025-12-06 12:00:00,costo operativo,agua,agua,700.0
2025-12-06 12:00:00,costo operativo,luz,luz,520.0
2025-12-06 12:00:00,ingreso operativo,Reservas (sim),Ingreso simulado por reserva,150000.0
2025-12-06 12:00:00,costo operativo,gas,gas,10000.0
2025-12-06 12:10:00,ingreso operativo,Reservas (sim),Ingreso simulado por reserva,150000.0
2025-12-06 12:10:00,costo operativo,agua,agua,700.0
2025-12-06 12:10:00,costo operativo,leña,leña,1500.0
2025-12-06 12:10:00,costo operativo,gas,gas,10000.0
2025-12-06 12:10:00,costo operativo,luz,luz,520.0
2025-12-06 12:20:00,ingreso operativo,Reservas (sim),Ingreso simulado por reserva,150000.0
2025-12-06 12:20:00,costo operativo,gas,gas,10000.0
2025-12-06 12:20:00,costo operativo,luz,luz,520.0
2025-12-06 12:20:00,costo operativo,agua,agua,700.0
2025-12-06 12:20:00,costo operativo,leña,leña,1500.0
2025-12-06 20:00:00,costo operativo,pago extra ayudante (diario),pago extra ayudante (diario),60000.0
2025-12-07 12:00:00,ingreso operativo,Reservas (sim),Ingreso simulado por reserva,150000.0
2025-12-07 12:00:00,costo operativo,leña,leña,1500.0
2025-12-07 12:00:00,costo operativo,luz,luz,520.0
2025-12-07 12:00:00,costo operativo,gas,gas,10000.0
2025-12-07 12:00:00,costo operativo,agua,agua,700.0
2025-12-07 12:10:00,costo operativo,leña,leña,1500.0
2025-12-07 12:10:00,ingreso operativo,Reservas (sim),Ingreso simulado por reserva,150000.0
2025-12-07 12:10:00,costo operativo,luz,luz,520.0
2025-12-07 12:10:00,costo operativo,gas,gas,10000.0
2025-12-07 12:10:00,costo operativo,agua,agua,700.0
2025-12-07 12:20:00,ingreso operativo,Reservas (sim),Ingreso simulado por reserva,150000.0
2025-12-07 12:20:00,costo operativo,leña,leña,1500.0
2025-12-07 12:20:00,costo operativo,luz,luz,520.0
2025-12-07 12:20:00,costo operativo,gas,gas,10000.0
2025-12-07 12:20:00,costo operativo,agua,agua,700.0
2025-12-07 12:30:00,costo operativo,leña,leña,1500.0
2025-12-07 12:30:00,costo operativo,agua,agua,700.0
2025-12-07 12:30:00,costo operativo,luz,luz,520.0
2025-12-07 12:30:00,costo operativo,gas,gas,10000.0
2025-12-07 12:30:00,ingreso operativo,Reservas (sim),Ingreso simulado por reserva,150000.0
2025-12-07 20:00:00,costo operativo,pago extra ayudante (diario),pago extra ayudante (diario),70000.0
2025-12-10 12:00:00,ingreso operativo,Reservas (sim),Ingreso simulado por reserva,150000.0
2025-12-10 12:00:00,costo operativo,gas,gas,10000.0
2025-12-10 12:00:00,costo operativo,luz,luz,520.0
2025-12-10 12:00:00,costo operativo,leña,leña,1500.0
2025-12-10 12:00:00,costo operativo,agua,agua,700.0
2025-12-10 12:10:00,costo operativo,leña,leña,1500.0
2025-12-10 12:10:00,costo operativo,agua,agua,700.0
2025-12-10 12:10:00,costo operativo,luz,luz,520.0
2025-12-10 12:10:00,ingreso operativo,Reservas (sim),Ingreso simulado por reserva,150000.0
2025-12-10 12:10:00,costo operativo,gas,gas,10000.0
2025-12-10 20:00:00,costo operativo,pago extra ayudante (diario),pago extra ayudante (diario),45000.0
2025-12-11 12:00:00,costo operativo,gas,gas,10000.0
2025-12-11 12:00:00,costo operativo,agua,agua,700.0
2025-12-11 12:00:00,costo operativo,luz,luz,520.0
2025-12-11 12:00:00,ingreso operativo,Reservas (sim),Ingreso simulado por reserva,150000.0
2025-12-11 12:00:00,costo operativo,leña,leña,1500.0
2025-12-11 20:00:00,costo operativo,pago extra ayudante (diario),pago extra ayudante (diario),25000.0
2025-12-13 12:00:00,ingreso operativo,Reservas (sim),Ingreso simulado por reserva,150000.0
2025-12-13 12:00:00,costo operativo,leña,leña,1500.0
2025-12-13 12:00:00,costo operativo,agua,agua,700.0
2025-12-13 12:00:00,costo operativo,luz,luz,520.0
2025-12-13 12:00:00,costo operativo,gas,gas,10000.0
2025-12-13 20:00:00,costo operativo,pago extra ayudante (diario),pago extra ayudante (diario),25000.0
2025-12-14 12:00:00,costo operativo,gas,gas,10000.0
2025-12-14 12:00:00,costo operativo,luz,luz,520.0
2025-12-14 12:00:00,costo operativo,agua,agua,700.0
2025-12-14 12:00:00,costo operativo,leña,leña,1500.0
2025-12-14 12:00:00,ingreso operativo,Reservas (sim),Ingreso simulado por reserva,150000.0
2025-12-14 12:10:00,costo operativo,agua,agua,700.0
2025-12-14 12:10:00,costo operativo,gas,gas,10000.0
2025-12-14 12:10:00,costo operativo,luz,luz,520.0
2025-12-14 12:10:00,ingreso operativo,Reservas (sim),Ingreso simulado por reserva,150000.0
2025-12-14 12:10:00,costo operativo,leña,leña,1500.0
2025-12-14 12:20:00,ingreso operativo,Reservas (sim),Ingreso simulado por reserva,150000.0
2025-12-14 12:20:00,costo operativo,gas,gas,10000.0
2025-12-14 12:20:00,costo operativo,luz,luz,520.0
2025-12-14 12:20:00,costo operativo,agua,agua,700.0
2025-12-14 12:20:00,costo operativo,leña,leña,1500.0
2025-12-14 12:30:00,ingreso operativo,Reservas (sim),Ingreso simulado por reserva,150000.0
2025-12-14 12:30:00,costo operativo,luz,luz,520.0
2025-12-14 12:30:00,costo operativo,leña,leña,1500.0
2025-12-14 12:30:00,costo operativo,gas,gas,10000.0
2025-12-14 12:30:00,costo operativo,agua,agua,700.0
2025-12-14 20:00:00,costo operativo,pago extra ayudante (diario),pago extra ayudante (diario),70000.0
2025-12-20 12:00:00,costo operativo,leña,leña,1500.0
2025-12-20 12:00:00,costo operativo,agua,agua,700.0
2025-12-20 12:00:00,costo operativo,luz,luz,520.0
2025-12-20 12:00:00,costo operativo,gas,gas,10000.0
2025-12-20 12:00:00,ingreso operativo,Reservas (sim),Ingreso simulado por reserva,150000.0
2025-12-20 20:00:00,costo operativo,pago extra ayudante (diario),pago extra ayudante (diario),25000.0
2025-12-24 12:00:00,ingreso operativo,Reservas (sim),Ingreso simulado por reserva,150000.0
2025-12-24 12:00:00,costo operativo,luz,luz,520.0
2025-12-24 12:00:00,costo operativo,gas,gas,10000.0
2025-12-24 12:00:00,costo operativo,leña,leña,1500.0
2025-12-24 12:00:00,costo operativo,agua,agua,700.0
2025-12-24 20:00:00,costo operativo,pago extra ayudante (diario),pago extra ayudante (diario),25000.0
2025-12-27 12:00:00,costo operativo,leña,leña,1500.0
2025-12-27 12:00:00,costo operativo,agua,agua,700.0
2025-12-27 12:00:00,costo operativo,luz,luz,520.0
2025-12-27 12:00:00,costo operativo,gas,gas,10000.0
2025-12-27 12:00:00,ingreso operativo,Reservas (sim),Ingreso simulado por reserva,150000.0
2025-12-27 20:00:00,costo operativo,pago extra ayudante (diario),pago extra ayudante (diario),25000.0
2025-12-29 12:00:00,costo operativo,gas,gas,10000.0
2025-12-29 12:00:00,costo operativo,leña,leña,1500.0
2025-12-29 12:00:00,costo operativo,luz,luz,520.0
2025-12-29 12:00:00,costo operativo,agua,agua,700.0
2025-12-29 12:00:00,ingreso operativo,Reservas (sim),Ingreso simulado por reserva,150000.0
2025-12-29 20:00:00,costo operativo,pago extra ayudante (diario),pago extra ayudante (diario),25000.0
2025-12-30 12:00:00,ingreso operativo,Reservas (sim),Ingreso simulado por reserva,150000.0
2025-12-30 12:00:00,costo operativo,luz,luz,520.0
2025-12-30 12:00:00,costo operativo,agua,agua,700.0
2025-12-30 12:00:00,costo operativo,leña,leña,1500.0
2025-12-30 12:00:00,costo operativo,gas,gas,10000.0
2025-12-30 20:00:00,costo operativo,pago extra ayudante (diario),pago extra ayudante (diario),25000.0
2025-12-31 18:00:00,Costos de Marketing,Simulación,Gasto marketing mensual simulado,300000.0
2025-12-31 18:00:00,costos fijos,Simulación,Costo fijo mensual simulado,700000.0
2026-01-03 12:00:00,costo operativo,agua,agua,700.0
2026-01-03 12:00:00,costo operativo,gas,gas,10000.0
2026-01-03 12:00:00,costo operativo,gas,gas,10000.0
2026-01-03 12:00:00,costo operativo,luz,luz,520.0
2026-01-03 12:00:00,costo operativo,agua,agua,700.0
2026-01-03 12:00:00,costo operativo,leña,leña,1500.0
2026-01-03 12:00:00,ingreso operativo,Reservas (sim),Ingreso simulado por reserva,150000.0
2026-01-03 12:00:00,ingreso operativo,Reservas (sim),Ingreso simulado por reserva,150000.0
2026-01-03 12:00:00,costo operativo,leña,leña,1500.0
2026-01-03 12:00:00,costo operativo,luz,luz,520.0
2026-01-03 12:10:00,costo operativo,leña,leña,1500.0
2026-01-03 12:10:00,costo operativo,agua,agua,700.0
2026-01-03 12:10:00,costo operativo,luz,luz,520.0
2026-01-03 12:10:00,costo operativo,leña,leña,1500.0
2026-01-03 12:10:00,costo operativo,agua,agua,700.0
2026-01-03 12:10:00,costo operativo,gas,gas,10000.0
2026-01-03 12:10:00,ingreso operativo,Reservas (sim),Ingreso simulado por reserva,150000.0
2026-01-03 12:10:00,ingreso operativo,Reservas (sim),Ingreso simulado por reserva,150000.0
2026-01-03 12:10:00,costo operativo,gas,gas,10000.0
2026-01-03 12:10:00,costo operativo,luz,luz,520.0
2026-01-03 12:20:00,costo operativo,leña,leña,1500.0
2026-01-03 12:20:00,costo operativo,agua,agua,700.0
2026-01-03 12:20:00,costo operativo,luz,luz,520.0
2026-01-03 12:20:00,costo operativo,gas,gas,10000.0
2026-01-03 12:20:00,costo operativo,leña,leña,1500.0
2026-01-03 12:20:00,costo operativo,agua,agua,700.0
2026-01-03 12:20:00,costo operativo,luz,luz,520.0
2026-01-03 12:20:00,costo operativo,gas,gas,10000.0
2026-01-03 12:20:00,ingreso operativo,Reservas (sim),Ingreso simulado por reserva,150000.0
2026-01-03 12:20:00,ingreso operativo,Reservas (sim),Ingreso simulado por reserva,150000.0
2026-01-03 12:30:00,ingreso operativo,Reservas (sim),Ingreso simulado por reserva,150000.0
2026-01-03 12:30:00,ingreso operativo,Reservas (sim),Ingreso simulado por reserva,150000.0
2026-01-03 12:30:00,costo operativo,leña,leña,1500.0
2026-01-03 12:30:00,costo operativo,leña,leña,1500.0
2026-01-03 12:30:00,costo operativo,agua,agua,700.0
2026-01-03 12:30:00,costo operativo,luz,luz,520.0
2026-01-03 12:30:00,costo operativo,gas,gas,10000.0
2026-01-03 12:30:00,costo operativo,agua,agua,700.0
2026-01-03 12:30:00,costo operativo,luz,luz,520.0
2026-01-03 12:30:00,costo operativo,gas,gas,10000.0
2026-01-03 12:40:00,costo operativo,luz,luz,520.0
2026-01-03 12:40:00,costo operativo,agua,agua,700.0
2026-01-03 12:40:00,costo operativo,leña,leña,1500.0
2026-01-03 12:40:00,costo operativo,agua,agua,700.0
2026-01-03 12:40:00,costo operativo,gas,gas,10000.0
2026-01-03 12:40:00,costo operativo,gas,gas,10000.0
2026-01-03 12:40:00,costo operativo,luz,luz,520.0
2026-01-03 12:40:00,costo operativo,leña,leña,1500.0
2026-01-03 12:40:00,ingreso operativo,Reservas (sim),Ingreso simulado por reserva,150000.0
2026-01-03 12:40:00,ingreso operativo,Reservas (sim),Ingreso simulado por reserva,150000.0
2026-01-03 12:50:00,ingreso operativo,Reservas (sim),Ingreso simulado por reserva,150000.0
2026-01-03 12:50:00,costo operativo,leña,leña,1500.0
2026-01-03 12:50:00,costo operativo,agua,agua,700.0
2026-01-03 12:50:00,costo operativo,luz,luz,520.0
2026-01-03 12:50:00,costo operativo,gas,gas,10000.0
2026-01-03 20:00:00,costo operativo,pago extra ayudante (diario),pago extra ayudante (diario),100000.0
2026-01-04 12:00:00,costo operativo,agua,agua,700.0
2026-01-04 12:00:00,costo operativo,leña,leña,1500.0
2026-01-04 12:00:00,costo operativo,gas,gas,10000.0
2026-01-04 12:00:00,costo operativo,luz,luz,520.0
2026-01-04 12:00:00,costo operativo,agua,agua,700.0
2026-01-04 12:00:00,costo operativo,leña,leña,1500.0
2026-01-04 12:00:00,costo operativo,leña,leña,1500.0
2026-01-04 12:00:00,costo operativo,luz,luz,520.0
2026-01-04 12:00:00,costo operativo,agua,agua,700.0
2026-01-04 12:00:00,costo operativo,gas,gas,10000.0
2026-01-04 12:00:00,ingreso operativo,Reservas (sim),Ingreso simulado por reserva,150000.0
2026-01-04 12:00:00,ingreso operativo,Reservas (sim),Ingreso simulado por reserva,150000.0
2026-01-04 12:00:00,ingreso operativo,Reservas (sim),Ingreso simulado por reserva,150000.0
2026-01-04 12:00:00,costo operativo,gas,gas,10000.0
2026-01-04 12:00:00,costo operativo,luz,luz,520.0
2026-01-04 12:10:00,costo operativo,gas,gas,10000.0
2026-01-04 12:10:00,costo operativo,luz,luz,520.0
2026-01-04 12:10:00,costo operativo,gas,gas,10000.0
2026-01-04 12:10:00,costo operativo,leña,leña,1500.0
2026-01-04 12:10:00,costo operativo,agua,agua,700.0
2026-01-04 12:10:00,costo operativo,luz,luz,520.0
2026-01-04 12:10:00,costo operativo,gas,gas,10000.0
2026-01-04 12:10:00,costo operativo,leña,leña,1500.0
2026-01-04 12:10:00,costo operativo,agua,agua,700.0
2026-01-04 12:10:00,costo operativo,luz,luz,520.0
2026-01-04 12:10:00,ingreso operativo,Reservas (sim),Ingreso simulado por reserva,150000.0
2026-01-04 12:10:00,ingreso operativo,Reservas (sim),Ingreso simulado por reserva,150000.0
2026-01-04 12:10:00,ingreso operativo,Reservas (sim),Ingreso simulado por reserva,150000.0
2026-01-04 12:10:00,costo operativo,leña,leña,1500.0
2026-01-04 12:10:00,costo operativo,agua,agua,700.0
2026-01-04 12:20:00,costo operativo,agua,agua,700.0
2026-01-04 12:20:00,costo operativo,leña,leña,1500.0
2026-01-04 12:20:00,costo operativo,agua,agua,700.0
2026-01-04 12:20:00,ingreso operativo,Reservas (sim),Ingreso simulado por reserva,150000.0
2026-01-04 12:20:00,ingreso operativo,Reservas (sim),Ingreso simulado por reserva,150000.0
2026-01-04 12:20:00,ingreso operativo,Reservas (sim),Ingreso simulado por reserva,150000.0
2026-01-04 12:20:00,costo operativo,luz,luz,520.0
2026-01-04 12:20:00,costo operativo,gas,gas,10000.0
2026-01-04 12:20:00,costo operativo,leña,leña,1500.0
2026-01-04 12:20:00,costo operativo,gas,gas,10000.0
2026-01-04 12:20:00,costo operativo,luz,luz,520.0
2026-01-04 12:20:00,costo operativo,gas,gas,10000.0
2026-01-04 12:20:00,costo operativo,leña,leña,1500.0
2026-01-04 12:20:00,costo operativo,agua,agua,700.0
2026-01-04 12:20:00,costo operativo,luz,luz,520.0
2026-01-04 12:30:00,costo operativo,luz,luz,520.0
2026-01-04 12:30:00,costo operativo,agua,agua,700.0
2026-01-04 12:30:00,costo operativo,leña,leña,1500.0
2026-01-04 12:30:00,costo operativo,gas,gas,10000.0
2026-01-04 12:30:00,ingreso operativo,Reservas (sim),Ingreso simulado por reserva,150000.0
2026-01-04 12:30:00,ingreso operativo,Reservas (sim),Ingreso simulado por reserva,150000.0
2026-01-04 12:30:00,ingreso operativo,Reservas (sim),Ingreso simulado por reserva,150000.0
2026-01-04 12:30:00,costo operativo,luz,luz,520.0
2026-01-04 12:30:00,costo operativo,leña,leña,1500.0
2026-01-04 12:30:00,costo operativo,gas,gas,10000.0
2026-01-04 12:30:00,costo operativo,luz,luz,520.0
2026-01-04 12:30:00,costo operativo,gas,gas,10000.0
2026-01-04 12:30:00,costo operativo,agua,agua,700.0
2026-01-04 12:30:00,costo operativo,leña,leña,1500.0
2026-01-04 12:30:00,costo operativo,agua,agua,700.0
2026-01-04 12:40:00,costo operativo,leña,leña,1500.0
2026-01-04 12:40:00,costo operativo,agua,agua,700.0
2026-01-04 12:40:00,costo operativo,gas,gas,10000.0
2026-01-04 12:40:00,costo operativo,leña,leña,1500.0
2026-01-04 12:40:00,costo operativo,agua,agua,700.0
2026-01-04 12:40:00,ingreso operativo,Reservas (sim),Ingreso simulado por reserva,150000.0
2026-01-04 12:40:00,ingreso operativo,Reservas (sim),Ingreso simulado por reserva,150000.0
2026-01-04 12:40:00,ingreso operativo,Reservas (sim),Ingreso simulado por reserva,150000.0
2026-01-04 12:40:00,costo operativo,gas,gas,10000.0
2026-01-04 12:40:00,costo operativo,leña,leña,1500.0
2026-01-04 12:40:00,costo operativo,agua,agua,700.0
2026-01-04 12:40:00,costo operativo,luz,luz,520.0
2026-01-04 12:40:00,costo operativo,gas,gas,10000.0
2026-01-04 12:40:00,costo operativo,luz,luz,520.0
2026-01-04 12:40:00,costo operativo,luz,luz,520.0
2026-01-04 12:50:00,costo operativo,leña,leña,1500.0
2026-01-04 12:50:00,costo operativo,agua,agua,700.0
2026-01-04 12:50:00,costo operativo,luz,luz,520.0
2026-01-04 12:50:00,costo operativo,gas,gas,10000.0
2026-01-04 12:50:00,costo operativo,leña,leña,1500.0
2026-01-04 12:50:00,costo operativo,agua,agua,700.0
2026-01-04 12:50:00,costo operativo,luz,luz,520.0
2026-01-04 12:50:00,costo operativo,leña,leña,1500.0
2026-01-04 12:50:00,costo operativo,agua,agua,700.0
2026-01-04 12:50:00,costo operativo,luz,luz,520.0
2026-01-04 12:50:00,costo operativo,gas,gas,10000.0
2026-01-04 12:50:00,ingreso operativo,Reservas (sim),Ingreso simulado por reserva,150000.0
2026-01-04 12:50:00,ingreso operativo,Reservas (sim),Ingreso simulado por reserva,150000.0
2026-01-04 12:50:00,ingreso operativo,Reservas (sim),Ingreso simulado por reserva,150000.0
2026-01-04 12:50:00,costo operativo,gas,gas,10000.0
2026-01-04 20:00:00,costo operativo,pago extra ayudante (diario),pago extra ayudante (diario),100000.0
2026-01-10 12:00:00,ingreso operativo,Reservas (sim),Ingreso simulado por reserva,150000.0
2026-01-10 12:00:00,costo operativo,leña,leña,1500.0
2026-01-10 12:00:00,costo operativo,agua,agua,700.0
2026-01-10 12:00:00,costo operativo,luz,luz,520.0
2026-01-10 12:00:00,costo operativo,gas,gas,10000.0
2026-01-10 12:00:00,costo operativo,leña,leña,1500.0
2026-01-10 12:00:00,costo operativo,agua,agua,700.0
2026-01-10 12:00:00,costo operativo,luz,luz,520.0
2026-01-10 12:00:00,costo operativo,gas,gas,10000.0
2026-01-10 12:00:00,ingreso operativo,Reservas (sim),Ingreso simulado por reserva,150000.0
2026-01-10 12:10:00,ingreso operativo,Reservas (sim),Ingreso simulado por reserva,150000.0
2026-01-10 12:10:00,costo operativo,gas,gas,10000.0
2026-01-10 12:10:00,costo operativo,luz,luz,520.0
2026-01-10 12:10:00,costo operativo,leña,leña,1500.0
2026-01-10 12:10:00,costo operativo,gas,gas,10000.0
2026-01-10 12:10:00,costo operativo,agua,agua,700.0
2026-01-10 12:10:00,costo operativo,agua,agua,700.0
2026-01-10 12:10:00,costo operativo,luz,luz,520.0
2026-01-10 12:10:00,ingreso operativo,Reservas (sim),Ingreso simulado por reserva,150000.0
2026-01-10 12:10:00,costo operativo,leña,leña,1500.0
2026-01-10 12:20:00,costo operativo,leña,leña,1500.0
2026-01-10 12:20:00,costo operativo,agua,agua,700.0
2026-01-10 12:20:00,costo operativo,luz,luz,520.0
2026-01-10 12:20:00,costo operativo,gas,gas,10000.0
2026-01-10 12:20:00,costo operativo,leña,leña,1500.0
2026-01-10 12:20:00,ingreso operativo,Reservas (sim),Ingreso simulado por reserva,150000.0
2026-01-10 12:20:00,costo operativo,luz,luz,520.0
2026-01-10 12:20:00,costo operativo,gas,gas,10000.0
2026-01-10 12:20:00,ingreso operativo,Reservas (sim),Ingreso simulado por reserva,150000.0
2026-01-10 12:20:00,costo operativo,agua,agua,700.0
2026-01-10 12:30:00,costo operativo,leña,leña,1500.0
2026-01-10 12:30:00,costo operativo,agua,agua,700.0
2026-01-10 12:30:00,costo operativo,luz,luz,520.0
2026-01-10 12:30:00,costo operativo,gas,gas,10000.0
2026-01-10 12:30:00,costo operativo,luz,luz,520.0
2026-01-10 12:30:00,costo operativo,agua,agua,700.0
2026-01-10 12:30:00,costo operativo,gas,gas,10000.0
2026-01-10 12:30:00,costo operativo,leña,leña,1500.0
2026-01-10 12:30:00,ingreso operativo,Reservas (sim),Ingreso simulado por reserva,150000.0
2026-01-10 12:30:00,ingreso operativo,Reservas (sim),Ingreso simulado por reserva,150000.0
2026-01-10 12:40:00,costo operativo,gas,gas,10000.0
2026-01-10 12:40:00,costo operativo,agua,agua,700.0
2026-01-10 12:40:00,costo operativo,agua,agua,700.0
2026-01-10 12:40:00,costo operativo,leña,leña,1500.0
2026-01-10 12:40:00,costo operativo,gas,gas,10000.0
2026-01-10 12:40:00,costo operativo,luz,luz,520.0
2026-01-10 12:40:00,ingreso operativo,Reservas (sim),Ingreso simulado por reserva,150000.0
2026-01-10 12:40:00,ingreso operativo,Reservas (sim),Ingreso simulado por reserva,150000.0
2026-01-10 12:40:00,costo operativo,leña,leña,1500.0
2026-01-10 12:40:00,costo operativo,luz,luz,520.0
2026-01-10 12:50:00,costo operativo,gas,gas,10000.0
2026-01-10 12:50:00,costo operativo,luz,luz,520.0
2026-01-10 12:50:00,costo operativo,agua,agua,700.0
2026-01-10 12:50:00,costo operativo,leña,leña,1500.0
2026-01-10 12:50:00,ingreso operativo,Reservas (sim),Ingreso simulado por reserva,150000.0
2026-01-10 20:00:00,costo operativo,pago extra ayudante (diario),pago extra ayudante (diario),100000.0
2026-01-11 12:00:00,costo operativo,leña,leña,1500.0
2026-01-11 12:00:00,costo operativo,luz,luz,520.0
2026-01-11 12:00:00,costo operativo,gas,gas,10000.0
2026-01-11 12:00:00,costo operativo,leña,leña,1500.0
2026-01-11 12:00:00,costo operativo,agua,agua,700.0
2026-01-11 12:00:00,costo operativo,gas,gas,10000.0
2026-01-11 12:00:00,costo operativo,gas,gas,10000.0
2026-01-11 12:00:00,costo operativo,agua,agua,700.0
2026-01-11 12:00:00,ingreso operativo,Reservas (sim),Ingreso simulado por reserva,150000.0
2026-01-11 12:00:00,ingreso operativo,Reservas (sim),Ingreso simulado por reserva,150000.0
2026-01-11 12:00:00,ingreso operativo,Reservas (sim),Ingreso simulado por reserva,150000.0
2026-01-11 12:00:00,costo operativo,leña,leña,1500.0
2026-01-11 12:00:00,costo operativo,luz,luz,520.0
2026-01-11 12:00:00,costo operativo,agua,agua,700.0
2026-01-11 12:00:00,costo operativo,luz,luz,520.0
2026-01-11 12:10:00,costo operativo,gas,gas,10000.0
2026-01-11 12:10:00,costo operativo,agua,agua,700.0
2026-01-11 12:10:00,costo operativo,luz,luz,520.0
2026-01-11 12:10:00,costo operativo,agua,agua,700.0
2026-01-11 12:10:00,costo operativo,leña,leña,1500.0
2026-01-11 12:10:00,costo operativo,agua,agua,700.0
2026-01-11 12:10:00,costo operativo,luz,luz,520.0
2026-01-11 12:10:00,costo operativo,leña,leña,1500.0
2026-01-11 12:10:00,costo operativo,gas,gas,10000.0
2026-01-11 12:10:00,costo operativo,luz,luz,520.0
2026-01-11 12:10:00,costo operativo,gas,gas,10000.0
2026-01-11 12:10:00,costo operativo,leña,leña,1500.0
2026-01-11 12:10:00,ingreso operativo,Reservas (sim),Ingreso simulado por reserva,150000.0
2026-01-11 12:10:00,ingreso operativo,Reservas (sim),Ingreso simulado por reserva,150000.0
2026-01-11 12:10:00,ingreso operativo,Reservas (sim),Ingreso simulado por reserva,150000.0
2026-01-11 12:20:00,costo operativo,agua,agua,700.0
2026-01-11 12:20:00,costo operativo,leña,leña,1500.0
2026-01-11 12:20:00,costo operativo,gas,gas,10000.0
2026-01-11 12:20:00,costo operativo,luz,luz,520.0
2026-01-11 12:20:00,costo operativo,agua,agua,700.0
2026-01-11 12:20:00,costo operativo,gas,gas,10000.0
2026-01-11 12:20:00,costo operativo,luz,luz,520.0
2026-01-11 12:20:00,costo operativo,agua,agua,700.0
2026-01-11 12:20:00,costo operativo,leña,leña,1500.0
2026-01-11 12:20:00,costo operativo,luz,luz,520.0
2026-01-11 12:20:00,costo operativo,leña,leña,1500.0
2026-01-11 12:20:00,ingreso operativo,Reservas (sim),Ingreso simulado por reserva,150000.0
2026-01-11 12:20:00,ingreso operativo,Reservas (sim),Ingreso simulado por reserva,150000.0
2026-01-11 12:20:00,ingreso operativo,Reservas (sim),Ingreso simulado por reserva,150000.0
2026-01-11 12:20:00,costo operativo,gas,gas,10000.0
2026-01-11 12:30:00,costo operativo,agua,agua,700.0
2026-01-11 12:30:00,costo operativo,luz,luz,520.0
2026-01-11 12:30:00,costo operativo,leña,leña,1500.0
2026-01-11 12:30:00,costo operativo,agua,agua,700.0
2026-01-11 12:30:00,costo operativo,leña,leña,1500.0
2026-01-11 12:30:00,costo operativo,luz,luz,520.0
2026-01-11 12:30:00,costo operativo,gas,gas,10000.0
2026-01-11 12:30:00,costo operativo,leña,leña,1500.0
2026-01-11 12:30:00,costo operativo,agua,agua,700.0
2026-01-11 12:30:00,costo operativo,luz,luz,520.0
2026-01-11 12:30:00,costo operativo,gas,gas,10000.0
2026-01-11 12:30:00,ingreso operativo,Reservas (sim),Ingreso simulado por reserva,150000.0
2026-01-11 12:30:00,ingreso operativo,Reservas (sim),Ingreso simulado por reserva,150000.0
2026-01-11 12:30:00,ingreso operativo,Reservas (sim),Ingreso simulado por reserva,150000.0
2026-01-11 12:30:00,costo operativo,gas,gas,10000.0
2026-01-11 12:40:00,costo operativo,leña,leña,1500.0
2026-01-11 12:40:00,costo operativo,agua,agua,700.0
2026-01-11 12:40:00,costo operativo,gas,gas,10000.0
2026-01-11 12:40:00,costo operativo,gas,gas,10000.0
2026-01-11 12:40:00,costo operativo,luz,luz,520.0
2026-01-11 12:40:00,costo operativo,agua,agua,700.0
2026-01-11 12:40:00,costo operativo,leña,leña,1500.0
2026-01-11 12:40:00,costo operativo,luz,luz,520.0
2026-01-11 12:40:00,costo operativo,luz,luz,520.0
2026-01-11 12:40:00,costo operativo,leña,leña,1500.0
2026-01-11 12:40:00,ingreso operativo,Reservas (sim),Ingreso simulado por reserva,150000.0
2026-01-11 12:40:00,costo operativo,gas,gas,10000.0
2026-01-11 12:40:00,ingreso operativo,Reservas (sim),Ingreso simulado por reserva,150000.0
2026-01-11 12:40:00,ingreso operativo,Reservas (sim),Ingreso simulado por reserva,150000.0
2026-01-11 12:40:00,costo operativo,agua,agua,700.0
2026-01-11 12:50:00,ingreso operativo,Reservas (sim),Ingreso simulado por reserva,150000.0
2026-01-11 12:50:00,costo operativo,leña,leña,1500.0
2026-01-11 12:50:00,costo operativo,agua,agua,700.0
2026-01-11 12:50:00,costo operativo,luz,luz,520.0
2026-01-11 12:50:00,costo operativo,gas,gas,10000.0
2026-01-11 12:50:00,costo operativo,agua,agua,700.0
2026-01-11 12:50:00,costo operativo,luz,luz,520.0
2026-01-11 12:50:00,costo operativo,gas,gas,10000.0
2026-01-11 12:50:00,costo operativo,leña,leña,1500.0
2026-01-11 12:50:00,costo operativo,agua,agua,700.0
2026-01-11 12:50:00,costo operativo,luz,luz,520.0
2026-01-11 12:50:00,costo operativo,gas,gas,10000.0
2026-01-11 12:50:00,ingreso operativo,Reservas (sim),Ingreso simulado por reserva,150000.0
2026-01-11 12:50:00,costo operativo,leña,leña,1500.0
2026-01-11 12:50:00,ingreso operativo,Reservas (sim),Ingreso simulado por reserva,150000.0
2026-01-11 20:00:00,costo operativo,pago extra ayudante (diario),pago extra ayudante (diario),100000.0
2026-01-17 12:00:00,costo operativo,agua,agua,700.0
2026-01-17 12:00:00,costo operativo,leña,leña,1500.0
2026-01-17 12:00:00,ingreso operativo,Reservas (sim),Ingreso simulado por reserva,150000.0
2026-01-17 12:00:00,ingreso operativo,Reservas (sim),Ingreso simulado por reserva,150000.0
2026-01-17 12:00:00,ingreso operativo,Reservas (sim),Ingreso simulado por reserva,150000.0
2026-01-17 12:00:00,costo operativo,gas,gas,10000.0
2026-01-17 12:00:00,costo operativo,agua,agua,700.0
2026-01-17 12:00:00,costo operativo,leña,leña,1500.0
2026-01-17 12:00:00,costo operativo,luz,luz,520.0
2026-01-17 12:00:00,costo operativo,luz,luz,520.0
2026-01-17 12:00:00,costo operativo,agua,agua,700.0
2026-01-17 12:00:00,costo operativo,leña,leña,1500.0
2026-01-17 12:00:00,costo operativo,gas,gas,10000.0
2026-01-17 12:00:00,costo operativo,luz,luz,520.0
2026-01-17 12:00:00,costo operativo,gas,gas,10000.0
2026-01-17 12:10:00,costo operativo,luz,luz,520.0
2026-01-17 12:10:00,ingreso operativo,Reservas (sim),Ingreso simulado por reserva,150000.0
2026-01-17 12:10:00,ingreso operativo,Reservas (sim),Ingreso simulado por reserva,150000.0
2026-01-17 12:10:00,costo operativo,gas,gas,10000.0
2026-01-17 12:10:00,costo operativo,agua,agua,700.0
2026-01-17 12:10:00,ingreso operativo,Reservas (sim),Ingreso simulado por reserva,150000.0
2026-01-17 12:10:00,costo operativo,gas,gas,10000.0
2026-01-17 12:10:00,costo operativo,luz,luz,520.0
2026-01-17 12:10:00,costo operativo,agua,agua,700.0
2026-01-17 12:10:00,costo operativo,leña,leña,1500.0
2026-01-17 12:10:00,costo operativo,luz,luz,520.0
2026-01-17 12:10:00,costo operativo,agua,agua,700.0
2026-01-17 12:10:00,costo operativo,leña,leña,1500.0
2026-01-17 12:10:00,costo operativo,leña,leña,1500.0
2026-01-17 12:10:00,costo operativo,gas,gas,10000.0
2026-01-17 12:20:00,ingreso operativo,Reservas (sim),Ingreso simulado por reserva,150000.0
2026-01-17 12:20:00,costo operativo,luz,luz,520.0
2026-01-17 12:20:00,costo operativo,leña,leña,1500.0
2026-01-17 12:20:00,ingreso operativo,Reservas (sim),Ingreso simulado por reserva,150000.0
2026-01-17 12:20:00,costo operativo,agua,agua,700.0
2026-01-17 12:20:00,costo operativo,luz,luz,520.0
2026-01-17 12:20:00,costo operativo,gas,gas,10000.0
2026-01-17 12:20:00,costo operativo,leña,leña,1500.0
2026-01-17 12:20:00,costo operativo,agua,agua,700.0
2026-01-17 12:20:00,costo operativo,gas,gas,10000.0
2026-01-17 12:30:00,costo operativo,leña,leña,1500.0
2026-01-17 12:30:00,ingreso operativo,Reservas (sim),Ingreso simulado por reserva,150000.0
2026-01-17 12:30:00,ingreso operativo,Reservas (sim),Ingreso simulado por reserva,150000.0
2026-01-17 12:30:00,costo operativo,gas,gas,10000.0
2026-01-17 12:30:00,costo operativo,gas,gas,10000.0
2026-01-17 12:30:00,costo operativo,luz,luz,520.0
2026-01-17 12:30:00,costo operativo,agua,agua,700.0
2026-01-17 12:30:00,costo operativo,leña,leña,1500.0
2026-01-17 12:30:00,costo operativo,luz,luz,520.0
2026-01-17 12:30:00,costo operativo,agua,agua,700.0
2026-01-17 12:40:00,costo operativo,leña,leña,1500.0
2026-01-17 12:40:00,costo operativo,luz,luz,520.0
2026-01-17 12:40:00,costo operativo,luz,luz,520.0
2026-01-17 12:40:00,costo operativo,gas,gas,10000.0
2026-01-17 12:40:00,ingreso operativo,Reservas (sim),Ingreso simulado por reserva,150000.0
2026-01-17 12:40:00,ingreso operativo,Reservas (sim),Ingreso simulado por reserva,150000.0
2026-01-17 12:40:00,costo operativo,agua,agua,700.0
2026-01-17 12:40:00,costo operativo,leña,leña,1500.0
2026-01-17 12:40:00,costo operativo,gas,gas,10000.0
2026-01-17 12:40:00,costo operativo,agua,agua,700.0
2026-01-17 12:50:00,ingreso operativo,Reservas (sim),Ingreso simulado por reserva,150000.0
2026-01-17 12:50:00,costo operativo,luz,luz,520.0
2026-01-17 12:50:00,costo operativo,agua,agua,700.0
2026-01-17 12:50:00,costo operativo,leña,leña,1500.0
2026-01-17 12:50:00,costo operativo,gas,gas,10000.0
2026-01-17 12:50:00,costo operativo,luz,luz,520.0
2026-01-17 12:50:00,costo operativo,agua,agua,700.0
2026-01-17 12:50:00,costo operativo,leña,leña,1500.0
2026-01-17 12:50:00,costo operativo,gas,gas,10000.0
2026-01-17 12:50:00,ingreso operativo,Reservas (sim),Ingreso simulado por reserva,150000.0
2026-01-17 20:00:00,costo operativo,pago extra ayudante (diario),pago extra ayudante (diario),100000.0
2026-01-18 12:00:00,costo operativo,leña,leña,1500.0
2026-01-18 12:00:00,costo operativo,agua,agua,700.0
2026-01-18 12:00:00,ingreso operativo,Reservas (sim),Ingreso simulado por reserva,150000.0
2026-01-18 12:00:00,ingreso operativo,Reservas (sim),Ingreso simulado por reserva,150000.0
2026-01-18 12:00:00,costo operativo,gas,gas,10000.0
2026-01-18 12:00:00,costo operativo,luz,luz,520.0
2026-01-18 12:00:00,costo operativo,leña,leña,1500.0
2026-01-18 12:00:00,costo operativo,gas,gas,10000.0
2026-01-18 12:00:00,costo operativo,agua,agua,700.0
2026-01-18 12:00:00,costo operativo,luz,luz,520.0
2026-01-18 12:10:00,ingreso operativo,Reservas (sim),Ingreso simulado por reserva,150000.0
2026-01-18 12:10:00,costo operativo,gas,gas,10000.0
2026-01-18 12:10:00,costo operativo,luz,luz,520.0
2026-01-18 12:10:00,ingreso operativo,Reservas (sim),Ingreso simulado por reserva,150000.0
2026-01-18 12:10:00,costo operativo,leña,leña,1500.0
2026-01-18 12:10:00,costo operativo,gas,gas,10000.0
2026-01-18 12:10:00,costo operativo,leña,leña,1500.0
2026-01-18 12:10:00,costo operativo,agua,agua,700.0
2026-01-18 12:10:00,costo operativo,luz,luz,520.0
2026-01-18 12:10:00,costo operativo,agua,agua,700.0
2026-01-18 12:20:00,ingreso operativo,Reservas (sim),Ingreso simulado por reserva,150000.0
2026-01-18 12:20:00,ingreso operativo,Reservas (sim),Ingreso simulado por reserva,150000.0
2026-01-18 12:20:00,costo operativo,luz,luz,520.0
2026-01-18 12:20:00,costo operativo,gas,gas,10000.0
2026-01-18 12:20:00,costo operativo,leña,leña,1500.0
2026-01-18 12:20:00,costo operativo,leña,leña,1500.0
2026-01-18 12:20:00,costo operativo,agua,agua,700.0
2026-01-18 12:20:00,costo operativo,gas,gas,10000.0
2026-01-18 12:20:00,costo operativo,luz,luz,520.0
2026-01-18 12:20:00,costo operativo,agua,agua,700.0
2026-01-18 12:30:00,ingreso operativo,Reservas (sim),Ingreso simulado por reserva,150000.0
2026-01-18 12:30:00,ingreso operativo,Reservas (sim),Ingreso simulado por reserva,150000.0
2026-01-18 12:30:00,costo operativo,gas,gas,10000.0
2026-01-18 12:30:00,costo operativo,agua,agua,700.0
2026-01-18 12:30:00,costo operativo,leña,leña,1500.0
2026-01-18 12:30:00,costo operativo,gas,gas,10000.0
2026-01-18 12:30:00,costo operativo,agua,agua,700.0
2026-01-18 12:30:00,costo operativo,leña,leña,1500.0
2026-01-18 12:30:00,costo operativo,luz,luz,520.0
2026-01-18 12:30:00,costo operativo,luz,luz,520.0
2026-01-18 12:40:00,ingreso operativo,Reservas (sim),Ingreso simulado por reserva,150000.0
2026-01-18 12:40:00,ingreso operativo,Reservas (sim),Ingreso simulado por reserva,150000.0
2026-01-18 12:40:00,costo operativo,luz,luz,520.0
2026-01-18 12:40:00,costo operativo,leña,leña,1500.0
2026-01-18 12:40:00,costo operativo,leña,leña,1500.0
2026-01-18 12:40:00,costo operativo,agua,agua,700.0
2026-01-18 12:40:00,costo operativo,gas,gas,10000.0
2026-01-18 12:40:00,costo operativo,gas,gas,10000.0
2026-01-18 12:40:00,costo operativo,luz,luz,520.0
2026-01-18 12:40:00,costo operativo,agua,agua,700.0
2026-01-18 12:50:00,ingreso operativo,Reservas (sim),Ingreso simulado por reserva,150000.0
2026-01-18 12:50:00,ingreso operativo,Reservas (sim),Ingreso simulado por reserva,150000.0
2026-01-18 12:50:00,costo operativo,agua,agua,700.0
2026-01-18 12:50:00,costo operativo,luz,luz,520.0
2026-01-18 12:50:00,costo operativo,gas,gas,10000.0
2026-01-18 12:50:00,costo operativo,luz,luz,520.0
2026-01-18 12:50:00,costo operativo,agua,agua,700.0
2026-01-18 12:50:00,costo operativo,leña,leña,1500.0
2026-01-18 12:50:00,costo operativo,gas,gas,10000.0
2026-01-18 12:50:00,costo operativo,leña,leña,1500.0
2026-01-18 20:00:00,costo operativo,pago extra ayudante (diario),pago extra ayudante (diario),100000.0
2026-01-24 12:00:00,ingreso operativo,Reservas (sim),Ingreso simulado por reserva,150000.0
2026-01-24 12:00:00,ingreso operativo,Reservas (sim),Ingreso simulado por reserva,150000.0
2026-01-24 12:00:00,ingreso operativo,Reservas (sim),Ingreso simulado por reserva,150000.0
2026-01-24 12:00:00,costo operativo,leña,leña,1500.0
2026-01-24 12:00:00,costo operativo,agua,agua,700.0
2026-01-24 12:00:00,costo operativo,luz,luz,520.0
2026-01-24 12:00:00,costo operativo,gas,gas,10000.0
2026-01-24 12:00:00,costo operativo,leña,leña,1500.0
2026-01-24 12:00:00,costo operativo,agua,agua,700.0
2026-01-24 12:00:00,costo operativo,luz,luz,520.0
2026-01-24 12:00:00,costo operativo,gas,gas,10000.0
2026-01-24 12:00:00,costo operativo,leña,leña,1500.0
2026-01-24 12:00:00,costo operativo,agua,agua,700.0
2026-01-24 12:00:00,costo operativo,luz,luz,520.0
2026-01-24 12:00:00,costo operativo,gas,gas,10000.0
2026-01-24 12:10:00,costo operativo,leña,leña,1500.0
2026-01-24 12:10:00,costo operativo,leña,leña,1500.0
2026-01-24 12:10:00,costo operativo,agua,agua,700.0
2026-01-24 12:10:00,ingreso operativo,Reservas (sim),Ingreso simulado por reserva,150000.0
2026-01-24 12:10:00,ingreso operativo,Reservas (sim),Ingreso simulado por reserva,150000.0
2026-01-24 12:10:00,ingreso operativo,Reservas (sim),Ingreso simulado por reserva,150000.0
2026-01-24 12:10:00,costo operativo,luz,luz,520.0
2026-01-24 12:10:00,costo operativo,gas,gas,10000.0
2026-01-24 12:10:00,costo operativo,luz,luz,520.0
2026-01-24 12:10:00,costo operativo,leña,leña,1500.0
2026-01-24 12:10:00,costo operativo,gas,gas,10000.0
2026-01-24 12:10:00,costo operativo,luz,luz,520.0
2026-01-24 12:10:00,costo operativo,agua,agua,700.0
2026-01-24 12:10:00,costo operativo,gas,gas,10000.0
2026-01-24 12:10:00,costo operativo,agua,agua,700.0
2026-01-24 12:20:00,ingreso operativo,Reservas (sim),Ingreso simulado por reserva,150000.0
2026-01-24 12:20:00,ingreso operativo,Reservas (sim),Ingreso simulado por reserva,150000.0
2026-01-24 12:20:00,costo operativo,agua,agua,700.0
2026-01-24 12:20:00,costo operativo,leña,leña,1500.0
2026-01-24 12:20:00,costo operativo,luz,luz,520.0
2026-01-24 12:20:00,costo operativo,gas,gas,10000.0
2026-01-24 12:20:00,costo operativo,leña,leña,1500.0
2026-01-24 12:20:00,costo operativo,agua,agua,700.0
2026-01-24 12:20:00,costo operativo,luz,luz,520.0
2026-01-24 12:20:00,costo operativo,gas,gas,10000.0
2026-01-24 12:30:00,ingreso operativo,Reservas (sim),Ingreso simulado por reserva,150000.0
2026-01-24 12:30:00,costo operativo,gas,gas,10000.0
2026-01-24 12:30:00,costo operativo,luz,luz,520.0
2026-01-24 12:30:00,costo operativo,agua,agua,700.0
2026-01-24 12:30:00,costo operativo,leña,leña,1500.0
2026-01-24 12:30:00,costo operativo,leña,leña,1500.0
2026-01-24 12:30:00,costo operativo,luz,luz,520.0
2026-01-24 12:30:00,costo operativo,agua,agua,700.0
2026-01-24 12:30:00,ingreso operativo,Reservas (sim),Ingreso simulado por reserva,150000.0
2026-01-24 12:30:00,costo operativo,gas,gas,10000.0
2026-01-24 12:40:00,costo operativo,leña,leña,1500.0
2026-01-24 12:40:00,costo operativo,gas,gas,10000.0
2026-01-24 12:40:00,costo operativo,leña,leña,1500.0
2026-01-24 12:40:00,ingreso operativo,Reservas (sim),Ingreso simulado por reserva,150000.0
2026-01-24 12:40:00,costo operativo,agua,agua,700.0
2026-01-24 12:40:00,costo operativo,luz,luz,520.0
2026-01-24 12:40:00,costo operativo,gas,gas,10000.0
2026-01-24 12:40:00,costo operativo,agua,agua,700.0
2026-01-24 12:40:00,ingreso operativo,Reservas (sim),Ingreso simulado por reserva,150000.0
2026-01-24 12:40:00,costo operativo,luz,luz,520.0
2026-01-24 12:50:00,costo operativo,gas,gas,10000.0
2026-01-24 12:50:00,costo operativo,luz,luz,520.0
2026-01-24 12:50:00,costo operativo,agua,agua,700.0
2026-01-24 12:50:00,costo operativo,gas,gas,10000.0
2026-01-24 12:50:00,costo operativo,luz,luz,520.0
2026-01-24 12:50:00,costo operativo,agua,agua,700.0
2026-01-24 12:50:00,costo operativo,leña,leña,1500.0
2026-01-24 12:50:00,ingreso operativo,Reservas (sim),Ingreso simulado por reserva,150000.0
2026-01-24 12:50:00,ingreso operativo,Reservas (sim),Ingreso simulado por reserva,150000.0
2026-01-24 12:50:00,costo operativo,leña,leña,1500.0
2026-01-24 20:00:00,costo operativo,pago extra ayudante (diario),pago extra ayudante (diario),100000.0
2026-01-25 12:00:00,ingreso operativo,Reservas (sim),Ingreso simulado por reserva,150000.0
2026-01-25 12:00:00,ingreso operativo,Reservas (sim),Ingreso simulado por reserva,150000.0
2026-01-25 12:00:00,costo operativo,luz,luz,520.0
2026-01-25 12:00:00,costo operativo,agua,agua,700.0
2026-01-25 12:00:00,costo operativo,leña,leña,1500.0
2026-01-25 12:00:00,costo operativo,gas,gas,10000.0
2026-01-25 12:00:00,costo operativo,luz,luz,520.0
2026-01-25 12:00:00,costo operativo,agua,agua,700.0
2026-01-25 12:00:00,costo operativo,leña,leña,1500.0
2026-01-25 12:00:00,costo operativo,gas,gas,10000.0
2026-01-25 12:10:00,ingreso operativo,Reservas (sim),Ingreso simulado por reserva,150000.0
2026-01-25 12:10:00,ingreso operativo,Reservas (sim),Ingreso simulado por reserva,150000.0
2026-01-25 12:10:00,costo operativo,agua,agua,700.0
2026-01-25 12:10:00,costo operativo,leña,leña,1500.0
2026-01-25 12:10:00,costo operativo,luz,luz,520.0
2026-01-25 12:10:00,costo operativo,gas,gas,10000.0
2026-01-25 12:10:00,costo operativo,leña,leña,1500.0
2026-01-25 12:10:00,costo operativo,agua,agua,700.0
2026-01-25 12:10:00,costo operativo,luz,luz,520.0
2026-01-25 12:10:00,costo operativo,gas,gas,10000.0
2026-01-25 12:20:00,costo operativo,agua,agua,700.0
2026-01-25 12:20:00,costo operativo,leña,leña,1500.0
2026-01-25 12:20:00,costo operativo,luz,luz,520.0
2026-01-25 12:20:00,costo operativo,gas,gas,10000.0
2026-01-25 12:20:00,ingreso operativo,Reservas (sim),Ingreso simulado por reserva,150000.0
2026-01-25 12:30:00,ingreso operativo,Reservas (sim),Ingreso simulado por reserva,150000.0
2026-01-25 12:30:00,costo operativo,gas,gas,10000.0
2026-01-25 12:30:00,costo operativo,luz,luz,520.0
2026-01-25 12:30:00,costo operativo,leña,leña,1500.0
2026-01-25 12:30:00,costo operativo,agua,agua,700.0
2026-01-25 12:40:00,ingreso operativo,Reservas (sim),Ingreso simulado por reserva,150000.0
2026-01-25 12:40:00,costo operativo,gas,gas,10000.0
2026-01-25 12:40:00,costo operativo,luz,luz,520.0
2026-01-25 12:40:00,costo operativo,agua,agua,700.0
2026-01-25 12:40:00,costo operativo,leña,leña,1500.0
2026-01-25 12:50:00,costo operativo,leña,leña,1500.0
2026-01-25 12:50:00,costo operativo,agua,agua,700.0
2026-01-25 12:50:00,costo operativo,luz,luz,520.0
2026-01-25 12:50:00,costo operativo,gas,gas,10000.0
2026-01-25 12:50:00,ingreso operativo,Reservas (sim),Ingreso simulado por reserva,150000.0
2026-01-25 20:00:00,costo operativo,pago extra ayudante (diario),pago extra ayudante (diario),100000.0
2026-01-31 12:00:00,ingreso operativo,Reservas (sim),Ingreso simulado por reserva,150000.0
2026-01-31 12:00:00,costo operativo,agua,agua,700.0
2026-01-31 12:00:00,costo operativo,gas,gas,10000.0
2026-01-31 12:00:00,costo operativo,gas,gas,10000.0
2026-01-31 12:00:00,costo operativo,luz,luz,520.0
2026-01-31 12:00:00,costo operativo,agua,agua,700.0
2026-01-31 12:00:00,costo operativo,leña,leña,1500.0
2026-01-31 12:00:00,ingreso operativo,Reservas (sim),Ingreso simulado por reserva,150000.0
2026-01-31 12:00:00,costo operativo,leña,leña,1500.0
2026-01-31 12:00:00,costo operativo,luz,luz,520.0
2026-01-31 12:00:00,ingreso operativo,Reservas (sim),Ingreso simulado por reserva,150000.0
2026-01-31 12:00:00,costo operativo,leña,leña,1500.0
2026-01-31 12:00:00,costo operativo,agua,agua,700.0
2026-01-31 12:00:00,costo operativo,luz,luz,520.0
2026-01-31 12:00:00,costo operativo,gas,gas,10000.0
2026-01-31 12:10:00,ingreso operativo,Reservas (sim),Ingreso simulado por reserva,150000.0
2026-01-31 12:10:00,costo operativo,luz,luz,520.0
2026-01-31 12:10:00,costo operativo,agua,agua,700.0
2026-01-31 12:10:00,costo operativo,leña,leña,1500.0
2026-01-31 12:10:00,costo operativo,gas,gas,10000.0
2026-01-31 12:10:00,costo operativo,luz,luz,520.0
2026-01-31 12:10:00,costo operativo,agua,agua,700.0
2026-01-31 12:10:00,costo operativo,gas,gas,10000.0
2026-01-31 12:10:00,costo operativo,gas,gas,10000.0
2026-01-31 12:10:00,costo operativo,luz,luz,520.0
2026-01-31 12:10:00,costo operativo,agua,agua,700.0
2026-01-31 12:10:00,costo operativo,leña,leña,1500.0
2026-01-31 12:10:00,ingreso operativo,Reservas (sim),Ingreso simulado por reserva,150000.0
2026-01-31 12:10:00,costo operativo,leña,leña,1500.0
2026-01-31 12:10:00,ingreso operativo,Reservas (sim),Ingreso simulado por reserva,150000.0
2026-01-31 12:20:00,costo operativo,leña,leña,1500.0
2026-01-31 12:20:00,costo operativo,luz,luz,520.0
2026-01-31 12:20:00,costo operativo,gas,gas,10000.0
2026-01-31 12:20:00,costo operativo,leña,leña,1500.0
2026-01-31 12:20:00,costo operativo,agua,agua,700.0
2026-01-31 12:20:00,costo operativo,luz,luz,520.0
2026-01-31 12:20:00,costo operativo,gas,gas,10000.0
2026-01-31 12:20:00,ingreso operativo,Reservas (sim),Ingreso simulado por reserva,150000.0
2026-01-31 12:20:00,ingreso operativo,Reservas (sim),Ingreso simulado por reserva,150000.0
2026-01-31 12:20:00,costo operativo,agua,agua,700.0
2026-01-31 12:30:00,ingreso operativo,Reservas (sim),Ingreso simulado por reserva,150000.0
2026-01-31 12:30:00,ingreso operativo,Reservas (sim),Ingreso simulado por reserva,150000.0
2026-01-31 12:30:00,costo operativo,gas,gas,10000.0
2026-01-31 12:30:00,costo operativo,leña,leña,1500.0
2026-01-31 12:30:00,costo operativo,agua,agua,700.0
2026-01-31 12:30:00,costo operativo,gas,gas,10000.0
2026-01-31 12:30:00,costo operativo,luz,luz,520.0
2026-01-31 12:30:00,costo operativo,agua,agua,700.0
2026-01-31 12:30:00,costo operativo,leña,leña,1500.0
2026-01-31 12:30:00,costo operativo,luz,luz,520.0
2026-01-31 12:40:00,ingreso operativo,Reservas (sim),Ingreso simulado por reserva,150000.0
2026-01-31 12:40:00,ingreso operativo,Reservas (sim),Ingreso simulado por reserva,150000.0
2026-01-31 12:40:00,costo operativo,agua,agua,700.0
2026-01-31 12:40:00,costo operativo,gas,gas,10000.0
2026-01-31 12:40:00,costo operativo,luz,luz,520.0
2026-01-31 12:40:00,costo operativo,leña,leña,1500.0
2026-01-31 12:40:00,costo operativo,gas,gas,10000.0
2026-01-31 12:40:00,costo operativo,luz,luz,520.0
2026-01-31 12:40:00,costo operativo,agua,agua,700.0
2026-01-31 12:40:00,costo operativo,leña,leña,1500.0
2026-01-31 12:50:00,costo operativo,gas,gas,10000.0
2026-01-31 12:50:00,costo operativo,luz,luz,520.0
2026-01-31 12:50:00,costo operativo,leña,leña,1500.0
2026-01-31 12:50:00,costo operativo,gas,gas,10000.0
2026-01-31 12:50:00,costo operativo,luz,luz,520.0
2026-01-31 12:50:00,costo operativo,agua,agua,700.0
2026-01-31 12:50:00,costo operativo,leña,leña,1500.0
2026-01-31 12:50:00,costo operativo,agua,agua,700.0
2026-01-31 12:50:00,ingreso operativo,Reservas (sim),Ingreso simulado por reserva,150000.0
2026-01-31 12:50:00,ingreso operativo,Reservas (sim),Ingreso simulado por reserva,150000.0
2026-01-31 18:00:00,Costos de Marketing,Simulación,Gasto marketing mensual simulado,300000.0
2026-01-31 18:00:00,costos fijos,Simulación,Costo fijo mensual simulado,700000.0
2026-01-31 20:00:00,costo operativo,pago extra ayudante (diario),pago extra ayudante (diario),100000.0
2026-02-01 12:00:00,costo operativo,gas,gas,10000.0
2026-02-01 12:00:00,costo operativo,luz,luz,520.0
2026-02-01 12:00:00,costo operativo,agua,agua,700.0
2026-02-01 12:00:00,costo operativo,leña,leña,1500.0
2026-02-01 12:00:00,costo operativo,luz,luz,520.0
2026-02-01 12:00:00,costo operativo,agua,agua,700.0
2026-02-01 12:00:00,costo operativo,leña,leña,1500.0
2026-02-01 12:00:00,costo operativo,gas,gas,10000.0
2026-02-01 12:00:00,ingreso operativo,Reservas (sim),Ingreso simulado por reserva,150000.0
2026-02-01 12:00:00,ingreso operativo,Reservas (sim),Ingreso simulado por reserva,150000.0
2026-02-01 12:10:00,costo operativo,luz,luz,520.0
2026-02-01 12:10:00,ingreso operativo,Reservas (sim),Ingreso simulado por reserva,150000.0
2026-02-01 12:10:00,ingreso operativo,Reservas (sim),Ingreso simulado por reserva,150000.0
2026-02-01 12:10:00,costo operativo,leña,leña,1500.0
2026-02-01 12:10:00,costo operativo,agua,agua,700.0
2026-02-01 12:10:00,costo operativo,gas,gas,10000.0
2026-02-01 12:10:00,costo operativo,gas,gas,10000.0
2026-02-01 12:10:00,costo operativo,leña,leña,1500.0
2026-02-01 12:10:00,costo operativo,agua,agua,700.0
2026-02-01 12:10:00,costo operativo,luz,luz,520.0
2026-02-01 12:20:00,costo operativo,gas,gas,10000.0
2026-02-01 12:20:00,costo operativo,luz,luz,520.0
2026-02-01 12:20:00,costo operativo,agua,agua,700.0
2026-02-01 12:20:00,costo operativo,leña,leña,1500.0
2026-02-01 12:20:00,costo operativo,agua,agua,700.0
2026-02-01 12:20:00,ingreso operativo,Reservas (sim),Ingreso simulado por reserva,150000.0
2026-02-01 12:20:00,ingreso operativo,Reservas (sim),Ingreso simulado por reserva,150000.0
2026-02-01 12:20:00,costo operativo,gas,gas,10000.0
2026-02-01 12:20:00,costo operativo,leña,leña,1500.0
2026-02-01 12:20:00,costo operativo,luz,luz,520.0
2026-02-01 12:30:00,costo operativo,gas,gas,10000.0
2026-02-01 12:30:00,costo operativo,leña,leña,1500.0
2026-02-01 12:30:00,ingreso operativo,Reservas (sim),Ingreso simulado por reserva,150000.0
2026-02-01 12:30:00,costo operativo,agua,agua,700.0
2026-02-01 12:30:00,costo operativo,luz,luz,520.0
2026-02-01 12:40:00,ingreso operativo,Reservas (sim),Ingreso simulado por reserva,150000.0
2026-02-01 12:40:00,costo operativo,leña,leña,1500.0
2026-02-01 12:40:00,costo operativo,agua,agua,700.0
2026-02-01 12:40:00,costo operativo,luz,luz,520.0
2026-02-01 12:40:00,costo operativo,gas,gas,10000.0
2026-02-01 12:50:00,costo operativo,gas,gas,10000.0
2026-02-01 12:50:00,ingreso operativo,Reservas (sim),Ingreso simulado por reserva,150000.0
2026-02-01 12:50:00,costo operativo,luz,luz,520.0
2026-02-01 12:50:00,costo operativo,leña,leña,1500.0
2026-02-01 12:50:00,costo operativo,agua,agua,700.0
2026-02-01 20:00:00,costo operativo,pago extra ayudante (diario),pago extra ayudante (diario),100000.0
2026-02-02 12:00:00,costo operativo,gas,gas,10000.0
2026-02-02 12:00:00,costo operativo,agua,agua,700.0
2026-02-02 12:00:00,costo operativo,leña,leña,1500.0
2026-02-02 12:00:00,costo operativo,luz,luz,520.0
2026-02-02 12:00:00,ingreso operativo,Reservas (sim),Ingreso simulado por reserva,150000.0
2026-02-02 12:10:00,ingreso operativo,Reservas (sim),Ingreso simulado por reserva,150000.0
2026-02-02 12:10:00,costo operativo,leña,leña,1500.0
2026-02-02 12:10:00,costo operativo,agua,agua,700.0
2026-02-02 12:10:00,costo operativo,luz,luz,520.0
2026-02-02 12:10:00,costo operativo,gas,gas,10000.0
2026-02-02 12:20:00,costo operativo,gas,gas,10000.0
2026-02-02 12:20:00,ingreso operativo,Reservas (sim),Ingreso simulado por reserva,150000.0
2026-02-02 12:20:00,costo operativo,leña,leña,1500.0
2026-02-02 12:20:00,costo operativo,agua,agua,700.0
2026-02-02 12:20:00,costo operativo,luz,luz,520.0
2026-02-02 12:30:00,costo operativo,luz,luz,520.0
2026-02-02 12:30:00,costo operativo,gas,gas,10000.0
2026-02-02 12:30:00,costo operativo,agua,agua,700.0
2026-02-02 12:30:00,ingreso operativo,Reservas (sim),Ingreso simulado por reserva,150000.0
2026-02-02 12:30:00,costo operativo,leña,leña,1500.0
2026-02-02 20:00:00,costo operativo,pago extra ayudante (diario),pago extra ayudante (diario),70000.0
2026-02-03 12:00:00,costo operativo,gas,gas,10000.0
2026-02-03 12:00:00,costo operativo,agua,agua,700.0
2026-02-03 12:00:00,costo operativo,luz,luz,520.0
2026-02-03 12:00:00,costo operativo,leña,leña,1500.0
2026-02-03 12:00:00,ingreso operativo,Reservas (sim),Ingreso simulado por reserva,150000.0
2026-02-03 12:10:00,costo operativo,luz,luz,520.0
2026-02-03 12:10:00,costo operativo,gas,gas,10000.0
2026-02-03 12:10:00,ingreso operativo,Reservas (sim),Ingreso simulado por reserva,150000.0
2026-02-03 12:10:00,costo operativo,agua,agua,700.0
2026-02-03 12:10:00,costo operativo,leña,leña,1500.0
2026-02-03 20:00:00,costo operativo,pago extra ayudante (diario),pago extra ayudante (diario),45000.0
2026-02-04 12:00:00,costo operativo,leña,leña,1500.0
2026-02-04 12:00:00,costo operativo,agua,agua,700.0
2026-02-04 12:00:00,costo operativo,luz,luz,520.0
2026-02-04 12:00:00,ingreso operativo,Reservas (sim),Ingreso simulado por reserva,150000.0
2026-02-04 12:00:00,costo operativo,gas,gas,10000.0
2026-02-04 12:10:00,costo operativo,luz,luz,520.0
2026-02-04 12:10:00,costo operativo,gas,gas,10000.0
2026-02-04 12:10:00,costo operativo,leña,leña,1500.0
2026-02-04 12:10:00,ingreso operativo,Reservas (sim),Ingreso simulado por reserva,150000.0
2026-02-04 12:10:00,costo operativo,agua,agua,700.0
2026-02-04 12:20:00,costo operativo,leña,leña,1500.0
2026-02-04 12:20:00,costo operativo,luz,luz,520.0
2026-02-04 12:20:00,costo operativo,gas,gas,10000.0
2026-02-04 12:20:00,ingreso operativo,Reservas (sim),Ingreso simulado por reserva,150000.0
2026-02-04 12:20:00,costo operativo,agua,agua,700.0
2026-02-04 12:30:00,ingreso operativo,Reservas (sim),Ingreso simulado por reserva,150000.0
2026-02-04 12:30:00,costo operativo,luz,luz,520.0
2026-02-04 12:30:00,costo operativo,gas,gas,10000.0
2026-02-04 12:30:00,costo operativo,agua,agua,700.0
2026-02-04 12:30:00,costo operativo,leña,leña,1500.0
2026-02-04 12:40:00,costo operativo,luz,luz,520.0
2026-02-04 12:40:00,costo operativo,gas,gas,10000.0
2026-02-04 12:40:00,ingreso operativo,Reservas (sim),Ingreso simulado por reserva,150000.0
2026-02-04 12:40:00,costo operativo,agua,agua,700.0
2026-02-04 12:40:00,costo operativo,leña,leña,1500.0
2026-02-04 20:00:00,costo operativo,pago extra ayudante (diario),pago extra ayudante (diario),80000.0
2026-02-05 12:00:00,costo operativo,leña,leña,1500.0
2026-02-05 12:00:00,costo operativo,agua,agua,700.0
2026-02-05 12:00:00,costo operativo,luz,luz,520.0
2026-02-05 12:00:00,costo operativo,gas,gas,10000.0
2026-02-05 12:00:00,ingreso operativo,Reservas (sim),Ingreso simulado por reserva,150000.0
2026-02-05 12:10:00,ingreso operativo,Reservas (sim),Ingreso simulado por reserva,150000.0
2026-02-05 12:10:00,costo operativo,agua,agua,700.0
2026-02-05 12:10:00,costo operativo,leña,leña,1500.0
2026-02-05 12:10:00,costo operativo,gas,gas,10000.0
2026-02-05 12:10:00,costo operativo,luz,luz,520.0
2026-02-05 12:20:00,costo operativo,gas,gas,10000.0
2026-02-05 12:20:00,costo operativo,luz,luz,520.0
2026-02-05 12:20:00,costo operativo,agua,agua,700.0
2026-02-05 12:20:00,costo operativo,leña,leña,1500.0
2026-02-05 12:20:00,ingreso operativo,Reservas (sim),Ingreso simulado por reserva,150000.0
2026-02-05 12:30:00,ingreso operativo,Reservas (sim),Ingreso simulado por reserva,150000.0
2026-02-05 12:30:00,costo operativo,luz,luz,520.0
2026-02-05 12:30:00,costo operativo,leña,leña,1500.0
2026-02-05 12:30:00,costo operativo,agua,agua,700.0
2026-02-05 12:30:00,costo operativo,gas,gas,10000.0
2026-02-05 12:40:00,ingreso operativo,Reservas (sim),Ingreso simulado por reserva,150000.0
2026-02-05 12:40:00,costo operativo,leña,leña,1500.0
2026-02-05 12:40:00,costo operativo,agua,agua,700.0
2026-02-05 12:40:00,costo operativo,luz,luz,520.0
2026-02-05 12:40:00,costo operativo,gas,gas,10000.0
2026-02-05 20:00:00,costo operativo,pago extra ayudante (diario),pago extra ayudante (diario),80000.0
2026-02-06 12:00:00,costo operativo,gas,gas,10000.0
2026-02-06 12:00:00,costo operativo,luz,luz,520.0
2026-02-06 12:00:00,costo operativo,agua,agua,700.0
2026-02-06 12:00:00,ingreso operativo,Reservas (sim),Ingreso simulado por reserva,150000.0
2026-02-06 12:00:00,costo operativo,leña,leña,1500.0
2026-02-06 12:10:00,costo operativo,gas,gas,10000.0
2026-02-06 12:10:00,ingreso operativo,Reservas (sim),Ingreso simulado por reserva,150000.0
2026-02-06 12:10:00,costo operativo,leña,leña,1500.0
2026-02-06 12:10:00,costo operativo,agua,agua,700.0
2026-02-06 12:10:00,costo operativo,luz,luz,520.0
2026-02-06 20:00:00,costo operativo,pago extra ayudante (diario),pago extra ayudante (diario),45000.0
2026-02-07 12:00:00,costo operativo,agua,agua,700.0
2026-02-07 12:00:00,ingreso operativo,Reservas (sim),Ingreso simulado por reserva,150000.0
2026-02-07 12:00:00,ingreso operativo,Reservas (sim),Ingreso simulado por reserva,150000.0
2026-02-07 12:00:00,ingreso operativo,Reservas (sim),Ingreso simulado por reserva,150000.0
2026-02-07 12:00:00,costo operativo,gas,gas,10000.0
2026-02-07 12:00:00,costo operativo,luz,luz,520.0
2026-02-07 12:00:00,costo operativo,leña,leña,1500.0
2026-02-07 12:00:00,costo operativo,agua,agua,700.0
2026-02-07 12:00:00,costo operativo,gas,gas,10000.0
2026-02-07 12:00:00,costo operativo,agua,agua,700.0
2026-02-07 12:00:00,costo operativo,leña,leña,1500.0
2026-02-07 12:00:00,costo operativo,gas,gas,10000.0
2026-02-07 12:00:00,costo operativo,luz,luz,520.0
2026-02-07 12:00:00,costo operativo,leña,leña,1500.0
2026-02-07 12:00:00,costo operativo,luz,luz,520.0
2026-02-07 12:10:00,costo operativo,gas,gas,10000.0
2026-02-07 12:10:00,ingreso operativo,Reservas (sim),Ingreso simulado por reserva,150000.0
2026-02-07 12:10:00,ingreso operativo,Reservas (sim),Ingreso simulado por reserva,150000.0
2026-02-07 12:10:00,costo operativo,luz,luz,520.0
2026-02-07 12:10:00,costo operativo,leña,leña,1500.0
2026-02-07 12:10:00,costo operativo,leña,leña,1500.0
2026-02-07 12:10:00,costo operativo,gas,gas,10000.0
2026-02-07 12:10:00,costo operativo,luz,luz,520.0
2026-02-07 12:10:00,costo operativo,agua,agua,700.0
2026-02-07 12:10:00,costo operativo,agua,agua,700.0
2026-02-07 12:20:00,costo operativo,luz,luz,520.0
2026-02-07 12:20:00,costo operativo,gas,gas,10000.0
2026-02-07 12:20:00,costo operativo,leña,leña,1500.0
2026-02-07 12:20:00,costo operativo,gas,gas,10000.0
2026-02-07 12:20:00,costo operativo,luz,luz,520.0
2026-02-07 12:20:00,costo operativo,agua,agua,700.0
2026-02-07 12:20:00,ingreso operativo,Reservas (sim),Ingreso simulado por reserva,150000.0
2026-02-07 12:20:00,ingreso operativo,Reservas (sim),Ingreso simulado por reserva,150000.0
2026-02-07 12:20:00,costo operativo,agua,agua,700.0
2026-02-07 12:20:00,costo operativo,leña,leña,1500.0
2026-02-07 12:30:00,ingreso operativo,Reservas (sim),Ingreso simulado por reserva,150000.0
2026-02-07 12:30:00,ingreso operativo,Reservas (sim),Ingreso simulado por reserva,150000.0
2026-02-07 12:30:00,costo operativo,agua,agua,700.0
2026-02-07 12:30:00,costo operativo,luz,luz,520.0
2026-02-07 12:30:00,costo operativo,leña,leña,1500.0
2026-02-07 12:30:00,costo operativo,luz,luz,520.0
2026-02-07 12:30:00,costo operativo,gas,gas,10000.0
2026-02-07 12:30:00,costo operativo,leña,leña,1500.0
2026-02-07 12:30:00,costo operativo,agua,agua,700.0
2026-02-07 12:30:00,costo operativo,gas,gas,10000.0
2026-02-07 12:40:00,ingreso operativo,Reservas (sim),Ingreso simulado por reserva,150000.0
2026-02-07 12:40:00,costo operativo,gas,gas,10000.0
2026-02-07 12:40:00,costo operativo,leña,leña,1500.0
2026-02-07 12:40:00,ingreso operativo,Reservas (sim),Ingreso simulado por reserva,150000.0
2026-02-07 12:40:00,costo operativo,gas,gas,10000.0
2026-02-07 12:40:00,costo operativo,luz,luz,520.0
2026-02-07 12:40:00,costo operativo,agua,agua,700.0
2026-02-07 12:40:00,costo operativo,leña,leña,1500.0
2026-02-07 12:40:00,costo operativo,agua,agua,700.0
2026-02-07 12:40:00,costo operativo,luz,luz,520.0
2026-02-07 12:50:00,ingreso operativo,Reservas (sim),Ingreso simulado por reserva,150000.0
2026-02-07 12:50:00,ingreso operativo,Reservas (sim),Ingreso simulado por reserva,150000.0
2026-02-07 12:50:00,costo operativo,leña,leña,1500.0
2026-02-07 12:50:00,costo operativo,gas,gas,10000.0
2026-02-07 12:50:00,costo operativo,luz,luz,520.0
2026-02-07 12:50:00,costo operativo,agua,agua,700.0
2026-02-07 12:50:00,costo operativo,gas,gas,10000.0
2026-02-07 12:50:00,costo operativo,luz,luz,520.0
2026-02-07 12:50:00,costo operativo,agua,agua,700.0
2026-02-07 12:50:00,costo operativo,leña,leña,1500.0
2026-02-07 20:00:00,costo operativo,pago extra ayudante (diario),pago extra ayudante (diario),100000.0
2026-02-08 12:00:00,ingreso operativo,Reservas (sim),Ingreso simulado por reserva,150000.0
2026-02-08 12:00:00,costo operativo,gas,gas,10000.0
2026-02-08 12:00:00,costo operativo,luz,luz,520.0
2026-02-08 12:00:00,costo operativo,agua,agua,700.0
2026-02-08 12:00:00,costo operativo,leña,leña,1500.0
2026-02-08 12:10:00,ingreso operativo,Reservas (sim),Ingreso simulado por reserva,150000.0
2026-02-08 12:10:00,costo operativo,luz,luz,520.0
2026-02-08 12:10:00,costo operativo,leña,leña,1500.0
2026-02-08 12:10:00,costo operativo,gas,gas,10000.0
2026-02-08 12:10:00,costo operativo,agua,agua,700.0
2026-02-08 12:20:00,costo operativo,leña,leña,1500.0
2026-02-08 12:20:00,ingreso operativo,Reservas (sim),Ingreso simulado por reserva,150000.0
2026-02-08 12:20:00,costo operativo,agua,agua,700.0
2026-02-08 12:20:00,costo operativo,gas,gas,10000.0
2026-02-08 12:20:00,costo operativo,luz,luz,520.0
2026-02-08 12:30:00,costo operativo,agua,agua,700.0
2026-02-08 12:30:00,costo operativo,leña,leña,1500.0
2026-02-08 12:30:00,costo operativo,luz,luz,520.0
2026-02-08 12:30:00,costo operativo,gas,gas,10000.0
2026-02-08 12:30:00,ingreso operativo,Reservas (sim),Ingreso simulado por reserva,150000.0
2026-02-08 12:40:00,costo operativo,luz,luz,520.0
2026-02-08 12:40:00,costo operativo,agua,agua,700.0
2026-02-08 12:40:00,ingreso operativo,Reservas (sim),Ingreso simulado por reserva,150000.0
2026-02-08 12:40:00,costo operativo,leña,leña,1500.0
2026-02-08 12:40:00,costo operativo,gas,gas,10000.0
2026-02-08 12:50:00,costo operativo,agua,agua,700.0
2026-02-08 12:50:00,costo operativo,leña,leña,1500.0
2026-02-08 12:50:00,ingreso operativo,Reservas (sim),Ingreso simulado por reserva,150000.0
2026-02-08 12:50:00,costo operativo,gas,gas,10000.0
2026-02-08 12:50:00,costo operativo,luz,luz,520.0
2026-02-08 20:00:00,costo operativo,pago extra ayudante (diario),pago extra ayudante (diario),90000.0
2026-02-09 12:00:00,costo operativo,luz,luz,520.0
2026-02-09 12:00:00,costo operativo,gas,gas,10000.0
2026-02-09 12:00:00,ingreso operativo,Reservas (sim),Ingreso simulado por reserva,150000.0
2026-02-09 12:00:00,costo operativo,leña,leña,1500.0
2026-02-09 12:00:00,costo operativo,agua,agua,700.0
2026-02-09 20:00:00,costo operativo,pago extra ayudante (diario),pago extra ayudante (diario),25000.0
2026-02-10 12:00:00,costo operativo,leña,leña,1500.0
2026-02-10 12:00:00,costo operativo,agua,agua,700.0
2026-02-10 12:00:00,costo operativo,luz,luz,520.0
2026-02-10 12:00:00,costo operativo,gas,gas,10000.0
2026-02-10 12:00:00,ingreso operativo,Reservas (sim),Ingreso simulado por reserva,150000.0
2026-02-10 12:10:00,ingreso operativo,Reservas (sim),Ingreso simulado por reserva,150000.0
2026-02-10 12:10:00,costo operativo,leña,leña,1500.0
2026-02-10 12:10:00,costo operativo,agua,agua,700.0
2026-02-10 12:10:00,costo operativo,luz,luz,520.0
2026-02-10 12:10:00,costo operativo,gas,gas,10000.0
2026-02-10 12:20:00,ingreso operativo,Reservas (sim),Ingreso simulado por reserva,150000.0
2026-02-10 12:20:00,costo operativo,leña,leña,1500.0
2026-02-10 12:20:00,costo operativo,agua,agua,700.0
2026-02-10 12:20:00,costo operativo,luz,luz,520.0
2026-02-10 12:20:00,costo operativo,gas,gas,10000.0
2026-02-10 12:30:00,costo operativo,leña,leña,1500.0
2026-02-10 12:30:00,costo operativo,gas,gas,10000.0
2026-02-10 12:30:00,ingreso operativo,Reservas (sim),Ingreso simulado por reserva,150000.0
2026-02-10 12:30:00,costo operativo,luz,luz,520.0
2026-02-10 12:30:00,costo operativo,agua,agua,700.0
2026-02-10 20:00:00,costo operativo,pago extra ayudante (diario),pago extra ayudante (diario),70000.0
2026-02-11 12:00:00,ingreso operativo,Reservas (sim),Ingreso simulado por reserva,150000.0
2026-02-11 12:00:00,costo operativo,leña,leña,1500.0
2026-02-11 12:00:00,costo operativo,agua,agua,700.0
2026-02-11 12:00:00,costo operativo,luz,luz,520.0
2026-02-11 12:00:00,costo operativo,gas,gas,10000.0
2026-02-11 12:10:00,costo operativo,leña,leña,1500.0
2026-02-11 12:10:00,costo operativo,agua,agua,700.0
2026-02-11 12:10:00,costo operativo,luz,luz,520.0
2026-02-11 12:10:00,costo operativo,gas,gas,10000.0
2026-02-11 12:10:00,ingreso operativo,Reservas (sim),Ingreso simulado por reserva,150000.0
2026-02-11 12:20:00,costo operativo,agua,agua,700.0
2026-02-11 12:20:00,costo operativo,luz,luz,520.0
2026-02-11 12:20:00,costo operativo,leña,leña,1500.0
2026-02-11 12:20:00,costo operativo,gas,gas,10000.0
2026-02-11 12:20:00,ingreso operativo,Reservas (sim),Ingreso simulado por reserva,150000.0
2026-02-11 12:30:00,costo operativo,leña,leña,1500.0
2026-02-11 12:30:00,costo operativo,agua,agua,700.0
2026-02-11 12:30:00,costo operativo,luz,luz,520.0
2026-02-11 12:30:00,costo operativo,gas,gas,10000.0
2026-02-11 12:30:00,ingreso operativo,Reservas (sim),Ingreso simulado por reserva,150000.0
2026-02-11 20:00:00,costo operativo,pago extra ayudante (diario),pago extra ayudante (diario),70000.0
2026-02-12 12:00:00,costo operativo,luz,luz,520.0
2026-02-12 12:00:00,costo operativo,agua,agua,700.0
2026-02-12 12:00:00,ingreso operativo,Reservas (sim),Ingreso simulado por reserva,150000.0
2026-02-12 12:00:00,costo operativo,leña,leña,1500.0
2026-02-12 12:00:00,costo operativo,gas,gas,10000.0
2026-02-12 12:10:00,costo operativo,leña,leña,1500.0
2026-02-12 12:10:00,costo operativo,agua,agua,700.0
2026-02-12 12:10:00,costo operativo,luz,luz,520.0
2026-02-12 12:10:00,ingreso operativo,Reservas (sim),Ingreso simulado por reserva,150000.0
2026-02-12 12:10:00,costo operativo,gas,gas,10000.0
2026-02-12 12:20:00,costo operativo,leña,leña,1500.0
2026-02-12 12:20:00,costo operativo,agua,agua,700.0
2026-02-12 12:20:00,costo operativo,luz,luz,520.0
2026-02-12 12:20:00,costo operativo,gas,gas,10000.0
2026-02-12 12:20:00,ingreso operativo,Reservas (sim),Ingreso simulado por reserva,150000.0
2026-02-12 12:30:00,ingreso operativo,Reservas (sim),Ingreso simulado por reserva,150000.0
2026-02-12 12:30:00,costo operativo,luz,luz,520.0
2026-02-12 12:30:00,costo operativo,gas,gas,10000.0
2026-02-12 12:30:00,costo operativo,agua,agua,700.0
2026-02-12 12:30:00,costo operativo,leña,leña,1500.0
2026-02-12 20:00:00,costo operativo,pago extra ayudante (diario),pago extra ayudante (diario),70000.0
2026-02-13 12:00:00,costo operativo,gas,gas,10000.0
2026-02-13 12:00:00,costo operativo,luz,luz,520.0
2026-02-13 12:00:00,costo operativo,agua,agua,700.0
2026-02-13 12:00:00,costo operativo,leña,leña,1500.0
2026-02-13 12:00:00,ingreso operativo,Reservas (sim),Ingreso simulado por reserva,150000.0
2026-02-13 20:00:00,costo operativo,pago extra ayudante (diario),pago extra ayudante (diario),25000.0
2026-02-14 12:00:00,ingreso operativo,Reservas (sim),Ingreso simulado por reserva,150000.0
2026-02-14 12:00:00,ingreso operativo,Reservas (sim),Ingreso simulado por reserva,150000.0
2026-02-14 12:00:00,costo operativo,luz,luz,520.0
2026-02-14 12:00:00,costo operativo,luz,luz,520.0
2026-02-14 12:00:00,costo operativo,leña,leña,1500.0
2026-02-14 12:00:00,costo operativo,agua,agua,700.0
2026-02-14 12:00:00,costo operativo,luz,luz,520.0
2026-02-14 12:00:00,costo operativo,gas,gas,10000.0
2026-02-14 12:00:00,costo operativo,leña,leña,1500.0
2026-02-14 12:00:00,costo operativo,agua,agua,700.0
2026-02-14 12:00:00,costo operativo,gas,gas,10000.0
2026-02-14 12:00:00,costo operativo,leña,leña,1500.0
2026-02-14 12:00:00,costo operativo,agua,agua,700.0
2026-02-14 12:00:00,costo operativo,gas,gas,10000.0
2026-02-14 12:00:00,ingreso operativo,Reservas (sim),Ingreso simulado por reserva,150000.0
2026-02-14 12:10:00,costo operativo,gas,gas,10000.0
2026-02-14 12:10:00,costo operativo,gas,gas,10000.0
2026-02-14 12:10:00,costo operativo,luz,luz,520.0
2026-02-14 12:10:00,costo operativo,agua,agua,700.0
2026-02-14 12:10:00,costo operativo,leña,leña,1500.0
2026-02-14 12:10:00,costo operativo,gas,gas,10000.0
2026-02-14 12:10:00,costo operativo,luz,luz,520.0
2026-02-14 12:10:00,costo operativo,agua,agua,700.0
2026-02-14 12:10:00,costo operativo,leña,leña,1500.0
2026-02-14 12:10:00,costo operativo,leña,leña,1500.0
2026-02-14 12:10:00,costo operativo,agua,agua,700.0
2026-02-14 12:10:00,costo operativo,luz,luz,520.0
2026-02-14 12:10:00,ingreso operativo,Reservas (sim),Ingreso simulado por reserva,150000.0
2026-02-14 12:10:00,ingreso operativo,Reservas (sim),Ingreso simulado por reserva,150000.0
2026-02-14 12:10:00,ingreso operativo,Reservas (sim),Ingreso simulado por reserva,150000.0
2026-02-14 12:20:00,ingreso operativo,Reservas (sim),Ingreso simulado por reserva,150000.0
2026-02-14 12:20:00,costo operativo,leña,leña,1500.0
2026-02-14 12:20:00,costo operativo,gas,gas,10000.0
2026-02-14 12:20:00,costo operativo,luz,luz,520.0
2026-02-14 12:20:00,costo operativo,agua,agua,700.0
2026-02-14 12:20:00,costo operativo,leña,leña,1500.0
2026-02-14 12:20:00,costo operativo,gas,gas,10000.0
2026-02-14 12:20:00,ingreso operativo,Reservas (sim),Ingreso simulado por reserva,150000.0
2026-02-14 12:20:00,costo operativo,agua,agua,700.0
2026-02-14 12:20:00,costo operativo,luz,luz,520.0
2026-02-14 12:30:00,ingreso operativo,Reservas (sim),Ingreso simulado por reserva,150000.0
2026-02-14 12:30:00,costo operativo,leña,leña,1500.0
2026-02-14 12:30:00,costo operativo,agua,agua,700.0
2026-02-14 12:30:00,costo operativo,luz,luz,520.0
2026-02-14 12:30:00,costo operativo,gas,gas,10000.0
2026-02-14 12:30:00,costo operativo,leña,leña,1500.0
2026-02-14 12:30:00,costo operativo,agua,agua,700.0
2026-02-14 12:30:00,ingreso operativo,Reservas (sim),Ingreso simulado por reserva,150000.0
2026-02-14 12:30:00,costo operativo,luz,luz,520.0
2026-02-14 12:30:00,costo operativo,gas,gas,10000.0
2026-02-14 12:40:00,costo operativo,luz,luz,520.0
2026-02-14 12:40:00,costo operativo,leña,leña,1500.0
2026-02-14 12:40:00,costo operativo,agua,agua,700.0
2026-02-14 12:40:00,costo operativo,leña,leña,1500.0
2026-02-14 12:40:00,costo operativo,gas,gas,10000.0
2026-02-14 12:40:00,ingreso operativo,Reservas (sim),Ingreso simulado por reserva,150000.0
2026-02-14 12:40:00,ingreso operativo,Reservas (sim),Ingreso simulado por reserva,150000.0
2026-02-14 12:40:00,costo operativo,luz,luz,520.0
2026-02-14 12:40:00,costo operativo,gas,gas,10000.0
2026-02-14 12:40:00,costo operativo,agua,agua,700.0
2026-02-14 12:50:00,costo operativo,gas,gas,10000.0
2026-02-14 12:50:00,costo operativo,luz,luz,520.0
2026-02-14 12:50:00,costo operativo,agua,agua,700.0
2026-02-14 12:50:00,costo operativo,leña,leña,1500.0
2026-02-14 12:50:00,costo operativo,agua,agua,700.0
2026-02-14 12:50:00,ingreso operativo,Reservas (sim),Ingreso simulado por reserva,150000.0
2026-02-14 12:50:00,costo operativo,luz,luz,520.0
2026-02-14 12:50:00,ingreso operativo,Reservas (sim),Ingreso simulado por reserva,150000.0
2026-02-14 12:50:00,costo operativo,leña,leña,1500.0
2026-02-14 12:50:00,costo operativo,gas,gas,10000.0
2026-02-14 20:00:00,costo operativo,pago extra ayudante (diario),pago extra ayudante (diario),100000.0
2026-02-15 12:00:00,ingreso operativo,Reservas (sim),Ingreso simulado por reserva,150000.0
2026-02-15 12:00:00,ingreso operativo,Reservas (sim),Ingreso simulado por reserva,150000.0
2026-02-15 12:00:00,costo operativo,leña,leña,1500.0
2026-02-15 12:00:00,costo operativo,gas,gas,10000.0
2026-02-15 12:00:00,costo operativo,luz,luz,520.0
2026-02-15 12:00:00,costo operativo,agua,agua,700.0
2026-02-15 12:00:00,costo operativo,agua,agua,700.0
2026-02-15 12:00:00,costo operativo,gas,gas,10000.0
2026-02-15 12:00:00,costo operativo,luz,luz,520.0
2026-02-15 12:00:00,costo operativo,leña,leña,1500.0
2026-02-15 12:10:00,costo operativo,gas,gas,10000.0
2026-02-15 12:10:00,costo operativo,agua,agua,700.0
2026-02-15 12:10:00,costo operativo,leña,leña,1500.0
2026-02-15 12:10:00,costo operativo,luz,luz,520.0
2026-02-15 12:10:00,costo operativo,luz,luz,520.0
2026-02-15 12:10:00,costo operativo,agua,agua,700.0
2026-02-15 12:10:00,costo operativo,leña,leña,1500.0
2026-02-15 12:10:00,ingreso operativo,Reservas (sim),Ingreso simulado por reserva,150000.0
2026-02-15 12:10:00,ingreso operativo,Reservas (sim),Ingreso simulado por reserva,150000.0
2026-02-15 12:10:00,costo operativo,gas,gas,10000.0
2026-02-15 12:20:00,costo operativo,leña,leña,1500.0
2026-02-15 12:20:00,costo operativo,agua,agua,700.0
2026-02-15 12:20:00,costo operativo,luz,luz,520.0
2026-02-15 12:20:00,costo operativo,leña,leña,1500.0
2026-02-15 12:20:00,costo operativo,agua,agua,700.0
2026-02-15 12:20:00,costo operativo,luz,luz,520.0
2026-02-15 12:20:00,costo operativo,gas,gas,10000.0
2026-02-15 12:20:00,costo operativo,gas,gas,10000.0
2026-02-15 12:20:00,ingreso operativo,Reservas (sim),Ingreso simulado por reserva,150000.0
2026-02-15 12:20:00,ingreso operativo,Reservas (sim),Ingreso simulado por reserva,150000.0
2026-02-15 12:30:00,costo operativo,luz,luz,520.0
2026-02-15 12:30:00,costo operativo,gas,gas,10000.0
2026-02-15 12:30:00,costo operativo,leña,leña,1500.0
2026-02-15 12:30:00,costo operativo,agua,agua,700.0
2026-02-15 12:30:00,costo operativo,luz,luz,520.0
2026-02-15 12:30:00,costo operativo,gas,gas,10000.0
2026-02-15 12:30:00,costo operativo,agua,agua,700.0
2026-02-15 12:30:00,costo operativo,leña,leña,1500.0
2026-02-15 12:30:00,ingreso operativo,Reservas (sim),Ingreso simulado por reserva,150000.0
2026-02-15 12:30:00,ingreso operativo,Reservas (sim),Ingreso simulado por reserva,150000.0
2026-02-15 12:40:00,costo operativo,gas,gas,10000.0
2026-02-15 12:40:00,costo operativo,luz,luz,520.0
2026-02-15 12:40:00,costo operativo,agua,agua,700.0
2026-02-15 12:40:00,costo operativo,leña,leña,1500.0
2026-02-15 12:40:00,ingreso operativo,Reservas (sim),Ingreso simulado por reserva,150000.0
2026-02-15 12:50:00,costo operativo,luz,luz,520.0
2026-02-15 12:50:00,costo operativo,leña,leña,1500.0
2026-02-15 12:50:00,ingreso operativo,Reservas (sim),Ingreso simulado por reserva,150000.0
2026-02-15 12:50:00,costo operativo,gas,gas,10000.0
2026-02-15 12:50:00,costo operativo,agua,agua,700.0
2026-02-15 20:00:00,costo operativo,pago extra ayudante (diario),pago extra ayudante (diario),100000.0
2026-02-16 12:00:00,costo operativo,leña,leña,1500.0
2026-02-16 12:00:00,costo operativo,luz,luz,520.0
2026-02-16 12:00:00,costo operativo,gas,gas,10000.0
2026-02-16 12:00:00,costo operativo,agua,agua,700.0
2026-02-16 12:00:00,ingreso operativo,Reservas (sim),Ingreso simulado por reserva,150000.0
2026-02-16 12:10:00,costo operativo,gas,gas,10000.0
2026-02-16 12:10:00,costo operativo,luz,luz,520.0
2026-02-16 12:10:00,costo operativo,agua,agua,700.0
2026-02-16 12:10:00,costo operativo,leña,leña,1500.0
2026-02-16 12:10:00,ingreso operativo,Reservas (sim),Ingreso simulado por reserva,150000.0
2026-02-16 20:00:00,costo operativo,pago extra ayudante (diario),pago extra ayudante (diario),45000.0
2026-02-17 12:00:00,costo operativo,leña,leña,1500.0
2026-02-17 12:00:00,costo operativo,gas,gas,10000.0
2026-02-17 12:00:00,costo operativo,luz,luz,520.0
2026-02-17 12:00:00,costo operativo,agua,agua,700.0
2026-02-17 12:00:00,ingreso operativo,Reservas (sim),Ingreso simulado por reserva,150000.0
2026-02-17 12:10:00,costo operativo,gas,gas,10000.0
2026-02-17 12:10:00,costo operativo,agua,agua,700.0
2026-02-17 12:10:00,costo operativo,leña,leña,1500.0
2026-02-17 12:10:00,ingreso operativo,Reservas (sim),Ingreso simulado por reserva,150000.0
2026-02-17 12:10:00,costo operativo,luz,luz,520.0
2026-02-17 12:20:00,costo operativo,leña,leña,1500.0
2026-02-17 12:20:00,ingreso operativo,Reservas (sim),Ingreso simulado por reserva,150000.0
2026-02-17 12:20:00,costo operativo,gas,gas,10000.0
2026-02-17 12:20:00,costo operativo,luz,luz,520.0
2026-02-17 12:20:00,costo operativo,agua,agua,700.0
2026-02-17 20:00:00,costo operativo,pago extra ayudante (diario),pago extra ayudante (diario),60000.0
2026-02-18 12:00:00,costo operativo,gas,gas,10000.0
2026-02-18 12:00:00,costo operativo,luz,luz,520.0
2026-02-18 12:00:00,costo operativo,agua,agua,700.0
2026-02-18 12:00:00,costo operativo,leña,leña,1500.0
2026-02-18 12:00:00,ingreso operativo,Reservas (sim),Ingreso simulado por reserva,150000.0
2026-02-18 12:10:00,costo operativo,luz,luz,520.0
2026-02-18 12:10:00,costo operativo,gas,gas,10000.0
2026-02-18 12:10:00,costo operativo,leña,leña,1500.0
2026-02-18 12:10:00,costo operativo,agua,agua,700.0
2026-02-18 12:10:00,ingreso operativo,Reservas (sim),Ingreso simulado por reserva,150000.0
2026-02-18 20:00:00,costo operativo,pago extra ayudante (diario),pago extra ayudante (diario),45000.0
2026-02-19 12:00:00,costo operativo,gas,gas,10000.0
2026-02-19 12:00:00,costo operativo,luz,luz,520.0
2026-02-19 12:00:00,costo operativo,agua,agua,700.0
2026-02-19 12:00:00,costo operativo,leña,leña,1500.0
2026-02-19 12:00:00,ingreso operativo,Reservas (sim),Ingreso simulado por reserva,150000.0
2026-02-19 12:10:00,costo operativo,leña,leña,1500.0
2026-02-19 12:10:00,costo operativo,luz,luz,520.0
2026-02-19 12:10:00,costo operativo,gas,gas,10000.0
2026-02-19 12:10:00,costo operativo,agua,agua,700.0
2026-02-19 12:10:00,ingreso operativo,Reservas (sim),Ingreso simulado por reserva,150000.0
2026-02-19 12:20:00,costo operativo,gas,gas,10000.0
2026-02-19 12:20:00,costo operativo,luz,luz,520.0
2026-02-19 12:20:00,costo operativo,leña,leña,1500.0
2026-02-19 12:20:00,ingreso operativo,Reservas (sim),Ingreso simulado por reserva,150000.0
2026-02-19 12:20:00,costo operativo,agua,agua,700.0
2026-02-19 20:00:00,costo operativo,pago extra ayudante (diario),pago extra ayudante (diario),60000.0
2026-02-20 12:00:00,costo operativo,luz,luz,520.0
2026-02-20 12:00:00,costo operativo,agua,agua,700.0
2026-02-20 12:00:00,costo operativo,gas,gas,10000.0
2026-02-20 12:00:00,ingreso operativo,Reservas (sim),Ingreso simulado por reserva,150000.0
2026-02-20 12:00:00,costo operativo,leña,leña,1500.0
2026-02-20 12:10:00,costo operativo,gas,gas,10000.0
2026-02-20 12:10:00,costo operativo,luz,luz,520.0
2026-02-20 12:10:00,costo operativo,agua,agua,700.0
2026-02-20 12:10:00,costo operativo,leña,leña,1500.0
2026-02-20 12:10:00,ingreso operativo,Reservas (sim),Ingreso simulado por reserva,150000.0
2026-02-20 20:00:00,costo operativo,pago extra ayudante (diario),pago extra ayudante (diario),45000.0
2026-02-21 12:00:00,costo operativo,luz,luz,520.0
2026-02-21 12:00:00,costo operativo,agua,agua,700.0
2026-02-21 12:00:00,costo operativo,leña,leña,1500.0
2026-02-21 12:00:00,costo operativo,gas,gas,10000.0
2026-02-21 12:00:00,costo operativo,agua,agua,700.0
2026-02-21 12:00:00,costo operativo,leña,leña,1500.0
2026-02-21 12:00:00,ingreso operativo,Reservas (sim),Ingreso simulado por reserva,150000.0
2026-02-21 12:00:00,ingreso operativo,Reservas (sim),Ingreso simulado por reserva,150000.0
2026-02-21 12:00:00,costo operativo,luz,luz,520.0
2026-02-21 12:00:00,costo operativo,gas,gas,10000.0
2026-02-21 12:10:00,costo operativo,luz,luz,520.0
2026-02-21 12:10:00,costo operativo,agua,agua,700.0
2026-02-21 12:10:00,costo operativo,leña,leña,1500.0
2026-02-21 12:10:00,costo operativo,gas,gas,10000.0
2026-02-21 12:10:00,costo operativo,luz,luz,520.0
2026-02-21 12:10:00,costo operativo,agua,agua,700.0
2026-02-21 12:10:00,costo operativo,leña,leña,1500.0
2026-02-21 12:10:00,costo operativo,gas,gas,10000.0
2026-02-21 12:10:00,ingreso operativo,Reservas (sim),Ingreso simulado por reserva,150000.0
2026-02-21 12:10:00,ingreso operativo,Reservas (sim),Ingreso simulado por reserva,150000.0
2026-02-21 12:20:00,costo operativo,gas,gas,10000.0
2026-02-21 12:20:00,costo operativo,luz,luz,520.0
2026-02-21 12:20:00,costo operativo,leña,leña,1500.0
2026-02-21 12:20:00,costo operativo,gas,gas,10000.0
2026-02-21 12:20:00,costo operativo,luz,luz,520.0
2026-02-21 12:20:00,costo operativo,agua,agua,700.0
2026-02-21 12:20:00,costo operativo,agua,agua,700.0
2026-02-21 12:20:00,costo operativo,leña,leña,1500.0
2026-02-21 12:20:00,ingreso operativo,Reservas (sim),Ingreso simulado por reserva,150000.0
2026-02-21 12:20:00,ingreso operativo,Reservas (sim),Ingreso simulado por reserva,150000.0
2026-02-21 12:30:00,costo operativo,luz,luz,520.0
2026-02-21 12:30:00,costo operativo,luz,luz,520.0
2026-02-21 12:30:00,costo operativo,gas,gas,10000.0
2026-02-21 12:30:00,costo operativo,gas,gas,10000.0
2026-02-21 12:30:00,costo operativo,agua,agua,700.0
2026-02-21 12:30:00,costo operativo,leña,leña,1500.0
2026-02-21 12:30:00,costo operativo,agua,agua,700.0
2026-02-21 12:30:00,ingreso operativo,Reservas (sim),Ingreso simulado por reserva,150000.0
2026-02-21 12:30:00,ingreso operativo,Reservas (sim),Ingreso simulado por reserva,150000.0
2026-02-21 12:30:00,costo operativo,leña,leña,1500.0
2026-02-21 12:40:00,costo operativo,gas,gas,10000.0
2026-02-21 12:40:00,costo operativo,luz,luz,520.0
2026-02-21 12:40:00,costo operativo,agua,agua,700.0
2026-02-21 12:40:00,costo operativo,leña,leña,1500.0
2026-02-21 12:40:00,ingreso operativo,Reservas (sim),Ingreso simulado por reserva,150000.0
2026-02-21 12:50:00,ingreso operativo,Reservas (sim),Ingreso simulado por reserva,150000.0
2026-02-21 12:50:00,costo operativo,leña,leña,1500.0
2026-02-21 12:50:00,costo operativo,agua,agua,700.0
2026-02-21 12:50:00,costo operativo,luz,luz,520.0
2026-02-21 12:50:00,costo operativo,gas,gas,10000.0
2026-02-21 20:00:00,costo operativo,pago extra ayudante (diario),pago extra ayudante (diario),100000.0
2026-02-22 12:00:00,ingreso operativo,Reservas (sim),Ingreso simulado por reserva,150000.0
2026-02-22 12:00:00,ingreso operativo,Reservas (sim),Ingreso simulado por reserva,150000.0
2026-02-22 12:00:00,costo operativo,gas,gas,10000.0
2026-02-22 12:00:00,costo operativo,luz,luz,520.0
2026-02-22 12:00:00,costo operativo,agua,agua,700.0
2026-02-22 12:00:00,costo operativo,leña,leña,1500.0
2026-02-22 12:00:00,costo operativo,gas,gas,10000.0
2026-02-22 12:00:00,costo operativo,luz,luz,520.0
2026-02-22 12:00:00,costo operativo,agua,agua,700.0
2026-02-22 12:00:00,costo operativo,leña,leña,1500.0
2026-02-22 12:10:00,ingreso operativo,Reservas (sim),Ingreso simulado por reserva,150000.0
2026-02-22 12:10:00,costo operativo,gas,gas,10000.0
2026-02-22 12:10:00,costo operativo,luz,luz,520.0
2026-02-22 12:10:00,ingreso operativo,Reservas (sim),Ingreso simulado por reserva,150000.0
2026-02-22 12:10:00,costo operativo,leña,leña,1500.0
2026-02-22 12:10:00,costo operativo,gas,gas,10000.0
2026-02-22 12:10:00,costo operativo,leña,leña,1500.0
2026-02-22 12:10:00,costo operativo,agua,agua,700.0
2026-02-22 12:10:00,costo operativo,agua,agua,700.0
2026-02-22 12:10:00,costo operativo,luz,luz,520.0
2026-02-22 12:20:00,costo operativo,leña,leña,1500.0
2026-02-22 12:20:00,costo operativo,agua,agua,700.0
2026-02-22 12:20:00,costo operativo,luz,luz,520.0
2026-02-22 12:20:00,costo operativo,gas,gas,10000.0
2026-02-22 12:20:00,ingreso operativo,Reservas (sim),Ingreso simulado por reserva,150000.0
2026-02-22 12:30:00,costo operativo,luz,luz,520.0
2026-02-22 12:30:00,ingreso operativo,Reservas (sim),Ingreso simulado por reserva,150000.0
2026-02-22 12:30:00,costo operativo,agua,agua,700.0
2026-02-22 12:30:00,costo operativo,leña,leña,1500.0
2026-02-22 12:30:00,costo operativo,gas,gas,10000.0
2026-02-22 12:40:00,ingreso operativo,Reservas (sim),Ingreso simulado por reserva,150000.0
2026-02-22 12:40:00,costo operativo,gas,gas,10000.0
2026-02-22 12:40:00,costo operativo,luz,luz,520.0
2026-02-22 12:40:00,costo operativo,agua,agua,700.0
2026-02-22 12:40:00,costo operativo,leña,leña,1500.0
2026-02-22 12:50:00,costo operativo,luz,luz,520.0
2026-02-22 12:50:00,costo operativo,agua,agua,700.0
2026-02-22 12:50:00,costo operativo,leña,leña,1500.0
2026-02-22 12:50:00,costo operativo,gas,gas,10000.0
2026-02-22 12:50:00,ingreso operativo,Reservas (sim),Ingreso simulado por reserva,150000.0
2026-02-22 20:00:00,costo operativo,pago extra ayudante (diario),pago extra ayudante (diario),100000.0
2026-02-24 12:00:00,ingreso operativo,Reservas (sim),Ingreso simulado por reserva,150000.0
2026-02-24 12:00:00,costo operativo,gas,gas,10000.0
2026-02-24 12:00:00,costo operativo,luz,luz,520.0
2026-02-24 12:00:00,costo operativo,agua,agua,700.0
2026-02-24 12:00:00,costo operativo,leña,leña,1500.0
2026-02-24 20:00:00,costo operativo,pago extra ayudante (diario),pago extra ayudante (diario),25000.0
2026-02-25 12:00:00,costo operativo,gas,gas,10000.0
2026-02-25 12:00:00,costo operativo,agua,agua,700.0
2026-02-25 12:00:00,costo operativo,leña,leña,1500.0
2026-02-25 12:00:00,ingreso operativo,Reservas (sim),Ingreso simulado por reserva,150000.0
2026-02-25 12:00:00,costo operativo,luz,luz,520.0
2026-02-25 12:10:00,costo operativo,agua,agua,700.0
2026-02-25 12:10:00,ingreso operativo,Reservas (sim),Ingreso simulado por reserva,150000.0
2026-02-25 12:10:00,costo operativo,leña,leña,1500.0
2026-02-25 12:10:00,costo operativo,luz,luz,520.0
2026-02-25 12:10:00,costo operativo,gas,gas,10000.0
2026-02-25 12:20:00,costo operativo,luz,luz,520.0
2026-02-25 12:20:00,ingreso operativo,Reservas (sim),Ingreso simulado por reserva,150000.0
2026-02-25 12:20:00,costo operativo,leña,leña,1500.0
2026-02-25 12:20:00,costo operativo,agua,agua,700.0
2026-02-25 12:20:00,costo operativo,gas,gas,10000.0
2026-02-25 12:30:00,costo operativo,agua,agua,700.0
2026-02-25 12:30:00,costo operativo,luz,luz,520.0
2026-02-25 12:30:00,costo operativo,gas,gas,10000.0
2026-02-25 12:30:00,costo operativo,leña,leña,1500.0
2026-02-25 12:30:00,ingreso operativo,Reservas (sim),Ingreso simulado por reserva,150000.0
2026-02-25 12:40:00,costo operativo,luz,luz,520.0
2026-02-25 12:40:00,ingreso operativo,Reservas (sim),Ingreso simulado por reserva,150000.0
2026-02-25 12:40:00,costo operativo,gas,gas,10000.0
2026-02-25 12:40:00,costo operativo,leña,leña,1500.0
2026-02-25 12:40:00,costo operativo,agua,agua,700.0
2026-02-25 20:00:00,costo operativo,pago extra ayudante (diario),pago extra ayudante (diario),80000.0
2026-02-26 12:00:00,ingreso operativo,Reservas (sim),Ingreso simulado por reserva,150000.0
2026-02-26 12:00:00,costo operativo,leña,leña,1500.0
2026-02-26 12:00:00,costo operativo,gas,gas,10000.0
2026-02-26 12:00:00,costo operativo,luz,luz,520.0
2026-02-26 12:00:00,costo operativo,agua,agua,700.0
2026-02-26 12:10:00,costo operativo,agua,agua,700.0
2026-02-26 12:10:00,costo operativo,leña,leña,1500.0
2026-02-26 12:10:00,ingreso operativo,Reservas (sim),Ingreso simulado por reserva,150000.0
2026-02-26 12:10:00,costo operativo,gas,gas,10000.0
2026-02-26 12:10:00,costo operativo,luz,luz,520.0
2026-02-26 12:20:00,ingreso operativo,Reservas (sim),Ingreso simulado por reserva,150000.0
2026-02-26 12:20:00,costo operativo,leña,leña,1500.0
2026-02-26 12:20:00,costo operativo,agua,agua,700.0
2026-02-26 12:20:00,costo operativo,luz,luz,520.0
2026-02-26 12:20:00,costo operativo,gas,gas,10000.0
2026-02-26 20:00:00,costo operativo,pago extra ayudante (diario),pago extra ayudante (diario),60000.0
2026-02-27 12:00:00,costo operativo,leña,leña,1500.0
2026-02-27 12:00:00,costo operativo,agua,agua,700.0
2026-02-27 12:00:00,costo operativo,luz,luz,520.0
2026-02-27 12:00:00,costo operativo,gas,gas,10000.0
2026-02-27 12:00:00,ingreso operativo,Reservas (sim),Ingreso simulado por reserva,150000.0
2026-02-27 12:10:00,ingreso operativo,Reservas (sim),Ingreso simulado por reserva,150000.0
2026-02-27 12:10:00,costo operativo,leña,leña,1500.0
2026-02-27 12:10:00,costo operativo,agua,agua,700.0
2026-02-27 12:10:00,costo operativo,luz,luz,520.0
2026-02-27 12:10:00,costo operativo,gas,gas,10000.0
2026-02-27 12:20:00,costo operativo,leña,leña,1500.0
2026-02-27 12:20:00,costo operativo,luz,luz,520.0
2026-02-27 12:20:00,costo operativo,agua,agua,700.0
2026-02-27 12:20:00,costo operativo,gas,gas,10000.0
2026-02-27 12:20:00,ingreso operativo,Reservas (sim),Ingreso simulado por reserva,150000.0
2026-02-27 20:00:00,costo operativo,pago extra ayudante (diario),pago extra ayudante (diario),60000.0
2026-02-28 12:00:00,costo operativo,leña,leña,1500.0
2026-02-28 12:00:00,costo operativo,agua,agua,700.0
2026-02-28 12:00:00,ingreso operativo,Reservas (sim),Ingreso simulado por reserva,150000.0
2026-02-28 12:00:00,costo operativo,luz,luz,520.0
2026-02-28 12:00:00,costo operativo,gas,gas,10000.0
2026-02-28 12:10:00,ingreso operativo,Reservas (sim),Ingreso simulado por reserva,150000.0
2026-02-28 12:10:00,costo operativo,gas,gas,10000.0
2026-02-28 12:10:00,costo operativo,luz,luz,520.0
2026-02-28 12:10:00,costo operativo,leña,leña,1500.0
2026-02-28 12:10:00,costo operativo,agua,agua,700.0
2026-02-28 12:20:00,ingreso operativo,Reservas (sim),Ingreso simulado por reserva,150000.0
2026-02-28 12:20:00,costo operativo,luz,luz,520.0
2026-02-28 12:20:00,costo operativo,agua,agua,700.0
2026-02-28 12:20:00,costo operativo,gas,gas,10000.0
2026-02-28 12:20:00,costo operativo,leña,leña,1500.0
2026-02-28 12:30:00,costo operativo,luz,luz,520.0
2026-02-28 12:30:00,ingreso operativo,Reservas (sim),Ingreso simulado por reserva,150000.0
2026-02-28 12:30:00,costo operativo,gas,gas,10000.0
2026-02-28 12:30:00,costo operativo,leña,leña,1500.0
2026-02-28 12:30:00,costo operativo,agua,agua,700.0
2026-02-28 18:00:00,costos fijos,Simulación,Costo fijo mensual simulado,700000.0
2026-02-28 18:00:00,Costos de Marketing,Simulación,Gasto marketing mensual simulado,300000.0
2026-02-28 20:00:00,costo operativo,pago extra ayudante (diario),pago extra ayudante (diario),70000.0
2026-03-01 12:00:00,costo operativo,agua,agua,700.0
2026-03-01 12:00:00,costo operativo,gas,gas,10000.0
2026-03-01 12:00:00,costo operativo,luz,luz,520.0
2026-03-01 12:00:00,costo operativo,leña,leña,1500.0
2026-03-01 12:00:00,ingreso operativo,Reservas (sim),Ingreso simulado por reserva,150000.0
2026-03-01 12:10:00,costo operativo,luz,luz,520.0
2026-03-01 12:10:00,costo operativo,agua,agua,700.0
2026-03-01 12:10:00,costo operativo,leña,leña,1500.0
2026-03-01 12:10:00,costo operativo,gas,gas,10000.0
2026-03-01 12:10:00,ingreso operativo,Reservas (sim),Ingreso simulado por reserva,150000.0
2026-03-01 20:00:00,costo operativo,pago extra ayudante (diario),pago extra ayudante (diario),45000.0
2026-03-02 12:00:00,costo operativo,leña,leña,1500.0
2026-03-02 12:00:00,costo operativo,agua,agua,700.0
2026-03-02 12:00:00,costo operativo,luz,luz,520.0
2026-03-02 12:00:00,costo operativo,gas,gas,10000.0
2026-03-02 12:00:00,ingreso operativo,Reservas (sim),Ingreso simulado por reserva,150000.0
2026-03-02 20:00:00,costo operativo,pago extra ayudante (diario),pago extra ayudante (diario),25000.0
2026-03-05 12:00:00,costo operativo,leña,leña,1500.0
2026-03-05 12:00:00,ingreso operativo,Reservas (sim),Ingreso simulado por reserva,150000.0
2026-03-05 12:00:00,costo operativo,gas,gas,10000.0
2026-03-05 12:00:00,costo operativo,luz,luz,520.0
2026-03-05 12:00:00,costo operativo,agua,agua,700.0
2026-03-05 12:10:00,costo operativo,leña,leña,1500.0
2026-03-05 12:10:00,costo operativo,agua,agua,700.0
2026-03-05 12:10:00,costo operativo,luz,luz,520.0
2026-03-05 12:10:00,costo operativo,gas,gas,10000.0
2026-03-05 12:10:00,ingreso operativo,Reservas (sim),Ingreso simulado por reserva,150000.0
2026-03-05 20:00:00,costo operativo,pago extra ayudante (diario),pago extra ayudante (diario),45000.0
2026-03-06 12:00:00,costo operativo,leña,leña,1500.0
2026-03-06 12:00:00,ingreso operativo,Reservas (sim),Ingreso simulado por reserva,150000.0
2026-03-06 12:00:00,costo operativo,agua,agua,700.0
2026-03-06 12:00:00,costo operativo,gas,gas,10000.0
2026-03-06 12:00:00,costo operativo,luz,luz,520.0
2026-03-06 20:00:00,costo operativo,pago extra ayudante (diario),pago extra ayudante (diario),25000.0
2026-03-07 12:00:00,costo operativo,luz,luz,520.0
2026-03-07 12:00:00,ingreso operativo,Reservas (sim),Ingreso simulado por reserva,150000.0
2026-03-07 12:00:00,costo operativo,leña,leña,1500.0
2026-03-07 12:00:00,costo operativo,agua,agua,700.0
2026-03-07 12:00:00,costo operativo,gas,gas,10000.0
2026-03-07 12:10:00,costo operativo,leña,leña,1500.0
2026-03-07 12:10:00,costo operativo,luz,luz,520.0
2026-03-07 12:10:00,ingreso operativo,Reservas (sim),Ingreso simulado por reserva,150000.0
2026-03-07 12:10:00,costo operativo,gas,gas,10000.0
2026-03-07 12:10:00,costo operativo,agua,agua,700.0
2026-03-07 12:20:00,costo operativo,leña,leña,1500.0
2026-03-07 12:20:00,costo operativo,agua,agua,700.0
2026-03-07 12:20:00,costo operativo,luz,luz,520.0
2026-03-07 12:20:00,costo operativo,gas,gas,10000.0
2026-03-07 12:20:00,ingreso operativo,Reservas (sim),Ingreso simulado por reserva,150000.0
2026-03-07 20:00:00,costo operativo,pago extra ayudante (diario),pago extra ayudante (diario),60000.0
2026-03-08 12:00:00,costo operativo,luz,luz,520.0
2026-03-08 12:00:00,costo operativo,gas,gas,10000.0
2026-03-08 12:00:00,costo operativo,agua,agua,700.0
2026-03-08 12:00:00,ingreso operativo,Reservas (sim),Ingreso simulado por reserva,150000.0
2026-03-08 12:00:00,costo operativo,leña,leña,1500.0
2026-03-08 20:00:00,costo operativo,pago extra ayudante (diario),pago extra ayudante (diario),25000.0
2026-03-11 12:00:00,ingreso operativo,Reservas (sim),Ingreso simulado por reserva,150000.0
2026-03-11 12:00:00,costo operativo,luz,luz,520.0
2026-03-11 12:00:00,costo operativo,leña,leña,1500.0
2026-03-11 12:00:00,costo operativo,agua,agua,700.0
2026-03-11 12:00:00,costo operativo,gas,gas,10000.0
2026-03-11 12:10:00,ingreso operativo,Reservas (sim),Ingreso simulado por reserva,150000.0
2026-03-11 12:10:00,costo operativo,gas,gas,10000.0
2026-03-11 12:10:00,costo operativo,luz,luz,520.0
2026-03-11 12:10:00,costo operativo,leña,leña,1500.0
2026-03-11 12:10:00,costo operativo,agua,agua,700.0
2026-03-11 20:00:00,costo operativo,pago extra ayudante (diario),pago extra ayudante (diario),45000.0
2026-03-12 12:00:00,ingreso operativo,Reservas (sim),Ingreso simulado por reserva,150000.0
2026-03-12 12:00:00,costo operativo,leña,leña,1500.0
2026-03-12 12:00:00,costo operativo,agua,agua,700.0
2026-03-12 12:00:00,costo operativo,luz,luz,520.0
2026-03-12 12:00:00,costo operativo,gas,gas,10000.0
2026-03-12 20:00:00,costo operativo,pago extra ayudante (diario),pago extra ayudante (diario),25000.0
2026-03-14 12:00:00,ingreso operativo,Reservas (sim),Ingreso simulado por reserva,150000.0
2026-03-14 12:00:00,costo operativo,gas,gas,10000.0
2026-03-14 12:00:00,costo operativo,leña,leña,1500.0
2026-03-14 12:00:00,costo operativo,agua,agua,700.0
2026-03-14 12:00:00,costo operativo,luz,luz,520.0
2026-03-14 12:10:00,costo operativo,agua,agua,700.0
2026-03-14 12:10:00,costo operativo,luz,luz,520.0
2026-03-14 12:10:00,costo operativo,gas,gas,10000.0
2026-03-14 12:10:00,ingreso operativo,Reservas (sim),Ingreso simulado por reserva,150000.0
2026-03-14 12:10:00,costo operativo,leña,leña,1500.0
2026-03-14 20:00:00,costo operativo,pago extra ayudante (diario),pago extra ayudante (diario),45000.0
2026-03-15 12:00:00,ingreso operativo,Reservas (sim),Ingreso simulado por reserva,150000.0
2026-03-15 12:00:00,costo operativo,leña,leña,1500.0
2026-03-15 12:00:00,costo operativo,agua,agua,700.0
2026-03-15 12:00:00,costo operativo,luz,luz,520.0
2026-03-15 12:00:00,costo operativo,gas,gas,10000.0
2026-03-15 20:00:00,costo operativo,pago extra ayudante (diario),pago extra ayudante (diario),25000.0
2026-03-22 12:00:00,costo operativo,agua,agua,700.0
2026-03-22 12:00:00,costo operativo,leña,leña,1500.0
2026-03-22 12:00:00,ingreso operativo,Reservas (sim),Ingreso simulado por reserva,150000.0
2026-03-22 12:00:00,costo operativo,gas,gas,10000.0
2026-03-22 12:00:00,costo operativo,luz,luz,520.0
2026-03-22 20:00:00,costo operativo,pago extra ayudante (diario),pago extra ayudante (diario),25000.0
2026-03-29 12:00:00,ingreso operativo,Reservas (sim),Ingreso simulado por reserva,150000.0
2026-03-29 12:00:00,costo operativo,gas,gas,10000.0
2026-03-29 12:00:00,costo operativo,luz,luz,520.0
2026-03-29 12:00:00,costo operativo,leña,leña,1500.0
2026-03-29 12:00:00,costo operativo,agua,agua,700.0
2026-03-29 20:00:00,costo operativo,pago extra ayudante (diario),pago extra ayudante (diario),25000.0
2026-03-30 12:00:00,costo operativo,luz,luz,520.0
2026-03-30 12:00:00,costo operativo,agua,agua,700.0
2026-03-30 12:00:00,costo operativo,leña,leña,1500.0
2026-03-30 12:00:00,costo operativo,gas,gas,10000.0
2026-03-30 12:00:00,ingreso operativo,Reservas (sim),Ingreso simulado por reserva,150000.0
2026-03-30 20:00:00,costo operativo,pago extra ayudante (diario),pago extra ayudante (diario),25000.0
2026-03-31 12:00:00,costo operativo,luz,luz,520.0
2026-03-31 12:00:00,costo operativo,gas,gas,10000.0
2026-03-31 12:00:00,ingreso operativo,Reservas (sim),Ingreso simulado por reserva,150000.0
2026-03-31 12:00:00,costo operativo,leña,leña,1500.0
2026-03-31 12:00:00,costo operativo,agua,agua,700.0
2026-03-31 18:00:00,costos fijos,Simulación,Costo fijo mensual simulado,700000.0
2026-03-31 18:00:00,Costos de Marketing,Simulación,Gasto marketing mensual simulado,300000.0
2026-03-31 20:00:00,costo operativo,pago extra ayudante (diario),pago extra ayudante (diario),25000.0
2026-04-01 12:00:00,ingreso operativo,Reservas (sim),Ingreso simulado por reserva,150000.0
2026-04-01 12:00:00,costo operativo,leña,leña,1500.0
2026-04-01 12:00:00,costo operativo,agua,agua,700.0
2026-04-01 12:00:00,costo operativo,luz,luz,520.0
2026-04-01 12:00:00,costo operativo,gas,gas,10000.0
2026-04-01 20:00:00,costo operativo,pago extra ayudante (diario),pago extra ayudante (diario),25000.0
2026-04-04 12:00:00,ingreso operativo,Reservas (sim),Ingreso simulado por reserva,150000.0
2026-04-04 12:00:00,costo operativo,gas,gas,10000.0
2026-04-04 12:00:00,costo operativo,luz,luz,520.0
2026-04-04 12:00:00,costo operativo,leña,leña,1500.0
2026-04-04 12:00:00,costo operativo,agua,agua,700.0
2026-04-04 12:10:00,ingreso operativo,Reservas (sim),Ingreso simulado por reserva,150000.0
2026-04-04 12:10:00,costo operativo,leña,leña,1500.0
2026-04-04 12:10:00,costo operativo,gas,gas,10000.0
2026-04-04 12:10:00,costo operativo,agua,agua,700.0
2026-04-04 12:10:00,costo operativo,luz,luz,520.0
2026-04-04 12:20:00,costo operativo,luz,luz,520.0
2026-04-04 12:20:00,costo operativo,gas,gas,10000.0
2026-04-04 12:20:00,costo operativo,agua,agua,700.0
2026-04-04 12:20:00,ingreso operativo,Reservas (sim),Ingreso simulado por reserva,150000.0
2026-04-04 12:20:00,costo operativo,leña,leña,1500.0
2026-04-04 20:00:00,costo operativo,pago extra ayudante (diario),pago extra ayudante (diario),60000.0
2026-04-05 12:00:00,costo operativo,leña,leña,1500.0
2026-04-05 12:00:00,costo operativo,agua,agua,700.0
2026-04-05 12:00:00,costo operativo,luz,luz,520.0
2026-04-05 12:00:00,costo operativo,gas,gas,10000.0
2026-04-05 12:00:00,ingreso operativo,Reservas (sim),Ingreso simulado por reserva,150000.0
2026-04-05 12:10:00,costo operativo,agua,agua,700.0
2026-04-05 12:10:00,ingreso operativo,Reservas (sim),Ingreso simulado por reserva,150000.0
2026-04-05 12:10:00,costo operativo,leña,leña,1500.0
2026-04-05 12:10:00,costo operativo,luz,luz,520.0
2026-04-05 12:10:00,costo operativo,gas,gas,10000.0
2026-04-05 12:20:00,ingreso operativo,Reservas (sim),Ingreso simulado por reserva,150000.0
2026-04-05 12:20:00,costo operativo,gas,gas,10000.0
2026-04-05 12:20:00,costo operativo,luz,luz,520.0
2026-04-05 12:20:00,costo operativo,agua,agua,700.0
2026-04-05 12:20:00,costo operativo,leña,leña,1500.0
2026-04-05 20:00:00,costo operativo,pago extra ayudante (diario),pago extra ayudante (diario),60000.0
2026-04-06 12:00:00,costo operativo,leña,leña,1500.0
2026-04-06 12:00:00,ingreso operativo,Reservas (sim),Ingreso simulado por reserva,150000.0
2026-04-06 12:00:00,costo operativo,gas,gas,10000.0
2026-04-06 12:00:00,costo operativo,luz,luz,520.0
2026-04-06 12:00:00,costo operativo,agua,agua,700.0
2026-04-06 12:10:00,costo operativo,gas,gas,10000.0
2026-04-06 12:10:00,costo operativo,leña,leña,1500.0
2026-04-06 12:10:00,costo operativo,agua,agua,700.0
2026-04-06 12:10:00,ingreso operativo,Reservas (sim),Ingreso simulado por reserva,150000.0
2026-04-06 12:10:00,costo operativo,luz,luz,520.0
2026-04-06 20:00:00,costo operativo,pago extra ayudante (diario),pago extra ayudante (diario),45000.0
2026-04-07 12:00:00,costo operativo,gas,gas,10000.0
2026-04-07 12:00:00,costo operativo,luz,luz,520.0
2026-04-07 12:00:00,costo operativo,agua,agua,700.0
2026-04-07 12:00:00,costo operativo,leña,leña,1500.0
2026-04-07 12:00:00,ingreso operativo,Reservas (sim),Ingreso simulado por reserva,150000.0
2026-04-07 20:00:00,costo operativo,pago extra ayudante (diario),pago extra ayudante (diario),25000.0
2026-04-10 12:00:00,costo operativo,gas,gas,10000.0
2026-04-10 12:00:00,costo operativo,luz,luz,520.0
2026-04-10 12:00:00,costo operativo,agua,agua,700.0
2026-04-10 12:00:00,costo operativo,leña,leña,1500.0
2026-04-10 12:00:00,ingreso operativo,Reservas (sim),Ingreso simulado por reserva,150000.0
2026-04-10 12:10:00,costo operativo,gas,gas,10000.0
2026-04-10 12:10:00,costo operativo,agua,agua,700.0
2026-04-10 12:10:00,costo operativo,luz,luz,520.0
2026-04-10 12:10:00,ingreso operativo,Reservas (sim),Ingreso simulado por reserva,150000.0
2026-04-10 12:10:00,costo operativo,leña,leña,1500.0
2026-04-10 20:00:00,costo operativo,pago extra ayudante (diario),pago extra ayudante (diario),45000.0
2026-04-11 12:00:00,ingreso operativo,Reservas (sim),Ingreso simulado por reserva,150000.0
2026-04-11 12:00:00,costo operativo,luz,luz,520.0
2026-04-11 12:00:00,costo operativo,leña,leña,1500.0
2026-04-11 12:00:00,costo operativo,agua,agua,700.0
2026-04-11 12:00:00,costo operativo,gas,gas,10000.0
2026-04-11 20:00:00,costo operativo,pago extra ayudante (diario),pago extra ayudante (diario),25000.0
2026-04-12 12:00:00,costo operativo,agua,agua,700.0
2026-04-12 12:00:00,costo operativo,leña,leña,1500.0
2026-04-12 12:00:00,ingreso operativo,Reservas (sim),Ingreso simulado por reserva,150000.0
2026-04-12 12:00:00,costo operativo,luz,luz,520.0
2026-04-12 12:00:00,costo operativo,gas,gas,10000.0
2026-04-12 12:10:00,costo operativo,gas,gas,10000.0
2026-04-12 12:10:00,costo operativo,luz,luz,520.0
2026-04-12 12:10:00,costo operativo,agua,agua,700.0
2026-04-12 12:10:00,costo operativo,leña,leña,1500.0
2026-04-12 12:10:00,ingreso operativo,Reservas (sim),Ingreso simulado por reserva,150000.0
2026-04-12 20:00:00,costo operativo,pago extra ayudante (diario),pago extra ayudante (diario),45000.0
2026-04-13 12:00:00,costo operativo,luz,luz,520.0
2026-04-13 12:00:00,costo operativo,gas,gas,10000.0
2026-04-13 12:00:00,costo operativo,leña,leña,1500.0
2026-04-13 12:00:00,ingreso operativo,Reservas (sim),Ingreso simulado por reserva,150000.0
2026-04-13 12:00:00,costo operativo,agua,agua,700.0
2026-04-13 20:00:00,costo operativo,pago extra ayudante (diario),pago extra ayudante (diario),25000.0
2026-04-18 12:00:00,ingreso operativo,Reservas (sim),Ingreso simulado por reserva,150000.0
2026-04-18 12:00:00,costo operativo,gas,gas,10000.0
2026-04-18 12:00:00,costo operativo,luz,luz,520.0
2026-04-18 12:00:00,costo operativo,agua,agua,700.0
2026-04-18 12:00:00,costo operativo,leña,leña,1500.0
2026-04-18 20:00:00,costo operativo,pago extra ayudante (diario),pago extra ayudante (diario),25000.0
2026-04-25 12:00:00,costo operativo,agua,agua,700.0
2026-04-25 12:00:00,ingreso operativo,Reservas (sim),Ingreso simulado por reserva,150000.0
2026-04-25 12:00:00,costo operativo,leña,leña,1500.0
2026-04-25 12:00:00,costo operativo,gas,gas,10000.0
2026-04-25 12:00:00,costo operativo,luz,luz,520.0
2026-04-25 20:00:00,costo operativo,pago extra ayudante (diario),pago extra ayudante (diario),25000.0
2026-04-29 12:00:00,costo operativo,luz,luz,520.0
2026-04-29 12:00:00,costo operativo,gas,gas,10000.0
2026-04-29 12:00:00,costo operativo,leña,leña,1500.0
2026-04-29 12:00:00,ingreso operativo,Reservas (sim),Ingreso simulado por reserva,150000.0
2026-04-29 12:00:00,costo operativo,agua,agua,700.0
2026-04-29 20:00:00,costo operativo,pago extra ayudante (diario),pago extra ayudante (diario),25000.0
2026-04-30 12:00:00,ingreso operativo,Reservas (sim),Ingreso simulado por reserva,150000.0
2026-04-30 12:00:00,costo operativo,leña,leña,1500.0
2026-04-30 12:00:00,costo operativo,agua,agua,700.0
2026-04-30 12:00:00,costo operativo,luz,luz,520.0
2026-04-30 12:00:00,costo operativo,gas,gas,10000.0
2026-04-30 18:00:00,Costos de Marketing,Simulación,Gasto marketing mensual simulado,300000.0
2026-04-30 18:00:00,costos fijos,Simulación,Costo fijo mensual simulado,700000.0
2026-04-30 20:00:00,costo operativo,pago extra ayudante (diario),pago extra ayudante (diario),25000.0
2026-05-01 12:00:00,costo operativo,agua,agua,700.0
2026-05-01 12:00:00,ingreso operativo,Reservas (sim),Ingreso simulado por reserva,150000.0
2026-05-01 12:00:00,costo operativo,leña,leña,1500.0
2026-05-01 12:00:00,costo operativo,luz,luz,520.0
2026-05-01 12:00:00,costo operativo,gas,gas,10000.0
2026-05-01 20:00:00,costo operativo,pago extra ayudante (diario),pago extra ayudante (diario),25000.0
2026-05-02 12:00:00,costo operativo,luz,luz,520.0
2026-05-02 12:00:00,costo operativo,agua,agua,700.0
2026-05-02 12:00:00,costo operativo,gas,gas,10000.0
2026-05-02 12:00:00,ingreso operativo,Reservas (sim),Ingreso simulado por reserva,150000.0
2026-05-02 12:00:00,costo operativo,leña,leña,1500.0
2026-05-02 20:00:00,costo operativo,pago extra ayudante (diario),pago extra ayudante (diario),25000.0
2026-05-03 12:00:00,ingreso operativo,Reservas (sim),Ingreso simulado por reserva,150000.0
2026-05-03 12:00:00,costo operativo,luz,luz,520.0
2026-05-03 12:00:00,costo operativo,agua,agua,700.0
2026-05-03 12:00:00,costo operativo,gas,gas,10000.0
2026-05-03 12:00:00,costo operativo,leña,leña,1500.0
2026-05-03 12:10:00,costo operativo,leña,leña,1500.0
2026-05-03 12:10:00,ingreso operativo,Reservas (sim),Ingreso simulado por reserva,150000.0
2026-05-03 12:10:00,costo operativo,agua,agua,700.0
2026-05-03 12:10:00,costo operativo,luz,luz,520.0
2026-05-03 12:10:00,costo operativo,gas,gas,10000.0
2026-05-03 12:20:00,costo operativo,gas,gas,10000.0
2026-05-03 12:20:00,costo operativo,luz,luz,520.0
2026-05-03 12:20:00,costo operativo,leña,leña,1500.0
2026-05-03 12:20:00,ingreso operativo,Reservas (sim),Ingreso simulado por reserva,150000.0
2026-05-03 12:20:00,costo operativo,agua,agua,700.0
2026-05-03 20:00:00,costo operativo,pago extra ayudante (diario),pago extra ayudante (diario),60000.0
2026-05-06 12:00:00,costo operativo,leña,leña,1500.0
2026-05-06 12:00:00,ingreso operativo,Reservas (sim),Ingreso simulado por reserva,150000.0
2026-05-06 12:00:00,costo operativo,agua,agua,700.0
2026-05-06 12:00:00,costo operativo,luz,luz,520.0
2026-05-06 12:00:00,costo operativo,gas,gas,10000.0
2026-05-06 12:10:00,costo operativo,leña,leña,1500.0
2026-05-06 12:10:00,costo operativo,agua,agua,700.0
2026-05-06 12:10:00,costo operativo,luz,luz,520.0
2026-05-06 12:10:00,costo operativo,gas,gas,10000.0
2026-05-06 12:10:00,ingreso operativo,Reservas (sim),Ingreso simulado por reserva,150000.0
2026-05-06 20:00:00,costo operativo,pago extra ayudante (diario),pago extra ayudante (diario),45000.0
2026-05-07 12:00:00,ingreso operativo,Reservas (sim),Ingreso simulado por reserva,150000.0
2026-05-07 12:00:00,costo operativo,leña,leña,1500.0
2026-05-07 12:00:00,costo operativo,agua,agua,700.0
2026-05-07 12:00:00,costo operativo,luz,luz,520.0
2026-05-07 12:00:00,costo operativo,gas,gas,10000.0
2026-05-07 20:00:00,costo operativo,pago extra ayudante (diario),pago extra ayudante (diario),25000.0
2026-05-09 12:00:00,costo operativo,leña,leña,1500.0
2026-05-09 12:00:00,costo operativo,agua,agua,700.0
2026-05-09 12:00:00,costo operativo,luz,luz,520.0
2026-05-09 12:00:00,costo operativo,gas,gas,10000.0
2026-05-09 12:00:00,ingreso operativo,Reservas (sim),Ingreso simulado por reserva,150000.0
2026-05-09 20:00:00,costo operativo,pago extra ayudante (diario),pago extra ayudante (diario),25000.0
2026-05-10 12:00:00,ingreso operativo,Reservas (sim),Ingreso simulado por reserva,150000.0
2026-05-10 12:00:00,costo operativo,gas,gas,10000.0
2026-05-10 12:00:00,costo operativo,luz,luz,520.0
2026-05-10 12:00:00,costo operativo,agua,agua,700.0
2026-05-10 12:00:00,costo operativo,leña,leña,1500.0
2026-05-10 12:10:00,costo operativo,luz,luz,520.0
2026-05-10 12:10:00,costo operativo,leña,leña,1500.0
2026-05-10 12:10:00,ingreso operativo,Reservas (sim),Ingreso simulado por reserva,150000.0
2026-05-10 12:10:00,costo operativo,agua,agua,700.0
2026-05-10 12:10:00,costo operativo,gas,gas,10000.0
2026-05-10 20:00:00,costo operativo,pago extra ayudante (diario),pago extra ayudante (diario),45000.0
2026-05-12 12:00:00,costo operativo,leña,leña,1500.0
2026-05-12 12:00:00,costo operativo,gas,gas,10000.0
2026-05-12 12:00:00,costo operativo,luz,luz,520.0
2026-05-12 12:00:00,ingreso operativo,Reservas (sim),Ingreso simulado por reserva,150000.0
2026-05-12 12:00:00,costo operativo,agua,agua,700.0
2026-05-12 12:10:00,costo operativo,luz,luz,520.0
2026-05-12 12:10:00,costo operativo,leña,leña,1500.0
2026-05-12 12:10:00,ingreso operativo,Reservas (sim),Ingreso simulado por reserva,150000.0
2026-05-12 12:10:00,costo operativo,agua,agua,700.0
2026-05-12 12:10:00,costo operativo,gas,gas,10000.0
2026-05-12 20:00:00,costo operativo,pago extra ayudante (diario),pago extra ayudante (diario),45000.0
2026-05-13 12:00:00,costo operativo,gas,gas,10000.0
2026-05-13 12:00:00,costo operativo,luz,luz,520.0
2026-05-13 12:00:00,ingreso operativo,Reservas (sim),Ingreso simulado por reserva,150000.0
2026-05-13 12:00:00,costo operativo,agua,agua,700.0
2026-05-13 12:00:00,costo operativo,leña,leña,1500.0
2026-05-13 20:00:00,costo operativo,pago extra ayudante (diario),pago extra ayudante (diario),25000.0
2026-05-16 12:00:00,costo operativo,leña,leña,1500.0
2026-05-16 12:00:00,costo operativo,agua,agua,700.0
2026-05-16 12:00:00,costo operativo,luz,luz,520.0
2026-05-16 12:00:00,costo operativo,gas,gas,10000.0
2026-05-16 12:00:00,ingreso operativo,Reservas (sim),Ingreso simulado por reserva,150000.0
2026-05-16 20:00:00,costo operativo,pago extra ayudante (diario),pago extra ayudante (diario),25000.0
2026-05-23 12:00:00,costo operativo,gas,gas,10000.0
2026-05-23 12:00:00,costo operativo,agua,agua,700.0
2026-05-23 12:00:00,costo operativo,leña,leña,1500.0
2026-05-23 12:00:00,ingreso operativo,Reservas (sim),Ingreso simulado por reserva,150000.0
2026-05-23 12:00:00,costo operativo,luz,luz,520.0
2026-05-23 20:00:00,costo operativo,pago extra ayudante (diario),pago extra ayudante (diario),25000.0
2026-05-26 12:00:00,ingreso operativo,Reservas (sim),Ingreso simulado por reserva,150000.0
2026-05-26 12:00:00,costo operativo,leña,leña,1500.0
2026-05-26 12:00:00,costo operativo,agua,agua,700.0
2026-05-26 12:00:00,costo operativo,luz,luz,520.0
2026-05-26 12:00:00,costo operativo,gas,gas,10000.0
2026-05-26 20:00:00,costo operativo,pago extra ayudante (diario),pago extra ayudante (diario),25000.0
2026-05-29 12:00:00,costo operativo,luz,luz,520.0
2026-05-29 12:00:00,costo operativo,leña,leña,1500.0
2026-05-29 12:00:00,costo operativo,agua,agua,700.0
2026-05-29 12:00:00,ingreso operativo,Reservas (sim),Ingreso simulado por reserva,150000.0
2026-05-29 12:00:00,costo operativo,gas,gas,10000.0
2026-05-29 20:00:00,costo operativo,pago extra ayudante (diario),pago extra ayudante (diario),25000.0
2026-05-30 12:00:00,costo operativo,gas,gas,10000.0
2026-05-30 12:00:00,costo operativo,leña,leña,1500.0
2026-05-30 12:00:00,costo operativo,agua,agua,700.0
2026-05-30 12:00:00,ingreso operativo,Reservas (sim),Ingreso simulado por reserva,150000.0
2026-05-30 12:00:00,costo operativo,luz,luz,520.0
2026-05-30 20:00:00,costo operativo,pago extra ayudante (diario),pago extra ayudante (diario),25000.0
2026-05-31 12:00:00,costo operativo,leña,leña,1500.0
2026-05-31 12:00:00,costo operativo,agua,agua,700.0
2026-05-31 12:00:00,costo operativo,luz,luz,520.0
2026-05-31 12:00:00,costo operativo,gas,gas,10000.0
2026-05-31 12:00:00,ingreso operativo,Reservas (sim),Ingreso simulado por reserva,150000.0
2026-05-31 18:00:00,costos fijos,Simulación,Costo fijo mensual simulado,700000.0
2026-05-31 18:00:00,Costos de Marketing,Simulación,Gasto marketing mensual simulado,300000.0
2026-05-31 20:00:00,costo operativo,pago extra ayudante (diario),pago extra ayudante (diario),25000.0
2026-06-01 12:00:00,costo operativo,luz,luz,520.0
2026-06-01 12:00:00,costo operativo,agua,agua,700.0
2026-06-01 12:00:00,costo operativo,gas,gas,10000.0
2026-06-01 12:00:00,costo operativo,leña,leña,1500.0
2026-06-01 12:00:00,ingreso operativo,Reservas (sim),Ingreso simulado por reserva,150000.0
2026-06-01 20:00:00,costo operativo,pago extra ayudante (diario),pago extra ayudante (diario),25000.0
2026-06-04 12:00:00,costo operativo,leña,leña,1500.0
2026-06-04 12:00:00,costo operativo,gas,gas,10000.0
2026-06-04 12:00:00,ingreso operativo,Reservas (sim),Ingreso simulado por reserva,150000.0
2026-06-04 12:00:00,costo operativo,luz,luz,520.0
2026-06-04 12:00:00,costo operativo,agua,agua,700.0
2026-06-04 20:00:00,costo operativo,pago extra ayudante (diario),pago extra ayudante (diario),25000.0
2026-06-06 12:00:00,costo operativo,agua,agua,700.0
2026-06-06 12:00:00,costo operativo,leña,leña,1500.0
2026-06-06 12:00:00,ingreso operativo,Reservas (sim),Ingreso simulado por reserva,150000.0
2026-06-06 12:00:00,costo operativo,luz,luz,520.0
2026-06-06 12:00:00,costo operativo,gas,gas,10000.0
2026-06-06 20:00:00,costo operativo,pago extra ayudante (diario),pago extra ayudante (diario),25000.0
2026-06-07 12:00:00,costo operativo,agua,agua,700.0
2026-06-07 12:00:00,ingreso operativo,Reservas (sim),Ingreso simulado por reserva,150000.0
2026-06-07 12:00:00,costo operativo,luz,luz,520.0
2026-06-07 12:00:00,costo operativo,gas,gas,10000.0
2026-06-07 12:00:00,costo operativo,leña,leña,1500.0
2026-06-07 12:10:00,ingreso operativo,Reservas (sim),Ingreso simulado por reserva,150000.0
2026-06-07 12:10:00,costo operativo,leña,leña,1500.0
2026-06-07 12:10:00,costo operativo,agua,agua,700.0
2026-06-07 12:10:00,costo operativo,luz,luz,520.0
2026-06-07 12:10:00,costo operativo,gas,gas,10000.0
2026-06-07 12:20:00,costo operativo,gas,gas,10000.0
2026-06-07 12:20:00,costo operativo,luz,luz,520.0
2026-06-07 12:20:00,costo operativo,leña,leña,1500.0
2026-06-07 12:20:00,ingreso operativo,Reservas (sim),Ingreso simulado por reserva,150000.0
2026-06-07 12:20:00,costo operativo,agua,agua,700.0
2026-06-07 20:00:00,costo operativo,pago extra ayudante (diario),pago extra ayudante (diario),60000.0
2026-06-10 12:00:00,ingreso operativo,Reservas (sim),Ingreso simulado por reserva,150000.0
2026-06-10 12:00:00,costo operativo,leña,leña,1500.0
2026-06-10 12:00:00,costo operativo,agua,agua,700.0
2026-06-10 12:00:00,costo operativo,luz,luz,520.0
2026-06-10 12:00:00,costo operativo,gas,gas,10000.0
2026-06-10 12:10:00,costo operativo,leña,leña,1500.0
2026-06-10 12:10:00,costo operativo,agua,agua,700.0
2026-06-10 12:10:00,costo operativo,luz,luz,520.0
2026-06-10 12:10:00,ingreso operativo,Reservas (sim),Ingreso simulado por reserva,150000.0
2026-06-10 12:10:00,costo operativo,gas,gas,10000.0
2026-06-10 20:00:00,costo operativo,pago extra ayudante (diario),pago extra ayudante (diario),45000.0
2026-06-11 12:00:00,costo operativo,gas,gas,10000.0
2026-06-11 12:00:00,costo operativo,agua,agua,700.0
2026-06-11 12:00:00,costo operativo,leña,leña,1500.0
2026-06-11 12:00:00,ingreso operativo,Reservas (sim),Ingreso simulado por reserva,150000.0
2026-06-11 12:00:00,costo operativo,luz,luz,520.0
2026-06-11 20:00:00,costo operativo,pago extra ayudante (diario),pago extra ayudante (diario),25000.0
2026-06-13 12:00:00,ingreso operativo,Reservas (sim),Ingreso simulado por reserva,150000.0
2026-06-13 12:00:00,costo operativo,leña,leña,1500.0
2026-06-13 12:00:00,costo operativo,luz,luz,520.0
2026-06-13 12:00:00,costo operativo,agua,agua,700.0
2026-06-13 12:00:00,costo operativo,gas,gas,10000.0
2026-06-13 20:00:00,costo operativo,pago extra ayudante (diario),pago extra ayudante (diario),25000.0
2026-06-14 12:00:00,costo operativo,agua,agua,700.0
2026-06-14 12:00:00,costo operativo,luz,luz,520.0
2026-06-14 12:00:00,ingreso operativo,Reservas (sim),Ingreso simulado por reserva,150000.0
2026-06-14 12:00:00,costo operativo,gas,gas,10000.0
2026-06-14 12:00:00,costo operativo,leña,leña,1500.0
2026-06-14 12:10:00,costo operativo,luz,luz,520.0
2026-06-14 12:10:00,costo operativo,leña,leña,1500.0
2026-06-14 12:10:00,costo operativo,agua,agua,700.0
2026-06-14 12:10:00,ingreso operativo,Reservas (sim),Ingreso simulado por reserva,150000.0
2026-06-14 12:10:00,costo operativo,gas,gas,10000.0
2026-06-14 20:00:00,costo operativo,pago extra ayudante (diario),pago extra ayudante (diario),45000.0
2026-06-20 12:00:00,ingreso operativo,Reservas (sim),Ingreso simulado por reserva,150000.0
2026-06-20 12:00:00,costo operativo,luz,luz,520.0
2026-06-20 12:00:00,costo operativo,gas,gas,10000.0
2026-06-20 12:00:00,costo operativo,leña,leña,1500.0
2026-06-20 12:00:00,costo operativo,agua,agua,700.0
2026-06-20 20:00:00,costo operativo,pago extra ayudante (diario),pago extra ayudante (diario),25000.0
2026-06-27 12:00:00,costo operativo,luz,luz,520.0
2026-06-27 12:00:00,costo operativo,gas,gas,10000.0
2026-06-27 12:00:00,costo operativo,agua,agua,700.0
2026-06-27 12:00:00,costo operativo,leña,leña,1500.0
2026-06-27 12:00:00,ingreso operativo,Reservas (sim),Ingreso simulado por reserva,150000.0
2026-06-27 20:00:00,costo operativo,pago extra ayudante (diario),pago extra ayudante (diario),25000.0
2026-06-29 12:00:00,ingreso operativo,Reservas (sim),Ingreso simulado por reserva,150000.0
2026-06-29 12:00:00,costo operativo,luz,luz,520.0
2026-06-29 12:00:00,costo operativo,agua,agua,700.0
2026-06-29 12:00:00,costo operativo,gas,gas,10000.0
2026-06-29 12:00:00,costo operativo,leña,leña,1500.0
2026-06-29 20:00:00,costo operativo,pago extra ayudante (diario),pago extra ayudante (diario),25000.0
2026-06-30 18:00:00,Costos de Marketing,Simulación,Gasto marketing mensual simulado,300000.0
2026-06-30 18:00:00,costos fijos,Simulación,Costo fijo mensual simulado,700000.0
2026-07-01 12:00:00,ingreso operativo,Reservas (sim),Ingreso simulado por reserva,150000.0
2026-07-01 12:00:00,costo operativo,leña,leña,1500.0
2026-07-01 12:00:00,costo operativo,luz,luz,520.0
2026-07-01 12:00:00,costo operativo,gas,gas,10000.0
2026-07-01 12:00:00,costo operativo,agua,agua,700.0
2026-07-01 12:10:00,costo operativo,leña,leña,1500.0
2026-07-01 12:10:00,costo operativo,agua,agua,700.0
2026-07-01 12:10:00,costo operativo,luz,luz,520.0
2026-07-01 12:10:00,costo operativo,gas,gas,10000.0
2026-07-01 12:10:00,ingreso operativo,Reservas (sim),Ingreso simulado por reserva,150000.0
2026-07-01 20:00:00,costo operativo,pago extra ayudante (diario),pago extra ayudante (diario),45000.0
2026-07-02 12:00:00,costo operativo,luz,luz,520.0
2026-07-02 12:00:00,costo operativo,gas,gas,10000.0
2026-07-02 12:00:00,ingreso operativo,Reservas (sim),Ingreso simulado por reserva,150000.0
2026-07-02 12:00:00,costo operativo,agua,agua,700.0
2026-07-02 12:00:00,costo operativo,leña,leña,1500.0
2026-07-02 20:00:00,costo operativo,pago extra ayudante (diario),pago extra ayudante (diario),25000.0
2026-07-03 12:00:00,costo operativo,luz,luz,520.0
2026-07-03 12:00:00,ingreso operativo,Reservas (sim),Ingreso simulado por reserva,150000.0
2026-07-03 12:00:00,costo operativo,gas,gas,10000.0
2026-07-03 12:00:00,costo operativo,agua,agua,700.0
2026-07-03 12:00:00,costo operativo,leña,leña,1500.0
2026-07-03 12:10:00,costo operativo,leña,leña,1500.0
2026-07-03 12:10:00,costo operativo,agua,agua,700.0
2026-07-03 12:10:00,costo operativo,luz,luz,520.0
2026-07-03 12:10:00,costo operativo,gas,gas,10000.0
2026-07-03 12:10:00,ingreso operativo,Reservas (sim),Ingreso simulado por reserva,150000.0
2026-07-03 20:00:00,costo operativo,pago extra ayudante (diario),pago extra ayudante (diario),45000.0
2026-07-04 12:00:00,ingreso operativo,Reservas (sim),Ingreso simulado por reserva,150000.0
2026-07-04 12:00:00,costo operativo,leña,leña,1500.0
2026-07-04 12:00:00,costo operativo,agua,agua,700.0
2026-07-04 12:00:00,costo operativo,luz,luz,520.0
2026-07-04 12:00:00,costo operativo,gas,gas,10000.0
2026-07-04 12:10:00,costo operativo,luz,luz,520.0
2026-07-04 12:10:00,costo operativo,leña,leña,1500.0
2026-07-04 12:10:00,costo operativo,gas,gas,10000.0
2026-07-04 12:10:00,costo operativo,agua,agua,700.0
2026-07-04 12:10:00,ingreso operativo,Reservas (sim),Ingreso simulado por reserva,150000.0
2026-07-04 12:20:00,ingreso operativo,Reservas (sim),Ingreso simulado por reserva,150000.0
2026-07-04 12:20:00,costo operativo,leña,leña,1500.0
2026-07-04 12:20:00,costo operativo,agua,agua,700.0
2026-07-04 12:20:00,costo operativo,luz,luz,520.0
2026-07-04 12:20:00,costo operativo,gas,gas,10000.0
2026-07-04 12:30:00,costo operativo,leña,leña,1500.0
2026-07-04 12:30:00,costo operativo,agua,agua,700.0
2026-07-04 12:30:00,costo operativo,luz,luz,520.0
2026-07-04 12:30:00,costo operativo,gas,gas,10000.0
2026-07-04 12:30:00,ingreso operativo,Reservas (sim),Ingreso simulado por reserva,150000.0
2026-07-04 12:40:00,costo operativo,gas,gas,10000.0
2026-07-04 12:40:00,costo operativo,luz,luz,520.0
2026-07-04 12:40:00,costo operativo,agua,agua,700.0
2026-07-04 12:40:00,costo operativo,leña,leña,1500.0
2026-07-04 12:40:00,ingreso operativo,Reservas (sim),Ingreso simulado por reserva,150000.0
2026-07-04 20:00:00,costo operativo,pago extra ayudante (diario),pago extra ayudante (diario),80000.0
2026-07-05 12:00:00,costo operativo,agua,agua,700.0
2026-07-05 12:00:00,costo operativo,luz,luz,520.0
2026-07-05 12:00:00,costo operativo,gas,gas,10000.0
2026-07-05 12:00:00,costo operativo,leña,leña,1500.0
2026-07-05 12:00:00,ingreso operativo,Reservas (sim),Ingreso simulado por reserva,150000.0
2026-07-05 12:10:00,ingreso operativo,Reservas (sim),Ingreso simulado por reserva,150000.0
2026-07-05 12:10:00,costo operativo,agua,agua,700.0
2026-07-05 12:10:00,costo operativo,luz,luz,520.0
2026-07-05 12:10:00,costo operativo,leña,leña,1500.0
2026-07-05 12:10:00,costo operativo,gas,gas,10000.0
2026-07-05 12:20:00,ingreso operativo,Reservas (sim),Ingreso simulado por reserva,150000.0
2026-07-05 12:20:00,costo operativo,luz,luz,520.0
2026-07-05 12:20:00,costo operativo,agua,agua,700.0
2026-07-05 12:20:00,costo operativo,leña,leña,1500.0
2026-07-05 12:20:00,costo operativo,gas,gas,10000.0
2026-07-05 12:30:00,costo operativo,agua,agua,700.0
2026-07-05 12:30:00,costo operativo,leña,leña,1500.0
2026-07-05 12:30:00,costo operativo,luz,luz,520.0
2026-07-05 12:30:00,costo operativo,gas,gas,10000.0
2026-07-05 12:30:00,ingreso operativo,Reservas (sim),Ingreso simulado por reserva,150000.0
2026-07-05 20:00:00,costo operativo,pago extra ayudante (diario),pago extra ayudante (diario),70000.0
2026-07-06 12:00:00,costo operativo,leña,leña,1500.0
2026-07-06 12:00:00,costo operativo,gas,gas,10000.0
2026-07-06 12:00:00,ingreso operativo,Reservas (sim),Ingreso simulado por reserva,150000.0
2026-07-06 12:00:00,costo operativo,agua,agua,700.0
2026-07-06 12:00:00,costo operativo,luz,luz,520.0
2026-07-06 12:10:00,ingreso operativo,Reservas (sim),Ingreso simulado por reserva,150000.0
2026-07-06 12:10:00,costo operativo,gas,gas,10000.0
2026-07-06 12:10:00,costo operativo,luz,luz,520.0
2026-07-06 12:10:00,costo operativo,agua,agua,700.0
2026-07-06 12:10:00,costo operativo,leña,leña,1500.0
2026-07-06 20:00:00,costo operativo,pago extra ayudante (diario),pago extra ayudante (diario),45000.0
2026-07-07 12:00:00,ingreso operativo,Reservas (sim),Ingreso simulado por reserva,150000.0
2026-07-07 12:00:00,costo operativo,agua,agua,700.0
2026-07-07 12:00:00,costo operativo,leña,leña,1500.0
2026-07-07 12:00:00,costo operativo,luz,luz,520.0
2026-07-07 12:00:00,costo operativo,gas,gas,10000.0
2026-07-07 20:00:00,costo operativo,pago extra ayudante (diario),pago extra ayudante (diario),25000.0
2026-07-09 12:00:00,costo operativo,leña,leña,1500.0
2026-07-09 12:00:00,ingreso operativo,Reservas (sim),Ingreso simulado por reserva,150000.0
2026-07-09 12:00:00,costo operativo,gas,gas,10000.0
2026-07-09 12:00:00,costo operativo,luz,luz,520.0
2026-07-09 12:00:00,costo operativo,agua,agua,700.0
2026-07-09 20:00:00,costo operativo,pago extra ayudante (diario),pago extra ayudante (diario),25000.0
2026-07-10 12:00:00,ingreso operativo,Reservas (sim),Ingreso simulado por reserva,150000.0
2026-07-10 12:00:00,costo operativo,gas,gas,10000.0
2026-07-10 12:00:00,costo operativo,leña,leña,1500.0
2026-07-10 12:00:00,costo operativo,agua,agua,700.0
2026-07-10 12:00:00,costo operativo,luz,luz,520.0
2026-07-10 12:10:00,costo operativo,gas,gas,10000.0
2026-07-10 12:10:00,costo operativo,luz,luz,520.0
2026-07-10 12:10:00,costo operativo,agua,agua,700.0
2026-07-10 12:10:00,costo operativo,leña,leña,1500.0
2026-07-10 12:10:00,ingreso operativo,Reservas (sim),Ingreso simulado por reserva,150000.0
2026-07-10 20:00:00,costo operativo,pago extra ayudante (diario),pago extra ayudante (diario),45000.0
2026-07-11 12:00:00,ingreso operativo,Reservas (sim),Ingreso simulado por reserva,150000.0
2026-07-11 12:00:00,costo operativo,leña,leña,1500.0
2026-07-11 12:00:00,costo operativo,gas,gas,10000.0
2026-07-11 12:00:00,costo operativo,luz,luz,520.0
2026-07-11 12:00:00,costo operativo,agua,agua,700.0
2026-07-11 12:10:00,costo operativo,gas,gas,10000.0
2026-07-11 12:10:00,ingreso operativo,Reservas (sim),Ingreso simulado por reserva,150000.0
2026-07-11 12:10:00,costo operativo,agua,agua,700.0
2026-07-11 12:10:00,costo operativo,leña,leña,1500.0
2026-07-11 12:10:00,costo operativo,luz,luz,520.0
2026-07-11 20:00:00,costo operativo,pago extra ayudante (diario),pago extra ayudante (diario),45000.0
2026-07-12 12:00:00,costo operativo,gas,gas,10000.0
2026-07-12 12:00:00,ingreso operativo,Reservas (sim),Ingreso simulado por reserva,150000.0
2026-07-12 12:00:00,costo operativo,leña,leña,1500.0
2026-07-12 12:00:00,costo operativo,luz,luz,520.0
2026-07-12 12:00:00,costo operativo,agua,agua,700.0
2026-07-12 12:10:00,costo operativo,agua,agua,700.0
2026-07-12 12:10:00,costo operativo,luz,luz,520.0
2026-07-12 12:10:00,costo operativo,gas,gas,10000.0
2026-07-12 12:10:00,costo operativo,leña,leña,1500.0
2026-07-12 12:10:00,ingreso operativo,Reservas (sim),Ingreso simulado por reserva,150000.0
2026-07-12 12:20:00,costo operativo,gas,gas,10000.0
2026-07-12 12:20:00,costo operativo,agua,agua,700.0
2026-07-12 12:20:00,costo operativo,luz,luz,520.0
2026-07-12 12:20:00,costo operativo,leña,leña,1500.0
2026-07-12 12:20:00,ingreso operativo,Reservas (sim),Ingreso simulado por reserva,150000.0
2026-07-12 12:30:00,costo operativo,leña,leña,1500.0
2026-07-12 12:30:00,costo operativo,agua,agua,700.0
2026-07-12 12:30:00,costo operativo,luz,luz,520.0
2026-07-12 12:30:00,costo operativo,gas,gas,10000.0
2026-07-12 12:30:00,ingreso operativo,Reservas (sim),Ingreso simulado por reserva,150000.0
2026-07-12 12:40:00,ingreso operativo,Reservas (sim),Ingreso simulado por reserva,150000.0
2026-07-12 12:40:00,costo operativo,leña,leña,1500.0
2026-07-12 12:40:00,costo operativo,agua,agua,700.0
2026-07-12 12:40:00,costo operativo,luz,luz,520.0
2026-07-12 12:40:00,costo operativo,gas,gas,10000.0
2026-07-12 12:50:00,costo operativo,luz,luz,520.0
2026-07-12 12:50:00,ingreso operativo,Reservas (sim),Ingreso simulado por reserva,150000.0
2026-07-12 12:50:00,costo operativo,leña,leña,1500.0
2026-07-12 12:50:00,costo operativo,agua,agua,700.0
2026-07-12 12:50:00,costo operativo,gas,gas,10000.0
2026-07-12 20:00:00,costo operativo,pago extra ayudante (diario),pago extra ayudante (diario),90000.0
2026-07-13 12:00:00,ingreso operativo,Reservas (sim),Ingreso simulado por reserva,150000.0
2026-07-13 12:00:00,costo operativo,leña,leña,1500.0
2026-07-13 12:00:00,costo operativo,agua,agua,700.0
2026-07-13 12:00:00,costo operativo,luz,luz,520.0
2026-07-13 12:00:00,costo operativo,gas,gas,10000.0
2026-07-13 20:00:00,costo operativo,pago extra ayudante (diario),pago extra ayudante (diario),25000.0
2026-07-18 12:00:00,costo operativo,agua,agua,700.0
2026-07-18 12:00:00,costo operativo,luz,luz,520.0
2026-07-18 12:00:00,costo operativo,gas,gas,10000.0
2026-07-18 12:00:00,ingreso operativo,Reservas (sim),Ingreso simulado por reserva,150000.0
2026-07-18 12:00:00,costo operativo,leña,leña,1500.0
2026-07-18 12:10:00,costo operativo,leña,leña,1500.0
2026-07-18 12:10:00,costo operativo,agua,agua,700.0
2026-07-18 12:10:00,costo operativo,luz,luz,520.0
2026-07-18 12:10:00,costo operativo,gas,gas,10000.0
2026-07-18 12:10:00,ingreso operativo,Reservas (sim),Ingreso simulado por reserva,150000.0
2026-07-18 20:00:00,costo operativo,pago extra ayudante (diario),pago extra ayudante (diario),45000.0
2026-07-20 12:00:00,ingreso operativo,Reservas (sim),Ingreso simulado por reserva,150000.0
2026-07-20 12:00:00,costo operativo,gas,gas,10000.0
2026-07-20 12:00:00,costo operativo,luz,luz,520.0
2026-07-20 12:00:00,costo operativo,agua,agua,700.0
2026-07-20 12:00:00,costo operativo,leña,leña,1500.0
2026-07-20 20:00:00,costo operativo,pago extra ayudante (diario),pago extra ayudante (diario),25000.0
2026-07-24 12:00:00,costo operativo,gas,gas,10000.0
2026-07-24 12:00:00,costo operativo,luz,luz,520.0
2026-07-24 12:00:00,costo operativo,leña,leña,1500.0
2026-07-24 12:00:00,ingreso operativo,Reservas (sim),Ingreso simulado por reserva,150000.0
2026-07-24 12:00:00,costo operativo,agua,agua,700.0
2026-07-24 20:00:00,costo operativo,pago extra ayudante (diario),pago extra ayudante (diario),25000.0
2026-07-25 12:00:00,costo operativo,gas,gas,10000.0
2026-07-25 12:00:00,ingreso operativo,Reservas (sim),Ingreso simulado por reserva,150000.0
2026-07-25 12:00:00,costo operativo,luz,luz,520.0
2026-07-25 12:00:00,costo operativo,leña,leña,1500.0
2026-07-25 12:00:00,costo operativo,agua,agua,700.0
2026-07-25 12:10:00,costo operativo,leña,leña,1500.0
2026-07-25 12:10:00,costo operativo,agua,agua,700.0
2026-07-25 12:10:00,costo operativo,luz,luz,520.0
2026-07-25 12:10:00,costo operativo,gas,gas,10000.0
2026-07-25 12:10:00,ingreso operativo,Reservas (sim),Ingreso simulado por reserva,150000.0
2026-07-25 12:20:00,ingreso operativo,Reservas (sim),Ingreso simulado por reserva,150000.0
2026-07-25 12:20:00,costo operativo,agua,agua,700.0
2026-07-25 12:20:00,costo operativo,gas,gas,10000.0
2026-07-25 12:20:00,costo operativo,luz,luz,520.0
2026-07-25 12:20:00,costo operativo,leña,leña,1500.0
2026-07-25 20:00:00,costo operativo,pago extra ayudante (diario),pago extra ayudante (diario),60000.0
2026-07-26 12:00:00,costo operativo,leña,leña,1500.0
2026-07-26 12:00:00,costo operativo,gas,gas,10000.0
2026-07-26 12:00:00,costo operativo,agua,agua,700.0
2026-07-26 12:00:00,costo operativo,luz,luz,520.0
2026-07-26 12:00:00,ingreso operativo,Reservas (sim),Ingreso simulado por reserva,150000.0
2026-07-26 20:00:00,costo operativo,pago extra ayudante (diario),pago extra ayudante (diario),25000.0
2026-07-27 12:00:00,costo operativo,luz,luz,520.0
2026-07-27 12:00:00,costo operativo,agua,agua,700.0
2026-07-27 12:00:00,costo operativo,leña,leña,1500.0
2026-07-27 12:00:00,ingreso operativo,Reservas (sim),Ingreso simulado por reserva,150000.0
2026-07-27 12:00:00,costo operativo,gas,gas,10000.0
2026-07-27 20:00:00,costo operativo,pago extra ayudante (diario),pago extra ayudante (diario),25000.0
2026-07-29 12:00:00,costo operativo,leña,leña,1500.0
2026-07-29 12:00:00,costo operativo,agua,agua,700.0
2026-07-29 12:00:00,costo operativo,gas,gas,10000.0
2026-07-29 12:00:00,ingreso operativo,Reservas (sim),Ingreso simulado por reserva,150000.0
2026-07-29 12:00:00,costo operativo,luz,luz,520.0
2026-07-29 20:00:00,costo operativo,pago extra ayudante (diario),pago extra ayudante (diario),25000.0
2026-07-30 12:00:00,costo operativo,agua,agua,700.0
2026-07-30 12:00:00,costo operativo,luz,luz,520.0
2026-07-30 12:00:00,costo operativo,gas,gas,10000.0
2026-07-30 12:00:00,costo operativo,leña,leña,1500.0
2026-07-30 12:00:00,ingreso operativo,Reservas (sim),Ingreso simulado por reserva,150000.0
2026-07-30 20:00:00,costo operativo,pago extra ayudante (diario),pago extra ayudante (diario),25000.0
2026-07-31 18:00:00,costos fijos,Simulación,Costo fijo mensual simulado,700000.0
2026-07-31 18:00:00,Costos de Marketing,Simulación,Gasto marketing mensual simulado,300000.0
2026-08-01 12:00:00,costo operativo,leña,leña,1500.0
2026-08-01 12:00:00,costo operativo,agua,agua,700.0
2026-08-01 12:00:00,costo operativo,luz,luz,520.0
2026-08-01 12:00:00,costo operativo,gas,gas,10000.0
2026-08-01 12:00:00,ingreso operativo,Reservas (sim),Ingreso simulado por reserva,150000.0
2026-08-01 20:00:00,costo operativo,pago extra ayudante (diario),pago extra ayudante (diario),25000.0
2026-08-02 12:00:00,costo operativo,agua,agua,700.0
2026-08-02 12:00:00,ingreso operativo,Reservas (sim),Ingreso simulado por reserva,150000.0
2026-08-02 12:00:00,costo operativo,luz,luz,520.0
2026-08-02 12:00:00,costo operativo,gas,gas,10000.0
2026-08-02 12:00:00,costo operativo,leña,leña,1500.0
2026-08-02 12:10:00,costo operativo,gas,gas,10000.0
2026-08-02 12:10:00,costo operativo,luz,luz,520.0
2026-08-02 12:10:00,ingreso operativo,Reservas (sim),Ingreso simulado por reserva,150000.0
2026-08-02 12:10:00,costo operativo,leña,leña,1500.0
2026-08-02 12:10:00,costo operativo,agua,agua,700.0
2026-08-02 12:20:00,ingreso operativo,Reservas (sim),Ingreso simulado por reserva,150000.0
2026-08-02 12:20:00,costo operativo,agua,agua,700.0
2026-08-02 12:20:00,costo operativo,luz,luz,520.0
2026-08-02 12:20:00,costo operativo,gas,gas,10000.0
2026-08-02 12:20:00,costo operativo,leña,leña,1500.0
2026-08-02 20:00:00,costo operativo,pago extra ayudante (diario),pago extra ayudante (diario),60000.0
2026-08-03 12:00:00,costo operativo,leña,leña,1500.0
2026-08-03 12:00:00,costo operativo,luz,luz,520.0
2026-08-03 12:00:00,costo operativo,gas,gas,10000.0
2026-08-03 12:00:00,costo operativo,agua,agua,700.0
2026-08-03 12:00:00,ingreso operativo,Reservas (sim),Ingreso simulado por reserva,150000.0
2026-08-03 20:00:00,costo operativo,pago extra ayudante (diario),pago extra ayudante (diario),25000.0
2026-08-06 12:00:00,costo operativo,gas,gas,10000.0
2026-08-06 12:00:00,costo operativo,luz,luz,520.0
2026-08-06 12:00:00,costo operativo,agua,agua,700.0
2026-08-06 12:00:00,costo operativo,leña,leña,1500.0
2026-08-06 12:00:00,ingreso operativo,Reservas (sim),Ingreso simulado por reserva,150000.0
2026-08-06 12:10:00,costo operativo,agua,agua,700.0
2026-08-06 12:10:00,costo operativo,gas,gas,10000.0
2026-08-06 12:10:00,costo operativo,luz,luz,520.0
2026-08-06 12:10:00,costo operativo,leña,leña,1500.0
2026-08-06 12:10:00,ingreso operativo,Reservas (sim),Ingreso simulado por reserva,150000.0
2026-08-06 20:00:00,costo operativo,pago extra ayudante (diario),pago extra ayudante (diario),45000.0
2026-08-07 12:00:00,costo operativo,agua,agua,700.0
2026-08-07 12:00:00,ingreso operativo,Reservas (sim),Ingreso simulado por reserva,150000.0
2026-08-07 12:00:00,costo operativo,gas,gas,10000.0
2026-08-07 12:00:00,costo operativo,luz,luz,520.0
2026-08-07 12:00:00,costo operativo,leña,leña,1500.0
2026-08-07 20:00:00,costo operativo,pago extra ayudante (diario),pago extra ayudante (diario),25000.0
2026-08-08 12:00:00,costo operativo,gas,gas,10000.0
2026-08-08 12:00:00,costo operativo,luz,luz,520.0
2026-08-08 12:00:00,costo operativo,agua,agua,700.0
2026-08-08 12:00:00,costo operativo,leña,leña,1500.0
2026-08-08 12:00:00,ingreso operativo,Reservas (sim),Ingreso simulado por reserva,150000.0
2026-08-08 20:00:00,costo operativo,pago extra ayudante (diario),pago extra ayudante (diario),25000.0
2026-08-09 12:00:00,costo operativo,leña,leña,1500.0
2026-08-09 12:00:00,costo operativo,agua,agua,700.0
2026-08-09 12:00:00,costo operativo,luz,luz,520.0
2026-08-09 12:00:00,costo operativo,gas,gas,10000.0
2026-08-09 12:00:00,ingreso operativo,Reservas (sim),Ingreso simulado por reserva,150000.0
2026-08-09 12:10:00,costo operativo,gas,gas,10000.0
2026-08-09 12:10:00,costo operativo,leña,leña,1500.0
2026-08-09 12:10:00,costo operativo,agua,agua,700.0
2026-08-09 12:10:00,costo operativo,luz,luz,520.0
2026-08-09 12:10:00,ingreso operativo,Reservas (sim),Ingreso simulado por reserva,150000.0
2026-08-09 20:00:00,costo operativo,pago extra ayudante (diario),pago extra ayudante (diario),45000.0
2026-08-12 12:00:00,costo operativo,luz,luz,520.0
2026-08-12 12:00:00,costo operativo,gas,gas,10000.0
2026-08-12 12:00:00,costo operativo,agua,agua,700.0
2026-08-12 12:00:00,ingreso operativo,Reservas (sim),Ingreso simulado por reserva,150000.0
2026-08-12 12:00:00,costo operativo,leña,leña,1500.0
2026-08-12 12:10:00,costo operativo,leña,leña,1500.0
2026-08-12 12:10:00,costo operativo,agua,agua,700.0
2026-08-12 12:10:00,costo operativo,luz,luz,520.0
2026-08-12 12:10:00,costo operativo,gas,gas,10000.0
2026-08-12 12:10:00,ingreso operativo,Reservas (sim),Ingreso simulado por reserva,150000.0
2026-08-12 20:00:00,costo operativo,pago extra ayudante (diario),pago extra ayudante (diario),45000.0
2026-08-13 12:00:00,costo operativo,leña,leña,1500.0
2026-08-13 12:00:00,costo operativo,agua,agua,700.0
2026-08-13 12:00:00,costo operativo,luz,luz,520.0
2026-08-13 12:00:00,costo operativo,gas,gas,10000.0
2026-08-13 12:00:00,ingreso operativo,Reservas (sim),Ingreso simulado por reserva,150000.0
2026-08-13 20:00:00,costo operativo,pago extra ayudante (diario),pago extra ayudante (diario),25000.0
2026-08-15 12:00:00,ingreso operativo,Reservas (sim),Ingreso simulado por reserva,150000.0
2026-08-15 12:00:00,costo operativo,leña,leña,1500.0
2026-08-15 12:00:00,costo operativo,gas,gas,10000.0
2026-08-15 12:00:00,costo operativo,luz,luz,520.0
2026-08-15 12:00:00,costo operativo,agua,agua,700.0
2026-08-15 20:00:00,costo operativo,pago extra ayudante (diario),pago extra ayudante (diario),25000.0
2026-08-22 12:00:00,costo operativo,agua,agua,700.0
2026-08-22 12:00:00,ingreso operativo,Reservas (sim),Ingreso simulado por reserva,150000.0
2026-08-22 12:00:00,costo operativo,gas,gas,10000.0
2026-08-22 12:00:00,costo operativo,luz,luz,520.0
2026-08-22 12:00:00,costo operativo,leña,leña,1500.0
2026-08-22 20:00:00,costo operativo,pago extra ayudante (diario),pago extra ayudante (diario),25000.0
2026-08-26 12:00:00,costo operativo,luz,luz,520.0
2026-08-26 12:00:00,costo operativo,leña,leña,1500.0
2026-08-26 12:00:00,ingreso operativo,Reservas (sim),Ingreso simulado por reserva,150000.0
2026-08-26 12:00:00,costo operativo,gas,gas,10000.0
2026-08-26 12:00:00,costo operativo,agua,agua,700.0
2026-08-26 20:00:00,costo operativo,pago extra ayudante (diario),pago extra ayudante (diario),25000.0
2026-08-29 12:00:00,ingreso operativo,Reservas (sim),Ingreso simulado por reserva,150000.0
2026-08-29 12:00:00,costo operativo,luz,luz,520.0
2026-08-29 12:00:00,costo operativo,agua,agua,700.0
2026-08-29 12:00:00,costo operativo,leña,leña,1500.0
2026-08-29 12:00:00,costo operativo,gas,gas,10000.0
2026-08-29 20:00:00,costo operativo,pago extra ayudante (diario),pago extra ayudante (diario),25000.0
2026-08-30 12:00:00,ingreso operativo,Reservas (sim),Ingreso simulado por reserva,150000.0
2026-08-30 12:00:00,costo operativo,gas,gas,10000.0
2026-08-30 12:00:00,costo operativo,luz,luz,520.0
2026-08-30 12:00:00,costo operativo,agua,agua,700.0
2026-08-30 12:00:00,costo operativo,leña,leña,1500.0
2026-08-30 20:00:00,costo operativo,pago extra ayudante (diario),pago extra ayudante (diario),25000.0
2026-08-31 12:00:00,costo operativo,gas,gas,10000.0
2026-08-31 12:00:00,costo operativo,agua,agua,700.0
2026-08-31 12:00:00,costo operativo,leña,leña,1500.0
2026-08-31 12:00:00,costo operativo,luz,luz,520.0
2026-08-31 12:00:00,ingreso operativo,Reservas (sim),Ingreso simulado por reserva,150000.0
2026-08-31 18:00:00,costos fijos,Simulación,Costo fijo mensual simulado,700000.0
2026-08-31 18:00:00,Costos de Marketing,Simulación,Gasto marketing mensual simulado,300000.0
2026-08-31 20:00:00,costo operativo,pago extra ayudante (diario),pago extra ayudante (diario),25000.0
2026-09-01 12:00:00,costo operativo,gas,gas,10000.0
2026-09-01 12:00:00,costo operativo,luz,luz,520.0
2026-09-01 12:00:00,costo operativo,agua,agua,700.0
2026-09-01 12:00:00,costo operativo,leña,leña,1500.0
2026-09-01 12:00:00,ingreso operativo,Reservas (sim),Ingreso simulado por reserva,150000.0
2026-09-01 20:00:00,costo operativo,pago extra ayudante (diario),pago extra ayudante (diario),25000.0
2026-09-03 12:00:00,costo operativo,leña,leña,1500.0
2026-09-03 12:00:00,costo operativo,agua,agua,700.0
2026-09-03 12:00:00,costo operativo,luz,luz,520.0
2026-09-03 12:00:00,costo operativo,gas,gas,10000.0
2026-09-03 12:00:00,ingreso operativo,Reservas (sim),Ingreso simulado por reserva,150000.0
2026-09-03 20:00:00,costo operativo,pago extra ayudante (diario),pago extra ayudante (diario),25000.0
2026-09-04 12:00:00,ingreso operativo,Reservas (sim),Ingreso simulado por reserva,150000.0
2026-09-04 12:00:00,costo operativo,leña,leña,1500.0
2026-09-04 12:00:00,costo operativo,agua,agua,700.0
2026-09-04 12:00:00,costo operativo,luz,luz,520.0
2026-09-04 12:00:00,costo operativo,gas,gas,10000.0
2026-09-04 12:10:00,ingreso operativo,Reservas (sim),Ingreso simulado por reserva,150000.0
2026-09-04 12:10:00,costo operativo,gas,gas,10000.0
2026-09-04 12:10:00,costo operativo,leña,leña,1500.0
2026-09-04 12:10:00,costo operativo,agua,agua,700.0
2026-09-04 12:10:00,costo operativo,luz,luz,520.0
2026-09-04 20:00:00,costo operativo,pago extra ayudante (diario),pago extra ayudante (diario),45000.0
2026-09-05 12:00:00,costo operativo,leña,leña,1500.0
2026-09-05 12:00:00,costo operativo,agua,agua,700.0
2026-09-05 12:00:00,costo operativo,luz,luz,520.0
2026-09-05 12:00:00,costo operativo,gas,gas,10000.0
2026-09-05 12:00:00,ingreso operativo,Reservas (sim),Ingreso simulado por reserva,150000.0
2026-09-05 12:10:00,ingreso operativo,Reservas (sim),Ingreso simulado por reserva,150000.0
2026-09-05 12:10:00,costo operativo,gas,gas,10000.0
2026-09-05 12:10:00,costo operativo,luz,luz,520.0
2026-09-05 12:10:00,costo operativo,agua,agua,700.0
2026-09-05 12:10:00,costo operativo,leña,leña,1500.0
2026-09-05 12:20:00,costo operativo,leña,leña,1500.0
2026-09-05 12:20:00,costo operativo,agua,agua,700.0
2026-09-05 12:20:00,costo operativo,luz,luz,520.0
2026-09-05 12:20:00,costo operativo,gas,gas,10000.0
2026-09-05 12:20:00,ingreso operativo,Reservas (sim),Ingreso simulado por reserva,150000.0
2026-09-05 20:00:00,costo operativo,pago extra ayudante (diario),pago extra ayudante (diario),60000.0
2026-09-06 12:00:00,ingreso operativo,Reservas (sim),Ingreso simulado por reserva,150000.0
2026-09-06 12:00:00,costo operativo,agua,agua,700.0
2026-09-06 12:00:00,costo operativo,leña,leña,1500.0
2026-09-06 12:00:00,costo operativo,luz,luz,520.0
2026-09-06 12:00:00,costo operativo,gas,gas,10000.0
2026-09-06 12:10:00,ingreso operativo,Reservas (sim),Ingreso simulado por reserva,150000.0
2026-09-06 12:10:00,costo operativo,leña,leña,1500.0
2026-09-06 12:10:00,costo operativo,agua,agua,700.0
2026-09-06 12:10:00,costo operativo,luz,luz,520.0
2026-09-06 12:10:00,costo operativo,gas,gas,10000.0
2026-09-06 12:20:00,ingreso operativo,Reservas (sim),Ingreso simulado por reserva,150000.0
2026-09-06 12:20:00,costo operativo,gas,gas,10000.0
2026-09-06 12:20:00,costo operativo,leña,leña,1500.0
2026-09-06 12:20:00,costo operativo,agua,agua,700.0
2026-09-06 12:20:00,costo operativo,luz,luz,520.0
2026-09-06 12:30:00,costo operativo,agua,agua,700.0
2026-09-06 12:30:00,costo operativo,leña,leña,1500.0
2026-09-06 12:30:00,ingreso operativo,Reservas (sim),Ingreso simulado por reserva,150000.0
2026-09-06 12:30:00,costo operativo,luz,luz,520.0
2026-09-06 12:30:00,costo operativo,gas,gas,10000.0
2026-09-06 20:00:00,costo operativo,pago extra ayudante (diario),pago extra ayudante (diario),70000.0
2026-09-07 12:00:00,costo operativo,agua,agua,700.0
2026-09-07 12:00:00,costo operativo,gas,gas,10000.0
2026-09-07 12:00:00,ingreso operativo,Reservas (sim),Ingreso simulado por reserva,150000.0
2026-09-07 12:00:00,costo operativo,luz,luz,520.0
2026-09-07 12:00:00,costo operativo,leña,leña,1500.0
2026-09-07 20:00:00,costo operativo,pago extra ayudante (diario),pago extra ayudante (diario),25000.0
2026-09-10 12:00:00,costo operativo,leña,leña,1500.0
2026-09-10 12:00:00,costo operativo,agua,agua,700.0
2026-09-10 12:00:00,costo operativo,luz,luz,520.0
2026-09-10 12:00:00,costo operativo,gas,gas,10000.0
2026-09-10 12:00:00,ingreso operativo,Reservas (sim),Ingreso simulado por reserva,150000.0
2026-09-10 12:10:00,ingreso operativo,Reservas (sim),Ingreso simulado por reserva,150000.0
2026-09-10 12:10:00,costo operativo,gas,gas,10000.0
2026-09-10 12:10:00,costo operativo,luz,luz,520.0
2026-09-10 12:10:00,costo operativo,agua,agua,700.0
2026-09-10 12:10:00,costo operativo,leña,leña,1500.0
2026-09-10 20:00:00,costo operativo,pago extra ayudante (diario),pago extra ayudante (diario),45000.0
2026-09-11 12:00:00,costo operativo,agua,agua,700.0
2026-09-11 12:00:00,costo operativo,leña,leña,1500.0
2026-09-11 12:00:00,costo operativo,gas,gas,10000.0
2026-09-11 12:00:00,ingreso operativo,Reservas (sim),Ingreso simulado por reserva,150000.0
2026-09-11 12:00:00,costo operativo,luz,luz,520.0
2026-09-11 20:00:00,costo operativo,pago extra ayudante (diario),pago extra ayudante (diario),25000.0
2026-09-12 12:00:00,costo operativo,luz,luz,520.0
2026-09-12 12:00:00,costo operativo,agua,agua,700.0
2026-09-12 12:00:00,costo operativo,leña,leña,1500.0
2026-09-12 12:00:00,ingreso operativo,Reservas (sim),Ingreso simulado por reserva,150000.0
2026-09-12 12:00:00,costo operativo,gas,gas,10000.0
2026-09-12 20:00:00,costo operativo,pago extra ayudante (diario),pago extra ayudante (diario),25000.0
2026-09-13 12:00:00,costo operativo,agua,agua,700.0
2026-09-13 12:00:00,costo operativo,luz,luz,520.0
2026-09-13 12:00:00,costo operativo,leña,leña,1500.0
2026-09-13 12:00:00,ingreso operativo,Reservas (sim),Ingreso simulado por reserva,150000.0
2026-09-13 12:00:00,costo operativo,gas,gas,10000.0
2026-09-13 12:10:00,ingreso operativo,Reservas (sim),Ingreso simulado por reserva,150000.0
2026-09-13 12:10:00,costo operativo,gas,gas,10000.0
2026-09-13 12:10:00,costo operativo,leña,leña,1500.0
2026-09-13 12:10:00,costo operativo,agua,agua,700.0
2026-09-13 12:10:00,costo operativo,luz,luz,520.0
2026-09-13 12:20:00,ingreso operativo,Reservas (sim),Ingreso simulado por reserva,150000.0
2026-09-13 12:20:00,costo operativo,leña,leña,1500.0
2026-09-13 12:20:00,costo operativo,agua,agua,700.0
2026-09-13 12:20:00,costo operativo,luz,luz,520.0
2026-09-13 12:20:00,costo operativo,gas,gas,10000.0
2026-09-13 12:30:00,costo operativo,leña,leña,1500.0
2026-09-13 12:30:00,ingreso operativo,Reservas (sim),Ingreso simulado por reserva,150000.0
2026-09-13 12:30:00,costo operativo,agua,agua,700.0
2026-09-13 12:30:00,costo operativo,luz,luz,520.0
2026-09-13 12:30:00,costo operativo,gas,gas,10000.0
2026-09-13 20:00:00,costo operativo,pago extra ayudante (diario),pago extra ayudante (diario),70000.0
2026-09-19 12:00:00,costo operativo,leña,leña,1500.0
2026-09-19 12:00:00,costo operativo,agua,agua,700.0
2026-09-19 12:00:00,costo operativo,luz,luz,520.0
2026-09-19 12:00:00,costo operativo,gas,gas,10000.0
2026-09-19 12:00:00,ingreso operativo,Reservas (sim),Ingreso simulado por reserva,150000.0
2026-09-19 20:00:00,costo operativo,pago extra ayudante (diario),pago extra ayudante (diario),25000.0
2026-09-24 12:00:00,ingreso operativo,Reservas (sim),Ingreso simulado por reserva,150000.0
2026-09-24 12:00:00,costo operativo,agua,agua,700.0
2026-09-24 12:00:00,costo operativo,leña,leña,1500.0
2026-09-24 12:00:00,costo operativo,gas,gas,10000.0
2026-09-24 12:00:00,costo operativo,luz,luz,520.0
2026-09-24 20:00:00,costo operativo,pago extra ayudante (diario),pago extra ayudante (diario),25000.0
2026-09-26 12:00:00,costo operativo,gas,gas,10000.0
2026-09-26 12:00:00,costo operativo,luz,luz,520.0
2026-09-26 12:00:00,costo operativo,agua,agua,700.0
2026-09-26 12:00:00,costo operativo,leña,leña,1500.0
2026-09-26 12:00:00,ingreso operativo,Reservas (sim),Ingreso simulado por reserva,150000.0
2026-09-26 20:00:00,costo operativo,pago extra ayudante (diario),pago extra ayudante (diario),25000.0
2026-09-29 12:00:00,ingreso operativo,Reservas (sim),Ingreso simulado por reserva,150000.0
2026-09-29 12:00:00,costo operativo,luz,luz,520.0
2026-09-29 12:00:00,costo operativo,gas,gas,10000.0
2026-09-29 12:00:00,costo operativo,leña,leña,1500.0
2026-09-29 12:00:00,costo operativo,agua,agua,700.0
2026-09-29 20:00:00,costo operativo,pago extra ayudante (diario),pago extra ayudante (diario),25000.0
2026-09-30 12:00:00,ingreso operativo,Reservas (sim),Ingreso simulado por reserva,150000.0
2026-09-30 12:00:00,costo operativo,leña,leña,1500.0
2026-09-30 12:00:00,costo operativo,agua,agua,700.0
2026-09-30 12:00:00,costo operativo,luz,luz,520.0
2026-09-30 12:00:00,costo operativo,gas,gas,10000.0
2026-09-30 18:00:00,costos fijos,Simulación,Costo fijo mensual simulado,700000.0
2026-09-30 18:00:00,Costos de Marketing,Simulación,Gasto marketing mensual simulado,300000.0
2026-09-30 20:00:00,costo operativo,pago extra ayudante (diario),pago extra ayudante (diario),25000.0
2026-10-01 12:00:00,costo operativo,luz,luz,520.0
2026-10-01 12:00:00,ingreso operativo,Reservas (sim),Ingreso simulado por reserva,150000.0
2026-10-01 12:00:00,costo operativo,agua,agua,700.0
2026-10-01 12:00:00,costo operativo,leña,leña,1500.0
2026-10-01 12:00:00,costo operativo,gas,gas,10000.0
2026-10-01 20:00:00,costo operativo,pago extra ayudante (diario),pago extra ayudante (diario),25000.0
2026-10-03 12:00:00,costo operativo,leña,leña,1500.0
2026-10-03 12:00:00,costo operativo,agua,agua,700.0
2026-10-03 12:00:00,costo operativo,luz,luz,520.0
2026-10-03 12:00:00,costo operativo,gas,gas,10000.0
2026-10-03 12:00:00,ingreso operativo,Reservas (sim),Ingreso simulado por reserva,150000.0
2026-10-03 12:10:00,ingreso operativo,Reservas (sim),Ingreso simulado por reserva,150000.0
2026-10-03 12:10:00,costo operativo,leña,leña,1500.0
2026-10-03 12:10:00,costo operativo,agua,agua,700.0
2026-10-03 12:10:00,costo operativo,gas,gas,10000.0
2026-10-03 12:10:00,costo operativo,luz,luz,520.0
2026-10-03 20:00:00,costo operativo,pago extra ayudante (diario),pago extra ayudante (diario),45000.0
2026-10-04 12:00:00,costo operativo,agua,agua,700.0
2026-10-04 12:00:00,costo operativo,leña,leña,1500.0
2026-10-04 12:00:00,ingreso operativo,Reservas (sim),Ingreso simulado por reserva,150000.0
2026-10-04 12:00:00,costo operativo,gas,gas,10000.0
2026-10-04 12:00:00,costo operativo,luz,luz,520.0
2026-10-04 12:10:00,ingreso operativo,Reservas (sim),Ingreso simulado por reserva,150000.0
2026-10-04 12:10:00,costo operativo,leña,leña,1500.0
2026-10-04 12:10:00,costo operativo,agua,agua,700.0
2026-10-04 12:10:00,costo operativo,luz,luz,520.0
2026-10-04 12:10:00,costo operativo,gas,gas,10000.0
2026-10-04 12:20:00,costo operativo,leña,leña,1500.0
2026-10-04 12:20:00,costo operativo,agua,agua,700.0
2026-10-04 12:20:00,costo operativo,luz,luz,520.0
2026-10-04 12:20:00,costo operativo,gas,gas,10000.0
2026-10-04 12:20:00,ingreso operativo,Reservas (sim),Ingreso simulado por reserva,150000.0
2026-10-04 20:00:00,costo operativo,pago extra ayudante (diario),pago extra ayudante (diario),60000.0
2026-10-06 12:00:00,costo operativo,gas,gas,10000.0
2026-10-06 12:00:00,costo operativo,leña,leña,1500.0
2026-10-06 12:00:00,ingreso operativo,Reservas (sim),Ingreso simulado por reserva,150000.0
2026-10-06 12:00:00,costo operativo,agua,agua,700.0
2026-10-06 12:00:00,costo operativo,luz,luz,520.0
2026-10-06 12:10:00,costo operativo,luz,luz,520.0
2026-10-06 12:10:00,ingreso operativo,Reservas (sim),Ingreso simulado por reserva,150000.0
2026-10-06 12:10:00,costo operativo,leña,leña,1500.0
2026-10-06 12:10:00,costo operativo,agua,agua,700.0
2026-10-06 12:10:00,costo operativo,gas,gas,10000.0
2026-10-06 20:00:00,costo operativo,pago extra ayudante (diario),pago extra ayudante (diario),45000.0
2026-10-07 12:00:00,ingreso operativo,Reservas (sim),Ingreso simulado por reserva,150000.0
2026-10-07 12:00:00,costo operativo,gas,gas,10000.0
2026-10-07 12:00:00,costo operativo,luz,luz,520.0
2026-10-07 12:00:00,costo operativo,agua,agua,700.0
2026-10-07 12:00:00,costo operativo,leña,leña,1500.0
2026-10-07 20:00:00,costo operativo,pago extra ayudante (diario),pago extra ayudante (diario),25000.0
2026-10-10 12:00:00,costo operativo,gas,gas,10000.0
2026-10-10 12:00:00,costo operativo,agua,agua,700.0
2026-10-10 12:00:00,costo operativo,leña,leña,1500.0
2026-10-10 12:00:00,costo operativo,luz,luz,520.0
2026-10-10 12:00:00,ingreso operativo,Reservas (sim),Ingreso simulado por reserva,150000.0
2026-10-10 20:00:00,costo operativo,pago extra ayudante (diario),pago extra ayudante (diario),25000.0
2026-10-11 12:00:00,ingreso operativo,Reservas (sim),Ingreso simulado por reserva,150000.0
2026-10-11 12:00:00,costo operativo,gas,gas,10000.0
2026-10-11 12:00:00,costo operativo,leña,leña,1500.0
2026-10-11 12:00:00,costo operativo,agua,agua,700.0
2026-10-11 12:00:00,costo operativo,luz,luz,520.0
2026-10-11 12:10:00,ingreso operativo,Reservas (sim),Ingreso simulado por reserva,150000.0
2026-10-11 12:10:00,costo operativo,gas,gas,10000.0
2026-10-11 12:10:00,costo operativo,luz,luz,520.0
2026-10-11 12:10:00,costo operativo,agua,agua,700.0
2026-10-11 12:10:00,costo operativo,leña,leña,1500.0
2026-10-11 20:00:00,costo operativo,pago extra ayudante (diario),pago extra ayudante (diario),45000.0
2026-10-12 12:00:00,costo operativo,luz,luz,520.0
2026-10-12 12:00:00,costo operativo,agua,agua,700.0
2026-10-12 12:00:00,costo operativo,leña,leña,1500.0
2026-10-12 12:00:00,costo operativo,gas,gas,10000.0
2026-10-12 12:00:00,ingreso operativo,Reservas (sim),Ingreso simulado por reserva,150000.0
2026-10-12 12:10:00,ingreso operativo,Reservas (sim),Ingreso simulado por reserva,150000.0
2026-10-12 12:10:00,costo operativo,leña,leña,1500.0
2026-10-12 12:10:00,costo operativo,agua,agua,700.0
2026-10-12 12:10:00,costo operativo,luz,luz,520.0
2026-10-12 12:10:00,costo operativo,gas,gas,10000.0
2026-10-12 20:00:00,costo operativo,pago extra ayudante (diario),pago extra ayudante (diario),45000.0
2026-10-13 12:00:00,costo operativo,gas,gas,10000.0
2026-10-13 12:00:00,costo operativo,luz,luz,520.0
2026-10-13 12:00:00,costo operativo,agua,agua,700.0
2026-10-13 12:00:00,costo operativo,leña,leña,1500.0
2026-10-13 12:00:00,ingreso operativo,Reservas (sim),Ingreso simulado por reserva,150000.0
2026-10-13 20:00:00,costo operativo,pago extra ayudante (diario),pago extra ayudante (diario),25000.0
2026-10-17 12:00:00,costo operativo,leña,leña,1500.0
2026-10-17 12:00:00,costo operativo,agua,agua,700.0
2026-10-17 12:00:00,costo operativo,luz,luz,520.0
2026-10-17 12:00:00,costo operativo,gas,gas,10000.0
2026-10-17 12:00:00,ingreso operativo,Reservas (sim),Ingreso simulado por reserva,150000.0
2026-10-17 20:00:00,costo operativo,pago extra ayudante (diario),pago extra ayudante (diario),25000.0
2026-10-24 12:00:00,ingreso operativo,Reservas (sim),Ingreso simulado por reserva,150000.0
2026-10-24 12:00:00,costo operativo,gas,gas,10000.0
2026-10-24 12:00:00,costo operativo,luz,luz,520.0
2026-10-24 12:00:00,costo operativo,leña,leña,1500.0
2026-10-24 12:00:00,costo operativo,agua,agua,700.0
2026-10-24 20:00:00,costo operativo,pago extra ayudante (diario),pago extra ayudante (diario),25000.0
2026-10-29 12:00:00,costo operativo,leña,leña,1500.0
2026-10-29 12:00:00,costo operativo,agua,agua,700.0
2026-10-29 12:00:00,costo operativo,luz,luz,520.0
2026-10-29 12:00:00,costo operativo,gas,gas,10000.0
2026-10-29 12:00:00,ingreso operativo,Reservas (sim),Ingreso simulado por reserva,150000.0
2026-10-29 20:00:00,costo operativo,pago extra ayudante (diario),pago extra ayudante (diario),25000.0
2026-10-30 12:00:00,costo operativo,luz,luz,520.0
2026-10-30 12:00:00,costo operativo,gas,gas,10000.0
2026-10-30 12:00:00,costo operativo,agua,agua,700.0
2026-10-30 12:00:00,ingreso operativo,Reservas (sim),Ingreso simulado por reserva,150000.0
2026-10-30 12:00:00,costo operativo,leña,leña,1500.0
2026-10-30 20:00:00,costo operativo,pago extra ayudante (diario),pago extra ayudante (diario),25000.0
2026-10-31 12:00:00,costo operativo,agua,agua,700.0
2026-10-31 12:00:00,costo operativo,gas,gas,10000.0
2026-10-31 12:00:00,costo operativo,leña,leña,1500.0
2026-10-31 12:00:00,ingreso operativo,Reservas (sim),Ingreso simulado por reserva,150000.0
2026-10-31 12:00:00,costo operativo,luz,luz,520.0
2026-10-31 18:00:00,Costos de Marketing,Simulación,Gasto marketing mensual simulado,300000.0
2026-10-31 18:00:00,costos fijos,Simulación,Costo fijo mensual simulado,700000.0
2026-10-31 20:00:00,costo operativo,pago extra ayudante (diario),pago extra ayudante (diario),25000.0
2026-11-01 12:00:00,ingreso operativo,Reservas (sim),Ingreso simulado por reserva,150000.0
2026-11-01 12:00:00,costo operativo,leña,leña,1500.0
2026-11-01 12:00:00,costo operativo,gas,gas,10000.0
2026-11-01 12:00:00,costo operativo,luz,luz,520.0
2026-11-01 12:00:00,costo operativo,agua,agua,700.0
2026-11-01 12:10:00,costo operativo,agua,agua,700.0
2026-11-01 12:10:00,ingreso operativo,Reservas (sim),Ingreso simulado por reserva,150000.0
2026-11-01 12:10:00,costo operativo,leña,leña,1500.0
2026-11-01 12:10:00,costo operativo,gas,gas,10000.0
2026-11-01 12:10:00,costo operativo,luz,luz,520.0
2026-11-01 12:20:00,costo operativo,leña,leña,1500.0
2026-11-01 12:20:00,costo operativo,agua,agua,700.0
2026-11-01 12:20:00,costo operativo,luz,luz,520.0
2026-11-01 12:20:00,costo operativo,gas,gas,10000.0
2026-11-01 12:20:00,ingreso operativo,Reservas (sim),Ingreso simulado por reserva,150000.0
2026-11-01 12:30:00,ingreso operativo,Reservas (sim),Ingreso simulado por reserva,150000.0
2026-11-01 12:30:00,costo operativo,gas,gas,10000.0
2026-11-01 12:30:00,costo operativo,luz,luz,520.0
2026-11-01 12:30:00,costo operativo,agua,agua,700.0
2026-11-01 12:30:00,costo operativo,leña,leña,1500.0
2026-11-01 20:00:00,costo operativo,pago extra ayudante (diario),pago extra ayudante (diario),70000.0
2026-11-02 12:00:00,costo operativo,gas,gas,10000.0
2026-11-02 12:00:00,costo operativo,luz,luz,520.0
2026-11-02 12:00:00,costo operativo,agua,agua,700.0
2026-11-02 12:00:00,costo operativo,leña,leña,1500.0
2026-11-02 12:00:00,ingreso operativo,Reservas (sim),Ingreso simulado por reserva,150000.0
2026-11-02 20:00:00,costo operativo,pago extra ayudante (diario),pago extra ayudante (diario),25000.0
2026-11-03 12:00:00,costo operativo,agua,agua,700.0
2026-11-03 12:00:00,ingreso operativo,Reservas (sim),Ingreso simulado por reserva,150000.0
2026-11-03 12:00:00,costo operativo,gas,gas,10000.0
2026-11-03 12:00:00,costo operativo,luz,luz,520.0
2026-11-03 12:00:00,costo operativo,leña,leña,1500.0
2026-11-03 20:00:00,costo operativo,pago extra ayudante (diario),pago extra ayudante (diario),25000.0
2026-11-04 12:00:00,costo operativo,luz,luz,520.0
2026-11-04 12:00:00,ingreso operativo,Reservas (sim),Ingreso simulado por reserva,150000.0
2026-11-04 12:00:00,costo operativo,leña,leña,1500.0
2026-11-04 12:00:00,costo operativo,gas,gas,10000.0
2026-11-04 12:00:00,costo operativo,agua,agua,700.0
2026-11-04 20:00:00,costo operativo,pago extra ayudante (diario),pago extra ayudante (diario),25000.0
2026-11-05 12:00:00,costo operativo,luz,luz,520.0
2026-11-05 12:00:00,costo operativo,agua,agua,700.0
2026-11-05 12:00:00,ingreso operativo,Reservas (sim),Ingreso simulado por reserva,150000.0
2026-11-05 12:00:00,costo operativo,leña,leña,1500.0
2026-11-05 12:00:00,costo operativo,gas,gas,10000.0
2026-11-05 12:10:00,costo operativo,agua,agua,700.0
2026-11-05 12:10:00,costo operativo,luz,luz,520.0
2026-11-05 12:10:00,costo operativo,gas,gas,10000.0
2026-11-05 12:10:00,ingreso operativo,Reservas (sim),Ingreso simulado por reserva,150000.0
2026-11-05 12:10:00,costo operativo,leña,leña,1500.0
2026-11-05 20:00:00,costo operativo,pago extra ayudante (diario),pago extra ayudante (diario),45000.0
2026-11-06 12:00:00,costo operativo,leña,leña,1500.0
2026-11-06 12:00:00,costo operativo,agua,agua,700.0
2026-11-06 12:00:00,costo operativo,gas,gas,10000.0
2026-11-06 12:00:00,ingreso operativo,Reservas (sim),Ingreso simulado por reserva,150000.0
2026-11-06 12:00:00,costo operativo,luz,luz,520.0
2026-11-06 20:00:00,costo operativo,pago extra ayudante (diario),pago extra ayudante (diario),25000.0
2026-11-07 12:00:00,ingreso operativo,Reservas (sim),Ingreso simulado por reserva,150000.0
2026-11-07 12:00:00,costo operativo,agua,agua,700.0
2026-11-07 12:00:00,costo operativo,gas,gas,10000.0
2026-11-07 12:00:00,costo operativo,luz,luz,520.0
2026-11-07 12:00:00,costo operativo,leña,leña,1500.0
2026-11-07 12:10:00,costo operativo,luz,luz,520.0
2026-11-07 12:10:00,costo operativo,leña,leña,1500.0
2026-11-07 12:10:00,ingreso operativo,Reservas (sim),Ingreso simulado por reserva,150000.0
2026-11-07 12:10:00,costo operativo,gas,gas,10000.0
2026-11-07 12:10:00,costo operativo,agua,agua,700.0
2026-11-07 12:20:00,ingreso operativo,Reservas (sim),Ingreso simulado por reserva,150000.0
2026-11-07 12:20:00,costo operativo,leña,leña,1500.0
2026-11-07 12:20:00,costo operativo,agua,agua,700.0
2026-11-07 12:20:00,costo operativo,luz,luz,520.0
2026-11-07 12:20:00,costo operativo,gas,gas,10000.0
2026-11-07 12:30:00,costo operativo,gas,gas,10000.0
2026-11-07 12:30:00,costo operativo,leña,leña,1500.0
2026-11-07 12:30:00,costo operativo,agua,agua,700.0
2026-11-07 12:30:00,ingreso operativo,Reservas (sim),Ingreso simulado por reserva,150000.0
2026-11-07 12:30:00,costo operativo,luz,luz,520.0
2026-11-07 20:00:00,costo operativo,pago extra ayudante (diario),pago extra ayudante (diario),70000.0
2026-11-08 12:00:00,ingreso operativo,Reservas (sim),Ingreso simulado por reserva,150000.0
2026-11-08 12:00:00,costo operativo,gas,gas,10000.0
2026-11-08 12:00:00,costo operativo,luz,luz,520.0
2026-11-08 12:00:00,costo operativo,leña,leña,1500.0
2026-11-08 12:00:00,costo operativo,agua,agua,700.0
2026-11-08 20:00:00,costo operativo,pago extra ayudante (diario),pago extra ayudante (diario),25000.0
2026-11-11 12:00:00,ingreso operativo,Reservas (sim),Ingreso simulado por reserva,150000.0
2026-11-11 12:00:00,costo operativo,leña,leña,1500.0
2026-11-11 12:00:00,costo operativo,agua,agua,700.0
2026-11-11 12:00:00,costo operativo,luz,luz,520.0
2026-11-11 12:00:00,costo operativo,gas,gas,10000.0
2026-11-11 12:10:00,costo operativo,leña,leña,1500.0
2026-11-11 12:10:00,ingreso operativo,Reservas (sim),Ingreso simulado por reserva,150000.0
2026-11-11 12:10:00,costo operativo,gas,gas,10000.0
2026-11-11 12:10:00,costo operativo,luz,luz,520.0
2026-11-11 12:10:00,costo operativo,agua,agua,700.0
2026-11-11 20:00:00,costo operativo,pago extra ayudante (diario),pago extra ayudante (diario),45000.0
2026-11-12 12:00:00,ingreso operativo,Reservas (sim),Ingreso simulado por reserva,150000.0
2026-11-12 12:00:00,costo operativo,gas,gas,10000.0
2026-11-12 12:00:00,costo operativo,luz,luz,520.0
2026-11-12 12:00:00,costo operativo,agua,agua,700.0
2026-11-12 12:00:00,costo operativo,leña,leña,1500.0
2026-11-12 20:00:00,costo operativo,pago extra ayudante (diario),pago extra ayudante (diario),25000.0
2026-11-14 12:00:00,costo operativo,luz,luz,520.0
2026-11-14 12:00:00,ingreso operativo,Reservas (sim),Ingreso simulado por reserva,150000.0
2026-11-14 12:00:00,costo operativo,agua,agua,700.0
2026-11-14 12:00:00,costo operativo,gas,gas,10000.0
2026-11-14 12:00:00,costo operativo,leña,leña,1500.0
2026-11-14 12:10:00,ingreso operativo,Reservas (sim),Ingreso simulado por reserva,150000.0
2026-11-14 12:10:00,costo operativo,leña,leña,1500.0
2026-11-14 12:10:00,costo operativo,agua,agua,700.0
2026-11-14 12:10:00,costo operativo,luz,luz,520.0
2026-11-14 12:10:00,costo operativo,gas,gas,10000.0
2026-11-14 12:20:00,costo operativo,leña,leña,1500.0
2026-11-14 12:20:00,costo operativo,agua,agua,700.0
2026-11-14 12:20:00,costo operativo,luz,luz,520.0
2026-11-14 12:20:00,ingreso operativo,Reservas (sim),Ingreso simulado por reserva,150000.0
2026-11-14 12:20:00,costo operativo,gas,gas,10000.0
2026-11-14 12:30:00,ingreso operativo,Reservas (sim),Ingreso simulado por reserva,150000.0
2026-11-14 12:30:00,costo operativo,agua,agua,700.0
2026-11-14 12:30:00,costo operativo,luz,luz,520.0
2026-11-14 12:30:00,costo operativo,gas,gas,10000.0
2026-11-14 12:30:00,costo operativo,leña,leña,1500.0
2026-11-14 20:00:00,costo operativo,pago extra ayudante (diario),pago extra ayudante (diario),70000.0
2026-11-15 12:00:00,ingreso operativo,Reservas (sim),Ingreso simulado por reserva,150000.0
2026-11-15 12:00:00,costo operativo,leña,leña,1500.0
2026-11-15 12:00:00,costo operativo,agua,agua,700.0
2026-11-15 12:00:00,costo operativo,luz,luz,520.0
2026-11-15 12:00:00,costo operativo,gas,gas,10000.0
2026-11-15 20:00:00,costo operativo,pago extra ayudante (diario),pago extra ayudante (diario),25000.0
2026-11-19 12:00:00,costo operativo,gas,gas,10000.0
2026-11-19 12:00:00,ingreso operativo,Reservas (sim),Ingreso simulado por reserva,150000.0
2026-11-19 12:00:00,costo operativo,leña,leña,1500.0
2026-11-19 12:00:00,costo operativo,agua,agua,700.0
2026-11-19 12:00:00,costo operativo,luz,luz,520.0
2026-11-19 20:00:00,costo operativo,pago extra ayudante (diario),pago extra ayudante (diario),25000.0
2026-11-22 12:00:00,costo operativo,leña,leña,1500.0
2026-11-22 12:00:00,costo operativo,agua,agua,700.0
2026-11-22 12:00:00,costo operativo,luz,luz,520.0
2026-11-22 12:00:00,costo operativo,gas,gas,10000.0
2026-11-22 12:00:00,ingreso operativo,Reservas (sim),Ingreso simulado por reserva,150000.0
2026-11-22 20:00:00,costo operativo,pago extra ayudante (diario),pago extra ayudante (diario),25000.0
2026-11-25 12:00:00,costo operativo,leña,leña,1500.0
2026-11-25 12:00:00,costo operativo,agua,agua,700.0
2026-11-25 12:00:00,costo operativo,luz,luz,520.0
2026-11-25 12:00:00,costo operativo,gas,gas,10000.0
2026-11-25 12:00:00,ingreso operativo,Reservas (sim),Ingreso simulado por reserva,150000.0
2026-11-25 20:00:00,costo operativo,pago extra ayudante (diario),pago extra ayudante (diario),25000.0
2026-11-26 12:00:00,costo operativo,gas,gas,10000.0
2026-11-26 12:00:00,costo operativo,luz,luz,520.0
2026-11-26 12:00:00,costo operativo,agua,agua,700.0
2026-11-26 12:00:00,costo operativo,leña,leña,1500.0
2026-11-26 12:00:00,ingreso operativo,Reservas (sim),Ingreso simulado por reserva,150000.0
2026-11-26 20:00:00,costo operativo,pago extra ayudante (diario),pago extra ayudante (diario),25000.0
2026-11-29 12:00:00,costo operativo,leña,leña,1500.0
2026-11-29 12:00:00,costo operativo,gas,gas,10000.0
2026-11-29 12:00:00,costo operativo,agua,agua,700.0
2026-11-29 12:00:00,costo operativo,luz,luz,520.0
2026-11-29 12:00:00,ingreso operativo,Reservas (sim),Ingreso simulado por reserva,150000.0
2026-11-29 12:10:00,costo operativo,leña,leña,1500.0
2026-11-29 12:10:00,costo operativo,luz,luz,520.0
2026-11-29 12:10:00,costo operativo,gas,gas,10000.0
2026-11-29 12:10:00,costo operativo,agua,agua,700.0
2026-11-29 12:10:00,ingreso operativo,Reservas (sim),Ingreso simulado por reserva,150000.0
2026-11-29 20:00:00,costo operativo,pago extra ayudante (diario),pago extra ayudante (diario),45000.0
2026-11-30 12:00:00,ingreso operativo,Reservas (sim),Ingreso simulado por reserva,150000.0
2026-11-30 12:00:00,costo operativo,gas,gas,10000.0
2026-11-30 12:00:00,costo operativo,agua,agua,700.0
2026-11-30 12:00:00,costo operativo,luz,luz,520.0
2026-11-30 12:00:00,costo operativo,leña,leña,1500.0
2026-11-30 18:00:00,costos fijos,Simulación,Costo fijo mensual simulado,700000.0
2026-11-30 18:00:00,Costos de Marketing,Simulación,Gasto marketing mensual simulado,300000.0
2026-11-30 20:00:00,costo operativo,pago extra ayudante (diario),pago extra ayudante (diario),25000.0
2026-12-01 12:00:00,costo operativo,leña,leña,1500.0
2026-12-01 12:00:00,ingreso operativo,Reservas (sim),Ingreso simulado por reserva,150000.0
2026-12-01 12:00:00,costo operativo,agua,agua,700.0
2026-12-01 12:00:00,costo operativo,luz,luz,520.0
2026-12-01 12:00:00,costo operativo,gas,gas,10000.0
2026-12-01 12:10:00,costo operativo,agua,agua,700.0
2026-12-01 12:10:00,costo operativo,leña,leña,1500.0
2026-12-01 12:10:00,costo operativo,gas,gas,10000.0
2026-12-01 12:10:00,ingreso operativo,Reservas (sim),Ingreso simulado por reserva,150000.0
2026-12-01 12:10:00,costo operativo,luz,luz,520.0
2026-12-01 20:00:00,costo operativo,pago extra ayudante (diario),pago extra ayudante (diario),45000.0
2026-12-02 12:00:00,costo operativo,leña,leña,1500.0
2026-12-02 12:00:00,costo operativo,agua,agua,700.0
2026-12-02 12:00:00,ingreso operativo,Reservas (sim),Ingreso simulado por reserva,150000.0
2026-12-02 12:00:00,costo operativo,luz,luz,520.0
2026-12-02 12:00:00,costo operativo,gas,gas,10000.0
2026-12-02 20:00:00,costo operativo,pago extra ayudante (diario),pago extra ayudante (diario),25000.0
2026-12-03 12:00:00,ingreso operativo,Reservas (sim),Ingreso simulado por reserva,150000.0
2026-12-03 12:00:00,costo operativo,leña,leña,1500.0
2026-12-03 12:00:00,costo operativo,luz,luz,520.0
2026-12-03 12:00:00,costo operativo,gas,gas,10000.0
2026-12-03 12:00:00,costo operativo,agua,agua,700.0
2026-12-03 20:00:00,costo operativo,pago extra ayudante (diario),pago extra ayudante (diario),25000.0
2026-12-04 12:00:00,costo operativo,gas,gas,10000.0
2026-12-04 12:00:00,ingreso operativo,Reservas (sim),Ingreso simulado por reserva,150000.0
2026-12-04 12:00:00,costo operativo,leña,leña,1500.0
2026-12-04 12:00:00,costo operativo,luz,luz,520.0
2026-12-04 12:00:00,costo operativo,agua,agua,700.0
2026-12-04 12:10:00,ingreso operativo,Reservas (sim),Ingreso simulado por reserva,150000.0
2026-12-04 12:10:00,costo operativo,leña,leña,1500.0
2026-12-04 12:10:00,costo operativo,agua,agua,700.0
2026-12-04 12:10:00,costo operativo,gas,gas,10000.0
2026-12-04 12:10:00,costo operativo,luz,luz,520.0
2026-12-04 20:00:00,costo operativo,pago extra ayudante (diario),pago extra ayudante (diario),45000.0
2026-12-05 12:00:00,costo operativo,agua,agua,700.0
2026-12-05 12:00:00,costo operativo,luz,luz,520.0
2026-12-05 12:00:00,costo operativo,gas,gas,10000.0
2026-12-05 12:00:00,ingreso operativo,Reservas (sim),Ingreso simulado por reserva,150000.0
2026-12-05 12:00:00,costo operativo,leña,leña,1500.0
2026-12-05 12:10:00,ingreso operativo,Reservas (sim),Ingreso simulado por reserva,150000.0
2026-12-05 12:10:00,costo operativo,agua,agua,700.0
2026-12-05 12:10:00,costo operativo,gas,gas,10000.0
2026-12-05 12:10:00,costo operativo,luz,luz,520.0
2026-12-05 12:10:00,costo operativo,leña,leña,1500.0
2026-12-05 12:20:00,costo operativo,luz,luz,520.0
2026-12-05 12:20:00,costo operativo,gas,gas,10000.0
2026-12-05 12:20:00,ingreso operativo,Reservas (sim),Ingreso simulado por reserva,150000.0
2026-12-05 12:20:00,costo operativo,leña,leña,1500.0
2026-12-05 12:20:00,costo operativo,agua,agua,700.0
2026-12-05 12:30:00,costo operativo,leña,leña,1500.0
2026-12-05 12:30:00,costo operativo,agua,agua,700.0
2026-12-05 12:30:00,costo operativo,luz,luz,520.0
2026-12-05 12:30:00,costo operativo,gas,gas,10000.0
2026-12-05 12:30:00,ingreso operativo,Reservas (sim),Ingreso simulado por reserva,150000.0
2026-12-05 20:00:00,costo operativo,pago extra ayudante (diario),pago extra ayudante (diario),70000.0
2026-12-06 12:00:00,ingreso operativo,Reservas (sim),Ingreso simulado por reserva,150000.0
2026-12-06 12:00:00,costo operativo,leña,leña,1500.0
2026-12-06 12:00:00,costo operativo,agua,agua,700.0
2026-12-06 12:00:00,costo operativo,luz,luz,520.0
2026-12-06 12:00:00,costo operativo,gas,gas,10000.0
2026-12-06 12:10:00,ingreso operativo,Reservas (sim),Ingreso simulado por reserva,150000.0
2026-12-06 12:10:00,costo operativo,leña,leña,1500.0
2026-12-06 12:10:00,costo operativo,agua,agua,700.0
2026-12-06 12:10:00,costo operativo,luz,luz,520.0
2026-12-06 12:10:00,costo operativo,gas,gas,10000.0
2026-12-06 12:20:00,costo operativo,leña,leña,1500.0
2026-12-06 12:20:00,costo operativo,luz,luz,520.0
2026-12-06 12:20:00,costo operativo,gas,gas,10000.0
2026-12-06 12:20:00,ingreso operativo,Reservas (sim),Ingreso simulado por reserva,150000.0
2026-12-06 12:20:00,costo operativo,agua,agua,700.0
2026-12-06 12:30:00,costo operativo,leña,leña,1500.0
2026-12-06 12:30:00,costo operativo,agua,agua,700.0
2026-12-06 12:30:00,costo operativo,luz,luz,520.0
2026-12-06 12:30:00,costo operativo,gas,gas,10000.0
2026-12-06 12:30:00,ingreso operativo,Reservas (sim),Ingreso simulado por reserva,150000.0
2026-12-06 20:00:00,costo operativo,pago extra ayudante (diario),pago extra ayudante (diario),70000.0
2026-12-07 12:00:00,costo operativo,luz,luz,520.0
2026-12-07 12:00:00,costo operativo,leña,leña,1500.0
2026-12-07 12:00:00,costo operativo,agua,agua,700.0
2026-12-07 12:00:00,ingreso operativo,Reservas (sim),Ingreso simulado por reserva,150000.0
2026-12-07 12:00:00,costo operativo,gas,gas,10000.0
2026-12-07 20:00:00,costo operativo,pago extra ayudante (diario),pago extra ayudante (diario),25000.0
2026-12-10 12:00:00,costo operativo,luz,luz,520.0
2026-12-10 12:00:00,ingreso operativo,Reservas (sim),Ingreso simulado por reserva,150000.0
2026-12-10 12:00:00,costo operativo,gas,gas,10000.0
2026-12-10 12:00:00,costo operativo,agua,agua,700.0
2026-12-10 12:00:00,costo operativo,leña,leña,1500.0
2026-12-10 12:10:00,costo operativo,luz,luz,520.0
2026-12-10 12:10:00,costo operativo,gas,gas,10000.0
2026-12-10 12:10:00,costo operativo,agua,agua,700.0
2026-12-10 12:10:00,costo operativo,leña,leña,1500.0
2026-12-10 12:10:00,ingreso operativo,Reservas (sim),Ingreso simulado por reserva,150000.0
2026-12-10 20:00:00,costo operativo,pago extra ayudante (diario),pago extra ayudante (diario),45000.0
2026-12-11 12:00:00,ingreso operativo,Reservas (sim),Ingreso simulado por reserva,150000.0
2026-12-11 12:00:00,costo operativo,gas,gas,10000.0
2026-12-11 12:00:00,costo operativo,luz,luz,520.0
2026-12-11 12:00:00,costo operativo,agua,agua,700.0
2026-12-11 12:00:00,costo operativo,leña,leña,1500.0
2026-12-11 20:00:00,costo operativo,pago extra ayudante (diario),pago extra ayudante (diario),25000.0
2026-12-12 12:00:00,costo operativo,leña,leña,1500.0
2026-12-12 12:00:00,costo operativo,gas,gas,10000.0
2026-12-12 12:00:00,costo operativo,luz,luz,520.0
2026-12-12 12:00:00,ingreso operativo,Reservas (sim),Ingreso simulado por reserva,150000.0
2026-12-12 12:00:00,costo operativo,agua,agua,700.0
2026-12-12 20:00:00,costo operativo,pago extra ayudante (diario),pago extra ayudante (diario),25000.0
2026-12-13 12:00:00,ingreso operativo,Reservas (sim),Ingreso simulado por reserva,150000.0
2026-12-13 12:00:00,costo operativo,luz,luz,520.0
2026-12-13 12:00:00,costo operativo,agua,agua,700.0
2026-12-13 12:00:00,costo operativo,leña,leña,1500.0
2026-12-13 12:00:00,costo operativo,gas,gas,10000.0
2026-12-13 12:10:00,costo operativo,gas,gas,10000.0
2026-12-13 12:10:00,costo operativo,luz,luz,520.0
2026-12-13 12:10:00,ingreso operativo,Reservas (sim),Ingreso simulado por reserva,150000.0
2026-12-13 12:10:00,costo operativo,agua,agua,700.0
2026-12-13 12:10:00,costo operativo,leña,leña,1500.0
2026-12-13 12:20:00,costo operativo,luz,luz,520.0
2026-12-13 12:20:00,costo operativo,leña,leña,1500.0
2026-12-13 12:20:00,costo operativo,gas,gas,10000.0
2026-12-13 12:20:00,costo operativo,agua,agua,700.0
2026-12-13 12:20:00,ingreso operativo,Reservas (sim),Ingreso simulado por reserva,150000.0
2026-12-13 12:30:00,costo operativo,luz,luz,520.0
2026-12-13 12:30:00,costo operativo,gas,gas,10000.0
2026-12-13 12:30:00,costo operativo,agua,agua,700.0
2026-12-13 12:30:00,costo operativo,leña,leña,1500.0
2026-12-13 12:30:00,ingreso operativo,Reservas (sim),Ingreso simulado por reserva,150000.0
2026-12-13 12:40:00,ingreso operativo,Reservas (sim),Ingreso simulado por reserva,150000.0
2026-12-13 12:40:00,costo operativo,leña,leña,1500.0
2026-12-13 12:40:00,costo operativo,agua,agua,700.0
2026-12-13 12:40:00,costo operativo,luz,luz,520.0
2026-12-13 12:40:00,costo operativo,gas,gas,10000.0
2026-12-13 12:50:00,costo operativo,luz,luz,520.0
2026-12-13 12:50:00,ingreso operativo,Reservas (sim),Ingreso simulado por reserva,150000.0
2026-12-13 12:50:00,costo operativo,gas,gas,10000.0
2026-12-13 12:50:00,costo operativo,leña,leña,1500.0
2026-12-13 12:50:00,costo operativo,agua,agua,700.0
2026-12-13 20:00:00,costo operativo,pago extra ayudante (diario),pago extra ayudante (diario),90000.0
2026-12-18 12:00:00,costo operativo,agua,agua,700.0
2026-12-18 12:00:00,costo operativo,leña,leña,1500.0
2026-12-18 12:00:00,costo operativo,luz,luz,520.0
2026-12-18 12:00:00,costo operativo,gas,gas,10000.0
2026-12-18 12:00:00,ingreso operativo,Reservas (sim),Ingreso simulado por reserva,150000.0
2026-12-18 20:00:00,costo operativo,pago extra ayudante (diario),pago extra ayudante (diario),25000.0
2026-12-19 12:00:00,costo operativo,leña,leña,1500.0
2026-12-19 12:00:00,costo operativo,agua,agua,700.0
2026-12-19 12:00:00,costo operativo,gas,gas,10000.0
2026-12-19 12:00:00,costo operativo,luz,luz,520.0
2026-12-19 12:00:00,ingreso operativo,Reservas (sim),Ingreso simulado por reserva,150000.0
2026-12-19 12:10:00,ingreso operativo,Reservas (sim),Ingreso simulado por reserva,150000.0
2026-12-19 12:10:00,costo operativo,leña,leña,1500.0
2026-12-19 12:10:00,costo operativo,agua,agua,700.0
2026-12-19 12:10:00,costo operativo,gas,gas,10000.0
2026-12-19 12:10:00,costo operativo,luz,luz,520.0
2026-12-19 20:00:00,costo operativo,pago extra ayudante (diario),pago extra ayudante (diario),45000.0
2026-12-24 12:00:00,costo operativo,agua,agua,700.0
2026-12-24 12:00:00,ingreso operativo,Reservas (sim),Ingreso simulado por reserva,150000.0
2026-12-24 12:00:00,costo operativo,gas,gas,10000.0
2026-12-24 12:00:00,costo operativo,luz,luz,520.0
2026-12-24 12:00:00,costo operativo,leña,leña,1500.0
2026-12-24 20:00:00,costo operativo,pago extra ayudante (diario),pago extra ayudante (diario),25000.0
2026-12-25 12:00:00,costo operativo,agua,agua,700.0
2026-12-25 12:00:00,costo operativo,luz,luz,520.0
2026-12-25 12:00:00,costo operativo,leña,leña,1500.0
2026-12-25 12:00:00,ingreso operativo,Reservas (sim),Ingreso simulado por reserva,150000.0
2026-12-25 12:00:00,costo operativo,gas,gas,10000.0
2026-12-25 20:00:00,costo operativo,pago extra ayudante (diario),pago extra ayudante (diario),25000.0
2026-12-26 12:00:00,ingreso operativo,Reservas (sim),Ingreso simulado por reserva,150000.0
2026-12-26 12:00:00,costo operativo,gas,gas,10000.0
2026-12-26 12:00:00,costo operativo,luz,luz,520.0
2026-12-26 12:00:00,costo operativo,agua,agua,700.0
2026-12-26 12:00:00,costo operativo,leña,leña,1500.0
2026-12-26 12:10:00,ingreso operativo,Reservas (sim),Ingreso simulado por reserva,150000.0
2026-12-26 12:10:00,costo operativo,gas,gas,10000.0
2026-12-26 12:10:00,costo operativo,luz,luz,520.0
2026-12-26 12:10:00,costo operativo,agua,agua,700.0
2026-12-26 12:10:00,costo operativo,leña,leña,1500.0
2026-12-26 20:00:00,costo operativo,pago extra ayudante (diario),pago extra ayudante (diario),45000.0
2026-12-27 12:00:00,costo operativo,gas,gas,10000.0
2026-12-27 12:00:00,costo operativo,luz,luz,520.0
2026-12-27 12:00:00,costo operativo,agua,agua,700.0
2026-12-27 12:00:00,costo operativo,leña,leña,1500.0
2026-12-27 12:00:00,ingreso operativo,Reservas (sim),Ingreso simulado por reserva,150000.0
2026-12-27 20:00:00,costo operativo,pago extra ayudante (diario),pago extra ayudante (diario),25000.0
2026-12-29 12:00:00,costo operativo,luz,luz,520.0
2026-12-29 12:00:00,costo operativo,agua,agua,700.0
2026-12-29 12:00:00,costo operativo,leña,leña,1500.0
2026-12-29 12:00:00,ingreso operativo,Reservas (sim),Ingreso simulado por reserva,150000.0
2026-12-29 12:00:00,costo operativo,gas,gas,10000.0
2026-12-29 20:00:00,costo operativo,pago extra ayudante (diario),pago extra ayudante (diario),25000.0
2026-12-30 12:00:00,costo operativo,leña,leña,1500.0
2026-12-30 12:00:00,costo operativo,agua,agua,700.0
2026-12-30 12:00:00,costo operativo,luz,luz,520.0
2026-12-30 12:00:00,costo operativo,gas,gas,10000.0
2026-12-30 12:00:00,ingreso operativo,Reservas (sim),Ingreso simulado por reserva,150000.0
2026-12-30 20:00:00,costo operativo,pago extra ayudante (diario),pago extra ayudante (diario),25000.0
2026-12-31 18:00:00,Costos de Marketing,Simulación,Gasto marketing mensual simulado,300000.0
2026-12-31 18:00:00,costos fijos,Simulación,Costo fijo mensual simulado,700000.0
2027-01-01 12:00:00,costo operativo,luz,luz,520.0
2027-01-01 12:00:00,costo operativo,leña,leña,1500.0
2027-01-01 12:00:00,ingreso operativo,Reservas (sim),Ingreso simulado por reserva,150000.0
2027-01-01 12:00:00,costo operativo,agua,agua,700.0
2027-01-01 12:00:00,costo operativo,gas,gas,10000.0
2027-01-01 12:10:00,ingreso operativo,Reservas (sim),Ingreso simulado por reserva,150000.0
2027-01-01 12:10:00,costo operativo,agua,agua,700.0
2027-01-01 12:10:00,costo operativo,luz,luz,520.0
2027-01-01 12:10:00,costo operativo,gas,gas,10000.0
2027-01-01 12:10:00,costo operativo,leña,leña,1500.0
2027-01-01 12:20:00,costo operativo,leña,leña,1500.0
2027-01-01 12:20:00,costo operativo,agua,agua,700.0
2027-01-01 12:20:00,costo operativo,luz,luz,520.0
2027-01-01 12:20:00,costo operativo,gas,gas,10000.0
2027-01-01 12:20:00,ingreso operativo,Reservas (sim),Ingreso simulado por reserva,150000.0
2027-01-01 12:30:00,costo operativo,leña,leña,1500.0
2027-01-01 12:30:00,costo operativo,agua,agua,700.0
2027-01-01 12:30:00,costo operativo,luz,luz,520.0
2027-01-01 12:30:00,costo operativo,gas,gas,10000.0
2027-01-01 12:30:00,ingreso operativo,Reservas (sim),Ingreso simulado por reserva,150000.0
2027-01-01 20:00:00,costo operativo,pago extra ayudante (diario),pago extra ayudante (diario),70000.0
2027-01-02 12:00:00,costo operativo,leña,leña,1500.0
2027-01-02 12:00:00,costo operativo,agua,agua,700.0
2027-01-02 12:00:00,costo operativo,luz,luz,520.0
2027-01-02 12:00:00,costo operativo,gas,gas,10000.0
2027-01-02 12:00:00,costo operativo,leña,leña,1500.0
2027-01-02 12:00:00,costo operativo,agua,agua,700.0
2027-01-02 12:00:00,costo operativo,luz,luz,520.0
2027-01-02 12:00:00,costo operativo,gas,gas,10000.0
2027-01-02 12:00:00,ingreso operativo,Reservas (sim),Ingreso simulado por reserva,150000.0
2027-01-02 12:00:00,ingreso operativo,Reservas (sim),Ingreso simulado por reserva,150000.0
2027-01-02 12:10:00,costo operativo,leña,leña,1500.0
2027-01-02 12:10:00,costo operativo,agua,agua,700.0
2027-01-02 12:10:00,costo operativo,luz,luz,520.0
2027-01-02 12:10:00,costo operativo,gas,gas,10000.0
2027-01-02 12:10:00,ingreso operativo,Reservas (sim),Ingreso simulado por reserva,150000.0
2027-01-02 12:20:00,costo operativo,luz,luz,520.0
2027-01-02 12:20:00,costo operativo,gas,gas,10000.0
2027-01-02 12:20:00,costo operativo,agua,agua,700.0
2027-01-02 12:20:00,costo operativo,leña,leña,1500.0
2027-01-02 12:20:00,ingreso operativo,Reservas (sim),Ingreso simulado por reserva,150000.0
2027-01-02 12:30:00,costo operativo,luz,luz,520.0
2027-01-02 12:30:00,costo operativo,gas,gas,10000.0
2027-01-02 12:30:00,ingreso operativo,Reservas (sim),Ingreso simulado por reserva,150000.0
2027-01-02 12:30:00,costo operativo,leña,leña,1500.0
2027-01-02 12:30:00,costo operativo,agua,agua,700.0
2027-01-02 12:40:00,costo operativo,leña,leña,1500.0
2027-01-02 12:40:00,costo operativo,agua,agua,700.0
2027-01-02 12:40:00,costo operativo,luz,luz,520.0
2027-01-02 12:40:00,costo operativo,gas,gas,10000.0
2027-01-02 12:40:00,ingreso operativo,Reservas (sim),Ingreso simulado por reserva,150000.0
2027-01-02 12:50:00,costo operativo,agua,agua,700.0
2027-01-02 12:50:00,costo operativo,luz,luz,520.0
2027-01-02 12:50:00,costo operativo,gas,gas,10000.0
2027-01-02 12:50:00,costo operativo,leña,leña,1500.0
2027-01-02 12:50:00,ingreso operativo,Reservas (sim),Ingreso simulado por reserva,150000.0
2027-01-02 20:00:00,costo operativo,pago extra ayudante (diario),pago extra ayudante (diario),100000.0
2027-01-03 12:00:00,costo operativo,leña,leña,1500.0
2027-01-03 12:00:00,costo operativo,gas,gas,10000.0
2027-01-03 12:00:00,costo operativo,luz,luz,520.0
2027-01-03 12:00:00,costo operativo,agua,agua,700.0
2027-01-03 12:00:00,costo operativo,leña,leña,1500.0
2027-01-03 12:00:00,costo operativo,gas,gas,10000.0
2027-01-03 12:00:00,costo operativo,luz,luz,520.0
2027-01-03 12:00:00,costo operativo,agua,agua,700.0
2027-01-03 12:00:00,costo operativo,leña,leña,1500.0
2027-01-03 12:00:00,costo operativo,gas,gas,10000.0
2027-01-03 12:00:00,ingreso operativo,Reservas (sim),Ingreso simulado por reserva,150000.0
2027-01-03 12:00:00,ingreso operativo,Reservas (sim),Ingreso simulado por reserva,150000.0
2027-01-03 12:00:00,ingreso operativo,Reservas (sim),Ingreso simulado por reserva,150000.0
2027-01-03 12:00:00,costo operativo,agua,agua,700.0
2027-01-03 12:00:00,costo operativo,luz,luz,520.0
2027-01-03 12:10:00,costo operativo,leña,leña,1500.0
2027-01-03 12:10:00,costo operativo,agua,agua,700.0
2027-01-03 12:10:00,costo operativo,gas,gas,10000.0
2027-01-03 12:10:00,costo operativo,leña,leña,1500.0
2027-01-03 12:10:00,costo operativo,agua,agua,700.0
2027-01-03 12:10:00,costo operativo,luz,luz,520.0
2027-01-03 12:10:00,costo operativo,gas,gas,10000.0
2027-01-03 12:10:00,costo operativo,luz,luz,520.0
2027-01-03 12:10:00,ingreso operativo,Reservas (sim),Ingreso simulado por reserva,150000.0
2027-01-03 12:10:00,ingreso operativo,Reservas (sim),Ingreso simulado por reserva,150000.0
2027-01-03 12:20:00,costo operativo,leña,leña,1500.0
2027-01-03 12:20:00,costo operativo,gas,gas,10000.0
2027-01-03 12:20:00,costo operativo,luz,luz,520.0
2027-01-03 12:20:00,costo operativo,agua,agua,700.0
2027-01-03 12:20:00,costo operativo,gas,gas,10000.0
2027-01-03 12:20:00,costo operativo,agua,agua,700.0
2027-01-03 12:20:00,costo operativo,luz,luz,520.0
2027-01-03 12:20:00,ingreso operativo,Reservas (sim),Ingreso simulado por reserva,150000.0
2027-01-03 12:20:00,ingreso operativo,Reservas (sim),Ingreso simulado por reserva,150000.0
2027-01-03 12:20:00,costo operativo,leña,leña,1500.0
2027-01-03 12:30:00,ingreso operativo,Reservas (sim),Ingreso simulado por reserva,150000.0
2027-01-03 12:30:00,costo operativo,leña,leña,1500.0
2027-01-03 12:30:00,ingreso operativo,Reservas (sim),Ingreso simulado por reserva,150000.0
2027-01-03 12:30:00,costo operativo,gas,gas,10000.0
2027-01-03 12:30:00,costo operativo,luz,luz,520.0
2027-01-03 12:30:00,costo operativo,leña,leña,1500.0
2027-01-03 12:30:00,costo operativo,agua,agua,700.0
2027-01-03 12:30:00,costo operativo,luz,luz,520.0
2027-01-03 12:30:00,costo operativo,gas,gas,10000.0
2027-01-03 12:30:00,costo operativo,agua,agua,700.0
2027-01-03 12:40:00,costo operativo,leña,leña,1500.0
2027-01-03 12:40:00,costo operativo,gas,gas,10000.0
2027-01-03 12:40:00,costo operativo,luz,luz,520.0
2027-01-03 12:40:00,ingreso operativo,Reservas (sim),Ingreso simulado por reserva,150000.0
2027-01-03 12:40:00,costo operativo,leña,leña,1500.0
2027-01-03 12:40:00,ingreso operativo,Reservas (sim),Ingreso simulado por reserva,150000.0
2027-01-03 12:40:00,costo operativo,luz,luz,520.0
2027-01-03 12:40:00,costo operativo,agua,agua,700.0
2027-01-03 12:40:00,costo operativo,gas,gas,10000.0
2027-01-03 12:40:00,costo operativo,agua,agua,700.0
2027-01-03 12:50:00,costo operativo,gas,gas,10000.0
2027-01-03 12:50:00,ingreso operativo,Reservas (sim),Ingreso simulado por reserva,150000.0
2027-01-03 12:50:00,ingreso operativo,Reservas (sim),Ingreso simulado por reserva,150000.0
2027-01-03 12:50:00,costo operativo,luz,luz,520.0
2027-01-03 12:50:00,costo operativo,agua,agua,700.0
2027-01-03 12:50:00,costo operativo,leña,leña,1500.0
2027-01-03 12:50:00,costo operativo,gas,gas,10000.0
2027-01-03 12:50:00,costo operativo,luz,luz,520.0
2027-01-03 12:50:00,costo operativo,agua,agua,700.0
2027-01-03 12:50:00,costo operativo,leña,leña,1500.0
2027-01-03 20:00:00,costo operativo,pago extra ayudante (diario),pago extra ayudante (diario),100000.0
2027-01-04 12:00:00,costo operativo,luz,luz,520.0
2027-01-04 12:00:00,costo operativo,agua,agua,700.0
2027-01-04 12:00:00,costo operativo,leña,leña,1500.0
2027-01-04 12:00:00,ingreso operativo,Reservas (sim),Ingreso simulado por reserva,150000.0
2027-01-04 12:00:00,costo operativo,gas,gas,10000.0
2027-01-04 12:10:00,costo operativo,agua,agua,700.0
2027-01-04 12:10:00,costo operativo,luz,luz,520.0
2027-01-04 12:10:00,costo operativo,gas,gas,10000.0
2027-01-04 12:10:00,ingreso operativo,Reservas (sim),Ingreso simulado por reserva,150000.0
2027-01-04 12:10:00,costo operativo,leña,leña,1500.0
2027-01-04 12:20:00,costo operativo,agua,agua,700.0
2027-01-04 12:20:00,costo operativo,luz,luz,520.0
2027-01-04 12:20:00,costo operativo,gas,gas,10000.0
2027-01-04 12:20:00,costo operativo,leña,leña,1500.0
2027-01-04 12:20:00,ingreso operativo,Reservas (sim),Ingreso simulado por reserva,150000.0
2027-01-04 20:00:00,costo operativo,pago extra ayudante (diario),pago extra ayudante (diario),60000.0
2027-01-05 12:00:00,ingreso operativo,Reservas (sim),Ingreso simulado por reserva,150000.0
2027-01-05 12:00:00,costo operativo,leña,leña,1500.0
2027-01-05 12:00:00,costo operativo,agua,agua,700.0
2027-01-05 12:00:00,costo operativo,luz,luz,520.0
2027-01-05 12:00:00,costo operativo,gas,gas,10000.0
2027-01-05 12:10:00,ingreso operativo,Reservas (sim),Ingreso simulado por reserva,150000.0
2027-01-05 12:10:00,costo operativo,gas,gas,10000.0
2027-01-05 12:10:00,costo operativo,luz,luz,520.0
2027-01-05 12:10:00,costo operativo,leña,leña,1500.0
2027-01-05 12:10:00,costo operativo,agua,agua,700.0
2027-01-05 12:20:00,costo operativo,gas,gas,10000.0
2027-01-05 12:20:00,costo operativo,luz,luz,520.0
2027-01-05 12:20:00,costo operativo,leña,leña,1500.0
2027-01-05 12:20:00,costo operativo,agua,agua,700.0
2027-01-05 12:20:00,ingreso operativo,Reservas (sim),Ingreso simulado por reserva,150000.0
2027-01-05 12:30:00,ingreso operativo,Reservas (sim),Ingreso simulado por reserva,150000.0
2027-01-05 12:30:00,costo operativo,leña,leña,1500.0
2027-01-05 12:30:00,costo operativo,agua,agua,700.0
2027-01-05 12:30:00,costo operativo,luz,luz,520.0
2027-01-05 12:30:00,costo operativo,gas,gas,10000.0
2027-01-05 12:40:00,costo operativo,agua,agua,700.0
2027-01-05 12:40:00,ingreso operativo,Reservas (sim),Ingreso simulado por reserva,150000.0
2027-01-05 12:40:00,costo operativo,leña,leña,1500.0
2027-01-05 12:40:00,costo operativo,luz,luz,520.0
2027-01-05 12:40:00,costo operativo,gas,gas,10000.0
2027-01-05 20:00:00,costo operativo,pago extra ayudante (diario),pago extra ayudante (diario),80000.0
2027-01-06 12:00:00,costo operativo,gas,gas,10000.0
2027-01-06 12:00:00,costo operativo,luz,luz,520.0
2027-01-06 12:00:00,ingreso operativo,Reservas (sim),Ingreso simulado por reserva,150000.0
2027-01-06 12:00:00,costo operativo,leña,leña,1500.0
2027-01-06 12:00:00,costo operativo,agua,agua,700.0
2027-01-06 12:10:00,ingreso operativo,Reservas (sim),Ingreso simulado por reserva,150000.0
2027-01-06 12:10:00,costo operativo,leña,leña,1500.0
2027-01-06 12:10:00,costo operativo,agua,agua,700.0
2027-01-06 12:10:00,costo operativo,luz,luz,520.0
2027-01-06 12:10:00,costo operativo,gas,gas,10000.0
2027-01-06 12:20:00,costo operativo,luz,luz,520.0
2027-01-06 12:20:00,ingreso operativo,Reservas (sim),Ingreso simulado por reserva,150000.0
2027-01-06 12:20:00,costo operativo,leña,leña,1500.0
2027-01-06 12:20:00,costo operativo,agua,agua,700.0
2027-01-06 12:20:00,costo operativo,gas,gas,10000.0
2027-01-06 12:30:00,ingreso operativo,Reservas (sim),Ingreso simulado por reserva,150000.0
2027-01-06 12:30:00,costo operativo,leña,leña,1500.0
2027-01-06 12:30:00,costo operativo,agua,agua,700.0
2027-01-06 12:30:00,costo operativo,luz,luz,520.0
2027-01-06 12:30:00,costo operativo,gas,gas,10000.0
2027-01-06 12:40:00,ingreso operativo,Reservas (sim),Ingreso simulado por reserva,150000.0
2027-01-06 12:40:00,costo operativo,leña,leña,1500.0
2027-01-06 12:40:00,costo operativo,agua,agua,700.0
2027-01-06 12:40:00,costo operativo,luz,luz,520.0
2027-01-06 12:40:00,costo operativo,gas,gas,10000.0
2027-01-06 20:00:00,costo operativo,pago extra ayudante (diario),pago extra ayudante (diario),80000.0
2027-01-07 12:00:00,costo operativo,leña,leña,1500.0
2027-01-07 12:00:00,costo operativo,agua,agua,700.0
2027-01-07 12:00:00,costo operativo,luz,luz,520.0
2027-01-07 12:00:00,costo operativo,gas,gas,10000.0
2027-01-07 12:00:00,ingreso operativo,Reservas (sim),Ingreso simulado por reserva,150000.0
2027-01-07 12:10:00,costo operativo,leña,leña,1500.0
2027-01-07 12:10:00,costo operativo,agua,agua,700.0
2027-01-07 12:10:00,costo operativo,luz,luz,520.0
2027-01-07 12:10:00,costo operativo,gas,gas,10000.0
2027-01-07 12:10:00,ingreso operativo,Reservas (sim),Ingreso simulado por reserva,150000.0
2027-01-07 20:00:00,costo operativo,pago extra ayudante (diario),pago extra ayudante (diario),45000.0
2027-01-08 12:00:00,ingreso operativo,Reservas (sim),Ingreso simulado por reserva,150000.0
2027-01-08 12:00:00,costo operativo,gas,gas,10000.0
2027-01-08 12:00:00,costo operativo,leña,leña,1500.0
2027-01-08 12:00:00,costo operativo,agua,agua,700.0
2027-01-08 12:00:00,costo operativo,luz,luz,520.0
2027-01-08 20:00:00,costo operativo,pago extra ayudante (diario),pago extra ayudante (diario),25000.0
2027-01-09 12:00:00,costo operativo,gas,gas,10000.0
2027-01-09 12:00:00,costo operativo,luz,luz,520.0
2027-01-09 12:00:00,costo operativo,agua,agua,700.0
2027-01-09 12:00:00,ingreso operativo,Reservas (sim),Ingreso simulado por reserva,150000.0
2027-01-09 12:00:00,costo operativo,leña,leña,1500.0
2027-01-09 12:10:00,costo operativo,luz,luz,520.0
2027-01-09 12:10:00,costo operativo,gas,gas,10000.0
2027-01-09 12:10:00,costo operativo,leña,leña,1500.0
2027-01-09 12:10:00,ingreso operativo,Reservas (sim),Ingreso simulado por reserva,150000.0
2027-01-09 12:10:00,costo operativo,agua,agua,700.0
2027-01-09 12:20:00,ingreso operativo,Reservas (sim),Ingreso simulado por reserva,150000.0
2027-01-09 12:20:00,costo operativo,leña,leña,1500.0
2027-01-09 12:20:00,costo operativo,agua,agua,700.0
2027-01-09 12:20:00,costo operativo,luz,luz,520.0
2027-01-09 12:20:00,costo operativo,gas,gas,10000.0
2027-01-09 12:30:00,ingreso operativo,Reservas (sim),Ingreso simulado por reserva,150000.0
2027-01-09 12:30:00,costo operativo,leña,leña,1500.0
2027-01-09 12:30:00,costo operativo,agua,agua,700.0
2027-01-09 12:30:00,costo operativo,luz,luz,520.0
2027-01-09 12:30:00,costo operativo,gas,gas,10000.0
2027-01-09 12:40:00,costo operativo,gas,gas,10000.0
2027-01-09 12:40:00,ingreso operativo,Reservas (sim),Ingreso simulado por reserva,150000.0
2027-01-09 12:40:00,costo operativo,luz,luz,520.0
2027-01-09 12:40:00,costo operativo,agua,agua,700.0
2027-01-09 12:40:00,costo operativo,leña,leña,1500.0
2027-01-09 12:50:00,costo operativo,leña,leña,1500.0
2027-01-09 12:50:00,costo operativo,agua,agua,700.0
2027-01-09 12:50:00,ingreso operativo,Reservas (sim),Ingreso simulado por reserva,150000.0
2027-01-09 12:50:00,costo operativo,gas,gas,10000.0
2027-01-09 12:50:00,costo operativo,luz,luz,520.0
2027-01-09 20:00:00,costo operativo,pago extra ayudante (diario),pago extra ayudante (diario),90000.0
2027-01-10 12:00:00,ingreso operativo,Reservas (sim),Ingreso simulado por reserva,150000.0
2027-01-10 12:00:00,ingreso operativo,Reservas (sim),Ingreso simulado por reserva,150000.0
2027-01-10 12:00:00,ingreso operativo,Reservas (sim),Ingreso simulado por reserva,150000.0
2027-01-10 12:00:00,costo operativo,leña,leña,1500.0
2027-01-10 12:00:00,costo operativo,agua,agua,700.0
2027-01-10 12:00:00,costo operativo,leña,leña,1500.0
2027-01-10 12:00:00,costo operativo,agua,agua,700.0
2027-01-10 12:00:00,costo operativo,luz,luz,520.0
2027-01-10 12:00:00,costo operativo,gas,gas,10000.0
2027-01-10 12:00:00,costo operativo,leña,leña,1500.0
2027-01-10 12:00:00,costo operativo,agua,agua,700.0
2027-01-10 12:00:00,costo operativo,luz,luz,520.0
2027-01-10 12:00:00,costo operativo,gas,gas,10000.0
2027-01-10 12:00:00,costo operativo,luz,luz,520.0
2027-01-10 12:00:00,costo operativo,gas,gas,10000.0
2027-01-10 12:10:00,costo operativo,leña,leña,1500.0
2027-01-10 12:10:00,costo operativo,agua,agua,700.0
2027-01-10 12:10:00,costo operativo,luz,luz,520.0
2027-01-10 12:10:00,ingreso operativo,Reservas (sim),Ingreso simulado por reserva,150000.0
2027-01-10 12:10:00,costo operativo,leña,leña,1500.0
2027-01-10 12:10:00,costo operativo,agua,agua,700.0
2027-01-10 12:10:00,costo operativo,luz,luz,520.0
2027-01-10 12:10:00,costo operativo,gas,gas,10000.0
2027-01-10 12:10:00,costo operativo,gas,gas,10000.0
2027-01-10 12:10:00,ingreso operativo,Reservas (sim),Ingreso simulado por reserva,150000.0
2027-01-10 12:20:00,costo operativo,leña,leña,1500.0
2027-01-10 12:20:00,costo operativo,gas,gas,10000.0
2027-01-10 12:20:00,costo operativo,luz,luz,520.0
2027-01-10 12:20:00,costo operativo,agua,agua,700.0
2027-01-10 12:20:00,costo operativo,leña,leña,1500.0
2027-01-10 12:20:00,ingreso operativo,Reservas (sim),Ingreso simulado por reserva,150000.0
2027-01-10 12:20:00,ingreso operativo,Reservas (sim),Ingreso simulado por reserva,150000.0
2027-01-10 12:20:00,costo operativo,gas,gas,10000.0
2027-01-10 12:20:00,costo operativo,luz,luz,520.0
2027-01-10 12:20:00,costo operativo,agua,agua,700.0
2027-01-10 12:30:00,costo operativo,gas,gas,10000.0
2027-01-10 12:30:00,costo operativo,luz,luz,520.0
2027-01-10 12:30:00,costo operativo,luz,luz,520.0
2027-01-10 12:30:00,costo operativo,leña,leña,1500.0
2027-01-10 12:30:00,costo operativo,gas,gas,10000.0
2027-01-10 12:30:00,costo operativo,agua,agua,700.0
2027-01-10 12:30:00,costo operativo,leña,leña,1500.0
2027-01-10 12:30:00,ingreso operativo,Reservas (sim),Ingreso simulado por reserva,150000.0
2027-01-10 12:30:00,ingreso operativo,Reservas (sim),Ingreso simulado por reserva,150000.0
2027-01-10 12:30:00,costo operativo,agua,agua,700.0
2027-01-10 12:40:00,costo operativo,gas,gas,10000.0
2027-01-10 12:40:00,ingreso operativo,Reservas (sim),Ingreso simulado por reserva,150000.0
2027-01-10 12:40:00,ingreso operativo,Reservas (sim),Ingreso simulado por reserva,150000.0
2027-01-10 12:40:00,costo operativo,luz,luz,520.0
2027-01-10 12:40:00,costo operativo,leña,leña,1500.0
2027-01-10 12:40:00,costo operativo,agua,agua,700.0
2027-01-10 12:40:00,costo operativo,luz,luz,520.0
2027-01-10 12:40:00,costo operativo,gas,gas,10000.0
2027-01-10 12:40:00,costo operativo,agua,agua,700.0
2027-01-10 12:40:00,costo operativo,leña,leña,1500.0
2027-01-10 12:50:00,costo operativo,leña,leña,1500.0
2027-01-10 12:50:00,costo operativo,agua,agua,700.0
2027-01-10 12:50:00,costo operativo,luz,luz,520.0
2027-01-10 12:50:00,costo operativo,gas,gas,10000.0
2027-01-10 12:50:00,costo operativo,leña,leña,1500.0
2027-01-10 12:50:00,costo operativo,agua,agua,700.0
2027-01-10 12:50:00,costo operativo,luz,luz,520.0
2027-01-10 12:50:00,ingreso operativo,Reservas (sim),Ingreso simulado por reserva,150000.0
2027-01-10 12:50:00,ingreso operativo,Reservas (sim),Ingreso simulado por reserva,150000.0
2027-01-10 12:50:00,costo operativo,gas,gas,10000.0
2027-01-10 20:00:00,costo operativo,pago extra ayudante (diario),pago extra ayudante (diario),100000.0
2027-01-11 12:00:00,costo operativo,agua,agua,700.0
2027-01-11 12:00:00,costo operativo,luz,luz,520.0
2027-01-11 12:00:00,ingreso operativo,Reservas (sim),Ingreso simulado por reserva,150000.0
2027-01-11 12:00:00,costo operativo,gas,gas,10000.0
2027-01-11 12:00:00,costo operativo,leña,leña,1500.0
2027-01-11 12:10:00,costo operativo,agua,agua,700.0
2027-01-11 12:10:00,costo operativo,leña,leña,1500.0
2027-01-11 12:10:00,ingreso operativo,Reservas (sim),Ingreso simulado por reserva,150000.0
2027-01-11 12:10:00,costo operativo,luz,luz,520.0
2027-01-11 12:10:00,costo operativo,gas,gas,10000.0
2027-01-11 12:20:00,costo operativo,gas,gas,10000.0
2027-01-11 12:20:00,costo operativo,luz,luz,520.0
2027-01-11 12:20:00,ingreso operativo,Reservas (sim),Ingreso simulado por reserva,150000.0
2027-01-11 12:20:00,costo operativo,agua,agua,700.0
2027-01-11 12:20:00,costo operativo,leña,leña,1500.0
2027-01-11 12:30:00,costo operativo,leña,leña,1500.0
2027-01-11 12:30:00,costo operativo,luz,luz,520.0
2027-01-11 12:30:00,ingreso operativo,Reservas (sim),Ingreso simulado por reserva,150000.0
2027-01-11 12:30:00,costo operativo,gas,gas,10000.0
2027-01-11 12:30:00,costo operativo,agua,agua,700.0
2027-01-11 20:00:00,costo operativo,pago extra ayudante (diario),pago extra ayudante (diario),70000.0
2027-01-12 12:00:00,costo operativo,leña,leña,1500.0
2027-01-12 12:00:00,costo operativo,agua,agua,700.0
2027-01-12 12:00:00,costo operativo,luz,luz,520.0
2027-01-12 12:00:00,ingreso operativo,Reservas (sim),Ingreso simulado por reserva,150000.0
2027-01-12 12:00:00,costo operativo,gas,gas,10000.0
2027-01-12 12:10:00,costo operativo,leña,leña,1500.0
2027-01-12 12:10:00,costo operativo,agua,agua,700.0
2027-01-12 12:10:00,costo operativo,luz,luz,520.0
2027-01-12 12:10:00,ingreso operativo,Reservas (sim),Ingreso simulado por reserva,150000.0
2027-01-12 12:10:00,costo operativo,gas,gas,10000.0
2027-01-12 12:20:00,ingreso operativo,Reservas (sim),Ingreso simulado por reserva,150000.0
2027-01-12 12:20:00,costo operativo,luz,luz,520.0
2027-01-12 12:20:00,costo operativo,agua,agua,700.0
2027-01-12 12:20:00,costo operativo,leña,leña,1500.0
2027-01-12 12:20:00,costo operativo,gas,gas,10000.0
2027-01-12 12:30:00,ingreso operativo,Reservas (sim),Ingreso simulado por reserva,150000.0
2027-01-12 12:30:00,costo operativo,leña,leña,1500.0
2027-01-12 12:30:00,costo operativo,luz,luz,520.0
2027-01-12 12:30:00,costo operativo,agua,agua,700.0
2027-01-12 12:30:00,costo operativo,gas,gas,10000.0
2027-01-12 12:40:00,costo operativo,leña,leña,1500.0
2027-01-12 12:40:00,costo operativo,agua,agua,700.0
2027-01-12 12:40:00,ingreso operativo,Reservas (sim),Ingreso simulado por reserva,150000.0
2027-01-12 12:40:00,costo operativo,luz,luz,520.0
2027-01-12 12:40:00,costo operativo,gas,gas,10000.0
2027-01-12 20:00:00,costo operativo,pago extra ayudante (diario),pago extra ayudante (diario),80000.0
2027-01-13 12:00:00,costo operativo,agua,agua,700.0
2027-01-13 12:00:00,costo operativo,luz,luz,520.0
2027-01-13 12:00:00,costo operativo,gas,gas,10000.0
2027-01-13 12:00:00,costo operativo,leña,leña,1500.0
2027-01-13 12:00:00,ingreso operativo,Reservas (sim),Ingreso simulado por reserva,150000.0
2027-01-13 12:10:00,costo operativo,gas,gas,10000.0
2027-01-13 12:10:00,costo operativo,luz,luz,520.0
2027-01-13 12:10:00,costo operativo,agua,agua,700.0
2027-01-13 12:10:00,costo operativo,leña,leña,1500.0
2027-01-13 12:10:00,ingreso operativo,Reservas (sim),Ingreso simulado por reserva,150000.0
2027-01-13 12:20:00,costo operativo,luz,luz,520.0
2027-01-13 12:20:00,costo operativo,gas,gas,10000.0
2027-01-13 12:20:00,ingreso operativo,Reservas (sim),Ingreso simulado por reserva,150000.0
2027-01-13 12:20:00,costo operativo,agua,agua,700.0
2027-01-13 12:20:00,costo operativo,leña,leña,1500.0
2027-01-13 12:30:00,ingreso operativo,Reservas (sim),Ingreso simulado por reserva,150000.0
2027-01-13 12:30:00,costo operativo,luz,luz,520.0
2027-01-13 12:30:00,costo operativo,leña,leña,1500.0
2027-01-13 12:30:00,costo operativo,gas,gas,10000.0
2027-01-13 12:30:00,costo operativo,agua,agua,700.0
2027-01-13 20:00:00,costo operativo,pago extra ayudante (diario),pago extra ayudante (diario),70000.0
2027-01-14 12:00:00,ingreso operativo,Reservas (sim),Ingreso simulado por reserva,150000.0
2027-01-14 12:00:00,costo operativo,leña,leña,1500.0
2027-01-14 12:00:00,costo operativo,agua,agua,700.0
2027-01-14 12:00:00,costo operativo,luz,luz,520.0
2027-01-14 12:00:00,costo operativo,gas,gas,10000.0
2027-01-14 12:10:00,costo operativo,luz,luz,520.0
2027-01-14 12:10:00,costo operativo,leña,leña,1500.0
2027-01-14 12:10:00,costo operativo,gas,gas,10000.0
2027-01-14 12:10:00,costo operativo,agua,agua,700.0
2027-01-14 12:10:00,ingreso operativo,Reservas (sim),Ingreso simulado por reserva,150000.0
2027-01-14 20:00:00,costo operativo,pago extra ayudante (diario),pago extra ayudante (diario),45000.0
2027-01-15 12:00:00,ingreso operativo,Reservas (sim),Ingreso simulado por reserva,150000.0
2027-01-15 12:00:00,costo operativo,agua,agua,700.0
2027-01-15 12:00:00,costo operativo,gas,gas,10000.0
2027-01-15 12:00:00,costo operativo,luz,luz,520.0
2027-01-15 12:00:00,costo operativo,leña,leña,1500.0
2027-01-15 12:10:00,costo operativo,agua,agua,700.0
2027-01-15 12:10:00,costo operativo,luz,luz,520.0
2027-01-15 12:10:00,ingreso operativo,Reservas (sim),Ingreso simulado por reserva,150000.0
2027-01-15 12:10:00,costo operativo,leña,leña,1500.0
2027-01-15 12:10:00,costo operativo,gas,gas,10000.0
2027-01-15 20:00:00,costo operativo,pago extra ayudante (diario),pago extra ayudante (diario),45000.0
2027-01-16 12:00:00,ingreso operativo,Reservas (sim),Ingreso simulado por reserva,150000.0
2027-01-16 12:00:00,ingreso operativo,Reservas (sim),Ingreso simulado por reserva,150000.0
2027-01-16 12:00:00,costo operativo,agua,agua,700.0
2027-01-16 12:00:00,costo operativo,leña,leña,1500.0
2027-01-16 12:00:00,costo operativo,gas,gas,10000.0
2027-01-16 12:00:00,costo operativo,agua,agua,700.0
2027-01-16 12:00:00,costo operativo,luz,luz,520.0
2027-01-16 12:00:00,costo operativo,gas,gas,10000.0
2027-01-16 12:00:00,costo operativo,leña,leña,1500.0
2027-01-16 12:00:00,costo operativo,luz,luz,520.0
2027-01-16 12:10:00,costo operativo,luz,luz,520.0
2027-01-16 12:10:00,ingreso operativo,Reservas (sim),Ingreso simulado por reserva,150000.0
2027-01-16 12:10:00,costo operativo,leña,leña,1500.0
2027-01-16 12:10:00,costo operativo,agua,agua,700.0
2027-01-16 12:10:00,costo operativo,luz,luz,520.0
2027-01-16 12:10:00,costo operativo,gas,gas,10000.0
2027-01-16 12:10:00,costo operativo,leña,leña,1500.0
2027-01-16 12:10:00,costo operativo,agua,agua,700.0
2027-01-16 12:10:00,costo operativo,gas,gas,10000.0
2027-01-16 12:10:00,ingreso operativo,Reservas (sim),Ingreso simulado por reserva,150000.0
2027-01-16 12:20:00,ingreso operativo,Reservas (sim),Ingreso simulado por reserva,150000.0
2027-01-16 12:20:00,ingreso operativo,Reservas (sim),Ingreso simulado por reserva,150000.0
2027-01-16 12:20:00,costo operativo,luz,luz,520.0
2027-01-16 12:20:00,costo operativo,leña,leña,1500.0
2027-01-16 12:20:00,costo operativo,agua,agua,700.0
2027-01-16 12:20:00,costo operativo,gas,gas,10000.0
2027-01-16 12:20:00,costo operativo,leña,leña,1500.0
2027-01-16 12:20:00,costo operativo,gas,gas,10000.0
2027-01-16 12:20:00,costo operativo,luz,luz,520.0
2027-01-16 12:20:00,costo operativo,agua,agua,700.0
2027-01-16 12:30:00,costo operativo,leña,leña,1500.0
2027-01-16 12:30:00,costo operativo,luz,luz,520.0
2027-01-16 12:30:00,costo operativo,gas,gas,10000.0
2027-01-16 12:30:00,costo operativo,agua,agua,700.0
2027-01-16 12:30:00,ingreso operativo,Reservas (sim),Ingreso simulado por reserva,150000.0
2027-01-16 12:40:00,costo operativo,leña,leña,1500.0
2027-01-16 12:40:00,costo operativo,agua,agua,700.0
2027-01-16 12:40:00,costo operativo,luz,luz,520.0
2027-01-16 12:40:00,costo operativo,gas,gas,10000.0
2027-01-16 12:40:00,ingreso operativo,Reservas (sim),Ingreso simulado por reserva,150000.0
2027-01-16 12:50:00,ingreso operativo,Reservas (sim),Ingreso simulado por reserva,150000.0
2027-01-16 12:50:00,costo operativo,gas,gas,10000.0
2027-01-16 12:50:00,costo operativo,agua,agua,700.0
2027-01-16 12:50:00,costo operativo,luz,luz,520.0
2027-01-16 12:50:00,costo operativo,leña,leña,1500.0
2027-01-16 20:00:00,costo operativo,pago extra ayudante (diario),pago extra ayudante (diario),100000.0
2027-01-17 12:00:00,costo operativo,luz,luz,520.0
2027-01-17 12:00:00,costo operativo,leña,leña,1500.0
2027-01-17 12:00:00,ingreso operativo,Reservas (sim),Ingreso simulado por reserva,150000.0
2027-01-17 12:00:00,ingreso operativo,Reservas (sim),Ingreso simulado por reserva,150000.0
2027-01-17 12:00:00,costo operativo,gas,gas,10000.0
2027-01-17 12:00:00,costo operativo,leña,leña,1500.0
2027-01-17 12:00:00,costo operativo,agua,agua,700.0
2027-01-17 12:00:00,costo operativo,luz,luz,520.0
2027-01-17 12:00:00,costo operativo,gas,gas,10000.0
2027-01-17 12:00:00,costo operativo,agua,agua,700.0
2027-01-17 12:10:00,costo operativo,luz,luz,520.0
2027-01-17 12:10:00,ingreso operativo,Reservas (sim),Ingreso simulado por reserva,150000.0
2027-01-17 12:10:00,costo operativo,gas,gas,10000.0
2027-01-17 12:10:00,ingreso operativo,Reservas (sim),Ingreso simulado por reserva,150000.0
2027-01-17 12:10:00,costo operativo,leña,leña,1500.0
2027-01-17 12:10:00,costo operativo,agua,agua,700.0
2027-01-17 12:10:00,costo operativo,gas,gas,10000.0
2027-01-17 12:10:00,costo operativo,leña,leña,1500.0
2027-01-17 12:10:00,costo operativo,agua,agua,700.0
2027-01-17 12:10:00,costo operativo,luz,luz,520.0
2027-01-17 12:20:00,ingreso operativo,Reservas (sim),Ingreso simulado por reserva,150000.0
2027-01-17 12:20:00,costo operativo,gas,gas,10000.0
2027-01-17 12:20:00,costo operativo,agua,agua,700.0
2027-01-17 12:20:00,costo operativo,leña,leña,1500.0
2027-01-17 12:20:00,costo operativo,luz,luz,520.0
2027-01-17 12:30:00,costo operativo,leña,leña,1500.0
2027-01-17 12:30:00,ingreso operativo,Reservas (sim),Ingreso simulado por reserva,150000.0
2027-01-17 12:30:00,costo operativo,agua,agua,700.0
2027-01-17 12:30:00,costo operativo,luz,luz,520.0
2027-01-17 12:30:00,costo operativo,gas,gas,10000.0
2027-01-17 12:40:00,costo operativo,agua,agua,700.0
2027-01-17 12:40:00,costo operativo,leña,leña,1500.0
2027-01-17 12:40:00,ingreso operativo,Reservas (sim),Ingreso simulado por reserva,150000.0
2027-01-17 12:40:00,costo operativo,luz,luz,520.0
2027-01-17 12:40:00,costo operativo,gas,gas,10000.0
2027-01-17 12:50:00,costo operativo,leña,leña,1500.0
2027-01-17 12:50:00,ingreso operativo,Reservas (sim),Ingreso simulado por reserva,150000.0
2027-01-17 12:50:00,costo operativo,agua,agua,700.0
2027-01-17 12:50:00,costo operativo,luz,luz,520.0
2027-01-17 12:50:00,costo operativo,gas,gas,10000.0
2027-01-17 20:00:00,costo operativo,pago extra ayudante (diario),pago extra ayudante (diario),100000.0
2027-01-18 12:00:00,costo operativo,agua,agua,700.0
2027-01-18 12:00:00,costo operativo,gas,gas,10000.0
2027-01-18 12:00:00,costo operativo,leña,leña,1500.0
2027-01-18 12:00:00,ingreso operativo,Reservas (sim),Ingreso simulado por reserva,150000.0
2027-01-18 12:00:00,costo operativo,luz,luz,520.0
2027-01-18 12:10:00,costo operativo,agua,agua,700.0
2027-01-18 12:10:00,costo operativo,luz,luz,520.0
2027-01-18 12:10:00,ingreso operativo,Reservas (sim),Ingreso simulado por reserva,150000.0
2027-01-18 12:10:00,costo operativo,leña,leña,1500.0
2027-01-18 12:10:00,costo operativo,gas,gas,10000.0
2027-01-18 12:20:00,ingreso operativo,Reservas (sim),Ingreso simulado por reserva,150000.0
2027-01-18 12:20:00,costo operativo,luz,luz,520.0
2027-01-18 12:20:00,costo operativo,agua,agua,700.0
2027-01-18 12:20:00,costo operativo,leña,leña,1500.0
2027-01-18 12:20:00,costo operativo,gas,gas,10000.0
2027-01-18 20:00:00,costo operativo,pago extra ayudante (diario),pago extra ayudante (diario),60000.0
2027-01-19 12:00:00,costo operativo,luz,luz,520.0
2027-01-19 12:00:00,costo operativo,gas,gas,10000.0
2027-01-19 12:00:00,costo operativo,leña,leña,1500.0
2027-01-19 12:00:00,ingreso operativo,Reservas (sim),Ingreso simulado por reserva,150000.0
2027-01-19 12:00:00,costo operativo,agua,agua,700.0
2027-01-19 12:10:00,costo operativo,agua,agua,700.0
2027-01-19 12:10:00,costo operativo,luz,luz,520.0
2027-01-19 12:10:00,costo operativo,gas,gas,10000.0
2027-01-19 12:10:00,ingreso operativo,Reservas (sim),Ingreso simulado por reserva,150000.0
2027-01-19 12:10:00,costo operativo,leña,leña,1500.0
2027-01-19 20:00:00,costo operativo,pago extra ayudante (diario),pago extra ayudante (diario),45000.0
2027-01-20 12:00:00,ingreso operativo,Reservas (sim),Ingreso simulado por reserva,150000.0
2027-01-20 12:00:00,costo operativo,gas,gas,10000.0
2027-01-20 12:00:00,costo operativo,leña,leña,1500.0
2027-01-20 12:00:00,costo operativo,agua,agua,700.0
2027-01-20 12:00:00,costo operativo,luz,luz,520.0
2027-01-20 12:10:00,costo operativo,leña,leña,1500.0
2027-01-20 12:10:00,costo operativo,agua,agua,700.0
2027-01-20 12:10:00,costo operativo,gas,gas,10000.0
2027-01-20 12:10:00,costo operativo,luz,luz,520.0
2027-01-20 12:10:00,ingreso operativo,Reservas (sim),Ingreso simulado por reserva,150000.0
2027-01-20 12:20:00,costo operativo,gas,gas,10000.0
2027-01-20 12:20:00,costo operativo,agua,agua,700.0
2027-01-20 12:20:00,costo operativo,leña,leña,1500.0
2027-01-20 12:20:00,ingreso operativo,Reservas (sim),Ingreso simulado por reserva,150000.0
2027-01-20 12:20:00,costo operativo,luz,luz,520.0
2027-01-20 20:00:00,costo operativo,pago extra ayudante (diario),pago extra ayudante (diario),60000.0
2027-01-21 12:00:00,costo operativo,leña,leña,1500.0
2027-01-21 12:00:00,costo operativo,agua,agua,700.0
2027-01-21 12:00:00,costo operativo,luz,luz,520.0
2027-01-21 12:00:00,costo operativo,gas,gas,10000.0
2027-01-21 12:00:00,ingreso operativo,Reservas (sim),Ingreso simulado por reserva,150000.0
2027-01-21 12:10:00,ingreso operativo,Reservas (sim),Ingreso simulado por reserva,150000.0
2027-01-21 12:10:00,costo operativo,gas,gas,10000.0
2027-01-21 12:10:00,costo operativo,luz,luz,520.0
2027-01-21 12:10:00,costo operativo,agua,agua,700.0
2027-01-21 12:10:00,costo operativo,leña,leña,1500.0
2027-01-21 20:00:00,costo operativo,pago extra ayudante (diario),pago extra ayudante (diario),45000.0
2027-01-23 12:00:00,ingreso operativo,Reservas (sim),Ingreso simulado por reserva,150000.0
2027-01-23 12:00:00,costo operativo,gas,gas,10000.0
2027-01-23 12:00:00,costo operativo,luz,luz,520.0
2027-01-23 12:00:00,costo operativo,agua,agua,700.0
2027-01-23 12:00:00,ingreso operativo,Reservas (sim),Ingreso simulado por reserva,150000.0
2027-01-23 12:00:00,costo operativo,gas,gas,10000.0
2027-01-23 12:00:00,costo operativo,luz,luz,520.0
2027-01-23 12:00:00,costo operativo,leña,leña,1500.0
2027-01-23 12:00:00,costo operativo,leña,leña,1500.0
2027-01-23 12:00:00,costo operativo,agua,agua,700.0
2027-01-23 12:10:00,costo operativo,agua,agua,700.0
2027-01-23 12:10:00,costo operativo,leña,leña,1500.0
2027-01-23 12:10:00,ingreso operativo,Reservas (sim),Ingreso simulado por reserva,150000.0
2027-01-23 12:10:00,costo operativo,luz,luz,520.0
2027-01-23 12:10:00,costo operativo,gas,gas,10000.0
2027-01-23 12:20:00,ingreso operativo,Reservas (sim),Ingreso simulado por reserva,150000.0
2027-01-23 12:20:00,costo operativo,gas,gas,10000.0
2027-01-23 12:20:00,costo operativo,luz,luz,520.0
2027-01-23 12:20:00,costo operativo,agua,agua,700.0
2027-01-23 12:20:00,costo operativo,leña,leña,1500.0
2027-01-23 12:30:00,costo operativo,gas,gas,10000.0
2027-01-23 12:30:00,ingreso operativo,Reservas (sim),Ingreso simulado por reserva,150000.0
2027-01-23 12:30:00,costo operativo,luz,luz,520.0
2027-01-23 12:30:00,costo operativo,agua,agua,700.0
2027-01-23 12:30:00,costo operativo,leña,leña,1500.0
2027-01-23 12:40:00,costo operativo,leña,leña,1500.0
2027-01-23 12:40:00,costo operativo,agua,agua,700.0
2027-01-23 12:40:00,costo operativo,luz,luz,520.0
2027-01-23 12:40:00,costo operativo,gas,gas,10000.0
2027-01-23 12:40:00,ingreso operativo,Reservas (sim),Ingreso simulado por reserva,150000.0
2027-01-23 12:50:00,ingreso operativo,Reservas (sim),Ingreso simulado por reserva,150000.0
2027-01-23 12:50:00,costo operativo,leña,leña,1500.0
2027-01-23 12:50:00,costo operativo,agua,agua,700.0
2027-01-23 12:50:00,costo operativo,luz,luz,520.0
2027-01-23 12:50:00,costo operativo,gas,gas,10000.0
2027-01-23 20:00:00,costo operativo,pago extra ayudante (diario),pago extra ayudante (diario),100000.0
2027-01-24 12:00:00,ingreso operativo,Reservas (sim),Ingreso simulado por reserva,150000.0
2027-01-24 12:00:00,costo operativo,leña,leña,1500.0
2027-01-24 12:00:00,costo operativo,agua,agua,700.0
2027-01-24 12:00:00,costo operativo,luz,luz,520.0
2027-01-24 12:00:00,costo operativo,gas,gas,10000.0
2027-01-24 12:10:00,ingreso operativo,Reservas (sim),Ingreso simulado por reserva,150000.0
2027-01-24 12:10:00,costo operativo,gas,gas,10000.0
2027-01-24 12:10:00,costo operativo,leña,leña,1500.0
2027-01-24 12:10:00,costo operativo,agua,agua,700.0
2027-01-24 12:10:00,costo operativo,luz,luz,520.0
2027-01-24 12:20:00,costo operativo,leña,leña,1500.0
2027-01-24 12:20:00,costo operativo,agua,agua,700.0
2027-01-24 12:20:00,costo operativo,luz,luz,520.0
2027-01-24 12:20:00,ingreso operativo,Reservas (sim),Ingreso simulado por reserva,150000.0
2027-01-24 12:20:00,costo operativo,gas,gas,10000.0
2027-01-24 12:30:00,ingreso operativo,Reservas (sim),Ingreso simulado por reserva,150000.0
2027-01-24 12:30:00,costo operativo,gas,gas,10000.0
2027-01-24 12:30:00,costo operativo,luz,luz,520.0
2027-01-24 12:30:00,costo operativo,agua,agua,700.0
2027-01-24 12:30:00,costo operativo,leña,leña,1500.0
2027-01-24 20:00:00,costo operativo,pago extra ayudante (diario),pago extra ayudante (diario),70000.0
2027-01-25 12:00:00,ingreso operativo,Reservas (sim),Ingreso simulado por reserva,150000.0
2027-01-25 12:00:00,costo operativo,agua,agua,700.0
2027-01-25 12:00:00,costo operativo,leña,leña,1500.0
2027-01-25 12:00:00,costo operativo,luz,luz,520.0
2027-01-25 12:00:00,costo operativo,gas,gas,10000.0
2027-01-25 20:00:00,costo operativo,pago extra ayudante (diario),pago extra ayudante (diario),25000.0
2027-01-26 12:00:00,costo operativo,luz,luz,520.0
2027-01-26 12:00:00,costo operativo,agua,agua,700.0
2027-01-26 12:00:00,costo operativo,leña,leña,1500.0
2027-01-26 12:00:00,ingreso operativo,Reservas (sim),Ingreso simulado por reserva,150000.0
2027-01-26 12:00:00,costo operativo,gas,gas,10000.0
2027-01-26 12:10:00,costo operativo,gas,gas,10000.0
2027-01-26 12:10:00,ingreso operativo,Reservas (sim),Ingreso simulado por reserva,150000.0
2027-01-26 12:10:00,costo operativo,leña,leña,1500.0
2027-01-26 12:10:00,costo operativo,agua,agua,700.0
2027-01-26 12:10:00,costo operativo,luz,luz,520.0
2027-01-26 12:20:00,ingreso operativo,Reservas (sim),Ingreso simulado por reserva,150000.0
2027-01-26 12:20:00,costo operativo,leña,leña,1500.0
2027-01-26 12:20:00,costo operativo,agua,agua,700.0
2027-01-26 12:20:00,costo operativo,luz,luz,520.0
2027-01-26 12:20:00,costo operativo,gas,gas,10000.0
2027-01-26 12:30:00,ingreso operativo,Reservas (sim),Ingreso simulado por reserva,150000.0
2027-01-26 12:30:00,costo operativo,agua,agua,700.0
2027-01-26 12:30:00,costo operativo,luz,luz,520.0
2027-01-26 12:30:00,costo operativo,gas,gas,10000.0
2027-01-26 12:30:00,costo operativo,leña,leña,1500.0
2027-01-26 12:40:00,costo operativo,luz,luz,520.0
2027-01-26 12:40:00,costo operativo,leña,leña,1500.0
2027-01-26 12:40:00,costo operativo,agua,agua,700.0
2027-01-26 12:40:00,ingreso operativo,Reservas (sim),Ingreso simulado por reserva,150000.0
2027-01-26 12:40:00,costo operativo,gas,gas,10000.0
2027-01-26 20:00:00,costo operativo,pago extra ayudante (diario),pago extra ayudante (diario),80000.0
2027-01-27 12:00:00,ingreso operativo,Reservas (sim),Ingreso simulado por reserva,150000.0
2027-01-27 12:00:00,costo operativo,leña,leña,1500.0
2027-01-27 12:00:00,costo operativo,agua,agua,700.0
2027-01-27 12:00:00,costo operativo,luz,luz,520.0
2027-01-27 12:00:00,costo operativo,gas,gas,10000.0
2027-01-27 12:10:00,costo operativo,luz,luz,520.0
2027-01-27 12:10:00,ingreso operativo,Reservas (sim),Ingreso simulado por reserva,150000.0
2027-01-27 12:10:00,costo operativo,gas,gas,10000.0
2027-01-27 12:10:00,costo operativo,leña,leña,1500.0
2027-01-27 12:10:00,costo operativo,agua,agua,700.0
2027-01-27 12:20:00,costo operativo,luz,luz,520.0
2027-01-27 12:20:00,costo operativo,agua,agua,700.0
2027-01-27 12:20:00,costo operativo,leña,leña,1500.0
2027-01-27 12:20:00,costo operativo,gas,gas,10000.0
2027-01-27 12:20:00,ingreso operativo,Reservas (sim),Ingreso simulado por reserva,150000.0
2027-01-27 20:00:00,costo operativo,pago extra ayudante (diario),pago extra ayudante (diario),60000.0
2027-01-28 12:00:00,ingreso operativo,Reservas (sim),Ingreso simulado por reserva,150000.0
2027-01-28 12:00:00,costo operativo,leña,leña,1500.0
2027-01-28 12:00:00,costo operativo,agua,agua,700.0
2027-01-28 12:00:00,costo operativo,luz,luz,520.0
2027-01-28 12:00:00,costo operativo,gas,gas,10000.0
2027-01-28 12:10:00,ingreso operativo,Reservas (sim),Ingreso simulado por reserva,150000.0
2027-01-28 12:10:00,costo operativo,gas,gas,10000.0
2027-01-28 12:10:00,costo operativo,luz,luz,520.0
2027-01-28 12:10:00,costo operativo,agua,agua,700.0
2027-01-28 12:10:00,costo operativo,leña,leña,1500.0
2027-01-28 12:20:00,costo operativo,agua,agua,700.0
2027-01-28 12:20:00,ingreso operativo,Reservas (sim),Ingreso simulado por reserva,150000.0
2027-01-28 12:20:00,costo operativo,luz,luz,520.0
2027-01-28 12:20:00,costo operativo,leña,leña,1500.0
2027-01-28 12:20:00,costo operativo,gas,gas,10000.0
2027-01-28 20:00:00,costo operativo,pago extra ayudante (diario),pago extra ayudante (diario),60000.0
2027-01-29 12:00:00,costo operativo,leña,leña,1500.0
2027-01-29 12:00:00,costo operativo,luz,luz,520.0
2027-01-29 12:00:00,costo operativo,gas,gas,10000.0
2027-01-29 12:00:00,ingreso operativo,Reservas (sim),Ingreso simulado por reserva,150000.0
2027-01-29 12:00:00,costo operativo,agua,agua,700.0
2027-01-29 12:10:00,costo operativo,leña,leña,1500.0
2027-01-29 12:10:00,costo operativo,agua,agua,700.0
2027-01-29 12:10:00,costo operativo,luz,luz,520.0
2027-01-29 12:10:00,costo operativo,gas,gas,10000.0
2027-01-29 12:10:00,ingreso operativo,Reservas (sim),Ingreso simulado por reserva,150000.0
2027-01-29 12:20:00,costo operativo,agua,agua,700.0
2027-01-29 12:20:00,costo operativo,leña,leña,1500.0
2027-01-29 12:20:00,ingreso operativo,Reservas (sim),Ingreso simulado por reserva,150000.0
2027-01-29 12:20:00,costo operativo,luz,luz,520.0
2027-01-29 12:20:00,costo operativo,gas,gas,10000.0
2027-01-29 20:00:00,costo operativo,pago extra ayudante (diario),pago extra ayudante (diario),60000.0
2027-01-30 12:00:00,costo operativo,gas,gas,10000.0
2027-01-30 12:00:00,costo operativo,luz,luz,520.0
2027-01-30 12:00:00,ingreso operativo,Reservas (sim),Ingreso simulado por reserva,150000.0
2027-01-30 12:00:00,costo operativo,leña,leña,1500.0
2027-01-30 12:00:00,costo operativo,gas,gas,10000.0
2027-01-30 12:00:00,costo operativo,luz,luz,520.0
2027-01-30 12:00:00,costo operativo,leña,leña,1500.0
2027-01-30 12:00:00,ingreso operativo,Reservas (sim),Ingreso simulado por reserva,150000.0
2027-01-30 12:00:00,costo operativo,agua,agua,700.0
2027-01-30 12:00:00,costo operativo,agua,agua,700.0
2027-01-30 12:10:00,costo operativo,gas,gas,10000.0
2027-01-30 12:10:00,ingreso operativo,Reservas (sim),Ingreso simulado por reserva,150000.0
2027-01-30 12:10:00,ingreso operativo,Reservas (sim),Ingreso simulado por reserva,150000.0
2027-01-30 12:10:00,costo operativo,leña,leña,1500.0
2027-01-30 12:10:00,costo operativo,agua,agua,700.0
2027-01-30 12:10:00,costo operativo,luz,luz,520.0
2027-01-30 12:10:00,costo operativo,leña,leña,1500.0
2027-01-30 12:10:00,costo operativo,gas,gas,10000.0
2027-01-30 12:10:00,costo operativo,agua,agua,700.0
2027-01-30 12:10:00,costo operativo,luz,luz,520.0
2027-01-30 12:20:00,costo operativo,leña,leña,1500.0
2027-01-30 12:20:00,costo operativo,agua,agua,700.0
2027-01-30 12:20:00,costo operativo,gas,gas,10000.0
2027-01-30 12:20:00,costo operativo,luz,luz,520.0
2027-01-30 12:20:00,ingreso operativo,Reservas (sim),Ingreso simulado por reserva,150000.0
2027-01-30 12:30:00,costo operativo,agua,agua,700.0
2027-01-30 12:30:00,costo operativo,leña,leña,1500.0
2027-01-30 12:30:00,ingreso operativo,Reservas (sim),Ingreso simulado por reserva,150000.0
2027-01-30 12:30:00,costo operativo,gas,gas,10000.0
2027-01-30 12:30:00,costo operativo,luz,luz,520.0
2027-01-30 12:40:00,costo operativo,leña,leña,1500.0
2027-01-30 12:40:00,costo operativo,agua,agua,700.0
2027-01-30 12:40:00,costo operativo,luz,luz,520.0
2027-01-30 12:40:00,costo operativo,gas,gas,10000.0
2027-01-30 12:40:00,ingreso operativo,Reservas (sim),Ingreso simulado por reserva,150000.0
2027-01-30 12:50:00,costo operativo,agua,agua,700.0
2027-01-30 12:50:00,costo operativo,leña,leña,1500.0
2027-01-30 12:50:00,costo operativo,gas,gas,10000.0
2027-01-30 12:50:00,costo operativo,luz,luz,520.0
2027-01-30 12:50:00,ingreso operativo,Reservas (sim),Ingreso simulado por reserva,150000.0
2027-01-30 20:00:00,costo operativo,pago extra ayudante (diario),pago extra ayudante (diario),100000.0
2027-01-31 12:00:00,ingreso operativo,Reservas (sim),Ingreso simulado por reserva,150000.0
2027-01-31 12:00:00,costo operativo,leña,leña,1500.0
2027-01-31 12:00:00,costo operativo,agua,agua,700.0
2027-01-31 12:00:00,costo operativo,gas,gas,10000.0
2027-01-31 12:00:00,costo operativo,luz,luz,520.0
2027-01-31 12:00:00,costo operativo,agua,agua,700.0
2027-01-31 12:00:00,costo operativo,leña,leña,1500.0
2027-01-31 12:00:00,costo operativo,gas,gas,10000.0
2027-01-31 12:00:00,costo operativo,luz,luz,520.0
2027-01-31 12:00:00,ingreso operativo,Reservas (sim),Ingreso simulado por reserva,150000.0
2027-01-31 12:10:00,ingreso operativo,Reservas (sim),Ingreso simulado por reserva,150000.0
2027-01-31 12:10:00,costo operativo,leña,leña,1500.0
2027-01-31 12:10:00,costo operativo,agua,agua,700.0
2027-01-31 12:10:00,costo operativo,luz,luz,520.0
2027-01-31 12:10:00,costo operativo,gas,gas,10000.0
2027-01-31 12:20:00,ingreso operativo,Reservas (sim),Ingreso simulado por reserva,150000.0
2027-01-31 12:20:00,costo operativo,agua,agua,700.0
2027-01-31 12:20:00,costo operativo,leña,leña,1500.0
2027-01-31 12:20:00,costo operativo,gas,gas,10000.0
2027-01-31 12:20:00,costo operativo,luz,luz,520.0
2027-01-31 12:30:00,costo operativo,leña,leña,1500.0
2027-01-31 12:30:00,costo operativo,agua,agua,700.0
2027-01-31 12:30:00,costo operativo,luz,luz,520.0
2027-01-31 12:30:00,costo operativo,gas,gas,10000.0
2027-01-31 12:30:00,ingreso operativo,Reservas (sim),Ingreso simulado por reserva,150000.0
2027-01-31 12:40:00,costo operativo,leña,leña,1500.0
2027-01-31 12:40:00,costo operativo,luz,luz,520.0
2027-01-31 12:40:00,ingreso operativo,Reservas (sim),Ingreso simulado por reserva,150000.0
2027-01-31 12:40:00,costo operativo,agua,agua,700.0
2027-01-31 12:40:00,costo operativo,gas,gas,10000.0
2027-01-31 12:50:00,ingreso operativo,Reservas (sim),Ingreso simulado por reserva,150000.0
2027-01-31 12:50:00,costo operativo,agua,agua,700.0
2027-01-31 12:50:00,costo operativo,leña,leña,1500.0
2027-01-31 12:50:00,costo operativo,gas,gas,10000.0
2027-01-31 12:50:00,costo operativo,luz,luz,520.0
2027-01-31 18:00:00,Costos de Marketing,Simulación,Gasto marketing mensual simulado,300000.0
2027-01-31 18:00:00,costos fijos,Simulación,Costo fijo mensual simulado,700000.0
2027-01-31 20:00:00,costo operativo,pago extra ayudante (diario),pago extra ayudante (diario),100000.0
2027-02-01 12:00:00,ingreso operativo,Reservas (sim),Ingreso simulado por reserva,150000.0
2027-02-01 12:00:00,costo operativo,leña,leña,1500.0
2027-02-01 12:00:00,costo operativo,agua,agua,700.0
2027-02-01 12:00:00,costo operativo,luz,luz,520.0
2027-02-01 12:00:00,costo operativo,gas,gas,10000.0
2027-02-01 12:10:00,costo operativo,luz,luz,520.0
2027-02-01 12:10:00,ingreso operativo,Reservas (sim),Ingreso simulado por reserva,150000.0
2027-02-01 12:10:00,costo operativo,leña,leña,1500.0
2027-02-01 12:10:00,costo operativo,agua,agua,700.0
2027-02-01 12:10:00,costo operativo,gas,gas,10000.0
2027-02-01 12:20:00,ingreso operativo,Reservas (sim),Ingreso simulado por reserva,150000.0
2027-02-01 12:20:00,costo operativo,luz,luz,520.0
2027-02-01 12:20:00,costo operativo,gas,gas,10000.0
2027-02-01 12:20:00,costo operativo,leña,leña,1500.0
2027-02-01 12:20:00,costo operativo,agua,agua,700.0
2027-02-01 12:30:00,ingreso operativo,Reservas (sim),Ingreso simulado por reserva,150000.0
2027-02-01 12:30:00,costo operativo,gas,gas,10000.0
2027-02-01 12:30:00,costo operativo,luz,luz,520.0
2027-02-01 12:30:00,costo operativo,agua,agua,700.0
2027-02-01 12:30:00,costo operativo,leña,leña,1500.0
2027-02-01 20:00:00,costo operativo,pago extra ayudante (diario),pago extra ayudante (diario),70000.0
2027-02-02 12:00:00,costo operativo,luz,luz,520.0
2027-02-02 12:00:00,costo operativo,leña,leña,1500.0
2027-02-02 12:00:00,costo operativo,agua,agua,700.0
2027-02-02 12:00:00,costo operativo,gas,gas,10000.0
2027-02-02 12:00:00,ingreso operativo,Reservas (sim),Ingreso simulado por reserva,150000.0
2027-02-02 12:10:00,costo operativo,agua,agua,700.0
2027-02-02 12:10:00,costo operativo,luz,luz,520.0
2027-02-02 12:10:00,ingreso operativo,Reservas (sim),Ingreso simulado por reserva,150000.0
2027-02-02 12:10:00,costo operativo,gas,gas,10000.0
2027-02-02 12:10:00,costo operativo,leña,leña,1500.0
2027-02-02 12:20:00,costo operativo,leña,leña,1500.0
2027-02-02 12:20:00,costo operativo,agua,agua,700.0
2027-02-02 12:20:00,ingreso operativo,Reservas (sim),Ingreso simulado por reserva,150000.0
2027-02-02 12:20:00,costo operativo,luz,luz,520.0
2027-02-02 12:20:00,costo operativo,gas,gas,10000.0
2027-02-02 20:00:00,costo operativo,pago extra ayudante (diario),pago extra ayudante (diario),60000.0
2027-02-03 12:00:00,costo operativo,leña,leña,1500.0
2027-02-03 12:00:00,costo operativo,luz,luz,520.0
2027-02-03 12:00:00,ingreso operativo,Reservas (sim),Ingreso simulado por reserva,150000.0
2027-02-03 12:00:00,costo operativo,agua,agua,700.0
2027-02-03 12:00:00,costo operativo,gas,gas,10000.0
2027-02-03 12:10:00,costo operativo,leña,leña,1500.0
2027-02-03 12:10:00,costo operativo,agua,agua,700.0
2027-02-03 12:10:00,costo operativo,luz,luz,520.0
2027-02-03 12:10:00,costo operativo,gas,gas,10000.0
2027-02-03 12:10:00,ingreso operativo,Reservas (sim),Ingreso simulado por reserva,150000.0
2027-02-03 12:20:00,ingreso operativo,Reservas (sim),Ingreso simulado por reserva,150000.0
2027-02-03 12:20:00,costo operativo,leña,leña,1500.0
2027-02-03 12:20:00,costo operativo,agua,agua,700.0
2027-02-03 12:20:00,costo operativo,luz,luz,520.0
2027-02-03 12:20:00,costo operativo,gas,gas,10000.0
2027-02-03 12:30:00,ingreso operativo,Reservas (sim),Ingreso simulado por reserva,150000.0
2027-02-03 12:30:00,costo operativo,leña,leña,1500.0
2027-02-03 12:30:00,costo operativo,agua,agua,700.0
2027-02-03 12:30:00,costo operativo,luz,luz,520.0
2027-02-03 12:30:00,costo operativo,gas,gas,10000.0
2027-02-03 12:40:00,ingreso operativo,Reservas (sim),Ingreso simulado por reserva,150000.0
2027-02-03 12:40:00,costo operativo,leña,leña,1500.0
2027-02-03 12:40:00,costo operativo,agua,agua,700.0
2027-02-03 12:40:00,costo operativo,luz,luz,520.0
2027-02-03 12:40:00,costo operativo,gas,gas,10000.0
2027-02-03 12:50:00,costo operativo,gas,gas,10000.0
2027-02-03 12:50:00,costo operativo,luz,luz,520.0
2027-02-03 12:50:00,costo operativo,leña,leña,1500.0
2027-02-03 12:50:00,ingreso operativo,Reservas (sim),Ingreso simulado por reserva,150000.0
2027-02-03 12:50:00,costo operativo,agua,agua,700.0
2027-02-03 20:00:00,costo operativo,pago extra ayudante (diario),pago extra ayudante (diario),90000.0
2027-02-04 12:00:00,costo operativo,leña,leña,1500.0
2027-02-04 12:00:00,costo operativo,agua,agua,700.0
2027-02-04 12:00:00,costo operativo,luz,luz,520.0
2027-02-04 12:00:00,costo operativo,gas,gas,10000.0
2027-02-04 12:00:00,ingreso operativo,Reservas (sim),Ingreso simulado por reserva,150000.0
2027-02-04 12:10:00,costo operativo,agua,agua,700.0
2027-02-04 12:10:00,costo operativo,luz,luz,520.0
2027-02-04 12:10:00,costo operativo,gas,gas,10000.0
2027-02-04 12:10:00,costo operativo,leña,leña,1500.0
2027-02-04 12:10:00,ingreso operativo,Reservas (sim),Ingreso simulado por reserva,150000.0
2027-02-04 12:20:00,ingreso operativo,Reservas (sim),Ingreso simulado por reserva,150000.0
2027-02-04 12:20:00,costo operativo,luz,luz,520.0
2027-02-04 12:20:00,costo operativo,agua,agua,700.0
2027-02-04 12:20:00,costo operativo,leña,leña,1500.0
2027-02-04 12:20:00,costo operativo,gas,gas,10000.0
2027-02-04 12:30:00,ingreso operativo,Reservas (sim),Ingreso simulado por reserva,150000.0
2027-02-04 12:30:00,costo operativo,leña,leña,1500.0
2027-02-04 12:30:00,costo operativo,agua,agua,700.0
2027-02-04 12:30:00,costo operativo,luz,luz,520.0
2027-02-04 12:30:00,costo operativo,gas,gas,10000.0
2027-02-04 12:40:00,ingreso operativo,Reservas (sim),Ingreso simulado por reserva,150000.0
2027-02-04 12:40:00,costo operativo,leña,leña,1500.0
2027-02-04 12:40:00,costo operativo,agua,agua,700.0
2027-02-04 12:40:00,costo operativo,luz,luz,520.0
2027-02-04 12:40:00,costo operativo,gas,gas,10000.0
2027-02-04 12:50:00,costo operativo,luz,luz,520.0
2027-02-04 12:50:00,costo operativo,agua,agua,700.0
2027-02-04 12:50:00,costo operativo,gas,gas,10000.0
2027-02-04 12:50:00,costo operativo,leña,leña,1500.0
2027-02-04 12:50:00,ingreso operativo,Reservas (sim),Ingreso simulado por reserva,150000.0
2027-02-04 20:00:00,costo operativo,pago extra ayudante (diario),pago extra ayudante (diario),90000.0
2027-02-05 12:00:00,costo operativo,leña,leña,1500.0
2027-02-05 12:00:00,costo operativo,agua,agua,700.0
2027-02-05 12:00:00,ingreso operativo,Reservas (sim),Ingreso simulado por reserva,150000.0
2027-02-05 12:00:00,costo operativo,luz,luz,520.0
2027-02-05 12:00:00,costo operativo,gas,gas,10000.0
2027-02-05 12:10:00,costo operativo,leña,leña,1500.0
2027-02-05 12:10:00,costo operativo,gas,gas,10000.0
2027-02-05 12:10:00,ingreso operativo,Reservas (sim),Ingreso simulado por reserva,150000.0
2027-02-05 12:10:00,costo operativo,luz,luz,520.0
2027-02-05 12:10:00,costo operativo,agua,agua,700.0
2027-02-05 20:00:00,costo operativo,pago extra ayudante (diario),pago extra ayudante (diario),45000.0
2027-02-06 12:00:00,costo operativo,luz,luz,520.0
2027-02-06 12:00:00,costo operativo,gas,gas,10000.0
2027-02-06 12:00:00,costo operativo,leña,leña,1500.0
2027-02-06 12:00:00,ingreso operativo,Reservas (sim),Ingreso simulado por reserva,150000.0
2027-02-06 12:00:00,ingreso operativo,Reservas (sim),Ingreso simulado por reserva,150000.0
2027-02-06 12:00:00,costo operativo,leña,leña,1500.0
2027-02-06 12:00:00,costo operativo,agua,agua,700.0
2027-02-06 12:00:00,costo operativo,luz,luz,520.0
2027-02-06 12:00:00,costo operativo,gas,gas,10000.0
2027-02-06 12:00:00,costo operativo,agua,agua,700.0
2027-02-06 12:10:00,costo operativo,luz,luz,520.0
2027-02-06 12:10:00,costo operativo,agua,agua,700.0
2027-02-06 12:10:00,costo operativo,leña,leña,1500.0
2027-02-06 12:10:00,costo operativo,gas,gas,10000.0
2027-02-06 12:10:00,costo operativo,luz,luz,520.0
2027-02-06 12:10:00,costo operativo,agua,agua,700.0
2027-02-06 12:10:00,costo operativo,leña,leña,1500.0
2027-02-06 12:10:00,ingreso operativo,Reservas (sim),Ingreso simulado por reserva,150000.0
2027-02-06 12:10:00,costo operativo,gas,gas,10000.0
2027-02-06 12:10:00,ingreso operativo,Reservas (sim),Ingreso simulado por reserva,150000.0
2027-02-06 12:20:00,costo operativo,agua,agua,700.0
2027-02-06 12:20:00,costo operativo,gas,gas,10000.0
2027-02-06 12:20:00,costo operativo,luz,luz,520.0
2027-02-06 12:20:00,costo operativo,agua,agua,700.0
2027-02-06 12:20:00,ingreso operativo,Reservas (sim),Ingreso simulado por reserva,150000.0
2027-02-06 12:20:00,ingreso operativo,Reservas (sim),Ingreso simulado por reserva,150000.0
2027-02-06 12:20:00,costo operativo,leña,leña,1500.0
2027-02-06 12:20:00,costo operativo,gas,gas,10000.0
2027-02-06 12:20:00,costo operativo,luz,luz,520.0
2027-02-06 12:20:00,costo operativo,leña,leña,1500.0
2027-02-06 12:30:00,costo operativo,luz,luz,520.0
2027-02-06 12:30:00,costo operativo,agua,agua,700.0
2027-02-06 12:30:00,costo operativo,leña,leña,1500.0
2027-02-06 12:30:00,costo operativo,gas,gas,10000.0
2027-02-06 12:30:00,ingreso operativo,Reservas (sim),Ingreso simulado por reserva,150000.0
2027-02-06 12:40:00,costo operativo,gas,gas,10000.0
2027-02-06 12:40:00,costo operativo,luz,luz,520.0
2027-02-06 12:40:00,costo operativo,agua,agua,700.0
2027-02-06 12:40:00,costo operativo,leña,leña,1500.0
2027-02-06 12:40:00,ingreso operativo,Reservas (sim),Ingreso simulado por reserva,150000.0
2027-02-06 12:50:00,costo operativo,leña,leña,1500.0
2027-02-06 12:50:00,ingreso operativo,Reservas (sim),Ingreso simulado por reserva,150000.0
2027-02-06 12:50:00,costo operativo,gas,gas,10000.0
2027-02-06 12:50:00,costo operativo,agua,agua,700.0
2027-02-06 12:50:00,costo operativo,luz,luz,520.0
2027-02-06 20:00:00,costo operativo,pago extra ayudante (diario),pago extra ayudante (diario),100000.0
2027-02-07 12:00:00,costo operativo,luz,luz,520.0
2027-02-07 12:00:00,costo operativo,agua,agua,700.0
2027-02-07 12:00:00,costo operativo,leña,leña,1500.0
2027-02-07 12:00:00,costo operativo,luz,luz,520.0
2027-02-07 12:00:00,costo operativo,leña,leña,1500.0
2027-02-07 12:00:00,costo operativo,gas,gas,10000.0
2027-02-07 12:00:00,costo operativo,luz,luz,520.0
2027-02-07 12:00:00,costo operativo,agua,agua,700.0
2027-02-07 12:00:00,costo operativo,agua,agua,700.0
2027-02-07 12:00:00,costo operativo,leña,leña,1500.0
2027-02-07 12:00:00,costo operativo,gas,gas,10000.0
2027-02-07 12:00:00,ingreso operativo,Reservas (sim),Ingreso simulado por reserva,150000.0
2027-02-07 12:00:00,ingreso operativo,Reservas (sim),Ingreso simulado por reserva,150000.0
2027-02-07 12:00:00,ingreso operativo,Reservas (sim),Ingreso simulado por reserva,150000.0
2027-02-07 12:00:00,costo operativo,gas,gas,10000.0
2027-02-07 12:10:00,costo operativo,leña,leña,1500.0
2027-02-07 12:10:00,ingreso operativo,Reservas (sim),Ingreso simulado por reserva,150000.0
2027-02-07 12:10:00,ingreso operativo,Reservas (sim),Ingreso simulado por reserva,150000.0
2027-02-07 12:10:00,costo operativo,agua,agua,700.0
2027-02-07 12:10:00,ingreso operativo,Reservas (sim),Ingreso simulado por reserva,150000.0
2027-02-07 12:10:00,costo operativo,luz,luz,520.0
2027-02-07 12:10:00,costo operativo,gas,gas,10000.0
2027-02-07 12:10:00,costo operativo,gas,gas,10000.0
2027-02-07 12:10:00,costo operativo,agua,agua,700.0
2027-02-07 12:10:00,costo operativo,luz,luz,520.0
2027-02-07 12:10:00,costo operativo,leña,leña,1500.0
2027-02-07 12:10:00,costo operativo,gas,gas,10000.0
2027-02-07 12:10:00,costo operativo,luz,luz,520.0
2027-02-07 12:10:00,costo operativo,agua,agua,700.0
2027-02-07 12:10:00,costo operativo,leña,leña,1500.0
2027-02-07 12:20:00,costo operativo,agua,agua,700.0
2027-02-07 12:20:00,costo operativo,luz,luz,520.0
2027-02-07 12:20:00,ingreso operativo,Reservas (sim),Ingreso simulado por reserva,150000.0
2027-02-07 12:20:00,costo operativo,gas,gas,10000.0
2027-02-07 12:20:00,ingreso operativo,Reservas (sim),Ingreso simulado por reserva,150000.0
2027-02-07 12:20:00,costo operativo,leña,leña,1500.0
2027-02-07 12:20:00,costo operativo,agua,agua,700.0
2027-02-07 12:20:00,costo operativo,luz,luz,520.0
2027-02-07 12:20:00,costo operativo,gas,gas,10000.0
2027-02-07 12:20:00,costo operativo,leña,leña,1500.0
2027-02-07 12:30:00,ingreso operativo,Reservas (sim),Ingreso simulado por reserva,150000.0
2027-02-07 12:30:00,ingreso operativo,Reservas (sim),Ingreso simulado por reserva,150000.0
2027-02-07 12:30:00,costo operativo,luz,luz,520.0
2027-02-07 12:30:00,costo operativo,agua,agua,700.0
2027-02-07 12:30:00,costo operativo,gas,gas,10000.0
2027-02-07 12:30:00,costo operativo,gas,gas,10000.0
2027-02-07 12:30:00,costo operativo,luz,luz,520.0
2027-02-07 12:30:00,costo operativo,agua,agua,700.0
2027-02-07 12:30:00,costo operativo,leña,leña,1500.0
2027-02-07 12:30:00,costo operativo,leña,leña,1500.0
2027-02-07 12:40:00,costo operativo,luz,luz,520.0
2027-02-07 12:40:00,costo operativo,leña,leña,1500.0
2027-02-07 12:40:00,costo operativo,agua,agua,700.0
2027-02-07 12:40:00,costo operativo,luz,luz,520.0
2027-02-07 12:40:00,costo operativo,gas,gas,10000.0
2027-02-07 12:40:00,costo operativo,leña,leña,1500.0
2027-02-07 12:40:00,costo operativo,gas,gas,10000.0
2027-02-07 12:40:00,costo operativo,agua,agua,700.0
2027-02-07 12:40:00,ingreso operativo,Reservas (sim),Ingreso simulado por reserva,150000.0
2027-02-07 12:40:00,ingreso operativo,Reservas (sim),Ingreso simulado por reserva,150000.0
2027-02-07 12:50:00,costo operativo,gas,gas,10000.0
2027-02-07 12:50:00,costo operativo,leña,leña,1500.0
2027-02-07 12:50:00,ingreso operativo,Reservas (sim),Ingreso simulado por reserva,150000.0
2027-02-07 12:50:00,ingreso operativo,Reservas (sim),Ingreso simulado por reserva,150000.0
2027-02-07 12:50:00,costo operativo,luz,luz,520.0
2027-02-07 12:50:00,costo operativo,agua,agua,700.0
2027-02-07 12:50:00,costo operativo,gas,gas,10000.0
2027-02-07 12:50:00,costo operativo,luz,luz,520.0
2027-02-07 12:50:00,costo operativo,leña,leña,1500.0
2027-02-07 12:50:00,costo operativo,agua,agua,700.0
2027-02-07 20:00:00,costo operativo,pago extra ayudante (diario),pago extra ayudante (diario),100000.0
2027-02-08 12:00:00,costo operativo,gas,gas,10000.0
2027-02-08 12:00:00,costo operativo,luz,luz,520.0
2027-02-08 12:00:00,costo operativo,agua,agua,700.0
2027-02-08 12:00:00,costo operativo,leña,leña,1500.0
2027-02-08 12:00:00,ingreso operativo,Reservas (sim),Ingreso simulado por reserva,150000.0
2027-02-08 12:10:00,ingreso operativo,Reservas (sim),Ingreso simulado por reserva,150000.0
2027-02-08 12:10:00,costo operativo,agua,agua,700.0
2027-02-08 12:10:00,costo operativo,gas,gas,10000.0
2027-02-08 12:10:00,costo operativo,luz,luz,520.0
2027-02-08 12:10:00,costo operativo,leña,leña,1500.0
2027-02-08 20:00:00,costo operativo,pago extra ayudante (diario),pago extra ayudante (diario),45000.0
2027-02-09 12:00:00,costo operativo,leña,leña,1500.0
2027-02-09 12:00:00,costo operativo,gas,gas,10000.0
2027-02-09 12:00:00,costo operativo,luz,luz,520.0
2027-02-09 12:00:00,costo operativo,agua,agua,700.0
2027-02-09 12:00:00,ingreso operativo,Reservas (sim),Ingreso simulado por reserva,150000.0
2027-02-09 12:10:00,ingreso operativo,Reservas (sim),Ingreso simulado por reserva,150000.0
2027-02-09 12:10:00,costo operativo,gas,gas,10000.0
2027-02-09 12:10:00,costo operativo,luz,luz,520.0
2027-02-09 12:10:00,costo operativo,agua,agua,700.0
2027-02-09 12:10:00,costo operativo,leña,leña,1500.0
2027-02-09 12:20:00,costo operativo,gas,gas,10000.0
2027-02-09 12:20:00,costo operativo,leña,leña,1500.0
2027-02-09 12:20:00,ingreso operativo,Reservas (sim),Ingreso simulado por reserva,150000.0
2027-02-09 12:20:00,costo operativo,agua,agua,700.0
2027-02-09 12:20:00,costo operativo,luz,luz,520.0
2027-02-09 12:30:00,costo operativo,leña,leña,1500.0
2027-02-09 12:30:00,costo operativo,agua,agua,700.0
2027-02-09 12:30:00,costo operativo,gas,gas,10000.0
2027-02-09 12:30:00,costo operativo,luz,luz,520.0
2027-02-09 12:30:00,ingreso operativo,Reservas (sim),Ingreso simulado por reserva,150000.0
2027-02-09 20:00:00,costo operativo,pago extra ayudante (diario),pago extra ayudante (diario),70000.0
2027-02-10 12:00:00,costo operativo,luz,luz,520.0
2027-02-10 12:00:00,costo operativo,agua,agua,700.0
2027-02-10 12:00:00,costo operativo,leña,leña,1500.0
2027-02-10 12:00:00,costo operativo,gas,gas,10000.0
2027-02-10 12:00:00,ingreso operativo,Reservas (sim),Ingreso simulado por reserva,150000.0
2027-02-10 12:10:00,costo operativo,luz,luz,520.0
2027-02-10 12:10:00,ingreso operativo,Reservas (sim),Ingreso simulado por reserva,150000.0
2027-02-10 12:10:00,costo operativo,gas,gas,10000.0
2027-02-10 12:10:00,costo operativo,agua,agua,700.0
2027-02-10 12:10:00,costo operativo,leña,leña,1500.0
2027-02-10 12:20:00,costo operativo,gas,gas,10000.0
2027-02-10 12:20:00,costo operativo,luz,luz,520.0
2027-02-10 12:20:00,costo operativo,leña,leña,1500.0
2027-02-10 12:20:00,costo operativo,agua,agua,700.0
2027-02-10 12:20:00,ingreso operativo,Reservas (sim),Ingreso simulado por reserva,150000.0
2027-02-10 12:30:00,costo operativo,gas,gas,10000.0
2027-02-10 12:30:00,ingreso operativo,Reservas (sim),Ingreso simulado por reserva,150000.0
2027-02-10 12:30:00,costo operativo,leña,leña,1500.0
2027-02-10 12:30:00,costo operativo,agua,agua,700.0
2027-02-10 12:30:00,costo operativo,luz,luz,520.0
2027-02-10 12:40:00,ingreso operativo,Reservas (sim),Ingreso simulado por reserva,150000.0
2027-02-10 12:40:00,costo operativo,luz,luz,520.0
2027-02-10 12:40:00,costo operativo,agua,agua,700.0
2027-02-10 12:40:00,costo operativo,gas,gas,10000.0
2027-02-10 12:40:00,costo operativo,leña,leña,1500.0
2027-02-10 12:50:00,costo operativo,leña,leña,1500.0
2027-02-10 12:50:00,costo operativo,agua,agua,700.0
2027-02-10 12:50:00,costo operativo,gas,gas,10000.0
2027-02-10 12:50:00,ingreso operativo,Reservas (sim),Ingreso simulado por reserva,150000.0
2027-02-10 12:50:00,costo operativo,luz,luz,520.0
2027-02-10 20:00:00,costo operativo,pago extra ayudante (diario),pago extra ayudante (diario),90000.0
2027-02-11 12:00:00,ingreso operativo,Reservas (sim),Ingreso simulado por reserva,150000.0
2027-02-11 12:00:00,costo operativo,agua,agua,700.0
2027-02-11 12:00:00,costo operativo,luz,luz,520.0
2027-02-11 12:00:00,costo operativo,gas,gas,10000.0
2027-02-11 12:00:00,costo operativo,leña,leña,1500.0
2027-02-11 12:10:00,ingreso operativo,Reservas (sim),Ingreso simulado por reserva,150000.0
2027-02-11 12:10:00,costo operativo,leña,leña,1500.0
2027-02-11 12:10:00,costo operativo,agua,agua,700.0
2027-02-11 12:10:00,costo operativo,luz,luz,520.0
2027-02-11 12:10:00,costo operativo,gas,gas,10000.0
2027-02-11 12:20:00,costo operativo,agua,agua,700.0
2027-02-11 12:20:00,ingreso operativo,Reservas (sim),Ingreso simulado por reserva,150000.0
2027-02-11 12:20:00,costo operativo,leña,leña,1500.0
2027-02-11 12:20:00,costo operativo,luz,luz,520.0
2027-02-11 12:20:00,costo operativo,gas,gas,10000.0
2027-02-11 12:30:00,costo operativo,gas,gas,10000.0
2027-02-11 12:30:00,costo operativo,luz,luz,520.0
2027-02-11 12:30:00,ingreso operativo,Reservas (sim),Ingreso simulado por reserva,150000.0
2027-02-11 12:30:00,costo operativo,leña,leña,1500.0
2027-02-11 12:30:00,costo operativo,agua,agua,700.0
2027-02-11 12:40:00,ingreso operativo,Reservas (sim),Ingreso simulado por reserva,150000.0
2027-02-11 12:40:00,costo operativo,gas,gas,10000.0
2027-02-11 12:40:00,costo operativo,luz,luz,520.0
2027-02-11 12:40:00,costo operativo,agua,agua,700.0
2027-02-11 12:40:00,costo operativo,leña,leña,1500.0
2027-02-11 20:00:00,costo operativo,pago extra ayudante (diario),pago extra ayudante (diario),80000.0
2027-02-12 12:00:00,costo operativo,leña,leña,1500.0
2027-02-12 12:00:00,costo operativo,agua,agua,700.0
2027-02-12 12:00:00,costo operativo,luz,luz,520.0
2027-02-12 12:00:00,costo operativo,gas,gas,10000.0
2027-02-12 12:00:00,ingreso operativo,Reservas (sim),Ingreso simulado por reserva,150000.0
2027-02-12 12:10:00,costo operativo,leña,leña,1500.0
2027-02-12 12:10:00,costo operativo,agua,agua,700.0
2027-02-12 12:10:00,costo operativo,luz,luz,520.0
2027-02-12 12:10:00,costo operativo,gas,gas,10000.0
2027-02-12 12:10:00,ingreso operativo,Reservas (sim),Ingreso simulado por reserva,150000.0
2027-02-12 20:00:00,costo operativo,pago extra ayudante (diario),pago extra ayudante (diario),45000.0
2027-02-13 12:00:00,ingreso operativo,Reservas (sim),Ingreso simulado por reserva,150000.0
2027-02-13 12:00:00,ingreso operativo,Reservas (sim),Ingreso simulado por reserva,150000.0
2027-02-13 12:00:00,costo operativo,leña,leña,1500.0
2027-02-13 12:00:00,costo operativo,luz,luz,520.0
2027-02-13 12:00:00,costo operativo,agua,agua,700.0
2027-02-13 12:00:00,costo operativo,luz,luz,520.0
2027-02-13 12:00:00,costo operativo,gas,gas,10000.0
2027-02-13 12:00:00,costo operativo,agua,agua,700.0
2027-02-13 12:00:00,costo operativo,leña,leña,1500.0
2027-02-13 12:00:00,costo operativo,gas,gas,10000.0
2027-02-13 12:10:00,ingreso operativo,Reservas (sim),Ingreso simulado por reserva,150000.0
2027-02-13 12:10:00,ingreso operativo,Reservas (sim),Ingreso simulado por reserva,150000.0
2027-02-13 12:10:00,costo operativo,leña,leña,1500.0
2027-02-13 12:10:00,costo operativo,agua,agua,700.0
2027-02-13 12:10:00,costo operativo,gas,gas,10000.0
2027-02-13 12:10:00,costo operativo,luz,luz,520.0
2027-02-13 12:10:00,costo operativo,agua,agua,700.0
2027-02-13 12:10:00,costo operativo,leña,leña,1500.0
2027-02-13 12:10:00,costo operativo,gas,gas,10000.0
2027-02-13 12:10:00,costo operativo,luz,luz,520.0
2027-02-13 12:20:00,ingreso operativo,Reservas (sim),Ingreso simulado por reserva,150000.0
2027-02-13 12:20:00,costo operativo,agua,agua,700.0
2027-02-13 12:20:00,costo operativo,leña,leña,1500.0
2027-02-13 12:20:00,costo operativo,luz,luz,520.0
2027-02-13 12:20:00,costo operativo,gas,gas,10000.0
2027-02-13 12:30:00,ingreso operativo,Reservas (sim),Ingreso simulado por reserva,150000.0
2027-02-13 12:30:00,costo operativo,agua,agua,700.0
2027-02-13 12:30:00,costo operativo,leña,leña,1500.0
2027-02-13 12:30:00,costo operativo,gas,gas,10000.0
2027-02-13 12:30:00,costo operativo,luz,luz,520.0
2027-02-13 12:40:00,costo operativo,leña,leña,1500.0
2027-02-13 12:40:00,costo operativo,gas,gas,10000.0
2027-02-13 12:40:00,costo operativo,luz,luz,520.0
2027-02-13 12:40:00,costo operativo,agua,agua,700.0
2027-02-13 12:40:00,ingreso operativo,Reservas (sim),Ingreso simulado por reserva,150000.0
2027-02-13 12:50:00,costo operativo,luz,luz,520.0
2027-02-13 12:50:00,costo operativo,agua,agua,700.0
2027-02-13 12:50:00,costo operativo,leña,leña,1500.0
2027-02-13 12:50:00,ingreso operativo,Reservas (sim),Ingreso simulado por reserva,150000.0
2027-02-13 12:50:00,costo operativo,gas,gas,10000.0
2027-02-13 20:00:00,costo operativo,pago extra ayudante (diario),pago extra ayudante (diario),100000.0
2027-02-14 12:00:00,costo operativo,leña,leña,1500.0
2027-02-14 12:00:00,costo operativo,agua,agua,700.0
2027-02-14 12:00:00,costo operativo,agua,agua,700.0
2027-02-14 12:00:00,costo operativo,luz,luz,520.0
2027-02-14 12:00:00,costo operativo,gas,gas,10000.0
2027-02-14 12:00:00,costo operativo,leña,leña,1500.0
2027-02-14 12:00:00,costo operativo,gas,gas,10000.0
2027-02-14 12:00:00,costo operativo,gas,gas,10000.0
2027-02-14 12:00:00,costo operativo,luz,luz,520.0
2027-02-14 12:00:00,ingreso operativo,Reservas (sim),Ingreso simulado por reserva,150000.0
2027-02-14 12:00:00,ingreso operativo,Reservas (sim),Ingreso simulado por reserva,150000.0
2027-02-14 12:00:00,costo operativo,leña,leña,1500.0
2027-02-14 12:00:00,ingreso operativo,Reservas (sim),Ingreso simulado por reserva,150000.0
2027-02-14 12:00:00,costo operativo,agua,agua,700.0
2027-02-14 12:00:00,costo operativo,luz,luz,520.0
2027-02-14 12:10:00,ingreso operativo,Reservas (sim),Ingreso simulado por reserva,150000.0
2027-02-14 12:10:00,ingreso operativo,Reservas (sim),Ingreso simulado por reserva,150000.0
2027-02-14 12:10:00,costo operativo,gas,gas,10000.0
2027-02-14 12:10:00,costo operativo,leña,leña,1500.0
2027-02-14 12:10:00,costo operativo,agua,agua,700.0
2027-02-14 12:10:00,costo operativo,gas,gas,10000.0
2027-02-14 12:10:00,costo operativo,luz,luz,520.0
2027-02-14 12:10:00,costo operativo,agua,agua,700.0
2027-02-14 12:10:00,costo operativo,leña,leña,1500.0
2027-02-14 12:10:00,costo operativo,gas,gas,10000.0
2027-02-14 12:10:00,costo operativo,luz,luz,520.0
2027-02-14 12:10:00,costo operativo,agua,agua,700.0
2027-02-14 12:10:00,costo operativo,leña,leña,1500.0
2027-02-14 12:10:00,costo operativo,luz,luz,520.0
2027-02-14 12:10:00,ingreso operativo,Reservas (sim),Ingreso simulado por reserva,150000.0
2027-02-14 12:20:00,ingreso operativo,Reservas (sim),Ingreso simulado por reserva,150000.0
2027-02-14 12:20:00,costo operativo,agua,agua,700.0
2027-02-14 12:20:00,costo operativo,gas,gas,10000.0
2027-02-14 12:20:00,costo operativo,agua,agua,700.0
2027-02-14 12:20:00,costo operativo,leña,leña,1500.0
2027-02-14 12:20:00,costo operativo,gas,gas,10000.0
2027-02-14 12:20:00,costo operativo,luz,luz,520.0
2027-02-14 12:20:00,ingreso operativo,Reservas (sim),Ingreso simulado por reserva,150000.0
2027-02-14 12:20:00,costo operativo,luz,luz,520.0
2027-02-14 12:20:00,costo operativo,gas,gas,10000.0
2027-02-14 12:20:00,costo operativo,luz,luz,520.0
2027-02-14 12:20:00,costo operativo,agua,agua,700.0
2027-02-14 12:20:00,costo operativo,leña,leña,1500.0
2027-02-14 12:20:00,ingreso operativo,Reservas (sim),Ingreso simulado por reserva,150000.0
2027-02-14 12:20:00,costo operativo,leña,leña,1500.0
2027-02-14 12:30:00,costo operativo,agua,agua,700.0
2027-02-14 12:30:00,costo operativo,gas,gas,10000.0
2027-02-14 12:30:00,costo operativo,luz,luz,520.0
2027-02-14 12:30:00,costo operativo,agua,agua,700.0
2027-02-14 12:30:00,costo operativo,leña,leña,1500.0
2027-02-14 12:30:00,costo operativo,gas,gas,10000.0
2027-02-14 12:30:00,ingreso operativo,Reservas (sim),Ingreso simulado por reserva,150000.0
2027-02-14 12:30:00,costo operativo,agua,agua,700.0
2027-02-14 12:30:00,ingreso operativo,Reservas (sim),Ingreso simulado por reserva,150000.0
2027-02-14 12:30:00,costo operativo,leña,leña,1500.0
2027-02-14 12:30:00,ingreso operativo,Reservas (sim),Ingreso simulado por reserva,150000.0
2027-02-14 12:30:00,costo operativo,luz,luz,520.0
2027-02-14 12:30:00,costo operativo,luz,luz,520.0
2027-02-14 12:30:00,costo operativo,gas,gas,10000.0
2027-02-14 12:30:00,costo operativo,leña,leña,1500.0
2027-02-14 12:40:00,costo operativo,luz,luz,520.0
2027-02-14 12:40:00,ingreso operativo,Reservas (sim),Ingreso simulado por reserva,150000.0
2027-02-14 12:40:00,ingreso operativo,Reservas (sim),Ingreso simulado por reserva,150000.0
2027-02-14 12:40:00,costo operativo,gas,gas,10000.0
2027-02-14 12:40:00,costo operativo,luz,luz,520.0
2027-02-14 12:40:00,ingreso operativo,Reservas (sim),Ingreso simulado por reserva,150000.0
2027-02-14 12:40:00,costo operativo,leña,leña,1500.0
2027-02-14 12:40:00,costo operativo,agua,agua,700.0
2027-02-14 12:40:00,costo operativo,luz,luz,520.0
2027-02-14 12:40:00,costo operativo,agua,agua,700.0
2027-02-14 12:40:00,costo operativo,leña,leña,1500.0
2027-02-14 12:40:00,costo operativo,leña,leña,1500.0
2027-02-14 12:40:00,costo operativo,agua,agua,700.0
2027-02-14 12:40:00,costo operativo,gas,gas,10000.0
2027-02-14 12:40:00,costo operativo,gas,gas,10000.0
2027-02-14 12:50:00,ingreso operativo,Reservas (sim),Ingreso simulado por reserva,150000.0
2027-02-14 12:50:00,ingreso operativo,Reservas (sim),Ingreso simulado por reserva,150000.0
2027-02-14 12:50:00,costo operativo,gas,gas,10000.0
2027-02-14 12:50:00,costo operativo,luz,luz,520.0
2027-02-14 12:50:00,costo operativo,agua,agua,700.0
2027-02-14 12:50:00,costo operativo,gas,gas,10000.0
2027-02-14 12:50:00,costo operativo,luz,luz,520.0
2027-02-14 12:50:00,costo operativo,leña,leña,1500.0
2027-02-14 12:50:00,costo operativo,agua,agua,700.0
2027-02-14 12:50:00,costo operativo,leña,leña,1500.0
2027-02-14 20:00:00,costo operativo,pago extra ayudante (diario),pago extra ayudante (diario),100000.0
2027-02-15 12:00:00,costo operativo,leña,leña,1500.0
2027-02-15 12:00:00,ingreso operativo,Reservas (sim),Ingreso simulado por reserva,150000.0
2027-02-15 12:00:00,costo operativo,agua,agua,700.0
2027-02-15 12:00:00,costo operativo,luz,luz,520.0
2027-02-15 12:00:00,costo operativo,gas,gas,10000.0
2027-02-15 12:10:00,costo operativo,agua,agua,700.0
2027-02-15 12:10:00,ingreso operativo,Reservas (sim),Ingreso simulado por reserva,150000.0
2027-02-15 12:10:00,costo operativo,leña,leña,1500.0
2027-02-15 12:10:00,costo operativo,luz,luz,520.0
2027-02-15 12:10:00,costo operativo,gas,gas,10000.0
2027-02-15 20:00:00,costo operativo,pago extra ayudante (diario),pago extra ayudante (diario),45000.0
2027-02-16 12:00:00,costo operativo,agua,agua,700.0
2027-02-16 12:00:00,costo operativo,gas,gas,10000.0
2027-02-16 12:00:00,ingreso operativo,Reservas (sim),Ingreso simulado por reserva,150000.0
2027-02-16 12:00:00,costo operativo,leña,leña,1500.0
2027-02-16 12:00:00,costo operativo,luz,luz,520.0
2027-02-16 12:10:00,ingreso operativo,Reservas (sim),Ingreso simulado por reserva,150000.0
2027-02-16 12:10:00,costo operativo,agua,agua,700.0
2027-02-16 12:10:00,costo operativo,leña,leña,1500.0
2027-02-16 12:10:00,costo operativo,luz,luz,520.0
2027-02-16 12:10:00,costo operativo,gas,gas,10000.0
2027-02-16 12:20:00,costo operativo,luz,luz,520.0
2027-02-16 12:20:00,costo operativo,leña,leña,1500.0
2027-02-16 12:20:00,ingreso operativo,Reservas (sim),Ingreso simulado por reserva,150000.0
2027-02-16 12:20:00,costo operativo,gas,gas,10000.0
2027-02-16 12:20:00,costo operativo,agua,agua,700.0
2027-02-16 12:30:00,costo operativo,luz,luz,520.0
2027-02-16 12:30:00,costo operativo,agua,agua,700.0
2027-02-16 12:30:00,ingreso operativo,Reservas (sim),Ingreso simulado por reserva,150000.0
2027-02-16 12:30:00,costo operativo,leña,leña,1500.0
2027-02-16 12:30:00,costo operativo,gas,gas,10000.0
2027-02-16 20:00:00,costo operativo,pago extra ayudante (diario),pago extra ayudante (diario),70000.0
2027-02-17 12:00:00,costo operativo,gas,gas,10000.0
2027-02-17 12:00:00,costo operativo,luz,luz,520.0
2027-02-17 12:00:00,costo operativo,agua,agua,700.0
2027-02-17 12:00:00,ingreso operativo,Reservas (sim),Ingreso simulado por reserva,150000.0
2027-02-17 12:00:00,costo operativo,leña,leña,1500.0
2027-02-17 12:10:00,costo operativo,gas,gas,10000.0
2027-02-17 12:10:00,costo operativo,luz,luz,520.0
2027-02-17 12:10:00,costo operativo,agua,agua,700.0
2027-02-17 12:10:00,costo operativo,leña,leña,1500.0
2027-02-17 12:10:00,ingreso operativo,Reservas (sim),Ingreso simulado por reserva,150000.0
2027-02-17 12:20:00,ingreso operativo,Reservas (sim),Ingreso simulado por reserva,150000.0
2027-02-17 12:20:00,costo operativo,luz,luz,520.0
2027-02-17 12:20:00,costo operativo,agua,agua,700.0
2027-02-17 12:20:00,costo operativo,leña,leña,1500.0
2027-02-17 12:20:00,costo operativo,gas,gas,10000.0
2027-02-17 20:00:00,costo operativo,pago extra ayudante (diario),pago extra ayudante (diario),60000.0
2027-02-18 12:00:00,costo operativo,gas,gas,10000.0
2027-02-18 12:00:00,ingreso operativo,Reservas (sim),Ingreso simulado por reserva,150000.0
2027-02-18 12:00:00,costo operativo,leña,leña,1500.0
2027-02-18 12:00:00,costo operativo,agua,agua,700.0
2027-02-18 12:00:00,costo operativo,luz,luz,520.0
2027-02-18 12:10:00,costo operativo,luz,luz,520.0
2027-02-18 12:10:00,costo operativo,agua,agua,700.0
2027-02-18 12:10:00,costo operativo,leña,leña,1500.0
2027-02-18 12:10:00,ingreso operativo,Reservas (sim),Ingreso simulado por reserva,150000.0
2027-02-18 12:10:00,costo operativo,gas,gas,10000.0
2027-02-18 12:20:00,costo operativo,agua,agua,700.0
2027-02-18 12:20:00,costo operativo,luz,luz,520.0
2027-02-18 12:20:00,costo operativo,gas,gas,10000.0
2027-02-18 12:20:00,costo operativo,leña,leña,1500.0
2027-02-18 12:20:00,ingreso operativo,Reservas (sim),Ingreso simulado por reserva,150000.0
2027-02-18 20:00:00,costo operativo,pago extra ayudante (diario),pago extra ayudante (diario),60000.0
2027-02-19 12:00:00,ingreso operativo,Reservas (sim),Ingreso simulado por reserva,150000.0
2027-02-19 12:00:00,costo operativo,gas,gas,10000.0
2027-02-19 12:00:00,costo operativo,luz,luz,520.0
2027-02-19 12:00:00,costo operativo,agua,agua,700.0
2027-02-19 12:00:00,costo operativo,leña,leña,1500.0
2027-02-19 12:10:00,costo operativo,gas,gas,10000.0
2027-02-19 12:10:00,costo operativo,agua,agua,700.0
2027-02-19 12:10:00,costo operativo,leña,leña,1500.0
2027-02-19 12:10:00,costo operativo,luz,luz,520.0
2027-02-19 12:10:00,ingreso operativo,Reservas (sim),Ingreso simulado por reserva,150000.0
2027-02-19 12:20:00,ingreso operativo,Reservas (sim),Ingreso simulado por reserva,150000.0
2027-02-19 12:20:00,costo operativo,leña,leña,1500.0
2027-02-19 12:20:00,costo operativo,agua,agua,700.0
2027-02-19 12:20:00,costo operativo,luz,luz,520.0
2027-02-19 12:20:00,costo operativo,gas,gas,10000.0
2027-02-19 20:00:00,costo operativo,pago extra ayudante (diario),pago extra ayudante (diario),60000.0
2027-02-20 12:00:00,ingreso operativo,Reservas (sim),Ingreso simulado por reserva,150000.0
2027-02-20 12:00:00,costo operativo,gas,gas,10000.0
2027-02-20 12:00:00,costo operativo,luz,luz,520.0
2027-02-20 12:00:00,costo operativo,agua,agua,700.0
2027-02-20 12:00:00,costo operativo,leña,leña,1500.0
2027-02-20 12:00:00,costo operativo,gas,gas,10000.0
2027-02-20 12:00:00,costo operativo,leña,leña,1500.0
2027-02-20 12:00:00,costo operativo,agua,agua,700.0
2027-02-20 12:00:00,ingreso operativo,Reservas (sim),Ingreso simulado por reserva,150000.0
2027-02-20 12:00:00,costo operativo,luz,luz,520.0
2027-02-20 12:10:00,ingreso operativo,Reservas (sim),Ingreso simulado por reserva,150000.0
2027-02-20 12:10:00,costo operativo,agua,agua,700.0
2027-02-20 12:10:00,costo operativo,leña,leña,1500.0
2027-02-20 12:10:00,ingreso operativo,Reservas (sim),Ingreso simulado por reserva,150000.0
2027-02-20 12:10:00,costo operativo,luz,luz,520.0
2027-02-20 12:10:00,costo operativo,leña,leña,1500.0
2027-02-20 12:10:00,costo operativo,agua,agua,700.0
2027-02-20 12:10:00,costo operativo,luz,luz,520.0
2027-02-20 12:10:00,costo operativo,gas,gas,10000.0
2027-02-20 12:10:00,costo operativo,gas,gas,10000.0
2027-02-20 12:20:00,ingreso operativo,Reservas (sim),Ingreso simulado por reserva,150000.0
2027-02-20 12:20:00,costo operativo,gas,gas,10000.0
2027-02-20 12:20:00,costo operativo,luz,luz,520.0
2027-02-20 12:20:00,costo operativo,agua,agua,700.0
2027-02-20 12:20:00,ingreso operativo,Reservas (sim),Ingreso simulado por reserva,150000.0
2027-02-20 12:20:00,costo operativo,gas,gas,10000.0
2027-02-20 12:20:00,costo operativo,luz,luz,520.0
2027-02-20 12:20:00,costo operativo,leña,leña,1500.0
2027-02-20 12:20:00,costo operativo,leña,leña,1500.0
2027-02-20 12:20:00,costo operativo,agua,agua,700.0
2027-02-20 12:30:00,ingreso operativo,Reservas (sim),Ingreso simulado por reserva,150000.0
2027-02-20 12:30:00,ingreso operativo,Reservas (sim),Ingreso simulado por reserva,150000.0
2027-02-20 12:30:00,costo operativo,luz,luz,520.0
2027-02-20 12:30:00,costo operativo,gas,gas,10000.0
2027-02-20 12:30:00,costo operativo,luz,luz,520.0
2027-02-20 12:30:00,costo operativo,agua,agua,700.0
2027-02-20 12:30:00,costo operativo,agua,agua,700.0
2027-02-20 12:30:00,costo operativo,leña,leña,1500.0
2027-02-20 12:30:00,costo operativo,leña,leña,1500.0
2027-02-20 12:30:00,costo operativo,gas,gas,10000.0
2027-02-20 12:40:00,costo operativo,leña,leña,1500.0
2027-02-20 12:40:00,ingreso operativo,Reservas (sim),Ingreso simulado por reserva,150000.0
2027-02-20 12:40:00,costo operativo,gas,gas,10000.0
2027-02-20 12:40:00,costo operativo,luz,luz,520.0
2027-02-20 12:40:00,costo operativo,agua,agua,700.0
2027-02-20 12:40:00,costo operativo,gas,gas,10000.0
2027-02-20 12:40:00,costo operativo,luz,luz,520.0
2027-02-20 12:40:00,costo operativo,agua,agua,700.0
2027-02-20 12:40:00,costo operativo,leña,leña,1500.0
2027-02-20 12:40:00,ingreso operativo,Reservas (sim),Ingreso simulado por reserva,150000.0
2027-02-20 12:50:00,costo operativo,leña,leña,1500.0
2027-02-20 12:50:00,costo operativo,agua,agua,700.0
2027-02-20 12:50:00,costo operativo,luz,luz,520.0
2027-02-20 12:50:00,costo operativo,gas,gas,10000.0
2027-02-20 12:50:00,ingreso operativo,Reservas (sim),Ingreso simulado por reserva,150000.0
2027-02-20 12:50:00,costo operativo,leña,leña,1500.0
2027-02-20 12:50:00,costo operativo,gas,gas,10000.0
2027-02-20 12:50:00,costo operativo,luz,luz,520.0
2027-02-20 12:50:00,costo operativo,agua,agua,700.0
2027-02-20 12:50:00,ingreso operativo,Reservas (sim),Ingreso simulado por reserva,150000.0
2027-02-20 20:00:00,costo operativo,pago extra ayudante (diario),pago extra ayudante (diario),100000.0
2027-02-21 12:00:00,costo operativo,gas,gas,10000.0
2027-02-21 12:00:00,costo operativo,luz,luz,520.0
2027-02-21 12:00:00,costo operativo,gas,gas,10000.0
2027-02-21 12:00:00,costo operativo,leña,leña,1500.0
2027-02-21 12:00:00,costo operativo,agua,agua,700.0
2027-02-21 12:00:00,costo operativo,luz,luz,520.0
2027-02-21 12:00:00,costo operativo,agua,agua,700.0
2027-02-21 12:00:00,costo operativo,leña,leña,1500.0
2027-02-21 12:00:00,ingreso operativo,Reservas (sim),Ingreso simulado por reserva,150000.0
2027-02-21 12:00:00,ingreso operativo,Reservas (sim),Ingreso simulado por reserva,150000.0
2027-02-21 12:10:00,costo operativo,leña,leña,1500.0
2027-02-21 12:10:00,ingreso operativo,Reservas (sim),Ingreso simulado por reserva,150000.0
2027-02-21 12:10:00,ingreso operativo,Reservas (sim),Ingreso simulado por reserva,150000.0
2027-02-21 12:10:00,costo operativo,gas,gas,10000.0
2027-02-21 12:10:00,costo operativo,agua,agua,700.0
2027-02-21 12:10:00,costo operativo,leña,leña,1500.0
2027-02-21 12:10:00,costo operativo,gas,gas,10000.0
2027-02-21 12:10:00,costo operativo,luz,luz,520.0
2027-02-21 12:10:00,costo operativo,agua,agua,700.0
2027-02-21 12:10:00,costo operativo,luz,luz,520.0
2027-02-21 12:20:00,ingreso operativo,Reservas (sim),Ingreso simulado por reserva,150000.0
2027-02-21 12:20:00,costo operativo,gas,gas,10000.0
2027-02-21 12:20:00,costo operativo,luz,luz,520.0
2027-02-21 12:20:00,costo operativo,agua,agua,700.0
2027-02-21 12:20:00,costo operativo,leña,leña,1500.0
2027-02-21 12:20:00,costo operativo,gas,gas,10000.0
2027-02-21 12:20:00,costo operativo,luz,luz,520.0
2027-02-21 12:20:00,ingreso operativo,Reservas (sim),Ingreso simulado por reserva,150000.0
2027-02-21 12:20:00,costo operativo,leña,leña,1500.0
2027-02-21 12:20:00,costo operativo,agua,agua,700.0
2027-02-21 12:30:00,costo operativo,leña,leña,1500.0
2027-02-21 12:30:00,ingreso operativo,Reservas (sim),Ingreso simulado por reserva,150000.0
2027-02-21 12:30:00,ingreso operativo,Reservas (sim),Ingreso simulado por reserva,150000.0
2027-02-21 12:30:00,costo operativo,leña,leña,1500.0
2027-02-21 12:30:00,costo operativo,gas,gas,10000.0
2027-02-21 12:30:00,costo operativo,luz,luz,520.0
2027-02-21 12:30:00,costo operativo,agua,agua,700.0
2027-02-21 12:30:00,costo operativo,agua,agua,700.0
2027-02-21 12:30:00,costo operativo,luz,luz,520.0
2027-02-21 12:30:00,costo operativo,gas,gas,10000.0
2027-02-21 12:40:00,costo operativo,luz,luz,520.0
2027-02-21 12:40:00,costo operativo,gas,gas,10000.0
2027-02-21 12:40:00,costo operativo,agua,agua,700.0
2027-02-21 12:40:00,costo operativo,leña,leña,1500.0
2027-02-21 12:40:00,ingreso operativo,Reservas (sim),Ingreso simulado por reserva,150000.0
2027-02-21 12:40:00,ingreso operativo,Reservas (sim),Ingreso simulado por reserva,150000.0
2027-02-21 12:40:00,costo operativo,luz,luz,520.0
2027-02-21 12:40:00,costo operativo,gas,gas,10000.0
2027-02-21 12:40:00,costo operativo,leña,leña,1500.0
2027-02-21 12:40:00,costo operativo,agua,agua,700.0
2027-02-21 12:50:00,costo operativo,leña,leña,1500.0
2027-02-21 12:50:00,costo operativo,luz,luz,520.0
2027-02-21 12:50:00,costo operativo,gas,gas,10000.0
2027-02-21 12:50:00,costo operativo,agua,agua,700.0
2027-02-21 12:50:00,costo operativo,leña,leña,1500.0
2027-02-21 12:50:00,costo operativo,agua,agua,700.0
2027-02-21 12:50:00,costo operativo,luz,luz,520.0
2027-02-21 12:50:00,ingreso operativo,Reservas (sim),Ingreso simulado por reserva,150000.0
2027-02-21 12:50:00,ingreso operativo,Reservas (sim),Ingreso simulado por reserva,150000.0
2027-02-21 12:50:00,costo operativo,gas,gas,10000.0
2027-02-21 20:00:00,costo operativo,pago extra ayudante (diario),pago extra ayudante (diario),100000.0
2027-02-23 12:00:00,costo operativo,gas,gas,10000.0
2027-02-23 12:00:00,costo operativo,agua,agua,700.0
2027-02-23 12:00:00,costo operativo,leña,leña,1500.0
2027-02-23 12:00:00,ingreso operativo,Reservas (sim),Ingreso simulado por reserva,150000.0
2027-02-23 12:00:00,costo operativo,luz,luz,520.0
2027-02-23 20:00:00,costo operativo,pago extra ayudante (diario),pago extra ayudante (diario),25000.0
2027-02-24 12:00:00,costo operativo,leña,leña,1500.0
2027-02-24 12:00:00,costo operativo,agua,agua,700.0
2027-02-24 12:00:00,ingreso operativo,Reservas (sim),Ingreso simulado por reserva,150000.0
2027-02-24 12:00:00,costo operativo,gas,gas,10000.0
2027-02-24 12:00:00,costo operativo,luz,luz,520.0
2027-02-24 12:10:00,costo operativo,gas,gas,10000.0
2027-02-24 12:10:00,costo operativo,leña,leña,1500.0
2027-02-24 12:10:00,costo operativo,agua,agua,700.0
2027-02-24 12:10:00,ingreso operativo,Reservas (sim),Ingreso simulado por reserva,150000.0
2027-02-24 12:10:00,costo operativo,luz,luz,520.0
2027-02-24 12:20:00,ingreso operativo,Reservas (sim),Ingreso simulado por reserva,150000.0
2027-02-24 12:20:00,costo operativo,luz,luz,520.0
2027-02-24 12:20:00,costo operativo,gas,gas,10000.0
2027-02-24 12:20:00,costo operativo,leña,leña,1500.0
2027-02-24 12:20:00,costo operativo,agua,agua,700.0
2027-02-24 12:30:00,ingreso operativo,Reservas (sim),Ingreso simulado por reserva,150000.0
2027-02-24 12:30:00,costo operativo,gas,gas,10000.0
2027-02-24 12:30:00,costo operativo,luz,luz,520.0
2027-02-24 12:30:00,costo operativo,leña,leña,1500.0
2027-02-24 12:30:00,costo operativo,agua,agua,700.0
2027-02-24 12:40:00,costo operativo,leña,leña,1500.0
2027-02-24 12:40:00,costo operativo,agua,agua,700.0
2027-02-24 12:40:00,ingreso operativo,Reservas (sim),Ingreso simulado por reserva,150000.0
2027-02-24 12:40:00,costo operativo,luz,luz,520.0
2027-02-24 12:40:00,costo operativo,gas,gas,10000.0
2027-02-24 20:00:00,costo operativo,pago extra ayudante (diario),pago extra ayudante (diario),80000.0
2027-02-25 12:00:00,costo operativo,luz,luz,520.0
2027-02-25 12:00:00,costo operativo,agua,agua,700.0
2027-02-25 12:00:00,costo operativo,leña,leña,1500.0
2027-02-25 12:00:00,costo operativo,gas,gas,10000.0
2027-02-25 12:00:00,ingreso operativo,Reservas (sim),Ingreso simulado por reserva,150000.0
2027-02-25 12:10:00,costo operativo,luz,luz,520.0
2027-02-25 12:10:00,ingreso operativo,Reservas (sim),Ingreso simulado por reserva,150000.0
2027-02-25 12:10:00,costo operativo,agua,agua,700.0
2027-02-25 12:10:00,costo operativo,gas,gas,10000.0
2027-02-25 12:10:00,costo operativo,leña,leña,1500.0
2027-02-25 12:20:00,ingreso operativo,Reservas (sim),Ingreso simulado por reserva,150000.0
2027-02-25 12:20:00,costo operativo,luz,luz,520.0
2027-02-25 12:20:00,costo operativo,leña,leña,1500.0
2027-02-25 12:20:00,costo operativo,gas,gas,10000.0
2027-02-25 12:20:00,costo operativo,agua,agua,700.0
2027-02-25 20:00:00,costo operativo,pago extra ayudante (diario),pago extra ayudante (diario),60000.0
2027-02-26 12:00:00,costo operativo,leña,leña,1500.0
2027-02-26 12:00:00,costo operativo,agua,agua,700.0
2027-02-26 12:00:00,ingreso operativo,Reservas (sim),Ingreso simulado por reserva,150000.0
2027-02-26 12:00:00,costo operativo,luz,luz,520.0
2027-02-26 12:00:00,costo operativo,gas,gas,10000.0
2027-02-26 12:10:00,ingreso operativo,Reservas (sim),Ingreso simulado por reserva,150000.0
2027-02-26 12:10:00,costo operativo,leña,leña,1500.0
2027-02-26 12:10:00,costo operativo,agua,agua,700.0
2027-02-26 12:10:00,costo operativo,luz,luz,520.0
2027-02-26 12:10:00,costo operativo,gas,gas,10000.0
2027-02-26 12:20:00,costo operativo,luz,luz,520.0
2027-02-26 12:20:00,ingreso operativo,Reservas (sim),Ingreso simulado por reserva,150000.0
2027-02-26 12:20:00,costo operativo,leña,leña,1500.0
2027-02-26 12:20:00,costo operativo,gas,gas,10000.0
2027-02-26 12:20:00,costo operativo,agua,agua,700.0
2027-02-26 20:00:00,costo operativo,pago extra ayudante (diario),pago extra ayudante (diario),60000.0
2027-02-27 12:00:00,ingreso operativo,Reservas (sim),Ingreso simulado por reserva,150000.0
2027-02-27 12:00:00,costo operativo,agua,agua,700.0
2027-02-27 12:00:00,costo operativo,luz,luz,520.0
2027-02-27 12:00:00,costo operativo,gas,gas,10000.0
2027-02-27 12:00:00,costo operativo,leña,leña,1500.0
2027-02-27 12:00:00,costo operativo,agua,agua,700.0
2027-02-27 12:00:00,costo operativo,luz,luz,520.0
2027-02-27 12:00:00,ingreso operativo,Reservas (sim),Ingreso simulado por reserva,150000.0
2027-02-27 12:00:00,costo operativo,gas,gas,10000.0
2027-02-27 12:00:00,costo operativo,leña,leña,1500.0
2027-02-27 12:10:00,costo operativo,agua,agua,700.0
2027-02-27 12:10:00,costo operativo,gas,gas,10000.0
2027-02-27 12:10:00,costo operativo,leña,leña,1500.0
2027-02-27 12:10:00,costo operativo,agua,agua,700.0
2027-02-27 12:10:00,costo operativo,luz,luz,520.0
2027-02-27 12:10:00,costo operativo,gas,gas,10000.0
2027-02-27 12:10:00,ingreso operativo,Reservas (sim),Ingreso simulado por reserva,150000.0
2027-02-27 12:10:00,ingreso operativo,Reservas (sim),Ingreso simulado por reserva,150000.0
2027-02-27 12:10:00,costo operativo,luz,luz,520.0
2027-02-27 12:10:00,costo operativo,leña,leña,1500.0
2027-02-27 12:20:00,ingreso operativo,Reservas (sim),Ingreso simulado por reserva,150000.0
2027-02-27 12:20:00,ingreso operativo,Reservas (sim),Ingreso simulado por reserva,150000.0
2027-02-27 12:20:00,costo operativo,gas,gas,10000.0
2027-02-27 12:20:00,costo operativo,agua,agua,700.0
2027-02-27 12:20:00,costo operativo,leña,leña,1500.0
2027-02-27 12:20:00,costo operativo,gas,gas,10000.0
2027-02-27 12:20:00,costo operativo,luz,luz,520.0
2027-02-27 12:20:00,costo operativo,agua,agua,700.0
2027-02-27 12:20:00,costo operativo,leña,leña,1500.0
2027-02-27 12:20:00,costo operativo,luz,luz,520.0
2027-02-27 12:30:00,ingreso operativo,Reservas (sim),Ingreso simulado por reserva,150000.0
2027-02-27 12:30:00,ingreso operativo,Reservas (sim),Ingreso simulado por reserva,150000.0
2027-02-27 12:30:00,costo operativo,leña,leña,1500.0
2027-02-27 12:30:00,costo operativo,gas,gas,10000.0
2027-02-27 12:30:00,costo operativo,luz,luz,520.0
2027-02-27 12:30:00,costo operativo,agua,agua,700.0
2027-02-27 12:30:00,costo operativo,gas,gas,10000.0
2027-02-27 12:30:00,costo operativo,luz,luz,520.0
2027-02-27 12:30:00,costo operativo,agua,agua,700.0
2027-02-27 12:30:00,costo operativo,leña,leña,1500.0
2027-02-27 12:40:00,costo operativo,luz,luz,520.0
2027-02-27 12:40:00,costo operativo,agua,agua,700.0
2027-02-27 12:40:00,costo operativo,luz,luz,520.0
2027-02-27 12:40:00,ingreso operativo,Reservas (sim),Ingreso simulado por reserva,150000.0
2027-02-27 12:40:00,costo operativo,gas,gas,10000.0
2027-02-27 12:40:00,costo operativo,gas,gas,10000.0
2027-02-27 12:40:00,costo operativo,leña,leña,1500.0
2027-02-27 12:40:00,costo operativo,agua,agua,700.0
2027-02-27 12:40:00,ingreso operativo,Reservas (sim),Ingreso simulado por reserva,150000.0
2027-02-27 12:40:00,costo operativo,leña,leña,1500.0
2027-02-27 12:50:00,costo operativo,agua,agua,700.0
2027-02-27 12:50:00,costo operativo,luz,luz,520.0
2027-02-27 12:50:00,costo operativo,gas,gas,10000.0
2027-02-27 12:50:00,costo operativo,leña,leña,1500.0
2027-02-27 12:50:00,ingreso operativo,Reservas (sim),Ingreso simulado por reserva,150000.0
2027-02-27 20:00:00,costo operativo,pago extra ayudante (diario),pago extra ayudante (diario),100000.0
2027-02-28 12:00:00,costo operativo,gas,gas,10000.0
2027-02-28 12:00:00,costo operativo,luz,luz,520.0
2027-02-28 12:00:00,costo operativo,agua,agua,700.0
2027-02-28 12:00:00,costo operativo,leña,leña,1500.0
2027-02-28 12:00:00,ingreso operativo,Reservas (sim),Ingreso simulado por reserva,150000.0
2027-02-28 12:10:00,costo operativo,leña,leña,1500.0
2027-02-28 12:10:00,ingreso operativo,Reservas (sim),Ingreso simulado por reserva,150000.0
2027-02-28 12:10:00,costo operativo,agua,agua,700.0
2027-02-28 12:10:00,costo operativo,luz,luz,520.0
2027-02-28 12:10:00,costo operativo,gas,gas,10000.0
2027-02-28 12:20:00,costo operativo,luz,luz,520.0
2027-02-28 12:20:00,ingreso operativo,Reservas (sim),Ingreso simulado por reserva,150000.0
2027-02-28 12:20:00,costo operativo,leña,leña,1500.0
2027-02-28 12:20:00,costo operativo,gas,gas,10000.0
2027-02-28 12:20:00,costo operativo,agua,agua,700.0
2027-02-28 12:30:00,ingreso operativo,Reservas (sim),Ingreso simulado por reserva,150000.0
2027-02-28 12:30:00,costo operativo,luz,luz,520.0
2027-02-28 12:30:00,costo operativo,gas,gas,10000.0
2027-02-28 12:30:00,costo operativo,leña,leña,1500.0
2027-02-28 12:30:00,costo operativo,agua,agua,700.0
2027-02-28 12:40:00,costo operativo,gas,gas,10000.0
2027-02-28 12:40:00,costo operativo,luz,luz,520.0
2027-02-28 12:40:00,costo operativo,agua,agua,700.0
2027-02-28 12:40:00,costo operativo,leña,leña,1500.0
2027-02-28 12:40:00,ingreso operativo,Reservas (sim),Ingreso simulado por reserva,150000.0
2027-02-28 12:50:00,costo operativo,leña,leña,1500.0
2027-02-28 12:50:00,costo operativo,luz,luz,520.0
2027-02-28 12:50:00,costo operativo,agua,agua,700.0
2027-02-28 12:50:00,ingreso operativo,Reservas (sim),Ingreso simulado por reserva,150000.0
2027-02-28 12:50:00,costo operativo,gas,gas,10000.0
2027-02-28 18:00:00,Costos de Marketing,Simulación,Gasto marketing mensual simulado,300000.0
2027-02-28 18:00:00,costos fijos,Simulación,Costo fijo mensual simulado,700000.0
2027-02-28 20:00:00,costo operativo,pago extra ayudante (diario),pago extra ayudante (diario),90000.0
2027-03-01 12:00:00,ingreso operativo,Reservas (sim),Ingreso simulado por reserva,150000.0
2027-03-01 12:00:00,costo operativo,leña,leña,1500.0
2027-03-01 12:00:00,costo operativo,agua,agua,700.0
2027-03-01 12:00:00,costo operativo,luz,luz,520.0
2027-03-01 12:00:00,costo operativo,gas,gas,10000.0
2027-03-01 20:00:00,costo operativo,pago extra ayudante (diario),pago extra ayudante (diario),25000.0
2027-03-04 12:00:00,costo operativo,leña,leña,1500.0
2027-03-04 12:00:00,costo operativo,agua,agua,700.0
2027-03-04 12:00:00,costo operativo,luz,luz,520.0
2027-03-04 12:00:00,ingreso operativo,Reservas (sim),Ingreso simulado por reserva,150000.0
2027-03-04 12:00:00,costo operativo,gas,gas,10000.0
2027-03-04 12:10:00,costo operativo,leña,leña,1500.0
2027-03-04 12:10:00,costo operativo,agua,agua,700.0
2027-03-04 12:10:00,costo operativo,luz,luz,520.0
2027-03-04 12:10:00,costo operativo,gas,gas,10000.0
2027-03-04 12:10:00,ingreso operativo,Reservas (sim),Ingreso simulado por reserva,150000.0
2027-03-04 20:00:00,costo operativo,pago extra ayudante (diario),pago extra ayudante (diario),45000.0
2027-03-05 12:00:00,costo operativo,leña,leña,1500.0
2027-03-05 12:00:00,costo operativo,agua,agua,700.0
2027-03-05 12:00:00,costo operativo,luz,luz,520.0
2027-03-05 12:00:00,costo operativo,gas,gas,10000.0
2027-03-05 12:00:00,ingreso operativo,Reservas (sim),Ingreso simulado por reserva,150000.0
2027-03-05 20:00:00,costo operativo,pago extra ayudante (diario),pago extra ayudante (diario),25000.0
2027-03-06 12:00:00,costo operativo,gas,gas,10000.0
2027-03-06 12:00:00,costo operativo,luz,luz,520.0
2027-03-06 12:00:00,costo operativo,leña,leña,1500.0
2027-03-06 12:00:00,costo operativo,agua,agua,700.0
2027-03-06 12:00:00,ingreso operativo,Reservas (sim),Ingreso simulado por reserva,150000.0
2027-03-06 12:10:00,costo operativo,leña,leña,1500.0
2027-03-06 12:10:00,costo operativo,gas,gas,10000.0
2027-03-06 12:10:00,costo operativo,agua,agua,700.0
2027-03-06 12:10:00,costo operativo,luz,luz,520.0
2027-03-06 12:10:00,ingreso operativo,Reservas (sim),Ingreso simulado por reserva,150000.0
2027-03-06 12:20:00,costo operativo,agua,agua,700.0
2027-03-06 12:20:00,costo operativo,luz,luz,520.0
2027-03-06 12:20:00,costo operativo,gas,gas,10000.0
2027-03-06 12:20:00,ingreso operativo,Reservas (sim),Ingreso simulado por reserva,150000.0
2027-03-06 12:20:00,costo operativo,leña,leña,1500.0
2027-03-06 20:00:00,costo operativo,pago extra ayudante (diario),pago extra ayudante (diario),60000.0
2027-03-07 12:00:00,ingreso operativo,Reservas (sim),Ingreso simulado por reserva,150000.0
2027-03-07 12:00:00,costo operativo,luz,luz,520.0
2027-03-07 12:00:00,costo operativo,agua,agua,700.0
2027-03-07 12:00:00,costo operativo,leña,leña,1500.0
2027-03-07 12:00:00,costo operativo,gas,gas,10000.0
2027-03-07 12:10:00,costo operativo,leña,leña,1500.0
2027-03-07 12:10:00,costo operativo,agua,agua,700.0
2027-03-07 12:10:00,costo operativo,luz,luz,520.0
2027-03-07 12:10:00,ingreso operativo,Reservas (sim),Ingreso simulado por reserva,150000.0
2027-03-07 12:10:00,costo operativo,gas,gas,10000.0
2027-03-07 12:20:00,ingreso operativo,Reservas (sim),Ingreso simulado por reserva,150000.0
2027-03-07 12:20:00,costo operativo,agua,agua,700.0
2027-03-07 12:20:00,costo operativo,luz,luz,520.0
2027-03-07 12:20:00,costo operativo,gas,gas,10000.0
2027-03-07 12:20:00,costo operativo,leña,leña,1500.0
2027-03-07 12:30:00,costo operativo,leña,leña,1500.0
2027-03-07 12:30:00,costo operativo,agua,agua,700.0
2027-03-07 12:30:00,costo operativo,luz,luz,520.0
2027-03-07 12:30:00,costo operativo,gas,gas,10000.0
2027-03-07 12:30:00,ingreso operativo,Reservas (sim),Ingreso simulado por reserva,150000.0
2027-03-07 20:00:00,costo operativo,pago extra ayudante (diario),pago extra ayudante (diario),70000.0
2027-03-10 12:00:00,ingreso operativo,Reservas (sim),Ingreso simulado por reserva,150000.0
2027-03-10 12:00:00,costo operativo,luz,luz,520.0
2027-03-10 12:00:00,costo operativo,gas,gas,10000.0
2027-03-10 12:00:00,costo operativo,agua,agua,700.0
2027-03-10 12:00:00,costo operativo,leña,leña,1500.0
2027-03-10 12:10:00,costo operativo,agua,agua,700.0
2027-03-10 12:10:00,costo operativo,luz,luz,520.0
2027-03-10 12:10:00,costo operativo,gas,gas,10000.0
2027-03-10 12:10:00,ingreso operativo,Reservas (sim),Ingreso simulado por reserva,150000.0
2027-03-10 12:10:00,costo operativo,leña,leña,1500.0
2027-03-10 20:00:00,costo operativo,pago extra ayudante (diario),pago extra ayudante (diario),45000.0
2027-03-11 12:00:00,ingreso operativo,Reservas (sim),Ingreso simulado por reserva,150000.0
2027-03-11 12:00:00,costo operativo,gas,gas,10000.0
2027-03-11 12:00:00,costo operativo,luz,luz,520.0
2027-03-11 12:00:00,costo operativo,agua,agua,700.0
2027-03-11 12:00:00,costo operativo,leña,leña,1500.0
2027-03-11 20:00:00,costo operativo,pago extra ayudante (diario),pago extra ayudante (diario),25000.0
2027-03-13 12:00:00,costo operativo,gas,gas,10000.0
2027-03-13 12:00:00,costo operativo,agua,agua,700.0
2027-03-13 12:00:00,costo operativo,leña,leña,1500.0
2027-03-13 12:00:00,ingreso operativo,Reservas (sim),Ingreso simulado por reserva,150000.0
2027-03-13 12:00:00,costo operativo,luz,luz,520.0
2027-03-13 20:00:00,costo operativo,pago extra ayudante (diario),pago extra ayudante (diario),25000.0
2027-03-14 12:00:00,costo operativo,luz,luz,520.0
2027-03-14 12:00:00,costo operativo,leña,leña,1500.0
2027-03-14 12:00:00,costo operativo,agua,agua,700.0
2027-03-14 12:00:00,ingreso operativo,Reservas (sim),Ingreso simulado por reserva,150000.0
2027-03-14 12:00:00,costo operativo,gas,gas,10000.0
2027-03-14 12:10:00,costo operativo,leña,leña,1500.0
2027-03-14 12:10:00,ingreso operativo,Reservas (sim),Ingreso simulado por reserva,150000.0
2027-03-14 12:10:00,costo operativo,luz,luz,520.0
2027-03-14 12:10:00,costo operativo,gas,gas,10000.0
2027-03-14 12:10:00,costo operativo,agua,agua,700.0
2027-03-14 12:20:00,ingreso operativo,Reservas (sim),Ingreso simulado por reserva,150000.0
2027-03-14 12:20:00,costo operativo,agua,agua,700.0
2027-03-14 12:20:00,costo operativo,gas,gas,10000.0
2027-03-14 12:20:00,costo operativo,leña,leña,1500.0
2027-03-14 12:20:00,costo operativo,luz,luz,520.0
2027-03-14 12:30:00,ingreso operativo,Reservas (sim),Ingreso simulado por reserva,150000.0
2027-03-14 12:30:00,costo operativo,leña,leña,1500.0
2027-03-14 12:30:00,costo operativo,agua,agua,700.0
2027-03-14 12:30:00,costo operativo,luz,luz,520.0
2027-03-14 12:30:00,costo operativo,gas,gas,10000.0
2027-03-14 20:00:00,costo operativo,pago extra ayudante (diario),pago extra ayudante (diario),70000.0
2027-03-20 12:00:00,ingreso operativo,Reservas (sim),Ingreso simulado por reserva,150000.0
2027-03-20 12:00:00,costo operativo,luz,luz,520.0
2027-03-20 12:00:00,costo operativo,agua,agua,700.0
2027-03-20 12:00:00,costo operativo,leña,leña,1500.0
2027-03-20 12:00:00,costo operativo,gas,gas,10000.0
2027-03-20 20:00:00,costo operativo,pago extra ayudante (diario),pago extra ayudante (diario),25000.0
2027-03-24 12:00:00,costo operativo,leña,leña,1500.0
2027-03-24 12:00:00,costo operativo,agua,agua,700.0
2027-03-24 12:00:00,costo operativo,luz,luz,520.0
2027-03-24 12:00:00,ingreso operativo,Reservas (sim),Ingreso simulado por reserva,150000.0
2027-03-24 12:00:00,costo operativo,gas,gas,10000.0
2027-03-24 20:00:00,costo operativo,pago extra ayudante (diario),pago extra ayudante (diario),25000.0
2027-03-27 12:00:00,costo operativo,luz,luz,520.0
2027-03-27 12:00:00,costo operativo,gas,gas,10000.0
2027-03-27 12:00:00,ingreso operativo,Reservas (sim),Ingreso simulado por reserva,150000.0
2027-03-27 12:00:00,costo operativo,agua,agua,700.0
2027-03-27 12:00:00,costo operativo,leña,leña,1500.0
2027-03-27 20:00:00,costo operativo,pago extra ayudante (diario),pago extra ayudante (diario),25000.0
2027-03-29 12:00:00,ingreso operativo,Reservas (sim),Ingreso simulado por reserva,150000.0
2027-03-29 12:00:00,costo operativo,luz,luz,520.0
2027-03-29 12:00:00,costo operativo,agua,agua,700.0
2027-03-29 12:00:00,costo operativo,gas,gas,10000.0
2027-03-29 12:00:00,costo operativo,leña,leña,1500.0
2027-03-29 20:00:00,costo operativo,pago extra ayudante (diario),pago extra ayudante (diario),25000.0
2027-03-30 12:00:00,ingreso operativo,Reservas (sim),Ingreso simulado por reserva,150000.0
2027-03-30 12:00:00,costo operativo,leña,leña,1500.0
2027-03-30 12:00:00,costo operativo,gas,gas,10000.0
2027-03-30 12:00:00,costo operativo,luz,luz,520.0
2027-03-30 12:00:00,costo operativo,agua,agua,700.0
2027-03-30 20:00:00,costo operativo,pago extra ayudante (diario),pago extra ayudante (diario),25000.0
2027-03-31 18:00:00,Costos de Marketing,Simulación,Gasto marketing mensual simulado,300000.0
2027-03-31 18:00:00,costos fijos,Simulación,Costo fijo mensual simulado,700000.0
2027-04-01 12:00:00,ingreso operativo,Reservas (sim),Ingreso simulado por reserva,150000.0
2027-04-01 12:00:00,costo operativo,gas,gas,10000.0
2027-04-01 12:00:00,costo operativo,luz,luz,520.0
2027-04-01 12:00:00,costo operativo,agua,agua,700.0
2027-04-01 12:00:00,costo operativo,leña,leña,1500.0
2027-04-01 20:00:00,costo operativo,pago extra ayudante (diario),pago extra ayudante (diario),25000.0
2027-04-03 12:00:00,costo operativo,luz,luz,520.0
2027-04-03 12:00:00,costo operativo,gas,gas,10000.0
2027-04-03 12:00:00,costo operativo,leña,leña,1500.0
2027-04-03 12:00:00,ingreso operativo,Reservas (sim),Ingreso simulado por reserva,150000.0
2027-04-03 12:00:00,costo operativo,agua,agua,700.0
2027-04-03 12:10:00,costo operativo,leña,leña,1500.0
2027-04-03 12:10:00,costo operativo,luz,luz,520.0
2027-04-03 12:10:00,costo operativo,gas,gas,10000.0
2027-04-03 12:10:00,ingreso operativo,Reservas (sim),Ingreso simulado por reserva,150000.0
2027-04-03 12:10:00,costo operativo,agua,agua,700.0
2027-04-03 12:20:00,costo operativo,gas,gas,10000.0
2027-04-03 12:20:00,ingreso operativo,Reservas (sim),Ingreso simulado por reserva,150000.0
2027-04-03 12:20:00,costo operativo,luz,luz,520.0
2027-04-03 12:20:00,costo operativo,agua,agua,700.0
2027-04-03 12:20:00,costo operativo,leña,leña,1500.0
2027-04-03 20:00:00,costo operativo,pago extra ayudante (diario),pago extra ayudante (diario),60000.0
2027-04-04 12:00:00,costo operativo,luz,luz,520.0
2027-04-04 12:00:00,costo operativo,agua,agua,700.0
2027-04-04 12:00:00,costo operativo,leña,leña,1500.0
2027-04-04 12:00:00,costo operativo,gas,gas,10000.0
2027-04-04 12:00:00,ingreso operativo,Reservas (sim),Ingreso simulado por reserva,150000.0
2027-04-04 12:10:00,costo operativo,gas,gas,10000.0
2027-04-04 12:10:00,costo operativo,luz,luz,520.0
2027-04-04 12:10:00,costo operativo,agua,agua,700.0
2027-04-04 12:10:00,costo operativo,leña,leña,1500.0
2027-04-04 12:10:00,ingreso operativo,Reservas (sim),Ingreso simulado por reserva,150000.0
2027-04-04 12:20:00,ingreso operativo,Reservas (sim),Ingreso simulado por reserva,150000.0
2027-04-04 12:20:00,costo operativo,gas,gas,10000.0
2027-04-04 12:20:00,costo operativo,luz,luz,520.0
2027-04-04 12:20:00,costo operativo,agua,agua,700.0
2027-04-04 12:20:00,costo operativo,leña,leña,1500.0
2027-04-04 12:30:00,ingreso operativo,Reservas (sim),Ingreso simulado por reserva,150000.0
2027-04-04 12:30:00,costo operativo,leña,leña,1500.0
2027-04-04 12:30:00,costo operativo,agua,agua,700.0
2027-04-04 12:30:00,costo operativo,luz,luz,520.0
2027-04-04 12:30:00,costo operativo,gas,gas,10000.0
2027-04-04 20:00:00,costo operativo,pago extra ayudante (diario),pago extra ayudante (diario),70000.0
2027-04-06 12:00:00,costo operativo,luz,luz,520.0
2027-04-06 12:00:00,costo operativo,gas,gas,10000.0
2027-04-06 12:00:00,costo operativo,leña,leña,1500.0
2027-04-06 12:00:00,ingreso operativo,Reservas (sim),Ingreso simulado por reserva,150000.0
2027-04-06 12:00:00,costo operativo,agua,agua,700.0
2027-04-06 12:10:00,costo operativo,leña,leña,1500.0
2027-04-06 12:10:00,ingreso operativo,Reservas (sim),Ingreso simulado por reserva,150000.0
2027-04-06 12:10:00,costo operativo,luz,luz,520.0
2027-04-06 12:10:00,costo operativo,gas,gas,10000.0
2027-04-06 12:10:00,costo operativo,agua,agua,700.0
2027-04-06 20:00:00,costo operativo,pago extra ayudante (diario),pago extra ayudante (diario),45000.0
2027-04-07 12:00:00,costo operativo,gas,gas,10000.0
2027-04-07 12:00:00,costo operativo,luz,luz,520.0
2027-04-07 12:00:00,costo operativo,agua,agua,700.0
2027-04-07 12:00:00,costo operativo,leña,leña,1500.0
2027-04-07 12:00:00,ingreso operativo,Reservas (sim),Ingreso simulado por reserva,150000.0
2027-04-07 20:00:00,costo operativo,pago extra ayudante (diario),pago extra ayudante (diario),25000.0
2027-04-10 12:00:00,costo operativo,agua,agua,700.0
2027-04-10 12:00:00,costo operativo,luz,luz,520.0
2027-04-10 12:00:00,costo operativo,leña,leña,1500.0
2027-04-10 12:00:00,costo operativo,gas,gas,10000.0
2027-04-10 12:00:00,ingreso operativo,Reservas (sim),Ingreso simulado por reserva,150000.0
2027-04-10 20:00:00,costo operativo,pago extra ayudante (diario),pago extra ayudante (diario),25000.0
2027-04-11 12:00:00,costo operativo,gas,gas,10000.0
2027-04-11 12:00:00,ingreso operativo,Reservas (sim),Ingreso simulado por reserva,150000.0
2027-04-11 12:00:00,costo operativo,luz,luz,520.0
2027-04-11 12:00:00,costo operativo,leña,leña,1500.0
2027-04-11 12:00:00,costo operativo,agua,agua,700.0
2027-04-11 12:10:00,costo operativo,gas,gas,10000.0
2027-04-11 12:10:00,costo operativo,luz,luz,520.0
2027-04-11 12:10:00,costo operativo,agua,agua,700.0
2027-04-11 12:10:00,costo operativo,leña,leña,1500.0
2027-04-11 12:10:00,ingreso operativo,Reservas (sim),Ingreso simulado por reserva,150000.0
2027-04-11 12:20:00,costo operativo,leña,leña,1500.0
2027-04-11 12:20:00,costo operativo,gas,gas,10000.0
2027-04-11 12:20:00,ingreso operativo,Reservas (sim),Ingreso simulado por reserva,150000.0
2027-04-11 12:20:00,costo operativo,agua,agua,700.0
2027-04-11 12:20:00,costo operativo,luz,luz,520.0
2027-04-11 12:30:00,ingreso operativo,Reservas (sim),Ingreso simulado por reserva,150000.0
2027-04-11 12:30:00,costo operativo,leña,leña,1500.0
2027-04-11 12:30:00,costo operativo,agua,agua,700.0
2027-04-11 12:30:00,costo operativo,luz,luz,520.0
2027-04-11 12:30:00,costo operativo,gas,gas,10000.0
2027-04-11 20:00:00,costo operativo,pago extra ayudante (diario),pago extra ayudante (diario),70000.0
2027-04-12 12:00:00,ingreso operativo,Reservas (sim),Ingreso simulado por reserva,150000.0
2027-04-12 12:00:00,costo operativo,luz,luz,520.0
2027-04-12 12:00:00,costo operativo,agua,agua,700.0
2027-04-12 12:00:00,costo operativo,leña,leña,1500.0
2027-04-12 12:00:00,costo operativo,gas,gas,10000.0
2027-04-12 12:10:00,costo operativo,leña,leña,1500.0
2027-04-12 12:10:00,costo operativo,gas,gas,10000.0
2027-04-12 12:10:00,costo operativo,luz,luz,520.0
2027-04-12 12:10:00,costo operativo,agua,agua,700.0
2027-04-12 12:10:00,ingreso operativo,Reservas (sim),Ingreso simulado por reserva,150000.0
2027-04-12 20:00:00,costo operativo,pago extra ayudante (diario),pago extra ayudante (diario),45000.0
2027-04-13 12:00:00,ingreso operativo,Reservas (sim),Ingreso simulado por reserva,150000.0
2027-04-13 12:00:00,costo operativo,luz,luz,520.0
2027-04-13 12:00:00,costo operativo,agua,agua,700.0
2027-04-13 12:00:00,costo operativo,leña,leña,1500.0
2027-04-13 12:00:00,costo operativo,gas,gas,10000.0
2027-04-13 20:00:00,costo operativo,pago extra ayudante (diario),pago extra ayudante (diario),25000.0
2027-04-17 12:00:00,costo operativo,leña,leña,1500.0
2027-04-17 12:00:00,costo operativo,luz,luz,520.0
2027-04-17 12:00:00,ingreso operativo,Reservas (sim),Ingreso simulado por reserva,150000.0
2027-04-17 12:00:00,costo operativo,agua,agua,700.0
2027-04-17 12:00:00,costo operativo,gas,gas,10000.0
2027-04-17 20:00:00,costo operativo,pago extra ayudante (diario),pago extra ayudante (diario),25000.0
2027-04-24 12:00:00,costo operativo,leña,leña,1500.0
2027-04-24 12:00:00,costo operativo,luz,luz,520.0
2027-04-24 12:00:00,costo operativo,agua,agua,700.0
2027-04-24 12:00:00,costo operativo,gas,gas,10000.0
2027-04-24 12:00:00,ingreso operativo,Reservas (sim),Ingreso simulado por reserva,150000.0
2027-04-24 20:00:00,costo operativo,pago extra ayudante (diario),pago extra ayudante (diario),25000.0
2027-04-26 12:00:00,costo operativo,leña,leña,1500.0
2027-04-26 12:00:00,costo operativo,agua,agua,700.0
2027-04-26 12:00:00,costo operativo,luz,luz,520.0
2027-04-26 12:00:00,costo operativo,gas,gas,10000.0
2027-04-26 12:00:00,ingreso operativo,Reservas (sim),Ingreso simulado por reserva,150000.0
2027-04-26 20:00:00,costo operativo,pago extra ayudante (diario),pago extra ayudante (diario),25000.0
2027-04-29 12:00:00,ingreso operativo,Reservas (sim),Ingreso simulado por reserva,150000.0
2027-04-29 12:00:00,costo operativo,gas,gas,10000.0
2027-04-29 12:00:00,costo operativo,luz,luz,520.0
2027-04-29 12:00:00,costo operativo,leña,leña,1500.0
2027-04-29 12:00:00,costo operativo,agua,agua,700.0
2027-04-29 20:00:00,costo operativo,pago extra ayudante (diario),pago extra ayudante (diario),25000.0
2027-04-30 12:00:00,costo operativo,luz,luz,520.0
2027-04-30 12:00:00,costo operativo,leña,leña,1500.0
2027-04-30 12:00:00,costo operativo,agua,agua,700.0
2027-04-30 12:00:00,costo operativo,gas,gas,10000.0
2027-04-30 12:00:00,ingreso operativo,Reservas (sim),Ingreso simulado por reserva,150000.0
2027-04-30 18:00:00,Costos de Marketing,Simulación,Gasto marketing mensual simulado,300000.0
2027-04-30 18:00:00,costos fijos,Simulación,Costo fijo mensual simulado,700000.0
2027-04-30 20:00:00,costo operativo,pago extra ayudante (diario),pago extra ayudante (diario),25000.0
2027-05-01 12:00:00,costo operativo,leña,leña,1500.0
2027-05-01 12:00:00,costo operativo,agua,agua,700.0
2027-05-01 12:00:00,costo operativo,luz,luz,520.0
2027-05-01 12:00:00,ingreso operativo,Reservas (sim),Ingreso simulado por reserva,150000.0
2027-05-01 12:00:00,costo operativo,gas,gas,10000.0
2027-05-01 12:10:00,costo operativo,leña,leña,1500.0
2027-05-01 12:10:00,costo operativo,agua,agua,700.0
2027-05-01 12:10:00,ingreso operativo,Reservas (sim),Ingreso simulado por reserva,150000.0
2027-05-01 12:10:00,costo operativo,gas,gas,10000.0
2027-05-01 12:10:00,costo operativo,luz,luz,520.0
2027-05-01 12:20:00,costo operativo,leña,leña,1500.0
2027-05-01 12:20:00,costo operativo,agua,agua,700.0
2027-05-01 12:20:00,costo operativo,luz,luz,520.0
2027-05-01 12:20:00,costo operativo,gas,gas,10000.0
2027-05-01 12:20:00,ingreso operativo,Reservas (sim),Ingreso simulado por reserva,150000.0
2027-05-01 20:00:00,costo operativo,pago extra ayudante (diario),pago extra ayudante (diario),60000.0
2027-05-02 12:00:00,costo operativo,gas,gas,10000.0
2027-05-02 12:00:00,costo operativo,luz,luz,520.0
2027-05-02 12:00:00,ingreso operativo,Reservas (sim),Ingreso simulado por reserva,150000.0
2027-05-02 12:00:00,costo operativo,agua,agua,700.0
2027-05-02 12:00:00,costo operativo,leña,leña,1500.0
2027-05-02 12:10:00,costo operativo,leña,leña,1500.0
2027-05-02 12:10:00,costo operativo,agua,agua,700.0
2027-05-02 12:10:00,costo operativo,luz,luz,520.0
2027-05-02 12:10:00,costo operativo,gas,gas,10000.0
2027-05-02 12:10:00,ingreso operativo,Reservas (sim),Ingreso simulado por reserva,150000.0
2027-05-02 12:20:00,ingreso operativo,Reservas (sim),Ingreso simulado por reserva,150000.0
2027-05-02 12:20:00,costo operativo,leña,leña,1500.0
2027-05-02 12:20:00,costo operativo,agua,agua,700.0
2027-05-02 12:20:00,costo operativo,gas,gas,10000.0
2027-05-02 12:20:00,costo operativo,luz,luz,520.0
2027-05-02 12:30:00,ingreso operativo,Reservas (sim),Ingreso simulado por reserva,150000.0
2027-05-02 12:30:00,costo operativo,gas,gas,10000.0
2027-05-02 12:30:00,costo operativo,luz,luz,520.0
2027-05-02 12:30:00,costo operativo,agua,agua,700.0
2027-05-02 12:30:00,costo operativo,leña,leña,1500.0
2027-05-02 20:00:00,costo operativo,pago extra ayudante (diario),pago extra ayudante (diario),70000.0
2027-05-03 12:00:00,costo operativo,leña,leña,1500.0
2027-05-03 12:00:00,costo operativo,gas,gas,10000.0
2027-05-03 12:00:00,ingreso operativo,Reservas (sim),Ingreso simulado por reserva,150000.0
2027-05-03 12:00:00,costo operativo,luz,luz,520.0
2027-05-03 12:00:00,costo operativo,agua,agua,700.0
2027-05-03 20:00:00,costo operativo,pago extra ayudante (diario),pago extra ayudante (diario),25000.0
2027-05-05 12:00:00,costo operativo,agua,agua,700.0
2027-05-05 12:00:00,costo operativo,leña,leña,1500.0
2027-05-05 12:00:00,ingreso operativo,Reservas (sim),Ingreso simulado por reserva,150000.0
2027-05-05 12:00:00,costo operativo,gas,gas,10000.0
2027-05-05 12:00:00,costo operativo,luz,luz,520.0
2027-05-05 20:00:00,costo operativo,pago extra ayudante (diario),pago extra ayudante (diario),25000.0
2027-05-06 12:00:00,costo operativo,leña,leña,1500.0
2027-05-06 12:00:00,costo operativo,agua,agua,700.0
2027-05-06 12:00:00,costo operativo,luz,luz,520.0
2027-05-06 12:00:00,costo operativo,gas,gas,10000.0
2027-05-06 12:00:00,ingreso operativo,Reservas (sim),Ingreso simulado por reserva,150000.0
2027-05-06 12:10:00,costo operativo,luz,luz,520.0
2027-05-06 12:10:00,ingreso operativo,Reservas (sim),Ingreso simulado por reserva,150000.0
2027-05-06 12:10:00,costo operativo,agua,agua,700.0
2027-05-06 12:10:00,costo operativo,leña,leña,1500.0
2027-05-06 12:10:00,costo operativo,gas,gas,10000.0
2027-05-06 20:00:00,costo operativo,pago extra ayudante (diario),pago extra ayudante (diario),45000.0
2027-05-07 12:00:00,costo operativo,agua,agua,700.0
2027-05-07 12:00:00,costo operativo,luz,luz,520.0
2027-05-07 12:00:00,ingreso operativo,Reservas (sim),Ingreso simulado por reserva,150000.0
2027-05-07 12:00:00,costo operativo,gas,gas,10000.0
2027-05-07 12:00:00,costo operativo,leña,leña,1500.0
2027-05-07 20:00:00,costo operativo,pago extra ayudante (diario),pago extra ayudante (diario),25000.0
2027-05-08 12:00:00,costo operativo,agua,agua,700.0
2027-05-08 12:00:00,costo operativo,leña,leña,1500.0
2027-05-08 12:00:00,ingreso operativo,Reservas (sim),Ingreso simulado por reserva,150000.0
2027-05-08 12:00:00,costo operativo,luz,luz,520.0
2027-05-08 12:00:00,costo operativo,gas,gas,10000.0
2027-05-08 20:00:00,costo operativo,pago extra ayudante (diario),pago extra ayudante (diario),25000.0
2027-05-09 12:00:00,costo operativo,agua,agua,700.0
2027-05-09 12:00:00,costo operativo,luz,luz,520.0
2027-05-09 12:00:00,ingreso operativo,Reservas (sim),Ingreso simulado por reserva,150000.0
2027-05-09 12:00:00,costo operativo,gas,gas,10000.0
2027-05-09 12:00:00,costo operativo,leña,leña,1500.0
2027-05-09 12:10:00,costo operativo,leña,leña,1500.0
2027-05-09 12:10:00,costo operativo,gas,gas,10000.0
2027-05-09 12:10:00,costo operativo,agua,agua,700.0
2027-05-09 12:10:00,costo operativo,luz,luz,520.0
2027-05-09 12:10:00,ingreso operativo,Reservas (sim),Ingreso simulado por reserva,150000.0
2027-05-09 20:00:00,costo operativo,pago extra ayudante (diario),pago extra ayudante (diario),45000.0
2027-05-12 12:00:00,ingreso operativo,Reservas (sim),Ingreso simulado por reserva,150000.0
2027-05-12 12:00:00,costo operativo,leña,leña,1500.0
2027-05-12 12:00:00,costo operativo,agua,agua,700.0
2027-05-12 12:00:00,costo operativo,gas,gas,10000.0
2027-05-12 12:00:00,costo operativo,luz,luz,520.0
2027-05-12 12:10:00,costo operativo,luz,luz,520.0
2027-05-12 12:10:00,costo operativo,agua,agua,700.0
2027-05-12 12:10:00,costo operativo,leña,leña,1500.0
2027-05-12 12:10:00,ingreso operativo,Reservas (sim),Ingreso simulado por reserva,150000.0
2027-05-12 12:10:00,costo operativo,gas,gas,10000.0
2027-05-12 20:00:00,costo operativo,pago extra ayudante (diario),pago extra ayudante (diario),45000.0
2027-05-13 12:00:00,costo operativo,luz,luz,520.0
2027-05-13 12:00:00,costo operativo,agua,agua,700.0
2027-05-13 12:00:00,costo operativo,leña,leña,1500.0
2027-05-13 12:00:00,costo operativo,gas,gas,10000.0
2027-05-13 12:00:00,ingreso operativo,Reservas (sim),Ingreso simulado por reserva,150000.0
2027-05-13 20:00:00,costo operativo,pago extra ayudante (diario),pago extra ayudante (diario),25000.0
2027-05-15 12:00:00,ingreso operativo,Reservas (sim),Ingreso simulado por reserva,150000.0
2027-05-15 12:00:00,costo operativo,leña,leña,1500.0
2027-05-15 12:00:00,costo operativo,agua,agua,700.0
2027-05-15 12:00:00,costo operativo,luz,luz,520.0
2027-05-15 12:00:00,costo operativo,gas,gas,10000.0
2027-05-15 20:00:00,costo operativo,pago extra ayudante (diario),pago extra ayudante (diario),25000.0
2027-05-22 12:00:00,costo operativo,leña,leña,1500.0
2027-05-22 12:00:00,costo operativo,agua,agua,700.0
2027-05-22 12:00:00,costo operativo,luz,luz,520.0
2027-05-22 12:00:00,costo operativo,gas,gas,10000.0
2027-05-22 12:00:00,ingreso operativo,Reservas (sim),Ingreso simulado por reserva,150000.0
2027-05-22 20:00:00,costo operativo,pago extra ayudante (diario),pago extra ayudante (diario),25000.0
2027-05-26 12:00:00,costo operativo,leña,leña,1500.0
2027-05-26 12:00:00,costo operativo,agua,agua,700.0
2027-05-26 12:00:00,costo operativo,luz,luz,520.0
2027-05-26 12:00:00,costo operativo,gas,gas,10000.0
2027-05-26 12:00:00,ingreso operativo,Reservas (sim),Ingreso simulado por reserva,150000.0
2027-05-26 20:00:00,costo operativo,pago extra ayudante (diario),pago extra ayudante (diario),25000.0
2027-05-29 12:00:00,costo operativo,leña,leña,1500.0
2027-05-29 12:00:00,costo operativo,agua,agua,700.0
2027-05-29 12:00:00,costo operativo,luz,luz,520.0
2027-05-29 12:00:00,costo operativo,gas,gas,10000.0
2027-05-29 12:00:00,ingreso operativo,Reservas (sim),Ingreso simulado por reserva,150000.0
2027-05-29 20:00:00,costo operativo,pago extra ayudante (diario),pago extra ayudante (diario),25000.0
2027-05-30 12:00:00,costo operativo,agua,agua,700.0
2027-05-30 12:00:00,ingreso operativo,Reservas (sim),Ingreso simulado por reserva,150000.0
2027-05-30 12:00:00,costo operativo,luz,luz,520.0
2027-05-30 12:00:00,costo operativo,gas,gas,10000.0
2027-05-30 12:00:00,costo operativo,leña,leña,1500.0
2027-05-30 20:00:00,costo operativo,pago extra ayudante (diario),pago extra ayudante (diario),25000.0
2027-05-31 12:00:00,costo operativo,luz,luz,520.0
2027-05-31 12:00:00,costo operativo,agua,agua,700.0
2027-05-31 12:00:00,costo operativo,leña,leña,1500.0
2027-05-31 12:00:00,costo operativo,gas,gas,10000.0
2027-05-31 12:00:00,ingreso operativo,Reservas (sim),Ingreso simulado por reserva,150000.0
2027-05-31 18:00:00,costos fijos,Simulación,Costo fijo mensual simulado,700000.0
2027-05-31 18:00:00,Costos de Marketing,Simulación,Gasto marketing mensual simulado,300000.0
2027-05-31 20:00:00,costo operativo,pago extra ayudante (diario),pago extra ayudante (diario),25000.0
2027-06-01 12:00:00,costo operativo,luz,luz,520.0
2027-06-01 12:00:00,costo operativo,agua,agua,700.0
2027-06-01 12:00:00,costo operativo,leña,leña,1500.0
2027-06-01 12:00:00,ingreso operativo,Reservas (sim),Ingreso simulado por reserva,150000.0
2027-06-01 12:00:00,costo operativo,gas,gas,10000.0
2027-06-01 20:00:00,costo operativo,pago extra ayudante (diario),pago extra ayudante (diario),25000.0
2027-06-04 12:00:00,ingreso operativo,Reservas (sim),Ingreso simulado por reserva,150000.0
2027-06-04 12:00:00,costo operativo,agua,agua,700.0
2027-06-04 12:00:00,costo operativo,gas,gas,10000.0
2027-06-04 12:00:00,costo operativo,luz,luz,520.0
2027-06-04 12:00:00,costo operativo,leña,leña,1500.0
2027-06-04 12:10:00,costo operativo,gas,gas,10000.0
2027-06-04 12:10:00,costo operativo,luz,luz,520.0
2027-06-04 12:10:00,costo operativo,agua,agua,700.0
2027-06-04 12:10:00,costo operativo,leña,leña,1500.0
2027-06-04 12:10:00,ingreso operativo,Reservas (sim),Ingreso simulado por reserva,150000.0
2027-06-04 20:00:00,costo operativo,pago extra ayudante (diario),pago extra ayudante (diario),45000.0
2027-06-05 12:00:00,ingreso operativo,Reservas (sim),Ingreso simulado por reserva,150000.0
2027-06-05 12:00:00,costo operativo,leña,leña,1500.0
2027-06-05 12:00:00,costo operativo,agua,agua,700.0
2027-06-05 12:00:00,costo operativo,luz,luz,520.0
2027-06-05 12:00:00,costo operativo,gas,gas,10000.0
2027-06-05 12:10:00,costo operativo,luz,luz,520.0
2027-06-05 12:10:00,ingreso operativo,Reservas (sim),Ingreso simulado por reserva,150000.0
2027-06-05 12:10:00,costo operativo,leña,leña,1500.0
2027-06-05 12:10:00,costo operativo,agua,agua,700.0
2027-06-05 12:10:00,costo operativo,gas,gas,10000.0
2027-06-05 20:00:00,costo operativo,pago extra ayudante (diario),pago extra ayudante (diario),45000.0
2027-06-06 12:00:00,ingreso operativo,Reservas (sim),Ingreso simulado por reserva,150000.0
2027-06-06 12:00:00,costo operativo,agua,agua,700.0
2027-06-06 12:00:00,costo operativo,leña,leña,1500.0
2027-06-06 12:00:00,costo operativo,luz,luz,520.0
2027-06-06 12:00:00,costo operativo,gas,gas,10000.0
2027-06-06 12:10:00,costo operativo,leña,leña,1500.0
2027-06-06 12:10:00,costo operativo,agua,agua,700.0
2027-06-06 12:10:00,costo operativo,luz,luz,520.0
2027-06-06 12:10:00,costo operativo,gas,gas,10000.0
2027-06-06 12:10:00,ingreso operativo,Reservas (sim),Ingreso simulado por reserva,150000.0
2027-06-06 12:20:00,costo operativo,leña,leña,1500.0
2027-06-06 12:20:00,costo operativo,luz,luz,520.0
2027-06-06 12:20:00,costo operativo,gas,gas,10000.0
2027-06-06 12:20:00,ingreso operativo,Reservas (sim),Ingreso simulado por reserva,150000.0
2027-06-06 12:20:00,costo operativo,agua,agua,700.0
2027-06-06 20:00:00,costo operativo,pago extra ayudante (diario),pago extra ayudante (diario),60000.0
2027-06-07 12:00:00,costo operativo,leña,leña,1500.0
2027-06-07 12:00:00,costo operativo,agua,agua,700.0
2027-06-07 12:00:00,costo operativo,luz,luz,520.0
2027-06-07 12:00:00,costo operativo,gas,gas,10000.0
2027-06-07 12:00:00,ingreso operativo,Reservas (sim),Ingreso simulado por reserva,150000.0
2027-06-07 20:00:00,costo operativo,pago extra ayudante (diario),pago extra ayudante (diario),25000.0
2027-06-10 12:00:00,costo operativo,leña,leña,1500.0
2027-06-10 12:00:00,costo operativo,agua,agua,700.0
2027-06-10 12:00:00,costo operativo,luz,luz,520.0
2027-06-10 12:00:00,costo operativo,gas,gas,10000.0
2027-06-10 12:00:00,ingreso operativo,Reservas (sim),Ingreso simulado por reserva,150000.0
2027-06-10 12:10:00,ingreso operativo,Reservas (sim),Ingreso simulado por reserva,150000.0
2027-06-10 12:10:00,costo operativo,leña,leña,1500.0
2027-06-10 12:10:00,costo operativo,agua,agua,700.0
2027-06-10 12:10:00,costo operativo,luz,luz,520.0
2027-06-10 12:10:00,costo operativo,gas,gas,10000.0
2027-06-10 20:00:00,costo operativo,pago extra ayudante (diario),pago extra ayudante (diario),45000.0
2027-06-11 12:00:00,costo operativo,luz,luz,520.0
2027-06-11 12:00:00,costo operativo,agua,agua,700.0
2027-06-11 12:00:00,costo operativo,gas,gas,10000.0
2027-06-11 12:00:00,costo operativo,leña,leña,1500.0
2027-06-11 12:00:00,ingreso operativo,Reservas (sim),Ingreso simulado por reserva,150000.0
2027-06-11 20:00:00,costo operativo,pago extra ayudante (diario),pago extra ayudante (diario),25000.0
2027-06-12 12:00:00,costo operativo,leña,leña,1500.0
2027-06-12 12:00:00,costo operativo,gas,gas,10000.0
2027-06-12 12:00:00,costo operativo,agua,agua,700.0
2027-06-12 12:00:00,ingreso operativo,Reservas (sim),Ingreso simulado por reserva,150000.0
2027-06-12 12:00:00,costo operativo,luz,luz,520.0
2027-06-12 20:00:00,costo operativo,pago extra ayudante (diario),pago extra ayudante (diario),25000.0
2027-06-13 12:00:00,costo operativo,leña,leña,1500.0
2027-06-13 12:00:00,costo operativo,agua,agua,700.0
2027-06-13 12:00:00,costo operativo,luz,luz,520.0
2027-06-13 12:00:00,costo operativo,gas,gas,10000.0
2027-06-13 12:00:00,ingreso operativo,Reservas (sim),Ingreso simulado por reserva,150000.0
2027-06-13 12:10:00,costo operativo,leña,leña,1500.0
2027-06-13 12:10:00,costo operativo,agua,agua,700.0
2027-06-13 12:10:00,costo operativo,luz,luz,520.0
2027-06-13 12:10:00,costo operativo,gas,gas,10000.0
2027-06-13 12:10:00,ingreso operativo,Reservas (sim),Ingreso simulado por reserva,150000.0
2027-06-13 20:00:00,costo operativo,pago extra ayudante (diario),pago extra ayudante (diario),45000.0
2027-06-19 12:00:00,costo operativo,leña,leña,1500.0
2027-06-19 12:00:00,costo operativo,luz,luz,520.0
2027-06-19 12:00:00,ingreso operativo,Reservas (sim),Ingreso simulado por reserva,150000.0
2027-06-19 12:00:00,costo operativo,gas,gas,10000.0
2027-06-19 12:00:00,costo operativo,agua,agua,700.0
2027-06-19 20:00:00,costo operativo,pago extra ayudante (diario),pago extra ayudante (diario),25000.0
2027-06-26 12:00:00,costo operativo,gas,gas,10000.0
2027-06-26 12:00:00,ingreso operativo,Reservas (sim),Ingreso simulado por reserva,150000.0
2027-06-26 12:00:00,costo operativo,luz,luz,520.0
2027-06-26 12:00:00,costo operativo,agua,agua,700.0
2027-06-26 12:00:00,costo operativo,leña,leña,1500.0
2027-06-26 20:00:00,costo operativo,pago extra ayudante (diario),pago extra ayudante (diario),25000.0
2027-06-29 12:00:00,costo operativo,leña,leña,1500.0
2027-06-29 12:00:00,ingreso operativo,Reservas (sim),Ingreso simulado por reserva,150000.0
2027-06-29 12:00:00,costo operativo,luz,luz,520.0
2027-06-29 12:00:00,costo operativo,gas,gas,10000.0
2027-06-29 12:00:00,costo operativo,agua,agua,700.0
2027-06-29 20:00:00,costo operativo,pago extra ayudante (diario),pago extra ayudante (diario),25000.0
2027-06-30 18:00:00,costos fijos,Simulación,Costo fijo mensual simulado,700000.0
2027-06-30 18:00:00,Costos de Marketing,Simulación,Gasto marketing mensual simulado,300000.0
2027-07-01 12:00:00,costo operativo,gas,gas,10000.0
2027-07-01 12:00:00,costo operativo,agua,agua,700.0
2027-07-01 12:00:00,ingreso operativo,Reservas (sim),Ingreso simulado por reserva,150000.0
2027-07-01 12:00:00,costo operativo,leña,leña,1500.0
2027-07-01 12:00:00,costo operativo,luz,luz,520.0
2027-07-01 12:10:00,costo operativo,leña,leña,1500.0
2027-07-01 12:10:00,costo operativo,luz,luz,520.0
2027-07-01 12:10:00,ingreso operativo,Reservas (sim),Ingreso simulado por reserva,150000.0
2027-07-01 12:10:00,costo operativo,gas,gas,10000.0
2027-07-01 12:10:00,costo operativo,agua,agua,700.0
2027-07-01 12:20:00,costo operativo,gas,gas,10000.0
2027-07-01 12:20:00,costo operativo,luz,luz,520.0
2027-07-01 12:20:00,costo operativo,agua,agua,700.0
2027-07-01 12:20:00,costo operativo,leña,leña,1500.0
2027-07-01 12:20:00,ingreso operativo,Reservas (sim),Ingreso simulado por reserva,150000.0
2027-07-01 20:00:00,costo operativo,pago extra ayudante (diario),pago extra ayudante (diario),60000.0
2027-07-02 12:00:00,costo operativo,gas,gas,10000.0
2027-07-02 12:00:00,costo operativo,leña,leña,1500.0
2027-07-02 12:00:00,costo operativo,agua,agua,700.0
2027-07-02 12:00:00,ingreso operativo,Reservas (sim),Ingreso simulado por reserva,150000.0
2027-07-02 12:00:00,costo operativo,luz,luz,520.0
2027-07-02 20:00:00,costo operativo,pago extra ayudante (diario),pago extra ayudante (diario),25000.0
2027-07-03 12:00:00,ingreso operativo,Reservas (sim),Ingreso simulado por reserva,150000.0
2027-07-03 12:00:00,costo operativo,leña,leña,1500.0
2027-07-03 12:00:00,costo operativo,agua,agua,700.0
2027-07-03 12:00:00,costo operativo,gas,gas,10000.0
2027-07-03 12:00:00,costo operativo,luz,luz,520.0
2027-07-03 12:10:00,costo operativo,gas,gas,10000.0
2027-07-03 12:10:00,costo operativo,luz,luz,520.0
2027-07-03 12:10:00,costo operativo,agua,agua,700.0
2027-07-03 12:10:00,costo operativo,leña,leña,1500.0
2027-07-03 12:10:00,ingreso operativo,Reservas (sim),Ingreso simulado por reserva,150000.0
2027-07-03 12:20:00,costo operativo,agua,agua,700.0
2027-07-03 12:20:00,costo operativo,leña,leña,1500.0
2027-07-03 12:20:00,costo operativo,gas,gas,10000.0
2027-07-03 12:20:00,costo operativo,luz,luz,520.0
2027-07-03 12:20:00,ingreso operativo,Reservas (sim),Ingreso simulado por reserva,150000.0
2027-07-03 12:30:00,ingreso operativo,Reservas (sim),Ingreso simulado por reserva,150000.0
2027-07-03 12:30:00,costo operativo,luz,luz,520.0
2027-07-03 12:30:00,costo operativo,agua,agua,700.0
2027-07-03 12:30:00,costo operativo,gas,gas,10000.0
2027-07-03 12:30:00,costo operativo,leña,leña,1500.0
2027-07-03 12:40:00,costo operativo,leña,leña,1500.0
2027-07-03 12:40:00,costo operativo,luz,luz,520.0
2027-07-03 12:40:00,costo operativo,agua,agua,700.0
2027-07-03 12:40:00,costo operativo,gas,gas,10000.0
2027-07-03 12:40:00,ingreso operativo,Reservas (sim),Ingreso simulado por reserva,150000.0
2027-07-03 20:00:00,costo operativo,pago extra ayudante (diario),pago extra ayudante (diario),80000.0
2027-07-04 12:00:00,ingreso operativo,Reservas (sim),Ingreso simulado por reserva,150000.0
2027-07-04 12:00:00,costo operativo,gas,gas,10000.0
2027-07-04 12:00:00,costo operativo,luz,luz,520.0
2027-07-04 12:00:00,costo operativo,leña,leña,1500.0
2027-07-04 12:00:00,costo operativo,agua,agua,700.0
2027-07-04 12:10:00,costo operativo,gas,gas,10000.0
2027-07-04 12:10:00,costo operativo,luz,luz,520.0
2027-07-04 12:10:00,costo operativo,agua,agua,700.0
2027-07-04 12:10:00,costo operativo,leña,leña,1500.0
2027-07-04 12:10:00,ingreso operativo,Reservas (sim),Ingreso simulado por reserva,150000.0
2027-07-04 12:20:00,costo operativo,gas,gas,10000.0
2027-07-04 12:20:00,ingreso operativo,Reservas (sim),Ingreso simulado por reserva,150000.0
2027-07-04 12:20:00,costo operativo,leña,leña,1500.0
2027-07-04 12:20:00,costo operativo,agua,agua,700.0
2027-07-04 12:20:00,costo operativo,luz,luz,520.0
2027-07-04 12:30:00,costo operativo,gas,gas,10000.0
2027-07-04 12:30:00,ingreso operativo,Reservas (sim),Ingreso simulado por reserva,150000.0
2027-07-04 12:30:00,costo operativo,luz,luz,520.0
2027-07-04 12:30:00,costo operativo,agua,agua,700.0
2027-07-04 12:30:00,costo operativo,leña,leña,1500.0
2027-07-04 20:00:00,costo operativo,pago extra ayudante (diario),pago extra ayudante (diario),70000.0
2027-07-05 12:00:00,costo operativo,leña,leña,1500.0
2027-07-05 12:00:00,costo operativo,agua,agua,700.0
2027-07-05 12:00:00,costo operativo,luz,luz,520.0
2027-07-05 12:00:00,ingreso operativo,Reservas (sim),Ingreso simulado por reserva,150000.0
2027-07-05 12:00:00,costo operativo,gas,gas,10000.0
2027-07-05 12:10:00,costo operativo,gas,gas,10000.0
2027-07-05 12:10:00,costo operativo,leña,leña,1500.0
2027-07-05 12:10:00,ingreso operativo,Reservas (sim),Ingreso simulado por reserva,150000.0
2027-07-05 12:10:00,costo operativo,agua,agua,700.0
2027-07-05 12:10:00,costo operativo,luz,luz,520.0
2027-07-05 20:00:00,costo operativo,pago extra ayudante (diario),pago extra ayudante (diario),45000.0
2027-07-06 12:00:00,costo operativo,agua,agua,700.0
2027-07-06 12:00:00,costo operativo,luz,luz,520.0
2027-07-06 12:00:00,costo operativo,gas,gas,10000.0
2027-07-06 12:00:00,ingreso operativo,Reservas (sim),Ingreso simulado por reserva,150000.0
2027-07-06 12:00:00,costo operativo,leña,leña,1500.0
2027-07-06 12:10:00,costo operativo,agua,agua,700.0
2027-07-06 12:10:00,costo operativo,luz,luz,520.0
2027-07-06 12:10:00,costo operativo,gas,gas,10000.0
2027-07-06 12:10:00,ingreso operativo,Reservas (sim),Ingreso simulado por reserva,150000.0
2027-07-06 12:10:00,costo operativo,leña,leña,1500.0
2027-07-06 20:00:00,costo operativo,pago extra ayudante (diario),pago extra ayudante (diario),45000.0
2027-07-07 12:00:00,ingreso operativo,Reservas (sim),Ingreso simulado por reserva,150000.0
2027-07-07 12:00:00,costo operativo,gas,gas,10000.0
2027-07-07 12:00:00,costo operativo,agua,agua,700.0
2027-07-07 12:00:00,costo operativo,luz,luz,520.0
2027-07-07 12:00:00,costo operativo,leña,leña,1500.0
2027-07-07 20:00:00,costo operativo,pago extra ayudante (diario),pago extra ayudante (diario),25000.0
2027-07-09 12:00:00,ingreso operativo,Reservas (sim),Ingreso simulado por reserva,150000.0
2027-07-09 12:00:00,costo operativo,luz,luz,520.0
2027-07-09 12:00:00,costo operativo,agua,agua,700.0
2027-07-09 12:00:00,costo operativo,leña,leña,1500.0
2027-07-09 12:00:00,costo operativo,gas,gas,10000.0
2027-07-09 20:00:00,costo operativo,pago extra ayudante (diario),pago extra ayudante (diario),25000.0
2027-07-10 12:00:00,costo operativo,gas,gas,10000.0
2027-07-10 12:00:00,costo operativo,luz,luz,520.0
2027-07-10 12:00:00,ingreso operativo,Reservas (sim),Ingreso simulado por reserva,150000.0
2027-07-10 12:00:00,costo operativo,agua,agua,700.0
2027-07-10 12:00:00,costo operativo,leña,leña,1500.0
2027-07-10 12:10:00,costo operativo,gas,gas,10000.0
2027-07-10 12:10:00,costo operativo,leña,leña,1500.0
2027-07-10 12:10:00,costo operativo,luz,luz,520.0
2027-07-10 12:10:00,costo operativo,agua,agua,700.0
2027-07-10 12:10:00,ingreso operativo,Reservas (sim),Ingreso simulado por reserva,150000.0
2027-07-10 20:00:00,costo operativo,pago extra ayudante (diario),pago extra ayudante (diario),45000.0
2027-07-11 12:00:00,costo operativo,agua,agua,700.0
2027-07-11 12:00:00,costo operativo,luz,luz,520.0
2027-07-11 12:00:00,costo operativo,gas,gas,10000.0
2027-07-11 12:00:00,costo operativo,leña,leña,1500.0
2027-07-11 12:00:00,ingreso operativo,Reservas (sim),Ingreso simulado por reserva,150000.0
2027-07-11 12:10:00,costo operativo,agua,agua,700.0
2027-07-11 12:10:00,costo operativo,luz,luz,520.0
2027-07-11 12:10:00,costo operativo,gas,gas,10000.0
2027-07-11 12:10:00,costo operativo,leña,leña,1500.0
2027-07-11 12:10:00,ingreso operativo,Reservas (sim),Ingreso simulado por reserva,150000.0
2027-07-11 12:20:00,ingreso operativo,Reservas (sim),Ingreso simulado por reserva,150000.0
2027-07-11 12:20:00,costo operativo,agua,agua,700.0
2027-07-11 12:20:00,costo operativo,gas,gas,10000.0
2027-07-11 12:20:00,costo operativo,luz,luz,520.0
2027-07-11 12:20:00,costo operativo,leña,leña,1500.0
2027-07-11 12:30:00,costo operativo,luz,luz,520.0
2027-07-11 12:30:00,costo operativo,gas,gas,10000.0
2027-07-11 12:30:00,ingreso operativo,Reservas (sim),Ingreso simulado por reserva,150000.0
2027-07-11 12:30:00,costo operativo,leña,leña,1500.0
2027-07-11 12:30:00,costo operativo,agua,agua,700.0
2027-07-11 12:40:00,ingreso operativo,Reservas (sim),Ingreso simulado por reserva,150000.0
2027-07-11 12:40:00,costo operativo,gas,gas,10000.0
2027-07-11 12:40:00,costo operativo,agua,agua,700.0
2027-07-11 12:40:00,costo operativo,leña,leña,1500.0
2027-07-11 12:40:00,costo operativo,luz,luz,520.0
2027-07-11 12:50:00,costo operativo,gas,gas,10000.0
2027-07-11 12:50:00,ingreso operativo,Reservas (sim),Ingreso simulado por reserva,150000.0
2027-07-11 12:50:00,costo operativo,leña,leña,1500.0
2027-07-11 12:50:00,costo operativo,agua,agua,700.0
2027-07-11 12:50:00,costo operativo,luz,luz,520.0
2027-07-11 20:00:00,costo operativo,pago extra ayudante (diario),pago extra ayudante (diario),90000.0
2027-07-12 12:00:00,costo operativo,luz,luz,520.0
2027-07-12 12:00:00,costo operativo,gas,gas,10000.0
2027-07-12 12:00:00,costo operativo,agua,agua,700.0
2027-07-12 12:00:00,costo operativo,leña,leña,1500.0
2027-07-12 12:00:00,ingreso operativo,Reservas (sim),Ingreso simulado por reserva,150000.0
2027-07-12 12:10:00,ingreso operativo,Reservas (sim),Ingreso simulado por reserva,150000.0
2027-07-12 12:10:00,costo operativo,gas,gas,10000.0
2027-07-12 12:10:00,costo operativo,agua,agua,700.0
2027-07-12 12:10:00,costo operativo,luz,luz,520.0
2027-07-12 12:10:00,costo operativo,leña,leña,1500.0
2027-07-12 12:20:00,ingreso operativo,Reservas (sim),Ingreso simulado por reserva,150000.0
2027-07-12 12:20:00,costo operativo,luz,luz,520.0
2027-07-12 12:20:00,costo operativo,agua,agua,700.0
2027-07-12 12:20:00,costo operativo,leña,leña,1500.0
2027-07-12 12:20:00,costo operativo,gas,gas,10000.0
2027-07-12 20:00:00,costo operativo,pago extra ayudante (diario),pago extra ayudante (diario),60000.0
2027-07-13 12:00:00,costo operativo,gas,gas,10000.0
2027-07-13 12:00:00,costo operativo,leña,leña,1500.0
2027-07-13 12:00:00,costo operativo,luz,luz,520.0
2027-07-13 12:00:00,costo operativo,agua,agua,700.0
2027-07-13 12:00:00,ingreso operativo,Reservas (sim),Ingreso simulado por reserva,150000.0
2027-07-13 20:00:00,costo operativo,pago extra ayudante (diario),pago extra ayudante (diario),25000.0
2027-07-17 12:00:00,ingreso operativo,Reservas (sim),Ingreso simulado por reserva,150000.0
2027-07-17 12:00:00,costo operativo,leña,leña,1500.0
2027-07-17 12:00:00,costo operativo,agua,agua,700.0
2027-07-17 12:00:00,costo operativo,luz,luz,520.0
2027-07-17 12:00:00,costo operativo,gas,gas,10000.0
2027-07-17 12:10:00,costo operativo,gas,gas,10000.0
2027-07-17 12:10:00,costo operativo,luz,luz,520.0
2027-07-17 12:10:00,costo operativo,agua,agua,700.0
2027-07-17 12:10:00,ingreso operativo,Reservas (sim),Ingreso simulado por reserva,150000.0
2027-07-17 12:10:00,costo operativo,leña,leña,1500.0
2027-07-17 20:00:00,costo operativo,pago extra ayudante (diario),pago extra ayudante (diario),45000.0
2027-07-20 12:00:00,ingreso operativo,Reservas (sim),Ingreso simulado por reserva,150000.0
2027-07-20 12:00:00,costo operativo,leña,leña,1500.0
2027-07-20 12:00:00,costo operativo,agua,agua,700.0
2027-07-20 12:00:00,costo operativo,luz,luz,520.0
2027-07-20 12:00:00,costo operativo,gas,gas,10000.0
2027-07-20 20:00:00,costo operativo,pago extra ayudante (diario),pago extra ayudante (diario),25000.0
2027-07-23 12:00:00,costo operativo,luz,luz,520.0
2027-07-23 12:00:00,costo operativo,gas,gas,10000.0
2027-07-23 12:00:00,costo operativo,leña,leña,1500.0
2027-07-23 12:00:00,ingreso operativo,Reservas (sim),Ingreso simulado por reserva,150000.0
2027-07-23 12:00:00,costo operativo,agua,agua,700.0
2027-07-23 20:00:00,costo operativo,pago extra ayudante (diario),pago extra ayudante (diario),25000.0
2027-07-24 12:00:00,ingreso operativo,Reservas (sim),Ingreso simulado por reserva,150000.0
2027-07-24 12:00:00,costo operativo,leña,leña,1500.0
2027-07-24 12:00:00,costo operativo,agua,agua,700.0
2027-07-24 12:00:00,costo operativo,luz,luz,520.0
2027-07-24 12:00:00,costo operativo,gas,gas,10000.0
2027-07-24 12:10:00,costo operativo,gas,gas,10000.0
2027-07-24 12:10:00,costo operativo,luz,luz,520.0
2027-07-24 12:10:00,costo operativo,leña,leña,1500.0
2027-07-24 12:10:00,costo operativo,agua,agua,700.0
2027-07-24 12:10:00,ingreso operativo,Reservas (sim),Ingreso simulado por reserva,150000.0
2027-07-24 12:20:00,costo operativo,leña,leña,1500.0
2027-07-24 12:20:00,costo operativo,agua,agua,700.0
2027-07-24 12:20:00,costo operativo,luz,luz,520.0
2027-07-24 12:20:00,costo operativo,gas,gas,10000.0
2027-07-24 12:20:00,ingreso operativo,Reservas (sim),Ingreso simulado por reserva,150000.0
2027-07-24 20:00:00,costo operativo,pago extra ayudante (diario),pago extra ayudante (diario),60000.0
2027-07-25 12:00:00,ingreso operativo,Reservas (sim),Ingreso simulado por reserva,150000.0
2027-07-25 12:00:00,costo operativo,leña,leña,1500.0
2027-07-25 12:00:00,costo operativo,agua,agua,700.0
2027-07-25 12:00:00,costo operativo,luz,luz,520.0
2027-07-25 12:00:00,costo operativo,gas,gas,10000.0
2027-07-25 20:00:00,costo operativo,pago extra ayudante (diario),pago extra ayudante (diario),25000.0
2027-07-26 12:00:00,costo operativo,gas,gas,10000.0
2027-07-26 12:00:00,costo operativo,luz,luz,520.0
2027-07-26 12:00:00,costo operativo,agua,agua,700.0
2027-07-26 12:00:00,costo operativo,leña,leña,1500.0
2027-07-26 12:00:00,ingreso operativo,Reservas (sim),Ingreso simulado por reserva,150000.0
2027-07-26 20:00:00,costo operativo,pago extra ayudante (diario),pago extra ayudante (diario),25000.0
2027-07-27 12:00:00,costo operativo,leña,leña,1500.0
2027-07-27 12:00:00,ingreso operativo,Reservas (sim),Ingreso simulado por reserva,150000.0
2027-07-27 12:00:00,costo operativo,gas,gas,10000.0
2027-07-27 12:00:00,costo operativo,luz,luz,520.0
2027-07-27 12:00:00,costo operativo,agua,agua,700.0
2027-07-27 20:00:00,costo operativo,pago extra ayudante (diario),pago extra ayudante (diario),25000.0
2027-07-28 12:00:00,ingreso operativo,Reservas (sim),Ingreso simulado por reserva,150000.0
2027-07-28 12:00:00,costo operativo,luz,luz,520.0
2027-07-28 12:00:00,costo operativo,leña,leña,1500.0
2027-07-28 12:00:00,costo operativo,agua,agua,700.0
2027-07-28 12:00:00,costo operativo,gas,gas,10000.0
2027-07-28 20:00:00,costo operativo,pago extra ayudante (diario),pago extra ayudante (diario),25000.0
2027-07-29 12:00:00,ingreso operativo,Reservas (sim),Ingreso simulado por reserva,150000.0
2027-07-29 12:00:00,costo operativo,gas,gas,10000.0
2027-07-29 12:00:00,costo operativo,leña,leña,1500.0
2027-07-29 12:00:00,costo operativo,luz,luz,520.0
2027-07-29 12:00:00,costo operativo,agua,agua,700.0
2027-07-29 20:00:00,costo operativo,pago extra ayudante (diario),pago extra ayudante (diario),25000.0
2027-07-30 12:00:00,costo operativo,leña,leña,1500.0
2027-07-30 12:00:00,costo operativo,agua,agua,700.0
2027-07-30 12:00:00,costo operativo,luz,luz,520.0
2027-07-30 12:00:00,costo operativo,gas,gas,10000.0
2027-07-30 12:00:00,ingreso operativo,Reservas (sim),Ingreso simulado por reserva,150000.0
2027-07-30 20:00:00,costo operativo,pago extra ayudante (diario),pago extra ayudante (diario),25000.0
2027-07-31 12:00:00,costo operativo,leña,leña,1500.0
2027-07-31 12:00:00,costo operativo,agua,agua,700.0
2027-07-31 12:00:00,costo operativo,luz,luz,520.0
2027-07-31 12:00:00,costo operativo,gas,gas,10000.0
2027-07-31 12:00:00,ingreso operativo,Reservas (sim),Ingreso simulado por reserva,150000.0
2027-07-31 12:10:00,costo operativo,gas,gas,10000.0
2027-07-31 12:10:00,ingreso operativo,Reservas (sim),Ingreso simulado por reserva,150000.0
2027-07-31 12:10:00,costo operativo,agua,agua,700.0
2027-07-31 12:10:00,costo operativo,leña,leña,1500.0
2027-07-31 12:10:00,costo operativo,luz,luz,520.0
2027-07-31 12:20:00,costo operativo,agua,agua,700.0
2027-07-31 12:20:00,costo operativo,luz,luz,520.0
2027-07-31 12:20:00,costo operativo,gas,gas,10000.0
2027-07-31 12:20:00,costo operativo,leña,leña,1500.0
2027-07-31 12:20:00,ingreso operativo,Reservas (sim),Ingreso simulado por reserva,150000.0
2027-07-31 12:30:00,ingreso operativo,Reservas (sim),Ingreso simulado por reserva,150000.0
2027-07-31 12:30:00,costo operativo,luz,luz,520.0
2027-07-31 12:30:00,costo operativo,agua,agua,700.0
2027-07-31 12:30:00,costo operativo,leña,leña,1500.0
2027-07-31 12:30:00,costo operativo,gas,gas,10000.0
2027-07-31 18:00:00,Costos de Marketing,Simulación,Gasto marketing mensual simulado,300000.0
2027-07-31 18:00:00,costos fijos,Simulación,Costo fijo mensual simulado,700000.0
2027-07-31 20:00:00,costo operativo,pago extra ayudante (diario),pago extra ayudante (diario),70000.0
2027-08-01 12:00:00,costo operativo,luz,luz,520.0
2027-08-01 12:00:00,costo operativo,agua,agua,700.0
2027-08-01 12:00:00,costo operativo,leña,leña,1500.0
2027-08-01 12:00:00,ingreso operativo,Reservas (sim),Ingreso simulado por reserva,150000.0
2027-08-01 12:00:00,costo operativo,gas,gas,10000.0
2027-08-01 12:10:00,costo operativo,luz,luz,520.0
2027-08-01 12:10:00,costo operativo,leña,leña,1500.0
2027-08-01 12:10:00,costo operativo,gas,gas,10000.0
2027-08-01 12:10:00,ingreso operativo,Reservas (sim),Ingreso simulado por reserva,150000.0
2027-08-01 12:10:00,costo operativo,agua,agua,700.0
2027-08-01 20:00:00,costo operativo,pago extra ayudante (diario),pago extra ayudante (diario),45000.0
2027-08-02 12:00:00,costo operativo,leña,leña,1500.0
2027-08-02 12:00:00,costo operativo,luz,luz,520.0
2027-08-02 12:00:00,costo operativo,gas,gas,10000.0
2027-08-02 12:00:00,costo operativo,agua,agua,700.0
2027-08-02 12:00:00,ingreso operativo,Reservas (sim),Ingreso simulado por reserva,150000.0
2027-08-02 20:00:00,costo operativo,pago extra ayudante (diario),pago extra ayudante (diario),25000.0
2027-08-05 12:00:00,ingreso operativo,Reservas (sim),Ingreso simulado por reserva,150000.0
2027-08-05 12:00:00,costo operativo,luz,luz,520.0
2027-08-05 12:00:00,costo operativo,agua,agua,700.0
2027-08-05 12:00:00,costo operativo,leña,leña,1500.0
2027-08-05 12:00:00,costo operativo,gas,gas,10000.0
2027-08-05 12:10:00,costo operativo,agua,agua,700.0
2027-08-05 12:10:00,costo operativo,luz,luz,520.0
2027-08-05 12:10:00,costo operativo,gas,gas,10000.0
2027-08-05 12:10:00,costo operativo,leña,leña,1500.0
2027-08-05 12:10:00,ingreso operativo,Reservas (sim),Ingreso simulado por reserva,150000.0
2027-08-05 20:00:00,costo operativo,pago extra ayudante (diario),pago extra ayudante (diario),45000.0
2027-08-06 12:00:00,costo operativo,luz,luz,520.0
2027-08-06 12:00:00,costo operativo,gas,gas,10000.0
2027-08-06 12:00:00,ingreso operativo,Reservas (sim),Ingreso simulado por reserva,150000.0
2027-08-06 12:00:00,costo operativo,leña,leña,1500.0
2027-08-06 12:00:00,costo operativo,agua,agua,700.0
2027-08-06 20:00:00,costo operativo,pago extra ayudante (diario),pago extra ayudante (diario),25000.0
2027-08-07 12:00:00,costo operativo,leña,leña,1500.0
2027-08-07 12:00:00,costo operativo,luz,luz,520.0
2027-08-07 12:00:00,costo operativo,gas,gas,10000.0
2027-08-07 12:00:00,ingreso operativo,Reservas (sim),Ingreso simulado por reserva,150000.0
2027-08-07 12:00:00,costo operativo,agua,agua,700.0
2027-08-07 12:10:00,costo operativo,luz,luz,520.0
2027-08-07 12:10:00,costo operativo,leña,leña,1500.0
2027-08-07 12:10:00,costo operativo,agua,agua,700.0
2027-08-07 12:10:00,ingreso operativo,Reservas (sim),Ingreso simulado por reserva,150000.0
2027-08-07 12:10:00,costo operativo,gas,gas,10000.0
2027-08-07 12:20:00,costo operativo,leña,leña,1500.0
2027-08-07 12:20:00,costo operativo,luz,luz,520.0
2027-08-07 12:20:00,ingreso operativo,Reservas (sim),Ingreso simulado por reserva,150000.0
2027-08-07 12:20:00,costo operativo,gas,gas,10000.0
2027-08-07 12:20:00,costo operativo,agua,agua,700.0
2027-08-07 20:00:00,costo operativo,pago extra ayudante (diario),pago extra ayudante (diario),60000.0
2027-08-08 12:00:00,ingreso operativo,Reservas (sim),Ingreso simulado por reserva,150000.0
2027-08-08 12:00:00,costo operativo,gas,gas,10000.0
2027-08-08 12:00:00,costo operativo,luz,luz,520.0
2027-08-08 12:00:00,costo operativo,agua,agua,700.0
2027-08-08 12:00:00,costo operativo,leña,leña,1500.0
2027-08-08 20:00:00,costo operativo,pago extra ayudante (diario),pago extra ayudante (diario),25000.0
2027-08-11 12:00:00,ingreso operativo,Reservas (sim),Ingreso simulado por reserva,150000.0
2027-08-11 12:00:00,costo operativo,gas,gas,10000.0
2027-08-11 12:00:00,costo operativo,luz,luz,520.0
2027-08-11 12:00:00,costo operativo,agua,agua,700.0
2027-08-11 12:00:00,costo operativo,leña,leña,1500.0
2027-08-11 12:10:00,ingreso operativo,Reservas (sim),Ingreso simulado por reserva,150000.0
2027-08-11 12:10:00,costo operativo,gas,gas,10000.0
2027-08-11 12:10:00,costo operativo,leña,leña,1500.0
2027-08-11 12:10:00,costo operativo,agua,agua,700.0
2027-08-11 12:10:00,costo operativo,luz,luz,520.0
2027-08-11 20:00:00,costo operativo,pago extra ayudante (diario),pago extra ayudante (diario),45000.0
2027-08-12 12:00:00,ingreso operativo,Reservas (sim),Ingreso simulado por reserva,150000.0
2027-08-12 12:00:00,costo operativo,gas,gas,10000.0
2027-08-12 12:00:00,costo operativo,agua,agua,700.0
2027-08-12 12:00:00,costo operativo,leña,leña,1500.0
2027-08-12 12:00:00,costo operativo,luz,luz,520.0
2027-08-12 20:00:00,costo operativo,pago extra ayudante (diario),pago extra ayudante (diario),25000.0
2027-08-14 12:00:00,costo operativo,gas,gas,10000.0
2027-08-14 12:00:00,ingreso operativo,Reservas (sim),Ingreso simulado por reserva,150000.0
2027-08-14 12:00:00,costo operativo,leña,leña,1500.0
2027-08-14 12:00:00,costo operativo,agua,agua,700.0
2027-08-14 12:00:00,costo operativo,luz,luz,520.0
2027-08-14 12:10:00,costo operativo,gas,gas,10000.0
2027-08-14 12:10:00,costo operativo,agua,agua,700.0
2027-08-14 12:10:00,costo operativo,luz,luz,520.0
2027-08-14 12:10:00,ingreso operativo,Reservas (sim),Ingreso simulado por reserva,150000.0
2027-08-14 12:10:00,costo operativo,leña,leña,1500.0
2027-08-14 20:00:00,costo operativo,pago extra ayudante (diario),pago extra ayudante (diario),45000.0
2027-08-15 12:00:00,costo operativo,leña,leña,1500.0
2027-08-15 12:00:00,costo operativo,agua,agua,700.0
2027-08-15 12:00:00,costo operativo,luz,luz,520.0
2027-08-15 12:00:00,costo operativo,gas,gas,10000.0
2027-08-15 12:00:00,ingreso operativo,Reservas (sim),Ingreso simulado por reserva,150000.0
2027-08-15 20:00:00,costo operativo,pago extra ayudante (diario),pago extra ayudante (diario),25000.0
2027-08-22 12:00:00,ingreso operativo,Reservas (sim),Ingreso simulado por reserva,150000.0
2027-08-22 12:00:00,costo operativo,luz,luz,520.0
2027-08-22 12:00:00,costo operativo,agua,agua,700.0
2027-08-22 12:00:00,costo operativo,leña,leña,1500.0
2027-08-22 12:00:00,costo operativo,gas,gas,10000.0
2027-08-22 20:00:00,costo operativo,pago extra ayudante (diario),pago extra ayudante (diario),25000.0
2027-08-29 12:00:00,ingreso operativo,Reservas (sim),Ingreso simulado por reserva,150000.0
2027-08-29 12:00:00,costo operativo,gas,gas,10000.0
2027-08-29 12:00:00,costo operativo,luz,luz,520.0
2027-08-29 12:00:00,costo operativo,agua,agua,700.0
2027-08-29 12:00:00,costo operativo,leña,leña,1500.0
2027-08-29 20:00:00,costo operativo,pago extra ayudante (diario),pago extra ayudante (diario),25000.0
2027-08-30 12:00:00,ingreso operativo,Reservas (sim),Ingreso simulado por reserva,150000.0
2027-08-30 12:00:00,costo operativo,leña,leña,1500.0
2027-08-30 12:00:00,costo operativo,luz,luz,520.0
2027-08-30 12:00:00,costo operativo,gas,gas,10000.0
2027-08-30 12:00:00,costo operativo,agua,agua,700.0
2027-08-30 20:00:00,costo operativo,pago extra ayudante (diario),pago extra ayudante (diario),25000.0
2027-08-31 18:00:00,Costos de Marketing,Simulación,Gasto marketing mensual simulado,300000.0
2027-08-31 18:00:00,costos fijos,Simulación,Costo fijo mensual simulado,700000.0
2027-09-01 12:00:00,costo operativo,gas,gas,10000.0
2027-09-01 12:00:00,ingreso operativo,Reservas (sim),Ingreso simulado por reserva,150000.0
2027-09-01 12:00:00,costo operativo,agua,agua,700.0
2027-09-01 12:00:00,costo operativo,leña,leña,1500.0
2027-09-01 12:00:00,costo operativo,luz,luz,520.0
2027-09-01 20:00:00,costo operativo,pago extra ayudante (diario),pago extra ayudante (diario),25000.0
2027-09-04 12:00:00,costo operativo,leña,leña,1500.0
2027-09-04 12:00:00,costo operativo,luz,luz,520.0
2027-09-04 12:00:00,costo operativo,gas,gas,10000.0
2027-09-04 12:00:00,ingreso operativo,Reservas (sim),Ingreso simulado por reserva,150000.0
2027-09-04 12:00:00,costo operativo,agua,agua,700.0
2027-09-04 12:10:00,ingreso operativo,Reservas (sim),Ingreso simulado por reserva,150000.0
2027-09-04 12:10:00,costo operativo,luz,luz,520.0
2027-09-04 12:10:00,costo operativo,gas,gas,10000.0
2027-09-04 12:10:00,costo operativo,agua,agua,700.0
2027-09-04 12:10:00,costo operativo,leña,leña,1500.0
2027-09-04 12:20:00,costo operativo,leña,leña,1500.0
2027-09-04 12:20:00,ingreso operativo,Reservas (sim),Ingreso simulado por reserva,150000.0
2027-09-04 12:20:00,costo operativo,luz,luz,520.0
2027-09-04 12:20:00,costo operativo,gas,gas,10000.0
2027-09-04 12:20:00,costo operativo,agua,agua,700.0
2027-09-04 20:00:00,costo operativo,pago extra ayudante (diario),pago extra ayudante (diario),60000.0
2027-09-05 12:00:00,costo operativo,luz,luz,520.0
2027-09-05 12:00:00,costo operativo,gas,gas,10000.0
2027-09-05 12:00:00,costo operativo,leña,leña,1500.0
2027-09-05 12:00:00,costo operativo,agua,agua,700.0
2027-09-05 12:00:00,ingreso operativo,Reservas (sim),Ingreso simulado por reserva,150000.0
2027-09-05 12:10:00,costo operativo,leña,leña,1500.0
2027-09-05 12:10:00,costo operativo,agua,agua,700.0
2027-09-05 12:10:00,costo operativo,luz,luz,520.0
2027-09-05 12:10:00,costo operativo,gas,gas,10000.0
2027-09-05 12:10:00,ingreso operativo,Reservas (sim),Ingreso simulado por reserva,150000.0
2027-09-05 12:20:00,costo operativo,agua,agua,700.0
2027-09-05 12:20:00,costo operativo,leña,leña,1500.0
2027-09-05 12:20:00,costo operativo,gas,gas,10000.0
2027-09-05 12:20:00,ingreso operativo,Reservas (sim),Ingreso simulado por reserva,150000.0
2027-09-05 12:20:00,costo operativo,luz,luz,520.0
2027-09-05 12:30:00,costo operativo,leña,leña,1500.0
2027-09-05 12:30:00,costo operativo,agua,agua,700.0
2027-09-05 12:30:00,costo operativo,luz,luz,520.0
2027-09-05 12:30:00,costo operativo,gas,gas,10000.0
2027-09-05 12:30:00,ingreso operativo,Reservas (sim),Ingreso simulado por reserva,150000.0
2027-09-05 20:00:00,costo operativo,pago extra ayudante (diario),pago extra ayudante (diario),70000.0
2027-09-06 12:00:00,ingreso operativo,Reservas (sim),Ingreso simulado por reserva,150000.0
2027-09-06 12:00:00,costo operativo,agua,agua,700.0
2027-09-06 12:00:00,costo operativo,luz,luz,520.0
2027-09-06 12:00:00,costo operativo,leña,leña,1500.0
2027-09-06 12:00:00,costo operativo,gas,gas,10000.0
2027-09-06 12:10:00,ingreso operativo,Reservas (sim),Ingreso simulado por reserva,150000.0
2027-09-06 12:10:00,costo operativo,leña,leña,1500.0
2027-09-06 12:10:00,costo operativo,agua,agua,700.0
2027-09-06 12:10:00,costo operativo,gas,gas,10000.0
2027-09-06 12:10:00,costo operativo,luz,luz,520.0
2027-09-06 20:00:00,costo operativo,pago extra ayudante (diario),pago extra ayudante (diario),45000.0
2027-09-07 12:00:00,costo operativo,luz,luz,520.0
2027-09-07 12:00:00,costo operativo,agua,agua,700.0
2027-09-07 12:00:00,costo operativo,leña,leña,1500.0
2027-09-07 12:00:00,costo operativo,gas,gas,10000.0
2027-09-07 12:00:00,ingreso operativo,Reservas (sim),Ingreso simulado por reserva,150000.0
2027-09-07 20:00:00,costo operativo,pago extra ayudante (diario),pago extra ayudante (diario),25000.0
2027-09-10 12:00:00,costo operativo,leña,leña,1500.0
2027-09-10 12:00:00,costo operativo,agua,agua,700.0
2027-09-10 12:00:00,costo operativo,luz,luz,520.0
2027-09-10 12:00:00,costo operativo,gas,gas,10000.0
2027-09-10 12:00:00,ingreso operativo,Reservas (sim),Ingreso simulado por reserva,150000.0
2027-09-10 12:10:00,costo operativo,gas,gas,10000.0
2027-09-10 12:10:00,costo operativo,luz,luz,520.0
2027-09-10 12:10:00,costo operativo,leña,leña,1500.0
2027-09-10 12:10:00,ingreso operativo,Reservas (sim),Ingreso simulado por reserva,150000.0
2027-09-10 12:10:00,costo operativo,agua,agua,700.0
2027-09-10 20:00:00,costo operativo,pago extra ayudante (diario),pago extra ayudante (diario),45000.0
2027-09-11 12:00:00,costo operativo,gas,gas,10000.0
2027-09-11 12:00:00,costo operativo,luz,luz,520.0
2027-09-11 12:00:00,costo operativo,agua,agua,700.0
2027-09-11 12:00:00,costo operativo,leña,leña,1500.0
2027-09-11 12:00:00,ingreso operativo,Reservas (sim),Ingreso simulado por reserva,150000.0
2027-09-11 20:00:00,costo operativo,pago extra ayudante (diario),pago extra ayudante (diario),25000.0
2027-09-12 12:00:00,costo operativo,leña,leña,1500.0
2027-09-12 12:00:00,costo operativo,agua,agua,700.0
2027-09-12 12:00:00,costo operativo,luz,luz,520.0
2027-09-12 12:00:00,costo operativo,gas,gas,10000.0
2027-09-12 12:00:00,ingreso operativo,Reservas (sim),Ingreso simulado por reserva,150000.0
2027-09-12 12:10:00,ingreso operativo,Reservas (sim),Ingreso simulado por reserva,150000.0
2027-09-12 12:10:00,costo operativo,agua,agua,700.0
2027-09-12 12:10:00,costo operativo,gas,gas,10000.0
2027-09-12 12:10:00,costo operativo,luz,luz,520.0
2027-09-12 12:10:00,costo operativo,leña,leña,1500.0
2027-09-12 12:20:00,costo operativo,luz,luz,520.0
2027-09-12 12:20:00,costo operativo,gas,gas,10000.0
2027-09-12 12:20:00,ingreso operativo,Reservas (sim),Ingreso simulado por reserva,150000.0
2027-09-12 12:20:00,costo operativo,agua,agua,700.0
2027-09-12 12:20:00,costo operativo,leña,leña,1500.0
2027-09-12 20:00:00,costo operativo,pago extra ayudante (diario),pago extra ayudante (diario),60000.0
2027-09-13 12:00:00,costo operativo,agua,agua,700.0
2027-09-13 12:00:00,ingreso operativo,Reservas (sim),Ingreso simulado por reserva,150000.0
2027-09-13 12:00:00,costo operativo,luz,luz,520.0
2027-09-13 12:00:00,costo operativo,gas,gas,10000.0
2027-09-13 12:00:00,costo operativo,leña,leña,1500.0
2027-09-13 20:00:00,costo operativo,pago extra ayudante (diario),pago extra ayudante (diario),25000.0
2027-09-18 12:00:00,costo operativo,gas,gas,10000.0
2027-09-18 12:00:00,costo operativo,luz,luz,520.0
2027-09-18 12:00:00,costo operativo,leña,leña,1500.0
2027-09-18 12:00:00,ingreso operativo,Reservas (sim),Ingreso simulado por reserva,150000.0
2027-09-18 12:00:00,costo operativo,agua,agua,700.0
2027-09-18 20:00:00,costo operativo,pago extra ayudante (diario),pago extra ayudante (diario),25000.0
2027-09-24 12:00:00,costo operativo,luz,luz,520.0
2027-09-24 12:00:00,ingreso operativo,Reservas (sim),Ingreso simulado por reserva,150000.0
2027-09-24 12:00:00,costo operativo,leña,leña,1500.0
2027-09-24 12:00:00,costo operativo,agua,agua,700.0
2027-09-24 12:00:00,costo operativo,gas,gas,10000.0
2027-09-24 20:00:00,costo operativo,pago extra ayudante (diario),pago extra ayudante (diario),25000.0
2027-09-25 12:00:00,costo operativo,leña,leña,1500.0
2027-09-25 12:00:00,costo operativo,agua,agua,700.0
2027-09-25 12:00:00,costo operativo,gas,gas,10000.0
2027-09-25 12:00:00,ingreso operativo,Reservas (sim),Ingreso simulado por reserva,150000.0
2027-09-25 12:00:00,costo operativo,luz,luz,520.0
2027-09-25 20:00:00,costo operativo,pago extra ayudante (diario),pago extra ayudante (diario),25000.0
2027-09-29 12:00:00,costo operativo,leña,leña,1500.0
2027-09-29 12:00:00,costo operativo,agua,agua,700.0
2027-09-29 12:00:00,costo operativo,gas,gas,10000.0
2027-09-29 12:00:00,ingreso operativo,Reservas (sim),Ingreso simulado por reserva,150000.0
2027-09-29 12:00:00,costo operativo,luz,luz,520.0
2027-09-29 20:00:00,costo operativo,pago extra ayudante (diario),pago extra ayudante (diario),25000.0
2027-09-30 12:00:00,costo operativo,leña,leña,1500.0
2027-09-30 12:00:00,costo operativo,agua,agua,700.0
2027-09-30 12:00:00,costo operativo,luz,luz,520.0
2027-09-30 12:00:00,costo operativo,gas,gas,10000.0
2027-09-30 12:00:00,ingreso operativo,Reservas (sim),Ingreso simulado por reserva,150000.0
2027-09-30 18:00:00,costos fijos,Simulación,Costo fijo mensual simulado,700000.0
2027-09-30 18:00:00,Costos de Marketing,Simulación,Gasto marketing mensual simulado,300000.0
2027-09-30 20:00:00,costo operativo,pago extra ayudante (diario),pago extra ayudante (diario),25000.0
2027-10-01 12:00:00,costo operativo,gas,gas,10000.0
2027-10-01 12:00:00,costo operativo,luz,luz,520.0
2027-10-01 12:00:00,costo operativo,agua,agua,700.0
2027-10-01 12:00:00,costo operativo,leña,leña,1500.0
2027-10-01 12:00:00,ingreso operativo,Reservas (sim),Ingreso simulado por reserva,150000.0
2027-10-01 20:00:00,costo operativo,pago extra ayudante (diario),pago extra ayudante (diario),25000.0
2027-10-02 12:00:00,costo operativo,gas,gas,10000.0
2027-10-02 12:00:00,costo operativo,luz,luz,520.0
2027-10-02 12:00:00,costo operativo,agua,agua,700.0
2027-10-02 12:00:00,costo operativo,leña,leña,1500.0
2027-10-02 12:00:00,ingreso operativo,Reservas (sim),Ingreso simulado por reserva,150000.0
2027-10-02 12:10:00,costo operativo,leña,leña,1500.0
2027-10-02 12:10:00,costo operativo,luz,luz,520.0
2027-10-02 12:10:00,costo operativo,gas,gas,10000.0
2027-10-02 12:10:00,ingreso operativo,Reservas (sim),Ingreso simulado por reserva,150000.0
2027-10-02 12:10:00,costo operativo,agua,agua,700.0
2027-10-02 12:20:00,costo operativo,leña,leña,1500.0
2027-10-02 12:20:00,costo operativo,agua,agua,700.0
2027-10-02 12:20:00,costo operativo,luz,luz,520.0
2027-10-02 12:20:00,costo operativo,gas,gas,10000.0
2027-10-02 12:20:00,ingreso operativo,Reservas (sim),Ingreso simulado por reserva,150000.0
2027-10-02 20:00:00,costo operativo,pago extra ayudante (diario),pago extra ayudante (diario),60000.0
2027-10-03 12:00:00,costo operativo,leña,leña,1500.0
2027-10-03 12:00:00,costo operativo,agua,agua,700.0
2027-10-03 12:00:00,costo operativo,luz,luz,520.0
2027-10-03 12:00:00,costo operativo,gas,gas,10000.0
2027-10-03 12:00:00,ingreso operativo,Reservas (sim),Ingreso simulado por reserva,150000.0
2027-10-03 12:10:00,costo operativo,leña,leña,1500.0
2027-10-03 12:10:00,costo operativo,agua,agua,700.0
2027-10-03 12:10:00,costo operativo,luz,luz,520.0
2027-10-03 12:10:00,ingreso operativo,Reservas (sim),Ingreso simulado por reserva,150000.0
2027-10-03 12:10:00,costo operativo,gas,gas,10000.0
2027-10-03 12:20:00,costo operativo,agua,agua,700.0
2027-10-03 12:20:00,ingreso operativo,Reservas (sim),Ingreso simulado por reserva,150000.0
2027-10-03 12:20:00,costo operativo,gas,gas,10000.0
2027-10-03 12:20:00,costo operativo,luz,luz,520.0
2027-10-03 12:20:00,costo operativo,leña,leña,1500.0
2027-10-03 20:00:00,costo operativo,pago extra ayudante (diario),pago extra ayudante (diario),60000.0
2027-10-06 12:00:00,costo operativo,leña,leña,1500.0
2027-10-06 12:00:00,costo operativo,gas,gas,10000.0
2027-10-06 12:00:00,costo operativo,luz,luz,520.0
2027-10-06 12:00:00,costo operativo,agua,agua,700.0
2027-10-06 12:00:00,ingreso operativo,Reservas (sim),Ingreso simulado por reserva,150000.0
2027-10-06 12:10:00,costo operativo,gas,gas,10000.0
2027-10-06 12:10:00,costo operativo,luz,luz,520.0
2027-10-06 12:10:00,costo operativo,agua,agua,700.0
2027-10-06 12:10:00,costo operativo,leña,leña,1500.0
2027-10-06 12:10:00,ingreso operativo,Reservas (sim),Ingreso simulado por reserva,150000.0
2027-10-06 20:00:00,costo operativo,pago extra ayudante (diario),pago extra ayudante (diario),45000.0
2027-10-07 12:00:00,costo operativo,gas,gas,10000.0
2027-10-07 12:00:00,costo operativo,luz,luz,520.0
2027-10-07 12:00:00,costo operativo,agua,agua,700.0
2027-10-07 12:00:00,costo operativo,leña,leña,1500.0
2027-10-07 12:00:00,ingreso operativo,Reservas (sim),Ingreso simulado por reserva,150000.0
2027-10-07 20:00:00,costo operativo,pago extra ayudante (diario),pago extra ayudante (diario),25000.0
2027-10-09 12:00:00,ingreso operativo,Reservas (sim),Ingreso simulado por reserva,150000.0
2027-10-09 12:00:00,costo operativo,agua,agua,700.0
2027-10-09 12:00:00,costo operativo,leña,leña,1500.0
2027-10-09 12:00:00,costo operativo,luz,luz,520.0
2027-10-09 12:00:00,costo operativo,gas,gas,10000.0
2027-10-09 20:00:00,costo operativo,pago extra ayudante (diario),pago extra ayudante (diario),25000.0
2027-10-10 12:00:00,costo operativo,gas,gas,10000.0
2027-10-10 12:00:00,ingreso operativo,Reservas (sim),Ingreso simulado por reserva,150000.0
2027-10-10 12:00:00,costo operativo,luz,luz,520.0
2027-10-10 12:00:00,costo operativo,agua,agua,700.0
2027-10-10 12:00:00,costo operativo,leña,leña,1500.0
2027-10-10 12:10:00,costo operativo,gas,gas,10000.0
2027-10-10 12:10:00,costo operativo,luz,luz,520.0
2027-10-10 12:10:00,ingreso operativo,Reservas (sim),Ingreso simulado por reserva,150000.0
2027-10-10 12:10:00,costo operativo,agua,agua,700.0
2027-10-10 12:10:00,costo operativo,leña,leña,1500.0
2027-10-10 20:00:00,costo operativo,pago extra ayudante (diario),pago extra ayudante (diario),45000.0
2027-10-12 12:00:00,costo operativo,agua,agua,700.0
2027-10-12 12:00:00,costo operativo,leña,leña,1500.0
2027-10-12 12:00:00,costo operativo,luz,luz,520.0
2027-10-12 12:00:00,costo operativo,gas,gas,10000.0
2027-10-12 12:00:00,ingreso operativo,Reservas (sim),Ingreso simulado por reserva,150000.0
2027-10-12 12:10:00,costo operativo,gas,gas,10000.0
2027-10-12 12:10:00,costo operativo,luz,luz,520.0
2027-10-12 12:10:00,costo operativo,agua,agua,700.0
2027-10-12 12:10:00,costo operativo,leña,leña,1500.0
2027-10-12 12:10:00,ingreso operativo,Reservas (sim),Ingreso simulado por reserva,150000.0
2027-10-12 20:00:00,costo operativo,pago extra ayudante (diario),pago extra ayudante (diario),45000.0
2027-10-13 12:00:00,costo operativo,luz,luz,520.0
2027-10-13 12:00:00,costo operativo,gas,gas,10000.0
2027-10-13 12:00:00,ingreso operativo,Reservas (sim),Ingreso simulado por reserva,150000.0
2027-10-13 12:00:00,costo operativo,agua,agua,700.0
2027-10-13 12:00:00,costo operativo,leña,leña,1500.0
2027-10-13 20:00:00,costo operativo,pago extra ayudante (diario),pago extra ayudante (diario),25000.0
2027-10-16 12:00:00,costo operativo,agua,agua,700.0
2027-10-16 12:00:00,costo operativo,luz,luz,520.0
2027-10-16 12:00:00,costo operativo,leña,leña,1500.0
2027-10-16 12:00:00,ingreso operativo,Reservas (sim),Ingreso simulado por reserva,150000.0
2027-10-16 12:00:00,costo operativo,gas,gas,10000.0
2027-10-16 20:00:00,costo operativo,pago extra ayudante (diario),pago extra ayudante (diario),25000.0
2027-10-23 12:00:00,costo operativo,luz,luz,520.0
2027-10-23 12:00:00,costo operativo,gas,gas,10000.0
2027-10-23 12:00:00,ingreso operativo,Reservas (sim),Ingreso simulado por reserva,150000.0
2027-10-23 12:00:00,costo operativo,agua,agua,700.0
2027-10-23 12:00:00,costo operativo,leña,leña,1500.0
2027-10-23 20:00:00,costo operativo,pago extra ayudante (diario),pago extra ayudante (diario),25000.0
2027-10-26 12:00:00,costo operativo,leña,leña,1500.0
2027-10-26 12:00:00,costo operativo,luz,luz,520.0
2027-10-26 12:00:00,costo operativo,gas,gas,10000.0
2027-10-26 12:00:00,costo operativo,agua,agua,700.0
2027-10-26 12:00:00,ingreso operativo,Reservas (sim),Ingreso simulado por reserva,150000.0
2027-10-26 20:00:00,costo operativo,pago extra ayudante (diario),pago extra ayudante (diario),25000.0
2027-10-29 12:00:00,ingreso operativo,Reservas (sim),Ingreso simulado por reserva,150000.0
2027-10-29 12:00:00,costo operativo,leña,leña,1500.0
2027-10-29 12:00:00,costo operativo,agua,agua,700.0
2027-10-29 12:00:00,costo operativo,luz,luz,520.0
2027-10-29 12:00:00,costo operativo,gas,gas,10000.0
2027-10-29 20:00:00,costo operativo,pago extra ayudante (diario),pago extra ayudante (diario),25000.0
2027-10-30 12:00:00,costo operativo,gas,gas,10000.0
2027-10-30 12:00:00,costo operativo,luz,luz,520.0
2027-10-30 12:00:00,costo operativo,agua,agua,700.0
2027-10-30 12:00:00,costo operativo,leña,leña,1500.0
2027-10-30 12:00:00,ingreso operativo,Reservas (sim),Ingreso simulado por reserva,150000.0
2027-10-30 20:00:00,costo operativo,pago extra ayudante (diario),pago extra ayudante (diario),25000.0
2027-10-31 12:00:00,costo operativo,leña,leña,1500.0
2027-10-31 12:00:00,costo operativo,agua,agua,700.0
2027-10-31 12:00:00,costo operativo,gas,gas,10000.0
2027-10-31 12:00:00,ingreso operativo,Reservas (sim),Ingreso simulado por reserva,150000.0
2027-10-31 12:00:00,costo operativo,luz,luz,520.0
2027-10-31 18:00:00,Costos de Marketing,Simulación,Gasto marketing mensual simulado,300000.0
2027-10-31 18:00:00,costos fijos,Simulación,Costo fijo mensual simulado,700000.0
2027-10-31 20:00:00,costo operativo,pago extra ayudante (diario),pago extra ayudante (diario),25000.0
2027-11-01 12:00:00,ingreso operativo,Reservas (sim),Ingreso simulado por reserva,150000.0
2027-11-01 12:00:00,costo operativo,luz,luz,520.0
2027-11-01 12:00:00,costo operativo,gas,gas,10000.0
2027-11-01 12:00:00,costo operativo,agua,agua,700.0
2027-11-01 12:00:00,costo operativo,leña,leña,1500.0
2027-11-01 20:00:00,costo operativo,pago extra ayudante (diario),pago extra ayudante (diario),25000.0
2027-11-03 12:00:00,costo operativo,agua,agua,700.0
2027-11-03 12:00:00,costo operativo,luz,luz,520.0
2027-11-03 12:00:00,costo operativo,gas,gas,10000.0
2027-11-03 12:00:00,costo operativo,leña,leña,1500.0
2027-11-03 12:00:00,ingreso operativo,Reservas (sim),Ingreso simulado por reserva,150000.0
2027-11-03 20:00:00,costo operativo,pago extra ayudante (diario),pago extra ayudante (diario),25000.0
2027-11-04 12:00:00,costo operativo,luz,luz,520.0
2027-11-04 12:00:00,ingreso operativo,Reservas (sim),Ingreso simulado por reserva,150000.0
2027-11-04 12:00:00,costo operativo,leña,leña,1500.0
2027-11-04 12:00:00,costo operativo,agua,agua,700.0
2027-11-04 12:00:00,costo operativo,gas,gas,10000.0
2027-11-04 12:10:00,ingreso operativo,Reservas (sim),Ingreso simulado por reserva,150000.0
2027-11-04 12:10:00,costo operativo,gas,gas,10000.0
2027-11-04 12:10:00,costo operativo,leña,leña,1500.0
2027-11-04 12:10:00,costo operativo,agua,agua,700.0
2027-11-04 12:10:00,costo operativo,luz,luz,520.0
2027-11-04 20:00:00,costo operativo,pago extra ayudante (diario),pago extra ayudante (diario),45000.0
2027-11-05 12:00:00,costo operativo,gas,gas,10000.0
2027-11-05 12:00:00,costo operativo,leña,leña,1500.0
2027-11-05 12:00:00,ingreso operativo,Reservas (sim),Ingreso simulado por reserva,150000.0
2027-11-05 12:00:00,costo operativo,luz,luz,520.0
2027-11-05 12:00:00,costo operativo,agua,agua,700.0
2027-11-05 20:00:00,costo operativo,pago extra ayudante (diario),pago extra ayudante (diario),25000.0
2027-11-06 12:00:00,ingreso operativo,Reservas (sim),Ingreso simulado por reserva,150000.0
2027-11-06 12:00:00,costo operativo,luz,luz,520.0
2027-11-06 12:00:00,costo operativo,agua,agua,700.0
2027-11-06 12:00:00,costo operativo,gas,gas,10000.0
2027-11-06 12:00:00,costo operativo,leña,leña,1500.0
2027-11-06 12:10:00,costo operativo,gas,gas,10000.0
2027-11-06 12:10:00,ingreso operativo,Reservas (sim),Ingreso simulado por reserva,150000.0
2027-11-06 12:10:00,costo operativo,agua,agua,700.0
2027-11-06 12:10:00,costo operativo,leña,leña,1500.0
2027-11-06 12:10:00,costo operativo,luz,luz,520.0
2027-11-06 12:20:00,costo operativo,leña,leña,1500.0
2027-11-06 12:20:00,costo operativo,agua,agua,700.0
2027-11-06 12:20:00,ingreso operativo,Reservas (sim),Ingreso simulado por reserva,150000.0
2027-11-06 12:20:00,costo operativo,gas,gas,10000.0
2027-11-06 12:20:00,costo operativo,luz,luz,520.0
2027-11-06 12:30:00,costo operativo,leña,leña,1500.0
2027-11-06 12:30:00,costo operativo,agua,agua,700.0
2027-11-06 12:30:00,costo operativo,luz,luz,520.0
2027-11-06 12:30:00,costo operativo,gas,gas,10000.0
2027-11-06 12:30:00,ingreso operativo,Reservas (sim),Ingreso simulado por reserva,150000.0
2027-11-06 20:00:00,costo operativo,pago extra ayudante (diario),pago extra ayudante (diario),70000.0
2027-11-07 12:00:00,costo operativo,gas,gas,10000.0
2027-11-07 12:00:00,costo operativo,leña,leña,1500.0
2027-11-07 12:00:00,ingreso operativo,Reservas (sim),Ingreso simulado por reserva,150000.0
2027-11-07 12:00:00,costo operativo,agua,agua,700.0
2027-11-07 12:00:00,costo operativo,luz,luz,520.0
2027-11-07 12:10:00,costo operativo,agua,agua,700.0
2027-11-07 12:10:00,costo operativo,luz,luz,520.0
2027-11-07 12:10:00,costo operativo,gas,gas,10000.0
2027-11-07 12:10:00,ingreso operativo,Reservas (sim),Ingreso simulado por reserva,150000.0
2027-11-07 12:10:00,costo operativo,leña,leña,1500.0
2027-11-07 12:20:00,costo operativo,leña,leña,1500.0
2027-11-07 12:20:00,costo operativo,agua,agua,700.0
2027-11-07 12:20:00,costo operativo,luz,luz,520.0
2027-11-07 12:20:00,costo operativo,gas,gas,10000.0
2027-11-07 12:20:00,ingreso operativo,Reservas (sim),Ingreso simulado por reserva,150000.0
2027-11-07 12:30:00,ingreso operativo,Reservas (sim),Ingreso simulado por reserva,150000.0
2027-11-07 12:30:00,costo operativo,leña,leña,1500.0
2027-11-07 12:30:00,costo operativo,agua,agua,700.0
2027-11-07 12:30:00,costo operativo,luz,luz,520.0
2027-11-07 12:30:00,costo operativo,gas,gas,10000.0
2027-11-07 20:00:00,costo operativo,pago extra ayudante (diario),pago extra ayudante (diario),70000.0
2027-11-10 12:00:00,costo operativo,leña,leña,1500.0
2027-11-10 12:00:00,costo operativo,gas,gas,10000.0
2027-11-10 12:00:00,ingreso operativo,Reservas (sim),Ingreso simulado por reserva,150000.0
2027-11-10 12:00:00,costo operativo,luz,luz,520.0
2027-11-10 12:00:00,costo operativo,agua,agua,700.0
2027-11-10 12:10:00,ingreso operativo,Reservas (sim),Ingreso simulado por reserva,150000.0
2027-11-10 12:10:00,costo operativo,agua,agua,700.0
2027-11-10 12:10:00,costo operativo,gas,gas,10000.0
2027-11-10 12:10:00,costo operativo,leña,leña,1500.0
2027-11-10 12:10:00,costo operativo,luz,luz,520.0
2027-11-10 20:00:00,costo operativo,pago extra ayudante (diario),pago extra ayudante (diario),45000.0
2027-11-11 12:00:00,costo operativo,gas,gas,10000.0
2027-11-11 12:00:00,costo operativo,luz,luz,520.0
2027-11-11 12:00:00,costo operativo,agua,agua,700.0
2027-11-11 12:00:00,costo operativo,leña,leña,1500.0
2027-11-11 12:00:00,ingreso operativo,Reservas (sim),Ingreso simulado por reserva,150000.0
2027-11-11 20:00:00,costo operativo,pago extra ayudante (diario),pago extra ayudante (diario),25000.0
2027-11-13 12:00:00,costo operativo,leña,leña,1500.0
2027-11-13 12:00:00,ingreso operativo,Reservas (sim),Ingreso simulado por reserva,150000.0
2027-11-13 12:00:00,costo operativo,agua,agua,700.0
2027-11-13 12:00:00,costo operativo,luz,luz,520.0
2027-11-13 12:00:00,costo operativo,gas,gas,10000.0
2027-11-13 20:00:00,costo operativo,pago extra ayudante (diario),pago extra ayudante (diario),25000.0
2027-11-14 12:00:00,costo operativo,agua,agua,700.0
2027-11-14 12:00:00,ingreso operativo,Reservas (sim),Ingreso simulado por reserva,150000.0
2027-11-14 12:00:00,costo operativo,gas,gas,10000.0
2027-11-14 12:00:00,costo operativo,luz,luz,520.0
2027-11-14 12:00:00,costo operativo,leña,leña,1500.0
2027-11-14 12:10:00,costo operativo,luz,luz,520.0
2027-11-14 12:10:00,costo operativo,agua,agua,700.0
2027-11-14 12:10:00,costo operativo,leña,leña,1500.0
2027-11-14 12:10:00,ingreso operativo,Reservas (sim),Ingreso simulado por reserva,150000.0
2027-11-14 12:10:00,costo operativo,gas,gas,10000.0
2027-11-14 12:20:00,ingreso operativo,Reservas (sim),Ingreso simulado por reserva,150000.0
2027-11-14 12:20:00,costo operativo,agua,agua,700.0
2027-11-14 12:20:00,costo operativo,leña,leña,1500.0
2027-11-14 12:20:00,costo operativo,luz,luz,520.0
2027-11-14 12:20:00,costo operativo,gas,gas,10000.0
2027-11-14 12:30:00,costo operativo,agua,agua,700.0
2027-11-14 12:30:00,costo operativo,gas,gas,10000.0
2027-11-14 12:30:00,ingreso operativo,Reservas (sim),Ingreso simulado por reserva,150000.0
2027-11-14 12:30:00,costo operativo,leña,leña,1500.0
2027-11-14 12:30:00,costo operativo,luz,luz,520.0
2027-11-14 12:40:00,costo operativo,gas,gas,10000.0
2027-11-14 12:40:00,costo operativo,luz,luz,520.0
2027-11-14 12:40:00,costo operativo,leña,leña,1500.0
2027-11-14 12:40:00,costo operativo,agua,agua,700.0
2027-11-14 12:40:00,ingreso operativo,Reservas (sim),Ingreso simulado por reserva,150000.0
2027-11-14 20:00:00,costo operativo,pago extra ayudante (diario),pago extra ayudante (diario),80000.0
2027-11-20 12:00:00,ingreso operativo,Reservas (sim),Ingreso simulado por reserva,150000.0
2027-11-20 12:00:00,costo operativo,luz,luz,520.0
2027-11-20 12:00:00,costo operativo,gas,gas,10000.0
2027-11-20 12:00:00,costo operativo,leña,leña,1500.0
2027-11-20 12:00:00,costo operativo,agua,agua,700.0
2027-11-20 20:00:00,costo operativo,pago extra ayudante (diario),pago extra ayudante (diario),25000.0
2027-11-24 12:00:00,costo operativo,gas,gas,10000.0
2027-11-24 12:00:00,costo operativo,luz,luz,520.0
2027-11-24 12:00:00,costo operativo,agua,agua,700.0
2027-11-24 12:00:00,costo operativo,leña,leña,1500.0
2027-11-24 12:00:00,ingreso operativo,Reservas (sim),Ingreso simulado por reserva,150000.0
2027-11-24 20:00:00,costo operativo,pago extra ayudante (diario),pago extra ayudante (diario),25000.0
2027-11-25 12:00:00,ingreso operativo,Reservas (sim),Ingreso simulado por reserva,150000.0
2027-11-25 12:00:00,costo operativo,luz,luz,520.0
2027-11-25 12:00:00,costo operativo,gas,gas,10000.0
2027-11-25 12:00:00,costo operativo,leña,leña,1500.0
2027-11-25 12:00:00,costo operativo,agua,agua,700.0
2027-11-25 20:00:00,costo operativo,pago extra ayudante (diario),pago extra ayudante (diario),25000.0
2027-11-27 12:00:00,ingreso operativo,Reservas (sim),Ingreso simulado por reserva,150000.0
2027-11-27 12:00:00,costo operativo,leña,leña,1500.0
2027-11-27 12:00:00,costo operativo,agua,agua,700.0
2027-11-27 12:00:00,costo operativo,luz,luz,520.0
2027-11-27 12:00:00,costo operativo,gas,gas,10000.0
2027-11-27 12:10:00,ingreso operativo,Reservas (sim),Ingreso simulado por reserva,150000.0
2027-11-27 12:10:00,costo operativo,leña,leña,1500.0
2027-11-27 12:10:00,costo operativo,agua,agua,700.0
2027-11-27 12:10:00,costo operativo,luz,luz,520.0
2027-11-27 12:10:00,costo operativo,gas,gas,10000.0
2027-11-27 20:00:00,costo operativo,pago extra ayudante (diario),pago extra ayudante (diario),45000.0
2027-11-29 12:00:00,costo operativo,agua,agua,700.0
2027-11-29 12:00:00,costo operativo,luz,luz,520.0
2027-11-29 12:00:00,costo operativo,gas,gas,10000.0
2027-11-29 12:00:00,ingreso operativo,Reservas (sim),Ingreso simulado por reserva,150000.0
2027-11-29 12:00:00,costo operativo,leña,leña,1500.0
2027-11-29 20:00:00,costo operativo,pago extra ayudante (diario),pago extra ayudante (diario),25000.0
2027-11-30 12:00:00,costo operativo,leña,leña,1500.0
2027-11-30 12:00:00,ingreso operativo,Reservas (sim),Ingreso simulado por reserva,150000.0
2027-11-30 12:00:00,costo operativo,luz,luz,520.0
2027-11-30 12:00:00,costo operativo,gas,gas,10000.0
2027-11-30 12:00:00,costo operativo,agua,agua,700.0
2027-11-30 18:00:00,costos fijos,Simulación,Costo fijo mensual simulado,700000.0
2027-11-30 18:00:00,Costos de Marketing,Simulación,Gasto marketing mensual simulado,300000.0
2027-11-30 20:00:00,costo operativo,pago extra ayudante (diario),pago extra ayudante (diario),25000.0
2027-12-01 12:00:00,costo operativo,gas,gas,10000.0
2027-12-01 12:00:00,costo operativo,leña,leña,1500.0
2027-12-01 12:00:00,costo operativo,agua,agua,700.0
2027-12-01 12:00:00,costo operativo,luz,luz,520.0
2027-12-01 12:00:00,ingreso operativo,Reservas (sim),Ingreso simulado por reserva,150000.0
2027-12-01 12:10:00,ingreso operativo,Reservas (sim),Ingreso simulado por reserva,150000.0
2027-12-01 12:10:00,costo operativo,leña,leña,1500.0
2027-12-01 12:10:00,costo operativo,agua,agua,700.0
2027-12-01 12:10:00,costo operativo,luz,luz,520.0
2027-12-01 12:10:00,costo operativo,gas,gas,10000.0
2027-12-01 20:00:00,costo operativo,pago extra ayudante (diario),pago extra ayudante (diario),45000.0
2027-12-02 12:00:00,costo operativo,gas,gas,10000.0
2027-12-02 12:00:00,costo operativo,luz,luz,520.0
2027-12-02 12:00:00,costo operativo,leña,leña,1500.0
2027-12-02 12:00:00,ingreso operativo,Reservas (sim),Ingreso simulado por reserva,150000.0
2027-12-02 12:00:00,costo operativo,agua,agua,700.0
2027-12-02 20:00:00,costo operativo,pago extra ayudante (diario),pago extra ayudante (diario),25000.0
2027-12-03 12:00:00,costo operativo,gas,gas,10000.0
2027-12-03 12:00:00,ingreso operativo,Reservas (sim),Ingreso simulado por reserva,150000.0
2027-12-03 12:00:00,costo operativo,agua,agua,700.0
2027-12-03 12:00:00,costo operativo,leña,leña,1500.0
2027-12-03 12:00:00,costo operativo,luz,luz,520.0
2027-12-03 20:00:00,costo operativo,pago extra ayudante (diario),pago extra ayudante (diario),25000.0
2027-12-04 12:00:00,costo operativo,leña,leña,1500.0
2027-12-04 12:00:00,costo operativo,agua,agua,700.0
2027-12-04 12:00:00,costo operativo,luz,luz,520.0
2027-12-04 12:00:00,ingreso operativo,Reservas (sim),Ingreso simulado por reserva,150000.0
2027-12-04 12:00:00,costo operativo,gas,gas,10000.0
2027-12-04 12:10:00,costo operativo,gas,gas,10000.0
2027-12-04 12:10:00,ingreso operativo,Reservas (sim),Ingreso simulado por reserva,150000.0
2027-12-04 12:10:00,costo operativo,luz,luz,520.0
2027-12-04 12:10:00,costo operativo,agua,agua,700.0
2027-12-04 12:10:00,costo operativo,leña,leña,1500.0
2027-12-04 12:20:00,ingreso operativo,Reservas (sim),Ingreso simulado por reserva,150000.0
2027-12-04 12:20:00,costo operativo,leña,leña,1500.0
2027-12-04 12:20:00,costo operativo,agua,agua,700.0
2027-12-04 12:20:00,costo operativo,luz,luz,520.0
2027-12-04 12:20:00,costo operativo,gas,gas,10000.0
2027-12-04 12:30:00,costo operativo,leña,leña,1500.0
2027-12-04 12:30:00,costo operativo,agua,agua,700.0
2027-12-04 12:30:00,costo operativo,luz,luz,520.0
2027-12-04 12:30:00,costo operativo,gas,gas,10000.0
2027-12-04 12:30:00,ingreso operativo,Reservas (sim),Ingreso simulado por reserva,150000.0
2027-12-04 12:40:00,ingreso operativo,Reservas (sim),Ingreso simulado por reserva,150000.0
2027-12-04 12:40:00,costo operativo,gas,gas,10000.0
2027-12-04 12:40:00,costo operativo,luz,luz,520.0
2027-12-04 12:40:00,costo operativo,agua,agua,700.0
2027-12-04 12:40:00,costo operativo,leña,leña,1500.0
2027-12-04 20:00:00,costo operativo,pago extra ayudante (diario),pago extra ayudante (diario),80000.0
2027-12-05 12:00:00,costo operativo,luz,luz,520.0
2027-12-05 12:00:00,ingreso operativo,Reservas (sim),Ingreso simulado por reserva,150000.0
2027-12-05 12:00:00,costo operativo,gas,gas,10000.0
2027-12-05 12:00:00,costo operativo,agua,agua,700.0
2027-12-05 12:00:00,costo operativo,leña,leña,1500.0
2027-12-05 12:10:00,ingreso operativo,Reservas (sim),Ingreso simulado por reserva,150000.0
2027-12-05 12:10:00,costo operativo,agua,agua,700.0
2027-12-05 12:10:00,costo operativo,luz,luz,520.0
2027-12-05 12:10:00,costo operativo,leña,leña,1500.0
2027-12-05 12:10:00,costo operativo,gas,gas,10000.0
2027-12-05 12:20:00,costo operativo,luz,luz,520.0
2027-12-05 12:20:00,costo operativo,gas,gas,10000.0
2027-12-05 12:20:00,costo operativo,leña,leña,1500.0
2027-12-05 12:20:00,ingreso operativo,Reservas (sim),Ingreso simulado por reserva,150000.0
2027-12-05 12:20:00,costo operativo,agua,agua,700.0
2027-12-05 12:30:00,ingreso operativo,Reservas (sim),Ingreso simulado por reserva,150000.0
2027-12-05 12:30:00,costo operativo,gas,gas,10000.0
2027-12-05 12:30:00,costo operativo,luz,luz,520.0
2027-12-05 12:30:00,costo operativo,agua,agua,700.0
2027-12-05 12:30:00,costo operativo,leña,leña,1500.0
2027-12-05 20:00:00,costo operativo,pago extra ayudante (diario),pago extra ayudante (diario),70000.0
2027-12-06 12:00:00,costo operativo,agua,agua,700.0
2027-12-06 12:00:00,costo operativo,leña,leña,1500.0
2027-12-06 12:00:00,costo operativo,gas,gas,10000.0
2027-12-06 12:00:00,ingreso operativo,Reservas (sim),Ingreso simulado por reserva,150000.0
2027-12-06 12:00:00,costo operativo,luz,luz,520.0
2027-12-06 12:10:00,costo operativo,leña,leña,1500.0
2027-12-06 12:10:00,costo operativo,agua,agua,700.0
2027-12-06 12:10:00,costo operativo,luz,luz,520.0
2027-12-06 12:10:00,costo operativo,gas,gas,10000.0
2027-12-06 12:10:00,ingreso operativo,Reservas (sim),Ingreso simulado por reserva,150000.0
2027-12-06 20:00:00,costo operativo,pago extra ayudante (diario),pago extra ayudante (diario),45000.0
2027-12-07 12:00:00,ingreso operativo,Reservas (sim),Ingreso simulado por reserva,150000.0
2027-12-07 12:00:00,costo operativo,gas,gas,10000.0
2027-12-07 12:00:00,costo operativo,agua,agua,700.0
2027-12-07 12:00:00,costo operativo,leña,leña,1500.0
2027-12-07 12:00:00,costo operativo,luz,luz,520.0
2027-12-07 20:00:00,costo operativo,pago extra ayudante (diario),pago extra ayudante (diario),25000.0
2027-12-10 12:00:00,costo operativo,leña,leña,1500.0
2027-12-10 12:00:00,costo operativo,agua,agua,700.0
2027-12-10 12:00:00,costo operativo,luz,luz,520.0
2027-12-10 12:00:00,costo operativo,gas,gas,10000.0
2027-12-10 12:00:00,ingreso operativo,Reservas (sim),Ingreso simulado por reserva,150000.0
2027-12-10 12:10:00,costo operativo,agua,agua,700.0
2027-12-10 12:10:00,costo operativo,gas,gas,10000.0
2027-12-10 12:10:00,costo operativo,luz,luz,520.0
2027-12-10 12:10:00,ingreso operativo,Reservas (sim),Ingreso simulado por reserva,150000.0
2027-12-10 12:10:00,costo operativo,leña,leña,1500.0
2027-12-10 20:00:00,costo operativo,pago extra ayudante (diario),pago extra ayudante (diario),45000.0
2027-12-11 12:00:00,costo operativo,agua,agua,700.0
2027-12-11 12:00:00,costo operativo,luz,luz,520.0
2027-12-11 12:00:00,costo operativo,gas,gas,10000.0
2027-12-11 12:00:00,costo operativo,leña,leña,1500.0
2027-12-11 12:00:00,ingreso operativo,Reservas (sim),Ingreso simulado por reserva,150000.0
2027-12-11 20:00:00,costo operativo,pago extra ayudante (diario),pago extra ayudante (diario),25000.0
2027-12-12 12:00:00,costo operativo,agua,agua,700.0
2027-12-12 12:00:00,costo operativo,gas,gas,10000.0
2027-12-12 12:00:00,costo operativo,luz,luz,520.0
2027-12-12 12:00:00,costo operativo,leña,leña,1500.0
2027-12-12 12:00:00,ingreso operativo,Reservas (sim),Ingreso simulado por reserva,150000.0
2027-12-12 12:10:00,ingreso operativo,Reservas (sim),Ingreso simulado por reserva,150000.0
2027-12-12 12:10:00,costo operativo,leña,leña,1500.0
2027-12-12 12:10:00,costo operativo,agua,agua,700.0
2027-12-12 12:10:00,costo operativo,luz,luz,520.0
2027-12-12 12:10:00,costo operativo,gas,gas,10000.0
2027-12-12 12:20:00,ingreso operativo,Reservas (sim),Ingreso simulado por reserva,150000.0
2027-12-12 12:20:00,costo operativo,gas,gas,10000.0
2027-12-12 12:20:00,costo operativo,luz,luz,520.0
2027-12-12 12:20:00,costo operativo,leña,leña,1500.0
2027-12-12 12:20:00,costo operativo,agua,agua,700.0
2027-12-12 12:30:00,costo operativo,luz,luz,520.0
2027-12-12 12:30:00,costo operativo,gas,gas,10000.0
2027-12-12 12:30:00,costo operativo,agua,agua,700.0
2027-12-12 12:30:00,costo operativo,leña,leña,1500.0
2027-12-12 12:30:00,ingreso operativo,Reservas (sim),Ingreso simulado por reserva,150000.0
2027-12-12 12:40:00,costo operativo,agua,agua,700.0
2027-12-12 12:40:00,costo operativo,luz,luz,520.0
2027-12-12 12:40:00,costo operativo,leña,leña,1500.0
2027-12-12 12:40:00,costo operativo,gas,gas,10000.0
2027-12-12 12:40:00,ingreso operativo,Reservas (sim),Ingreso simulado por reserva,150000.0
2027-12-12 12:50:00,ingreso operativo,Reservas (sim),Ingreso simulado por reserva,150000.0
2027-12-12 12:50:00,costo operativo,gas,gas,10000.0
2027-12-12 12:50:00,costo operativo,agua,agua,700.0
2027-12-12 12:50:00,costo operativo,leña,leña,1500.0
2027-12-12 12:50:00,costo operativo,luz,luz,520.0
2027-12-12 20:00:00,costo operativo,pago extra ayudante (diario),pago extra ayudante (diario),90000.0
2027-12-13 12:00:00,costo operativo,leña,leña,1500.0
2027-12-13 12:00:00,ingreso operativo,Reservas (sim),Ingreso simulado por reserva,150000.0
2027-12-13 12:00:00,costo operativo,agua,agua,700.0
2027-12-13 12:00:00,costo operativo,luz,luz,520.0
2027-12-13 12:00:00,costo operativo,gas,gas,10000.0
2027-12-13 20:00:00,costo operativo,pago extra ayudante (diario),pago extra ayudante (diario),25000.0
2027-12-18 12:00:00,ingreso operativo,Reservas (sim),Ingreso simulado por reserva,150000.0
2027-12-18 12:00:00,costo operativo,leña,leña,1500.0
2027-12-18 12:00:00,costo operativo,agua,agua,700.0
2027-12-18 12:00:00,costo operativo,luz,luz,520.0
2027-12-18 12:00:00,costo operativo,gas,gas,10000.0
2027-12-18 12:10:00,costo operativo,gas,gas,10000.0
2027-12-18 12:10:00,costo operativo,agua,agua,700.0
2027-12-18 12:10:00,costo operativo,luz,luz,520.0
2027-12-18 12:10:00,ingreso operativo,Reservas (sim),Ingreso simulado por reserva,150000.0
2027-12-18 12:10:00,costo operativo,leña,leña,1500.0
2027-12-18 20:00:00,costo operativo,pago extra ayudante (diario),pago extra ayudante (diario),45000.0
2027-12-20 12:00:00,costo operativo,leña,leña,1500.0
2027-12-20 12:00:00,costo operativo,agua,agua,700.0
2027-12-20 12:00:00,costo operativo,luz,luz,520.0
2027-12-20 12:00:00,costo operativo,gas,gas,10000.0
2027-12-20 12:00:00,ingreso operativo,Reservas (sim),Ingreso simulado por reserva,150000.0
2027-12-20 20:00:00,costo operativo,pago extra ayudante (diario),pago extra ayudante (diario),25000.0
2027-12-24 12:00:00,ingreso operativo,Reservas (sim),Ingreso simulado por reserva,150000.0
2027-12-24 12:00:00,costo operativo,leña,leña,1500.0
2027-12-24 12:00:00,costo operativo,agua,agua,700.0
2027-12-24 12:00:00,costo operativo,luz,luz,520.0
2027-12-24 12:00:00,costo operativo,gas,gas,10000.0
2027-12-24 20:00:00,costo operativo,pago extra ayudante (diario),pago extra ayudante (diario),25000.0
2027-12-25 12:00:00,costo operativo,gas,gas,10000.0
2027-12-25 12:00:00,ingreso operativo,Reservas (sim),Ingreso simulado por reserva,150000.0
2027-12-25 12:00:00,costo operativo,leña,leña,1500.0
2027-12-25 12:00:00,costo operativo,luz,luz,520.0
2027-12-25 12:00:00,costo operativo,agua,agua,700.0
2027-12-25 12:10:00,ingreso operativo,Reservas (sim),Ingreso simulado por reserva,150000.0
2027-12-25 12:10:00,costo operativo,gas,gas,10000.0
2027-12-25 12:10:00,costo operativo,luz,luz,520.0
2027-12-25 12:10:00,costo operativo,agua,agua,700.0
2027-12-25 12:10:00,costo operativo,leña,leña,1500.0
2027-12-25 20:00:00,costo operativo,pago extra ayudante (diario),pago extra ayudante (diario),45000.0
2027-12-26 12:00:00,costo operativo,agua,agua,700.0
2027-12-26 12:00:00,costo operativo,luz,luz,520.0
2027-12-26 12:00:00,costo operativo,gas,gas,10000.0
2027-12-26 12:00:00,ingreso operativo,Reservas (sim),Ingreso simulado por reserva,150000.0
2027-12-26 12:00:00,costo operativo,leña,leña,1500.0
2027-12-26 20:00:00,costo operativo,pago extra ayudante (diario),pago extra ayudante (diario),25000.0
2027-12-27 12:00:00,costo operativo,leña,leña,1500.0
2027-12-27 12:00:00,costo operativo,agua,agua,700.0
2027-12-27 12:00:00,costo operativo,luz,luz,520.0
2027-12-27 12:00:00,ingreso operativo,Reservas (sim),Ingreso simulado por reserva,150000.0
2027-12-27 12:00:00,costo operativo,gas,gas,10000.0
2027-12-27 20:00:00,costo operativo,pago extra ayudante (diario),pago extra ayudante (diario),25000.0
2027-12-29 12:00:00,costo operativo,luz,luz,520.0
2027-12-29 12:00:00,ingreso operativo,Reservas (sim),Ingreso simulado por reserva,150000.0
2027-12-29 12:00:00,costo operativo,gas,gas,10000.0
2027-12-29 12:00:00,costo operativo,agua,agua,700.0
2027-12-29 12:00:00,costo operativo,leña,leña,1500.0
2027-12-29 20:00:00,costo operativo,pago extra ayudante (diario),pago extra ayudante (diario),25000.0
2027-12-30 12:00:00,costo operativo,gas,gas,10000.0
2027-12-30 12:00:00,ingreso operativo,Reservas (sim),Ingreso simulado por reserva,150000.0
2027-12-30 12:00:00,costo operativo,luz,luz,520.0
2027-12-30 12:00:00,costo operativo,agua,agua,700.0
2027-12-30 12:00:00,costo operativo,leña,leña,1500.0
2027-12-30 20:00:00,costo operativo,pago extra ayudante (diario),pago extra ayudante (diario),25000.0
2027-12-31 18:00:00,costos fijos,Simulación,Costo fijo mensual simulado,700000.0
2027-12-31 18:00:00,Costos de Marketing,Simulación,Gasto marketing mensual simulado,300000.0
2028-01-01 12:00:00,costo operativo,agua,agua,700.0
2028-01-01 12:00:00,costo operativo,agua,agua,700.0
2028-01-01 12:00:00,costo operativo,leña,leña,1500.0
2028-01-01 12:00:00,costo operativo,gas,gas,10000.0
2028-01-01 12:00:00,costo operativo,luz,luz,520.0
2028-01-01 12:00:00,costo operativo,luz,luz,520.0
2028-01-01 12:00:00,costo operativo,gas,gas,10000.0
2028-01-01 12:00:00,costo operativo,leña,leña,1500.0
2028-01-01 12:00:00,ingreso operativo,Reservas (sim),Ingreso simulado por reserva,150000.0
2028-01-01 12:00:00,ingreso operativo,Reservas (sim),Ingreso simulado por reserva,150000.0
2028-01-01 12:10:00,costo operativo,gas,gas,10000.0
2028-01-01 12:10:00,costo operativo,luz,luz,520.0
2028-01-01 12:10:00,costo operativo,agua,agua,700.0
2028-01-01 12:10:00,costo operativo,leña,leña,1500.0
2028-01-01 12:10:00,costo operativo,gas,gas,10000.0
2028-01-01 12:10:00,ingreso operativo,Reservas (sim),Ingreso simulado por reserva,150000.0
2028-01-01 12:10:00,costo operativo,agua,agua,700.0
2028-01-01 12:10:00,costo operativo,leña,leña,1500.0
2028-01-01 12:10:00,ingreso operativo,Reservas (sim),Ingreso simulado por reserva,150000.0
2028-01-01 12:10:00,costo operativo,luz,luz,520.0
2028-01-01 12:20:00,costo operativo,agua,agua,700.0
2028-01-01 12:20:00,ingreso operativo,Reservas (sim),Ingreso simulado por reserva,150000.0
2028-01-01 12:20:00,ingreso operativo,Reservas (sim),Ingreso simulado por reserva,150000.0
2028-01-01 12:20:00,costo operativo,leña,leña,1500.0
2028-01-01 12:20:00,costo operativo,gas,gas,10000.0
2028-01-01 12:20:00,costo operativo,luz,luz,520.0
2028-01-01 12:20:00,costo operativo,agua,agua,700.0
2028-01-01 12:20:00,costo operativo,luz,luz,520.0
2028-01-01 12:20:00,costo operativo,gas,gas,10000.0
2028-01-01 12:20:00,costo operativo,leña,leña,1500.0
2028-01-01 12:30:00,costo operativo,leña,leña,1500.0
2028-01-01 12:30:00,costo operativo,agua,agua,700.0
2028-01-01 12:30:00,costo operativo,luz,luz,520.0
2028-01-01 12:30:00,costo operativo,gas,gas,10000.0
2028-01-01 12:30:00,ingreso operativo,Reservas (sim),Ingreso simulado por reserva,150000.0
2028-01-01 12:40:00,costo operativo,leña,leña,1500.0
2028-01-01 12:40:00,costo operativo,luz,luz,520.0
2028-01-01 12:40:00,costo operativo,gas,gas,10000.0
2028-01-01 12:40:00,costo operativo,agua,agua,700.0
2028-01-01 12:40:00,ingreso operativo,Reservas (sim),Ingreso simulado por reserva,150000.0
2028-01-01 12:50:00,costo operativo,leña,leña,1500.0
2028-01-01 12:50:00,costo operativo,agua,agua,700.0
2028-01-01 12:50:00,costo operativo,gas,gas,10000.0
2028-01-01 12:50:00,ingreso operativo,Reservas (sim),Ingreso simulado por reserva,150000.0
2028-01-01 12:50:00,costo operativo,luz,luz,520.0
2028-01-01 20:00:00,costo operativo,pago extra ayudante (diario),pago extra ayudante (diario),100000.0
2028-01-02 12:00:00,costo operativo,gas,gas,10000.0
2028-01-02 12:00:00,costo operativo,luz,luz,520.0
2028-01-02 12:00:00,costo operativo,agua,agua,700.0
2028-01-02 12:00:00,costo operativo,leña,leña,1500.0
2028-01-02 12:00:00,costo operativo,gas,gas,10000.0
2028-01-02 12:00:00,costo operativo,luz,luz,520.0
2028-01-02 12:00:00,costo operativo,agua,agua,700.0
2028-01-02 12:00:00,costo operativo,leña,leña,1500.0
2028-01-02 12:00:00,costo operativo,gas,gas,10000.0
2028-01-02 12:00:00,costo operativo,luz,luz,520.0
2028-01-02 12:00:00,costo operativo,agua,agua,700.0
2028-01-02 12:00:00,costo operativo,leña,leña,1500.0
2028-01-02 12:00:00,ingreso operativo,Reservas (sim),Ingreso simulado por reserva,150000.0
2028-01-02 12:00:00,ingreso operativo,Reservas (sim),Ingreso simulado por reserva,150000.0
2028-01-02 12:00:00,ingreso operativo,Reservas (sim),Ingreso simulado por reserva,150000.0
2028-01-02 12:10:00,ingreso operativo,Reservas (sim),Ingreso simulado por reserva,150000.0
2028-01-02 12:10:00,costo operativo,agua,agua,700.0
2028-01-02 12:10:00,costo operativo,leña,leña,1500.0
2028-01-02 12:10:00,costo operativo,leña,leña,1500.0
2028-01-02 12:10:00,costo operativo,agua,agua,700.0
2028-01-02 12:10:00,costo operativo,luz,luz,520.0
2028-01-02 12:10:00,costo operativo,gas,gas,10000.0
2028-01-02 12:10:00,costo operativo,leña,leña,1500.0
2028-01-02 12:10:00,costo operativo,agua,agua,700.0
2028-01-02 12:10:00,costo operativo,luz,luz,520.0
2028-01-02 12:10:00,costo operativo,gas,gas,10000.0
2028-01-02 12:10:00,costo operativo,luz,luz,520.0
2028-01-02 12:10:00,ingreso operativo,Reservas (sim),Ingreso simulado por reserva,150000.0
2028-01-02 12:10:00,ingreso operativo,Reservas (sim),Ingreso simulado por reserva,150000.0
2028-01-02 12:10:00,costo operativo,gas,gas,10000.0
2028-01-02 12:20:00,ingreso operativo,Reservas (sim),Ingreso simulado por reserva,150000.0
2028-01-02 12:20:00,costo operativo,agua,agua,700.0
2028-01-02 12:20:00,ingreso operativo,Reservas (sim),Ingreso simulado por reserva,150000.0
2028-01-02 12:20:00,costo operativo,leña,leña,1500.0
2028-01-02 12:20:00,costo operativo,gas,gas,10000.0
2028-01-02 12:20:00,costo operativo,gas,gas,10000.0
2028-01-02 12:20:00,costo operativo,agua,agua,700.0
2028-01-02 12:20:00,costo operativo,luz,luz,520.0
2028-01-02 12:20:00,costo operativo,luz,luz,520.0
2028-01-02 12:20:00,costo operativo,leña,leña,1500.0
2028-01-02 12:30:00,ingreso operativo,Reservas (sim),Ingreso simulado por reserva,150000.0
2028-01-02 12:30:00,costo operativo,luz,luz,520.0
2028-01-02 12:30:00,costo operativo,gas,gas,10000.0
2028-01-02 12:30:00,costo operativo,leña,leña,1500.0
2028-01-02 12:30:00,costo operativo,agua,agua,700.0
2028-01-02 12:30:00,costo operativo,luz,luz,520.0
2028-01-02 12:30:00,costo operativo,leña,leña,1500.0
2028-01-02 12:30:00,costo operativo,gas,gas,10000.0
2028-01-02 12:30:00,ingreso operativo,Reservas (sim),Ingreso simulado por reserva,150000.0
2028-01-02 12:30:00,costo operativo,agua,agua,700.0
2028-01-02 12:40:00,costo operativo,agua,agua,700.0
2028-01-02 12:40:00,costo operativo,luz,luz,520.0
2028-01-02 12:40:00,costo operativo,gas,gas,10000.0
2028-01-02 12:40:00,costo operativo,luz,luz,520.0
2028-01-02 12:40:00,costo operativo,agua,agua,700.0
2028-01-02 12:40:00,costo operativo,leña,leña,1500.0
2028-01-02 12:40:00,costo operativo,gas,gas,10000.0
2028-01-02 12:40:00,ingreso operativo,Reservas (sim),Ingreso simulado por reserva,150000.0
2028-01-02 12:40:00,ingreso operativo,Reservas (sim),Ingreso simulado por reserva,150000.0
2028-01-02 12:40:00,costo operativo,leña,leña,1500.0
2028-01-02 12:50:00,costo operativo,leña,leña,1500.0
2028-01-02 12:50:00,costo operativo,gas,gas,10000.0
2028-01-02 12:50:00,costo operativo,luz,luz,520.0
2028-01-02 12:50:00,costo operativo,leña,leña,1500.0
2028-01-02 12:50:00,costo operativo,luz,luz,520.0
2028-01-02 12:50:00,costo operativo,agua,agua,700.0
2028-01-02 12:50:00,costo operativo,agua,agua,700.0
2028-01-02 12:50:00,ingreso operativo,Reservas (sim),Ingreso simulado por reserva,150000.0
2028-01-02 12:50:00,ingreso operativo,Reservas (sim),Ingreso simulado por reserva,150000.0
2028-01-02 12:50:00,costo operativo,gas,gas,10000.0
2028-01-02 20:00:00,costo operativo,pago extra ayudante (diario),pago extra ayudante (diario),100000.0
2028-01-03 12:00:00,costo operativo,agua,agua,700.0
2028-01-03 12:00:00,costo operativo,gas,gas,10000.0
2028-01-03 12:00:00,costo operativo,leña,leña,1500.0
2028-01-03 12:00:00,ingreso operativo,Reservas (sim),Ingreso simulado por reserva,150000.0
2028-01-03 12:00:00,costo operativo,luz,luz,520.0
2028-01-03 12:10:00,costo operativo,gas,gas,10000.0
2028-01-03 12:10:00,costo operativo,leña,leña,1500.0
2028-01-03 12:10:00,costo operativo,agua,agua,700.0
2028-01-03 12:10:00,costo operativo,luz,luz,520.0
2028-01-03 12:10:00,ingreso operativo,Reservas (sim),Ingreso simulado por reserva,150000.0
2028-01-03 12:20:00,costo operativo,gas,gas,10000.0
2028-01-03 12:20:00,costo operativo,agua,agua,700.0
2028-01-03 12:20:00,costo operativo,leña,leña,1500.0
2028-01-03 12:20:00,ingreso operativo,Reservas (sim),Ingreso simulado por reserva,150000.0
2028-01-03 12:20:00,costo operativo,luz,luz,520.0
2028-01-03 12:30:00,costo operativo,leña,leña,1500.0
2028-01-03 12:30:00,costo operativo,agua,agua,700.0
2028-01-03 12:30:00,costo operativo,luz,luz,520.0
2028-01-03 12:30:00,costo operativo,gas,gas,10000.0
2028-01-03 12:30:00,ingreso operativo,Reservas (sim),Ingreso simulado por reserva,150000.0
2028-01-03 20:00:00,costo operativo,pago extra ayudante (diario),pago extra ayudante (diario),70000.0
2028-01-04 12:00:00,ingreso operativo,Reservas (sim),Ingreso simulado por reserva,150000.0
2028-01-04 12:00:00,costo operativo,luz,luz,520.0
2028-01-04 12:00:00,costo operativo,agua,agua,700.0
2028-01-04 12:00:00,costo operativo,leña,leña,1500.0
2028-01-04 12:00:00,costo operativo,gas,gas,10000.0
2028-01-04 12:10:00,costo operativo,agua,agua,700.0
2028-01-04 12:10:00,costo operativo,luz,luz,520.0
2028-01-04 12:10:00,costo operativo,leña,leña,1500.0
2028-01-04 12:10:00,ingreso operativo,Reservas (sim),Ingreso simulado por reserva,150000.0
2028-01-04 12:10:00,costo operativo,gas,gas,10000.0
2028-01-04 12:20:00,costo operativo,agua,agua,700.0
2028-01-04 12:20:00,costo operativo,luz,luz,520.0
2028-01-04 12:20:00,ingreso operativo,Reservas (sim),Ingreso simulado por reserva,150000.0
2028-01-04 12:20:00,costo operativo,gas,gas,10000.0
2028-01-04 12:20:00,costo operativo,leña,leña,1500.0
2028-01-04 20:00:00,costo operativo,pago extra ayudante (diario),pago extra ayudante (diario),60000.0
2028-01-05 12:00:00,ingreso operativo,Reservas (sim),Ingreso simulado por reserva,150000.0
2028-01-05 12:00:00,costo operativo,agua,agua,700.0
2028-01-05 12:00:00,costo operativo,luz,luz,520.0
2028-01-05 12:00:00,costo operativo,gas,gas,10000.0
2028-01-05 12:00:00,costo operativo,leña,leña,1500.0
2028-01-05 12:10:00,costo operativo,leña,leña,1500.0
2028-01-05 12:10:00,costo operativo,agua,agua,700.0
2028-01-05 12:10:00,costo operativo,gas,gas,10000.0
2028-01-05 12:10:00,ingreso operativo,Reservas (sim),Ingreso simulado por reserva,150000.0
2028-01-05 12:10:00,costo operativo,luz,luz,520.0
2028-01-05 12:20:00,costo operativo,leña,leña,1500.0
2028-01-05 12:20:00,costo operativo,agua,agua,700.0
2028-01-05 12:20:00,costo operativo,luz,luz,520.0
2028-01-05 12:20:00,costo operativo,gas,gas,10000.0
2028-01-05 12:20:00,ingreso operativo,Reservas (sim),Ingreso simulado por reserva,150000.0
2028-01-05 12:30:00,costo operativo,leña,leña,1500.0
2028-01-05 12:30:00,costo operativo,agua,agua,700.0
2028-01-05 12:30:00,costo operativo,luz,luz,520.0
2028-01-05 12:30:00,costo operativo,gas,gas,10000.0
2028-01-05 12:30:00,ingreso operativo,Reservas (sim),Ingreso simulado por reserva,150000.0
2028-01-05 12:40:00,costo operativo,agua,agua,700.0
2028-01-05 12:40:00,costo operativo,gas,gas,10000.0
2028-01-05 12:40:00,costo operativo,luz,luz,520.0
2028-01-05 12:40:00,ingreso operativo,Reservas (sim),Ingreso simulado por reserva,150000.0
2028-01-05 12:40:00,costo operativo,leña,leña,1500.0
2028-01-05 12:50:00,costo operativo,gas,gas,10000.0
2028-01-05 12:50:00,costo operativo,luz,luz,520.0
2028-01-05 12:50:00,costo operativo,agua,agua,700.0
2028-01-05 12:50:00,costo operativo,leña,leña,1500.0
2028-01-05 12:50:00,ingreso operativo,Reservas (sim),Ingreso simulado por reserva,150000.0
2028-01-05 20:00:00,costo operativo,pago extra ayudante (diario),pago extra ayudante (diario),90000.0
2028-01-06 12:00:00,ingreso operativo,Reservas (sim),Ingreso simulado por reserva,150000.0
2028-01-06 12:00:00,costo operativo,leña,leña,1500.0
2028-01-06 12:00:00,costo operativo,agua,agua,700.0
2028-01-06 12:00:00,costo operativo,luz,luz,520.0
2028-01-06 12:00:00,costo operativo,gas,gas,10000.0
2028-01-06 12:10:00,costo operativo,gas,gas,10000.0
2028-01-06 12:10:00,ingreso operativo,Reservas (sim),Ingreso simulado por reserva,150000.0
2028-01-06 12:10:00,costo operativo,leña,leña,1500.0
2028-01-06 12:10:00,costo operativo,agua,agua,700.0
2028-01-06 12:10:00,costo operativo,luz,luz,520.0
2028-01-06 12:20:00,costo operativo,gas,gas,10000.0
2028-01-06 12:20:00,costo operativo,luz,luz,520.0
2028-01-06 12:20:00,costo operativo,leña,leña,1500.0
2028-01-06 12:20:00,ingreso operativo,Reservas (sim),Ingreso simulado por reserva,150000.0
2028-01-06 12:20:00,costo operativo,agua,agua,700.0
2028-01-06 12:30:00,costo operativo,leña,leña,1500.0
2028-01-06 12:30:00,costo operativo,agua,agua,700.0
2028-01-06 12:30:00,costo operativo,luz,luz,520.0
2028-01-06 12:30:00,costo operativo,gas,gas,10000.0
2028-01-06 12:30:00,ingreso operativo,Reservas (sim),Ingreso simulado por reserva,150000.0
2028-01-06 12:40:00,ingreso operativo,Reservas (sim),Ingreso simulado por reserva,150000.0
2028-01-06 12:40:00,costo operativo,leña,leña,1500.0
2028-01-06 12:40:00,costo operativo,agua,agua,700.0
2028-01-06 12:40:00,costo operativo,luz,luz,520.0
2028-01-06 12:40:00,costo operativo,gas,gas,10000.0
2028-01-06 12:50:00,costo operativo,gas,gas,10000.0
2028-01-06 12:50:00,ingreso operativo,Reservas (sim),Ingreso simulado por reserva,150000.0
2028-01-06 12:50:00,costo operativo,leña,leña,1500.0
2028-01-06 12:50:00,costo operativo,luz,luz,520.0
2028-01-06 12:50:00,costo operativo,agua,agua,700.0
2028-01-06 20:00:00,costo operativo,pago extra ayudante (diario),pago extra ayudante (diario),90000.0
2028-01-07 12:00:00,costo operativo,leña,leña,1500.0
2028-01-07 12:00:00,costo operativo,agua,agua,700.0
2028-01-07 12:00:00,costo operativo,luz,luz,520.0
2028-01-07 12:00:00,costo operativo,gas,gas,10000.0
2028-01-07 12:00:00,ingreso operativo,Reservas (sim),Ingreso simulado por reserva,150000.0
2028-01-07 12:10:00,ingreso operativo,Reservas (sim),Ingreso simulado por reserva,150000.0
2028-01-07 12:10:00,costo operativo,leña,leña,1500.0
2028-01-07 12:10:00,costo operativo,agua,agua,700.0
2028-01-07 12:10:00,costo operativo,luz,luz,520.0
2028-01-07 12:10:00,costo operativo,gas,gas,10000.0
2028-01-07 20:00:00,costo operativo,pago extra ayudante (diario),pago extra ayudante (diario),45000.0
2028-01-08 12:00:00,costo operativo,luz,luz,520.0
2028-01-08 12:00:00,ingreso operativo,Reservas (sim),Ingreso simulado por reserva,150000.0
2028-01-08 12:00:00,costo operativo,leña,leña,1500.0
2028-01-08 12:00:00,costo operativo,agua,agua,700.0
2028-01-08 12:00:00,ingreso operativo,Reservas (sim),Ingreso simulado por reserva,150000.0
2028-01-08 12:00:00,costo operativo,gas,gas,10000.0
2028-01-08 12:00:00,costo operativo,leña,leña,1500.0
2028-01-08 12:00:00,costo operativo,agua,agua,700.0
2028-01-08 12:00:00,costo operativo,luz,luz,520.0
2028-01-08 12:00:00,costo operativo,gas,gas,10000.0
2028-01-08 12:10:00,costo operativo,agua,agua,700.0
2028-01-08 12:10:00,ingreso operativo,Reservas (sim),Ingreso simulado por reserva,150000.0
2028-01-08 12:10:00,costo operativo,leña,leña,1500.0
2028-01-08 12:10:00,costo operativo,gas,gas,10000.0
2028-01-08 12:10:00,costo operativo,luz,luz,520.0
2028-01-08 12:20:00,ingreso operativo,Reservas (sim),Ingreso simulado por reserva,150000.0
2028-01-08 12:20:00,costo operativo,leña,leña,1500.0
2028-01-08 12:20:00,costo operativo,agua,agua,700.0
2028-01-08 12:20:00,costo operativo,luz,luz,520.0
2028-01-08 12:20:00,costo operativo,gas,gas,10000.0
2028-01-08 12:30:00,ingreso operativo,Reservas (sim),Ingreso simulado por reserva,150000.0
2028-01-08 12:30:00,costo operativo,gas,gas,10000.0
2028-01-08 12:30:00,costo operativo,luz,luz,520.0
2028-01-08 12:30:00,costo operativo,agua,agua,700.0
2028-01-08 12:30:00,costo operativo,leña,leña,1500.0
2028-01-08 12:40:00,costo operativo,gas,gas,10000.0
2028-01-08 12:40:00,costo operativo,agua,agua,700.0
2028-01-08 12:40:00,costo operativo,leña,leña,1500.0
2028-01-08 12:40:00,costo operativo,luz,luz,520.0
2028-01-08 12:40:00,ingreso operativo,Reservas (sim),Ingreso simulado por reserva,150000.0
2028-01-08 12:50:00,ingreso operativo,Reservas (sim),Ingreso simulado por reserva,150000.0
2028-01-08 12:50:00,costo operativo,leña,leña,1500.0
2028-01-08 12:50:00,costo operativo,gas,gas,10000.0
2028-01-08 12:50:00,costo operativo,luz,luz,520.0
2028-01-08 12:50:00,costo operativo,agua,agua,700.0
2028-01-08 20:00:00,costo operativo,pago extra ayudante (diario),pago extra ayudante (diario),100000.0
2028-01-09 12:00:00,ingreso operativo,Reservas (sim),Ingreso simulado por reserva,150000.0
2028-01-09 12:00:00,ingreso operativo,Reservas (sim),Ingreso simulado por reserva,150000.0
2028-01-09 12:00:00,ingreso operativo,Reservas (sim),Ingreso simulado por reserva,150000.0
2028-01-09 12:00:00,costo operativo,gas,gas,10000.0
2028-01-09 12:00:00,costo operativo,leña,leña,1500.0
2028-01-09 12:00:00,costo operativo,leña,leña,1500.0
2028-01-09 12:00:00,costo operativo,agua,agua,700.0
2028-01-09 12:00:00,costo operativo,luz,luz,520.0
2028-01-09 12:00:00,costo operativo,gas,gas,10000.0
2028-01-09 12:00:00,costo operativo,leña,leña,1500.0
2028-01-09 12:00:00,costo operativo,agua,agua,700.0
2028-01-09 12:00:00,costo operativo,luz,luz,520.0
2028-01-09 12:00:00,costo operativo,gas,gas,10000.0
2028-01-09 12:00:00,costo operativo,agua,agua,700.0
2028-01-09 12:00:00,costo operativo,luz,luz,520.0
2028-01-09 12:10:00,costo operativo,gas,gas,10000.0
2028-01-09 12:10:00,costo operativo,agua,agua,700.0
2028-01-09 12:10:00,costo operativo,luz,luz,520.0
2028-01-09 12:10:00,costo operativo,gas,gas,10000.0
2028-01-09 12:10:00,costo operativo,leña,leña,1500.0
2028-01-09 12:10:00,ingreso operativo,Reservas (sim),Ingreso simulado por reserva,150000.0
2028-01-09 12:10:00,costo operativo,agua,agua,700.0
2028-01-09 12:10:00,ingreso operativo,Reservas (sim),Ingreso simulado por reserva,150000.0
2028-01-09 12:10:00,costo operativo,leña,leña,1500.0
2028-01-09 12:10:00,costo operativo,gas,gas,10000.0
2028-01-09 12:10:00,costo operativo,luz,luz,520.0
2028-01-09 12:10:00,costo operativo,agua,agua,700.0
2028-01-09 12:10:00,costo operativo,leña,leña,1500.0
2028-01-09 12:10:00,ingreso operativo,Reservas (sim),Ingreso simulado por reserva,150000.0
2028-01-09 12:10:00,costo operativo,luz,luz,520.0
2028-01-09 12:20:00,ingreso operativo,Reservas (sim),Ingreso simulado por reserva,150000.0
2028-01-09 12:20:00,ingreso operativo,Reservas (sim),Ingreso simulado por reserva,150000.0
2028-01-09 12:20:00,ingreso operativo,Reservas (sim),Ingreso simulado por reserva,150000.0
2028-01-09 12:20:00,costo operativo,agua,agua,700.0
2028-01-09 12:20:00,costo operativo,luz,luz,520.0
2028-01-09 12:20:00,costo operativo,agua,agua,700.0
2028-01-09 12:20:00,costo operativo,luz,luz,520.0
2028-01-09 12:20:00,costo operativo,gas,gas,10000.0
2028-01-09 12:20:00,costo operativo,leña,leña,1500.0
2028-01-09 12:20:00,costo operativo,agua,agua,700.0
2028-01-09 12:20:00,costo operativo,gas,gas,10000.0
2028-01-09 12:20:00,costo operativo,luz,luz,520.0
2028-01-09 12:20:00,costo operativo,leña,leña,1500.0
2028-01-09 12:20:00,costo operativo,gas,gas,10000.0
2028-01-09 12:20:00,costo operativo,leña,leña,1500.0
2028-01-09 12:30:00,costo operativo,gas,gas,10000.0
2028-01-09 12:30:00,ingreso operativo,Reservas (sim),Ingreso simulado por reserva,150000.0
2028-01-09 12:30:00,ingreso operativo,Reservas (sim),Ingreso simulado por reserva,150000.0
2028-01-09 12:30:00,ingreso operativo,Reservas (sim),Ingreso simulado por reserva,150000.0
2028-01-09 12:30:00,costo operativo,luz,luz,520.0
2028-01-09 12:30:00,costo operativo,agua,agua,700.0
2028-01-09 12:30:00,costo operativo,luz,luz,520.0
2028-01-09 12:30:00,costo operativo,gas,gas,10000.0
2028-01-09 12:30:00,costo operativo,leña,leña,1500.0
2028-01-09 12:30:00,costo operativo,agua,agua,700.0
2028-01-09 12:30:00,costo operativo,luz,luz,520.0
2028-01-09 12:30:00,costo operativo,gas,gas,10000.0
2028-01-09 12:30:00,costo operativo,leña,leña,1500.0
2028-01-09 12:30:00,costo operativo,leña,leña,1500.0
2028-01-09 12:30:00,costo operativo,agua,agua,700.0
2028-01-09 12:40:00,ingreso operativo,Reservas (sim),Ingreso simulado por reserva,150000.0
2028-01-09 12:40:00,ingreso operativo,Reservas (sim),Ingreso simulado por reserva,150000.0
2028-01-09 12:40:00,costo operativo,leña,leña,1500.0
2028-01-09 12:40:00,costo operativo,agua,agua,700.0
2028-01-09 12:40:00,costo operativo,leña,leña,1500.0
2028-01-09 12:40:00,costo operativo,agua,agua,700.0
2028-01-09 12:40:00,costo operativo,luz,luz,520.0
2028-01-09 12:40:00,costo operativo,gas,gas,10000.0
2028-01-09 12:40:00,costo operativo,gas,gas,10000.0
2028-01-09 12:40:00,costo operativo,luz,luz,520.0
2028-01-09 12:50:00,ingreso operativo,Reservas (sim),Ingreso simulado por reserva,150000.0
2028-01-09 12:50:00,ingreso operativo,Reservas (sim),Ingreso simulado por reserva,150000.0
2028-01-09 12:50:00,costo operativo,leña,leña,1500.0
2028-01-09 12:50:00,costo operativo,agua,agua,700.0
2028-01-09 12:50:00,costo operativo,luz,luz,520.0
2028-01-09 12:50:00,costo operativo,gas,gas,10000.0
2028-01-09 12:50:00,costo operativo,leña,leña,1500.0
2028-01-09 12:50:00,costo operativo,agua,agua,700.0
2028-01-09 12:50:00,costo operativo,luz,luz,520.0
2028-01-09 12:50:00,costo operativo,gas,gas,10000.0
2028-01-09 20:00:00,costo operativo,pago extra ayudante (diario),pago extra ayudante (diario),100000.0
2028-01-10 12:00:00,costo operativo,leña,leña,1500.0
2028-01-10 12:00:00,ingreso operativo,Reservas (sim),Ingreso simulado por reserva,150000.0
2028-01-10 12:00:00,costo operativo,agua,agua,700.0
2028-01-10 12:00:00,costo operativo,gas,gas,10000.0
2028-01-10 12:00:00,costo operativo,luz,luz,520.0
2028-01-10 12:10:00,costo operativo,agua,agua,700.0
2028-01-10 12:10:00,costo operativo,leña,leña,1500.0
2028-01-10 12:10:00,costo operativo,gas,gas,10000.0
2028-01-10 12:10:00,costo operativo,luz,luz,520.0
2028-01-10 12:10:00,ingreso operativo,Reservas (sim),Ingreso simulado por reserva,150000.0
2028-01-10 20:00:00,costo operativo,pago extra ayudante (diario),pago extra ayudante (diario),45000.0
2028-01-11 12:00:00,costo operativo,leña,leña,1500.0
2028-01-11 12:00:00,costo operativo,luz,luz,520.0
2028-01-11 12:00:00,costo operativo,gas,gas,10000.0
2028-01-11 12:00:00,ingreso operativo,Reservas (sim),Ingreso simulado por reserva,150000.0
2028-01-11 12:00:00,costo operativo,agua,agua,700.0
2028-01-11 12:10:00,costo operativo,leña,leña,1500.0
2028-01-11 12:10:00,ingreso operativo,Reservas (sim),Ingreso simulado por reserva,150000.0
2028-01-11 12:10:00,costo operativo,agua,agua,700.0
2028-01-11 12:10:00,costo operativo,luz,luz,520.0
2028-01-11 12:10:00,costo operativo,gas,gas,10000.0
2028-01-11 12:20:00,ingreso operativo,Reservas (sim),Ingreso simulado por reserva,150000.0
2028-01-11 12:20:00,costo operativo,leña,leña,1500.0
2028-01-11 12:20:00,costo operativo,agua,agua,700.0
2028-01-11 12:20:00,costo operativo,luz,luz,520.0
2028-01-11 12:20:00,costo operativo,gas,gas,10000.0
2028-01-11 12:30:00,costo operativo,gas,gas,10000.0
2028-01-11 12:30:00,costo operativo,luz,luz,520.0
2028-01-11 12:30:00,costo operativo,leña,leña,1500.0
2028-01-11 12:30:00,costo operativo,agua,agua,700.0
2028-01-11 12:30:00,ingreso operativo,Reservas (sim),Ingreso simulado por reserva,150000.0
2028-01-11 12:40:00,ingreso operativo,Reservas (sim),Ingreso simulado por reserva,150000.0
2028-01-11 12:40:00,costo operativo,leña,leña,1500.0
2028-01-11 12:40:00,costo operativo,agua,agua,700.0
2028-01-11 12:40:00,costo operativo,luz,luz,520.0
2028-01-11 12:40:00,costo operativo,gas,gas,10000.0
2028-01-11 20:00:00,costo operativo,pago extra ayudante (diario),pago extra ayudante (diario),80000.0
2028-01-12 12:00:00,costo operativo,agua,agua,700.0
2028-01-12 12:00:00,ingreso operativo,Reservas (sim),Ingreso simulado por reserva,150000.0
2028-01-12 12:00:00,costo operativo,leña,leña,1500.0
2028-01-12 12:00:00,costo operativo,gas,gas,10000.0
2028-01-12 12:00:00,costo operativo,luz,luz,520.0
2028-01-12 12:10:00,costo operativo,luz,luz,520.0
2028-01-12 12:10:00,costo operativo,agua,agua,700.0
2028-01-12 12:10:00,costo operativo,leña,leña,1500.0
2028-01-12 12:10:00,ingreso operativo,Reservas (sim),Ingreso simulado por reserva,150000.0
2028-01-12 12:10:00,costo operativo,gas,gas,10000.0
2028-01-12 12:20:00,costo operativo,leña,leña,1500.0
2028-01-12 12:20:00,costo operativo,agua,agua,700.0
2028-01-12 12:20:00,costo operativo,luz,luz,520.0
2028-01-12 12:20:00,costo operativo,gas,gas,10000.0
2028-01-12 12:20:00,ingreso operativo,Reservas (sim),Ingreso simulado por reserva,150000.0
2028-01-12 12:30:00,costo operativo,leña,leña,1500.0
2028-01-12 12:30:00,costo operativo,agua,agua,700.0
2028-01-12 12:30:00,costo operativo,luz,luz,520.0
2028-01-12 12:30:00,costo operativo,gas,gas,10000.0
2028-01-12 12:30:00,ingreso operativo,Reservas (sim),Ingreso simulado por reserva,150000.0
2028-01-12 12:40:00,ingreso operativo,Reservas (sim),Ingreso simulado por reserva,150000.0
2028-01-12 12:40:00,costo operativo,luz,luz,520.0
2028-01-12 12:40:00,costo operativo,agua,agua,700.0
2028-01-12 12:40:00,costo operativo,leña,leña,1500.0
2028-01-12 12:40:00,costo operativo,gas,gas,10000.0
2028-01-12 12:50:00,costo operativo,leña,leña,1500.0
2028-01-12 12:50:00,costo operativo,agua,agua,700.0
2028-01-12 12:50:00,costo operativo,luz,luz,520.0
2028-01-12 12:50:00,costo operativo,gas,gas,10000.0
2028-01-12 12:50:00,ingreso operativo,Reservas (sim),Ingreso simulado por reserva,150000.0
2028-01-12 20:00:00,costo operativo,pago extra ayudante (diario),pago extra ayudante (diario),90000.0
2028-01-13 12:00:00,ingreso operativo,Reservas (sim),Ingreso simulado por reserva,150000.0
2028-01-13 12:00:00,costo operativo,leña,leña,1500.0
2028-01-13 12:00:00,costo operativo,gas,gas,10000.0
2028-01-13 12:00:00,costo operativo,luz,luz,520.0
2028-01-13 12:00:00,costo operativo,agua,agua,700.0
2028-01-13 12:10:00,costo operativo,luz,luz,520.0
2028-01-13 12:10:00,costo operativo,leña,leña,1500.0
2028-01-13 12:10:00,costo operativo,agua,agua,700.0
2028-01-13 12:10:00,costo operativo,gas,gas,10000.0
2028-01-13 12:10:00,ingreso operativo,Reservas (sim),Ingreso simulado por reserva,150000.0
2028-01-13 12:20:00,ingreso operativo,Reservas (sim),Ingreso simulado por reserva,150000.0
2028-01-13 12:20:00,costo operativo,leña,leña,1500.0
2028-01-13 12:20:00,costo operativo,agua,agua,700.0
2028-01-13 12:20:00,costo operativo,luz,luz,520.0
2028-01-13 12:20:00,costo operativo,gas,gas,10000.0
2028-01-13 12:30:00,ingreso operativo,Reservas (sim),Ingreso simulado por reserva,150000.0
2028-01-13 12:30:00,costo operativo,leña,leña,1500.0
2028-01-13 12:30:00,costo operativo,agua,agua,700.0
2028-01-13 12:30:00,costo operativo,luz,luz,520.0
2028-01-13 12:30:00,costo operativo,gas,gas,10000.0
2028-01-13 12:40:00,costo operativo,leña,leña,1500.0
2028-01-13 12:40:00,costo operativo,luz,luz,520.0
2028-01-13 12:40:00,costo operativo,gas,gas,10000.0
2028-01-13 12:40:00,ingreso operativo,Reservas (sim),Ingreso simulado por reserva,150000.0
2028-01-13 12:40:00,costo operativo,agua,agua,700.0
2028-01-13 20:00:00,costo operativo,pago extra ayudante (diario),pago extra ayudante (diario),80000.0
2028-01-14 12:00:00,costo operativo,leña,leña,1500.0
2028-01-14 12:00:00,costo operativo,luz,luz,520.0
2028-01-14 12:00:00,costo operativo,gas,gas,10000.0
2028-01-14 12:00:00,ingreso operativo,Reservas (sim),Ingreso simulado por reserva,150000.0
2028-01-14 12:00:00,costo operativo,agua,agua,700.0
2028-01-14 12:10:00,ingreso operativo,Reservas (sim),Ingreso simulado por reserva,150000.0
2028-01-14 12:10:00,costo operativo,gas,gas,10000.0
2028-01-14 12:10:00,costo operativo,leña,leña,1500.0
2028-01-14 12:10:00,costo operativo,agua,agua,700.0
2028-01-14 12:10:00,costo operativo,luz,luz,520.0
2028-01-14 20:00:00,costo operativo,pago extra ayudante (diario),pago extra ayudante (diario),45000.0
2028-01-15 12:00:00,costo operativo,gas,gas,10000.0
2028-01-15 12:00:00,costo operativo,luz,luz,520.0
2028-01-15 12:00:00,costo operativo,agua,agua,700.0
2028-01-15 12:00:00,ingreso operativo,Reservas (sim),Ingreso simulado por reserva,150000.0
2028-01-15 12:00:00,costo operativo,leña,leña,1500.0
2028-01-15 12:00:00,costo operativo,luz,luz,520.0
2028-01-15 12:00:00,costo operativo,agua,agua,700.0
2028-01-15 12:00:00,costo operativo,leña,leña,1500.0
2028-01-15 12:00:00,costo operativo,gas,gas,10000.0
2028-01-15 12:00:00,ingreso operativo,Reservas (sim),Ingreso simulado por reserva,150000.0
2028-01-15 12:10:00,costo operativo,gas,gas,10000.0
2028-01-15 12:10:00,costo operativo,luz,luz,520.0
2028-01-15 12:10:00,costo operativo,agua,agua,700.0
2028-01-15 12:10:00,costo operativo,gas,gas,10000.0
2028-01-15 12:10:00,ingreso operativo,Reservas (sim),Ingreso simulado por reserva,150000.0
2028-01-15 12:10:00,ingreso operativo,Reservas (sim),Ingreso simulado por reserva,150000.0
2028-01-15 12:10:00,costo operativo,leña,leña,1500.0
2028-01-15 12:10:00,costo operativo,leña,leña,1500.0
2028-01-15 12:10:00,costo operativo,agua,agua,700.0
2028-01-15 12:10:00,costo operativo,luz,luz,520.0
2028-01-15 12:20:00,ingreso operativo,Reservas (sim),Ingreso simulado por reserva,150000.0
2028-01-15 12:20:00,costo operativo,gas,gas,10000.0
2028-01-15 12:20:00,costo operativo,luz,luz,520.0
2028-01-15 12:20:00,costo operativo,agua,agua,700.0
2028-01-15 12:20:00,costo operativo,leña,leña,1500.0
2028-01-15 12:20:00,costo operativo,gas,gas,10000.0
2028-01-15 12:20:00,costo operativo,luz,luz,520.0
2028-01-15 12:20:00,costo operativo,agua,agua,700.0
2028-01-15 12:20:00,costo operativo,leña,leña,1500.0
2028-01-15 12:20:00,ingreso operativo,Reservas (sim),Ingreso simulado por reserva,150000.0
2028-01-15 12:30:00,ingreso operativo,Reservas (sim),Ingreso simulado por reserva,150000.0
2028-01-15 12:30:00,ingreso operativo,Reservas (sim),Ingreso simulado por reserva,150000.0
2028-01-15 12:30:00,costo operativo,gas,gas,10000.0
2028-01-15 12:30:00,costo operativo,gas,gas,10000.0
2028-01-15 12:30:00,costo operativo,luz,luz,520.0
2028-01-15 12:30:00,costo operativo,agua,agua,700.0
2028-01-15 12:30:00,costo operativo,luz,luz,520.0
2028-01-15 12:30:00,costo operativo,agua,agua,700.0
2028-01-15 12:30:00,costo operativo,leña,leña,1500.0
2028-01-15 12:30:00,costo operativo,leña,leña,1500.0
2028-01-15 12:40:00,costo operativo,gas,gas,10000.0
2028-01-15 12:40:00,costo operativo,luz,luz,520.0
2028-01-15 12:40:00,ingreso operativo,Reservas (sim),Ingreso simulado por reserva,150000.0
2028-01-15 12:40:00,ingreso operativo,Reservas (sim),Ingreso simulado por reserva,150000.0
2028-01-15 12:40:00,costo operativo,agua,agua,700.0
2028-01-15 12:40:00,costo operativo,leña,leña,1500.0
2028-01-15 12:40:00,costo operativo,gas,gas,10000.0
2028-01-15 12:40:00,costo operativo,luz,luz,520.0
2028-01-15 12:40:00,costo operativo,agua,agua,700.0
2028-01-15 12:40:00,costo operativo,leña,leña,1500.0
2028-01-15 12:50:00,costo operativo,gas,gas,10000.0
2028-01-15 12:50:00,ingreso operativo,Reservas (sim),Ingreso simulado por reserva,150000.0
2028-01-15 12:50:00,costo operativo,luz,luz,520.0
2028-01-15 12:50:00,costo operativo,agua,agua,700.0
2028-01-15 12:50:00,costo operativo,leña,leña,1500.0
2028-01-15 20:00:00,costo operativo,pago extra ayudante (diario),pago extra ayudante (diario),100000.0
2028-01-16 12:00:00,costo operativo,luz,luz,520.0
2028-01-16 12:00:00,costo operativo,gas,gas,10000.0
2028-01-16 12:00:00,costo operativo,leña,leña,1500.0
2028-01-16 12:00:00,costo operativo,agua,agua,700.0
2028-01-16 12:00:00,costo operativo,agua,agua,700.0
2028-01-16 12:00:00,costo operativo,luz,luz,520.0
2028-01-16 12:00:00,ingreso operativo,Reservas (sim),Ingreso simulado por reserva,150000.0
2028-01-16 12:00:00,ingreso operativo,Reservas (sim),Ingreso simulado por reserva,150000.0
2028-01-16 12:00:00,costo operativo,gas,gas,10000.0
2028-01-16 12:00:00,costo operativo,leña,leña,1500.0
2028-01-16 12:10:00,ingreso operativo,Reservas (sim),Ingreso simulado por reserva,150000.0
2028-01-16 12:10:00,ingreso operativo,Reservas (sim),Ingreso simulado por reserva,150000.0
2028-01-16 12:10:00,costo operativo,gas,gas,10000.0
2028-01-16 12:10:00,costo operativo,agua,agua,700.0
2028-01-16 12:10:00,costo operativo,gas,gas,10000.0
2028-01-16 12:10:00,costo operativo,leña,leña,1500.0
2028-01-16 12:10:00,costo operativo,agua,agua,700.0
2028-01-16 12:10:00,costo operativo,leña,leña,1500.0
2028-01-16 12:10:00,costo operativo,luz,luz,520.0
2028-01-16 12:10:00,costo operativo,luz,luz,520.0
2028-01-16 12:20:00,ingreso operativo,Reservas (sim),Ingreso simulado por reserva,150000.0
2028-01-16 12:20:00,ingreso operativo,Reservas (sim),Ingreso simulado por reserva,150000.0
2028-01-16 12:20:00,costo operativo,leña,leña,1500.0
2028-01-16 12:20:00,costo operativo,agua,agua,700.0
2028-01-16 12:20:00,costo operativo,agua,agua,700.0
2028-01-16 12:20:00,costo operativo,leña,leña,1500.0
2028-01-16 12:20:00,costo operativo,gas,gas,10000.0
2028-01-16 12:20:00,costo operativo,luz,luz,520.0
2028-01-16 12:20:00,costo operativo,luz,luz,520.0
2028-01-16 12:20:00,costo operativo,gas,gas,10000.0
2028-01-16 12:30:00,costo operativo,luz,luz,520.0
2028-01-16 12:30:00,ingreso operativo,Reservas (sim),Ingreso simulado por reserva,150000.0
2028-01-16 12:30:00,costo operativo,agua,agua,700.0
2028-01-16 12:30:00,costo operativo,leña,leña,1500.0
2028-01-16 12:30:00,costo operativo,gas,gas,10000.0
2028-01-16 12:30:00,costo operativo,luz,luz,520.0
2028-01-16 12:30:00,costo operativo,agua,agua,700.0
2028-01-16 12:30:00,costo operativo,leña,leña,1500.0
2028-01-16 12:30:00,costo operativo,gas,gas,10000.0
2028-01-16 12:30:00,ingreso operativo,Reservas (sim),Ingreso simulado por reserva,150000.0
2028-01-16 12:40:00,costo operativo,gas,gas,10000.0
2028-01-16 12:40:00,costo operativo,luz,luz,520.0
2028-01-16 12:40:00,costo operativo,agua,agua,700.0
2028-01-16 12:40:00,costo operativo,leña,leña,1500.0
2028-01-16 12:40:00,costo operativo,gas,gas,10000.0
2028-01-16 12:40:00,costo operativo,leña,leña,1500.0
2028-01-16 12:40:00,ingreso operativo,Reservas (sim),Ingreso simulado por reserva,150000.0
2028-01-16 12:40:00,costo operativo,luz,luz,520.0
2028-01-16 12:40:00,costo operativo,agua,agua,700.0
2028-01-16 12:40:00,ingreso operativo,Reservas (sim),Ingreso simulado por reserva,150000.0
2028-01-16 12:50:00,ingreso operativo,Reservas (sim),Ingreso simulado por reserva,150000.0
2028-01-16 12:50:00,costo operativo,luz,luz,520.0
2028-01-16 12:50:00,costo operativo,leña,leña,1500.0
2028-01-16 12:50:00,costo operativo,agua,agua,700.0
2028-01-16 12:50:00,costo operativo,gas,gas,10000.0
2028-01-16 20:00:00,costo operativo,pago extra ayudante (diario),pago extra ayudante (diario),100000.0
2028-01-17 12:00:00,costo operativo,agua,agua,700.0
2028-01-17 12:00:00,costo operativo,luz,luz,520.0
2028-01-17 12:00:00,ingreso operativo,Reservas (sim),Ingreso simulado por reserva,150000.0
2028-01-17 12:00:00,costo operativo,leña,leña,1500.0
2028-01-17 12:00:00,costo operativo,gas,gas,10000.0
2028-01-17 12:10:00,costo operativo,leña,leña,1500.0
2028-01-17 12:10:00,ingreso operativo,Reservas (sim),Ingreso simulado por reserva,150000.0
2028-01-17 12:10:00,costo operativo,gas,gas,10000.0
2028-01-17 12:10:00,costo operativo,luz,luz,520.0
2028-01-17 12:10:00,costo operativo,agua,agua,700.0
2028-01-17 20:00:00,costo operativo,pago extra ayudante (diario),pago extra ayudante (diario),45000.0
2028-01-18 12:00:00,costo operativo,luz,luz,520.0
2028-01-18 12:00:00,costo operativo,agua,agua,700.0
2028-01-18 12:00:00,costo operativo,gas,gas,10000.0
2028-01-18 12:00:00,costo operativo,leña,leña,1500.0
2028-01-18 12:00:00,ingreso operativo,Reservas (sim),Ingreso simulado por reserva,150000.0
2028-01-18 12:10:00,ingreso operativo,Reservas (sim),Ingreso simulado por reserva,150000.0
2028-01-18 12:10:00,costo operativo,luz,luz,520.0
2028-01-18 12:10:00,costo operativo,gas,gas,10000.0
2028-01-18 12:10:00,costo operativo,agua,agua,700.0
2028-01-18 12:10:00,costo operativo,leña,leña,1500.0
2028-01-18 12:20:00,costo operativo,agua,agua,700.0
2028-01-18 12:20:00,costo operativo,luz,luz,520.0
2028-01-18 12:20:00,costo operativo,gas,gas,10000.0
2028-01-18 12:20:00,costo operativo,leña,leña,1500.0
2028-01-18 12:20:00,ingreso operativo,Reservas (sim),Ingreso simulado por reserva,150000.0
2028-01-18 12:30:00,costo operativo,gas,gas,10000.0
2028-01-18 12:30:00,ingreso operativo,Reservas (sim),Ingreso simulado por reserva,150000.0
2028-01-18 12:30:00,costo operativo,agua,agua,700.0
2028-01-18 12:30:00,costo operativo,leña,leña,1500.0
2028-01-18 12:30:00,costo operativo,luz,luz,520.0
2028-01-18 12:40:00,ingreso operativo,Reservas (sim),Ingreso simulado por reserva,150000.0
2028-01-18 12:40:00,costo operativo,gas,gas,10000.0
2028-01-18 12:40:00,costo operativo,luz,luz,520.0
2028-01-18 12:40:00,costo operativo,agua,agua,700.0
2028-01-18 12:40:00,costo operativo,leña,leña,1500.0
2028-01-18 12:50:00,ingreso operativo,Reservas (sim),Ingreso simulado por reserva,150000.0
2028-01-18 12:50:00,costo operativo,leña,leña,1500.0
2028-01-18 12:50:00,costo operativo,agua,agua,700.0
2028-01-18 12:50:00,costo operativo,luz,luz,520.0
2028-01-18 12:50:00,costo operativo,gas,gas,10000.0
2028-01-18 20:00:00,costo operativo,pago extra ayudante (diario),pago extra ayudante (diario),90000.0
2028-01-19 12:00:00,ingreso operativo,Reservas (sim),Ingreso simulado por reserva,150000.0
2028-01-19 12:00:00,costo operativo,gas,gas,10000.0
2028-01-19 12:00:00,costo operativo,luz,luz,520.0
2028-01-19 12:00:00,costo operativo,agua,agua,700.0
2028-01-19 12:00:00,costo operativo,leña,leña,1500.0
2028-01-19 12:10:00,costo operativo,leña,leña,1500.0
2028-01-19 12:10:00,costo operativo,agua,agua,700.0
2028-01-19 12:10:00,ingreso operativo,Reservas (sim),Ingreso simulado por reserva,150000.0
2028-01-19 12:10:00,costo operativo,luz,luz,520.0
2028-01-19 12:10:00,costo operativo,gas,gas,10000.0
2028-01-19 12:20:00,costo operativo,gas,gas,10000.0
2028-01-19 12:20:00,ingreso operativo,Reservas (sim),Ingreso simulado por reserva,150000.0
2028-01-19 12:20:00,costo operativo,agua,agua,700.0
2028-01-19 12:20:00,costo operativo,leña,leña,1500.0
2028-01-19 12:20:00,costo operativo,luz,luz,520.0
2028-01-19 20:00:00,costo operativo,pago extra ayudante (diario),pago extra ayudante (diario),60000.0
2028-01-20 12:00:00,costo operativo,gas,gas,10000.0
2028-01-20 12:00:00,costo operativo,luz,luz,520.0
2028-01-20 12:00:00,costo operativo,leña,leña,1500.0
2028-01-20 12:00:00,ingreso operativo,Reservas (sim),Ingreso simulado por reserva,150000.0
2028-01-20 12:00:00,costo operativo,agua,agua,700.0
2028-01-20 12:10:00,costo operativo,luz,luz,520.0
2028-01-20 12:10:00,ingreso operativo,Reservas (sim),Ingreso simulado por reserva,150000.0
2028-01-20 12:10:00,costo operativo,leña,leña,1500.0
2028-01-20 12:10:00,costo operativo,agua,agua,700.0
2028-01-20 12:10:00,costo operativo,gas,gas,10000.0
2028-01-20 12:20:00,costo operativo,agua,agua,700.0
2028-01-20 12:20:00,costo operativo,luz,luz,520.0
2028-01-20 12:20:00,costo operativo,gas,gas,10000.0
2028-01-20 12:20:00,ingreso operativo,Reservas (sim),Ingreso simulado por reserva,150000.0
2028-01-20 12:20:00,costo operativo,leña,leña,1500.0
2028-01-20 20:00:00,costo operativo,pago extra ayudante (diario),pago extra ayudante (diario),60000.0
2028-01-21 12:00:00,costo operativo,leña,leña,1500.0
2028-01-21 12:00:00,costo operativo,agua,agua,700.0
2028-01-21 12:00:00,costo operativo,luz,luz,520.0
2028-01-21 12:00:00,costo operativo,gas,gas,10000.0
2028-01-21 12:00:00,ingreso operativo,Reservas (sim),Ingreso simulado por reserva,150000.0
2028-01-21 12:10:00,costo operativo,leña,leña,1500.0
2028-01-21 12:10:00,costo operativo,luz,luz,520.0
2028-01-21 12:10:00,costo operativo,agua,agua,700.0
2028-01-21 12:10:00,ingreso operativo,Reservas (sim),Ingreso simulado por reserva,150000.0
2028-01-21 12:10:00,costo operativo,gas,gas,10000.0
2028-01-21 12:20:00,ingreso operativo,Reservas (sim),Ingreso simulado por reserva,150000.0
2028-01-21 12:20:00,costo operativo,leña,leña,1500.0
2028-01-21 12:20:00,costo operativo,agua,agua,700.0
2028-01-21 12:20:00,costo operativo,luz,luz,520.0
2028-01-21 12:20:00,costo operativo,gas,gas,10000.0
2028-01-21 20:00:00,costo operativo,pago extra ayudante (diario),pago extra ayudante (diario),60000.0
2028-01-22 12:00:00,ingreso operativo,Reservas (sim),Ingreso simulado por reserva,150000.0
2028-01-22 12:00:00,ingreso operativo,Reservas (sim),Ingreso simulado por reserva,150000.0
2028-01-22 12:00:00,costo operativo,agua,agua,700.0
2028-01-22 12:00:00,costo operativo,luz,luz,520.0
2028-01-22 12:00:00,costo operativo,gas,gas,10000.0
2028-01-22 12:00:00,costo operativo,gas,gas,10000.0
2028-01-22 12:00:00,costo operativo,leña,leña,1500.0
2028-01-22 12:00:00,costo operativo,leña,leña,1500.0
2028-01-22 12:00:00,costo operativo,agua,agua,700.0
2028-01-22 12:00:00,costo operativo,luz,luz,520.0
2028-01-22 12:10:00,costo operativo,gas,gas,10000.0
2028-01-22 12:10:00,costo operativo,luz,luz,520.0
2028-01-22 12:10:00,costo operativo,agua,agua,700.0
2028-01-22 12:10:00,costo operativo,gas,gas,10000.0
2028-01-22 12:10:00,costo operativo,luz,luz,520.0
2028-01-22 12:10:00,costo operativo,leña,leña,1500.0
2028-01-22 12:10:00,ingreso operativo,Reservas (sim),Ingreso simulado por reserva,150000.0
2028-01-22 12:10:00,ingreso operativo,Reservas (sim),Ingreso simulado por reserva,150000.0
2028-01-22 12:10:00,costo operativo,agua,agua,700.0
2028-01-22 12:10:00,costo operativo,leña,leña,1500.0
2028-01-22 12:20:00,costo operativo,gas,gas,10000.0
2028-01-22 12:20:00,costo operativo,luz,luz,520.0
2028-01-22 12:20:00,costo operativo,agua,agua,700.0
2028-01-22 12:20:00,costo operativo,leña,leña,1500.0
2028-01-22 12:20:00,costo operativo,gas,gas,10000.0
2028-01-22 12:20:00,costo operativo,luz,luz,520.0
2028-01-22 12:20:00,costo operativo,leña,leña,1500.0
2028-01-22 12:20:00,ingreso operativo,Reservas (sim),Ingreso simulado por reserva,150000.0
2028-01-22 12:20:00,ingreso operativo,Reservas (sim),Ingreso simulado por reserva,150000.0
2028-01-22 12:20:00,costo operativo,agua,agua,700.0
2028-01-22 12:30:00,costo operativo,luz,luz,520.0
2028-01-22 12:30:00,costo operativo,leña,leña,1500.0
2028-01-22 12:30:00,costo operativo,gas,gas,10000.0
2028-01-22 12:30:00,costo operativo,agua,agua,700.0
2028-01-22 12:30:00,ingreso operativo,Reservas (sim),Ingreso simulado por reserva,150000.0
2028-01-22 12:40:00,ingreso operativo,Reservas (sim),Ingreso simulado por reserva,150000.0
2028-01-22 12:40:00,costo operativo,leña,leña,1500.0
2028-01-22 12:40:00,costo operativo,agua,agua,700.0
2028-01-22 12:40:00,costo operativo,luz,luz,520.0
2028-01-22 12:40:00,costo operativo,gas,gas,10000.0
2028-01-22 12:50:00,costo operativo,agua,agua,700.0
2028-01-22 12:50:00,ingreso operativo,Reservas (sim),Ingreso simulado por reserva,150000.0
2028-01-22 12:50:00,costo operativo,gas,gas,10000.0
2028-01-22 12:50:00,costo operativo,luz,luz,520.0
2028-01-22 12:50:00,costo operativo,leña,leña,1500.0
2028-01-22 20:00:00,costo operativo,pago extra ayudante (diario),pago extra ayudante (diario),100000.0
2028-01-23 12:00:00,costo operativo,agua,agua,700.0
2028-01-23 12:00:00,costo operativo,luz,luz,520.0
2028-01-23 12:00:00,costo operativo,gas,gas,10000.0
2028-01-23 12:00:00,ingreso operativo,Reservas (sim),Ingreso simulado por reserva,150000.0
2028-01-23 12:00:00,costo operativo,leña,leña,1500.0
2028-01-23 12:10:00,ingreso operativo,Reservas (sim),Ingreso simulado por reserva,150000.0
2028-01-23 12:10:00,costo operativo,gas,gas,10000.0
2028-01-23 12:10:00,costo operativo,luz,luz,520.0
2028-01-23 12:10:00,costo operativo,leña,leña,1500.0
2028-01-23 12:10:00,costo operativo,agua,agua,700.0
2028-01-23 12:20:00,costo operativo,luz,luz,520.0
2028-01-23 12:20:00,costo operativo,leña,leña,1500.0
2028-01-23 12:20:00,ingreso operativo,Reservas (sim),Ingreso simulado por reserva,150000.0
2028-01-23 12:20:00,costo operativo,gas,gas,10000.0
2028-01-23 12:20:00,costo operativo,agua,agua,700.0
2028-01-23 12:30:00,costo operativo,leña,leña,1500.0
2028-01-23 12:30:00,costo operativo,agua,agua,700.0
2028-01-23 12:30:00,costo operativo,luz,luz,520.0
2028-01-23 12:30:00,costo operativo,gas,gas,10000.0
2028-01-23 12:30:00,ingreso operativo,Reservas (sim),Ingreso simulado por reserva,150000.0
2028-01-23 12:40:00,ingreso operativo,Reservas (sim),Ingreso simulado por reserva,150000.0
2028-01-23 12:40:00,costo operativo,leña,leña,1500.0
2028-01-23 12:40:00,costo operativo,gas,gas,10000.0
2028-01-23 12:40:00,costo operativo,agua,agua,700.0
2028-01-23 12:40:00,costo operativo,luz,luz,520.0
2028-01-23 12:50:00,ingreso operativo,Reservas (sim),Ingreso simulado por reserva,150000.0
2028-01-23 12:50:00,costo operativo,gas,gas,10000.0
2028-01-23 12:50:00,costo operativo,luz,luz,520.0
2028-01-23 12:50:00,costo operativo,agua,agua,700.0
2028-01-23 12:50:00,costo operativo,leña,leña,1500.0
2028-01-23 20:00:00,costo operativo,pago extra ayudante (diario),pago extra ayudante (diario),90000.0
2028-01-25 12:00:00,costo operativo,agua,agua,700.0
2028-01-25 12:00:00,ingreso operativo,Reservas (sim),Ingreso simulado por reserva,150000.0
2028-01-25 12:00:00,costo operativo,leña,leña,1500.0
2028-01-25 12:00:00,costo operativo,gas,gas,10000.0
2028-01-25 12:00:00,costo operativo,luz,luz,520.0
2028-01-25 20:00:00,costo operativo,pago extra ayudante (diario),pago extra ayudante (diario),25000.0
2028-01-26 12:00:00,ingreso operativo,Reservas (sim),Ingreso simulado por reserva,150000.0
2028-01-26 12:00:00,costo operativo,leña,leña,1500.0
2028-01-26 12:00:00,costo operativo,agua,agua,700.0
2028-01-26 12:00:00,costo operativo,luz,luz,520.0
2028-01-26 12:00:00,costo operativo,gas,gas,10000.0
2028-01-26 12:10:00,ingreso operativo,Reservas (sim),Ingreso simulado por reserva,150000.0
2028-01-26 12:10:00,costo operativo,leña,leña,1500.0
2028-01-26 12:10:00,costo operativo,agua,agua,700.0
2028-01-26 12:10:00,costo operativo,luz,luz,520.0
2028-01-26 12:10:00,costo operativo,gas,gas,10000.0
2028-01-26 12:20:00,ingreso operativo,Reservas (sim),Ingreso simulado por reserva,150000.0
2028-01-26 12:20:00,costo operativo,leña,leña,1500.0
2028-01-26 12:20:00,costo operativo,agua,agua,700.0
2028-01-26 12:20:00,costo operativo,luz,luz,520.0
2028-01-26 12:20:00,costo operativo,gas,gas,10000.0
2028-01-26 12:30:00,costo operativo,gas,gas,10000.0
2028-01-26 12:30:00,costo operativo,luz,luz,520.0
2028-01-26 12:30:00,costo operativo,agua,agua,700.0
2028-01-26 12:30:00,costo operativo,leña,leña,1500.0
2028-01-26 12:30:00,ingreso operativo,Reservas (sim),Ingreso simulado por reserva,150000.0
2028-01-26 12:40:00,costo operativo,leña,leña,1500.0
2028-01-26 12:40:00,costo operativo,agua,agua,700.0
2028-01-26 12:40:00,costo operativo,luz,luz,520.0
2028-01-26 12:40:00,costo operativo,gas,gas,10000.0
2028-01-26 12:40:00,ingreso operativo,Reservas (sim),Ingreso simulado por reserva,150000.0
2028-01-26 20:00:00,costo operativo,pago extra ayudante (diario),pago extra ayudante (diario),80000.0
2028-01-27 12:00:00,costo operativo,leña,leña,1500.0
2028-01-27 12:00:00,costo operativo,agua,agua,700.0
2028-01-27 12:00:00,costo operativo,luz,luz,520.0
2028-01-27 12:00:00,costo operativo,gas,gas,10000.0
2028-01-27 12:00:00,ingreso operativo,Reservas (sim),Ingreso simulado por reserva,150000.0
2028-01-27 12:10:00,costo operativo,leña,leña,1500.0
2028-01-27 12:10:00,costo operativo,luz,luz,520.0
2028-01-27 12:10:00,costo operativo,gas,gas,10000.0
2028-01-27 12:10:00,ingreso operativo,Reservas (sim),Ingreso simulado por reserva,150000.0
2028-01-27 12:10:00,costo operativo,agua,agua,700.0
2028-01-27 12:20:00,costo operativo,leña,leña,1500.0
2028-01-27 12:20:00,costo operativo,agua,agua,700.0
2028-01-27 12:20:00,costo operativo,luz,luz,520.0
2028-01-27 12:20:00,costo operativo,gas,gas,10000.0
2028-01-27 12:20:00,ingreso operativo,Reservas (sim),Ingreso simulado por reserva,150000.0
2028-01-27 20:00:00,costo operativo,pago extra ayudante (diario),pago extra ayudante (diario),60000.0
2028-01-28 12:00:00,costo operativo,leña,leña,1500.0
2028-01-28 12:00:00,costo operativo,agua,agua,700.0
2028-01-28 12:00:00,costo operativo,luz,luz,520.0
2028-01-28 12:00:00,costo operativo,gas,gas,10000.0
2028-01-28 12:00:00,ingreso operativo,Reservas (sim),Ingreso simulado por reserva,150000.0
2028-01-28 12:10:00,ingreso operativo,Reservas (sim),Ingreso simulado por reserva,150000.0
2028-01-28 12:10:00,costo operativo,luz,luz,520.0
2028-01-28 12:10:00,costo operativo,gas,gas,10000.0
2028-01-28 12:10:00,costo operativo,agua,agua,700.0
2028-01-28 12:10:00,costo operativo,leña,leña,1500.0
2028-01-28 12:20:00,costo operativo,agua,agua,700.0
2028-01-28 12:20:00,costo operativo,luz,luz,520.0
2028-01-28 12:20:00,ingreso operativo,Reservas (sim),Ingreso simulado por reserva,150000.0
2028-01-28 12:20:00,costo operativo,leña,leña,1500.0
2028-01-28 12:20:00,costo operativo,gas,gas,10000.0
2028-01-28 20:00:00,costo operativo,pago extra ayudante (diario),pago extra ayudante (diario),60000.0
2028-01-29 12:00:00,ingreso operativo,Reservas (sim),Ingreso simulado por reserva,150000.0
2028-01-29 12:00:00,ingreso operativo,Reservas (sim),Ingreso simulado por reserva,150000.0
2028-01-29 12:00:00,costo operativo,gas,gas,10000.0
2028-01-29 12:00:00,costo operativo,luz,luz,520.0
2028-01-29 12:00:00,costo operativo,leña,leña,1500.0
2028-01-29 12:00:00,costo operativo,gas,gas,10000.0
2028-01-29 12:00:00,costo operativo,luz,luz,520.0
2028-01-29 12:00:00,costo operativo,agua,agua,700.0
2028-01-29 12:00:00,costo operativo,leña,leña,1500.0
2028-01-29 12:00:00,costo operativo,agua,agua,700.0
2028-01-29 12:10:00,costo operativo,gas,gas,10000.0
2028-01-29 12:10:00,costo operativo,agua,agua,700.0
2028-01-29 12:10:00,costo operativo,luz,luz,520.0
2028-01-29 12:10:00,costo operativo,gas,gas,10000.0
2028-01-29 12:10:00,costo operativo,leña,leña,1500.0
2028-01-29 12:10:00,costo operativo,agua,agua,700.0
2028-01-29 12:10:00,costo operativo,luz,luz,520.0
2028-01-29 12:10:00,ingreso operativo,Reservas (sim),Ingreso simulado por reserva,150000.0
2028-01-29 12:10:00,ingreso operativo,Reservas (sim),Ingreso simulado por reserva,150000.0
2028-01-29 12:10:00,costo operativo,leña,leña,1500.0
2028-01-29 12:20:00,ingreso operativo,Reservas (sim),Ingreso simulado por reserva,150000.0
2028-01-29 12:20:00,costo operativo,gas,gas,10000.0
2028-01-29 12:20:00,costo operativo,luz,luz,520.0
2028-01-29 12:20:00,costo operativo,agua,agua,700.0
2028-01-29 12:20:00,costo operativo,leña,leña,1500.0
2028-01-29 12:30:00,costo operativo,gas,gas,10000.0
2028-01-29 12:30:00,costo operativo,agua,agua,700.0
2028-01-29 12:30:00,costo operativo,luz,luz,520.0
2028-01-29 12:30:00,costo operativo,leña,leña,1500.0
2028-01-29 12:30:00,ingreso operativo,Reservas (sim),Ingreso simulado por reserva,150000.0
2028-01-29 12:40:00,costo operativo,luz,luz,520.0
2028-01-29 12:40:00,costo operativo,gas,gas,10000.0
2028-01-29 12:40:00,costo operativo,agua,agua,700.0
2028-01-29 12:40:00,costo operativo,leña,leña,1500.0
2028-01-29 12:40:00,ingreso operativo,Reservas (sim),Ingreso simulado por reserva,150000.0
2028-01-29 12:50:00,costo operativo,agua,agua,700.0
2028-01-29 12:50:00,costo operativo,leña,leña,1500.0
2028-01-29 12:50:00,costo operativo,gas,gas,10000.0
2028-01-29 12:50:00,ingreso operativo,Reservas (sim),Ingreso simulado por reserva,150000.0
2028-01-29 12:50:00,costo operativo,luz,luz,520.0
2028-01-29 20:00:00,costo operativo,pago extra ayudante (diario),pago extra ayudante (diario),100000.0
2028-01-30 12:00:00,ingreso operativo,Reservas (sim),Ingreso simulado por reserva,150000.0
2028-01-30 12:00:00,ingreso operativo,Reservas (sim),Ingreso simulado por reserva,150000.0
2028-01-30 12:00:00,costo operativo,leña,leña,1500.0
2028-01-30 12:00:00,costo operativo,gas,gas,10000.0
2028-01-30 12:00:00,costo operativo,luz,luz,520.0
2028-01-30 12:00:00,costo operativo,agua,agua,700.0
2028-01-30 12:00:00,costo operativo,leña,leña,1500.0
2028-01-30 12:00:00,costo operativo,gas,gas,10000.0
2028-01-30 12:00:00,costo operativo,luz,luz,520.0
2028-01-30 12:00:00,costo operativo,agua,agua,700.0
2028-01-30 12:10:00,ingreso operativo,Reservas (sim),Ingreso simulado por reserva,150000.0
2028-01-30 12:10:00,ingreso operativo,Reservas (sim),Ingreso simulado por reserva,150000.0
2028-01-30 12:10:00,costo operativo,leña,leña,1500.0
2028-01-30 12:10:00,costo operativo,leña,leña,1500.0
2028-01-30 12:10:00,costo operativo,agua,agua,700.0
2028-01-30 12:10:00,costo operativo,luz,luz,520.0
2028-01-30 12:10:00,costo operativo,gas,gas,10000.0
2028-01-30 12:10:00,costo operativo,agua,agua,700.0
2028-01-30 12:10:00,costo operativo,luz,luz,520.0
2028-01-30 12:10:00,costo operativo,gas,gas,10000.0
2028-01-30 12:20:00,ingreso operativo,Reservas (sim),Ingreso simulado por reserva,150000.0
2028-01-30 12:20:00,costo operativo,gas,gas,10000.0
2028-01-30 12:20:00,costo operativo,luz,luz,520.0
2028-01-30 12:20:00,costo operativo,agua,agua,700.0
2028-01-30 12:20:00,costo operativo,leña,leña,1500.0
2028-01-30 12:30:00,costo operativo,leña,leña,1500.0
2028-01-30 12:30:00,ingreso operativo,Reservas (sim),Ingreso simulado por reserva,150000.0
2028-01-30 12:30:00,costo operativo,agua,agua,700.0
2028-01-30 12:30:00,costo operativo,gas,gas,10000.0
2028-01-30 12:30:00,costo operativo,luz,luz,520.0
2028-01-30 12:40:00,costo operativo,gas,gas,10000.0
2028-01-30 12:40:00,costo operativo,luz,luz,520.0
2028-01-30 12:40:00,costo operativo,agua,agua,700.0
2028-01-30 12:40:00,costo operativo,leña,leña,1500.0
2028-01-30 12:40:00,ingreso operativo,Reservas (sim),Ingreso simulado por reserva,150000.0
2028-01-30 12:50:00,ingreso operativo,Reservas (sim),Ingreso simulado por reserva,150000.0
2028-01-30 12:50:00,costo operativo,agua,agua,700.0
2028-01-30 12:50:00,costo operativo,leña,leña,1500.0
2028-01-30 12:50:00,costo operativo,luz,luz,520.0
2028-01-30 12:50:00,costo operativo,gas,gas,10000.0
2028-01-30 20:00:00,costo operativo,pago extra ayudante (diario),pago extra ayudante (diario),100000.0
2028-01-31 12:00:00,costo operativo,agua,agua,700.0
2028-01-31 12:00:00,costo operativo,luz,luz,520.0
2028-01-31 12:00:00,costo operativo,gas,gas,10000.0
2028-01-31 12:00:00,costo operativo,leña,leña,1500.0
2028-01-31 12:00:00,ingreso operativo,Reservas (sim),Ingreso simulado por reserva,150000.0
2028-01-31 12:10:00,costo operativo,leña,leña,1500.0
2028-01-31 12:10:00,costo operativo,agua,agua,700.0
2028-01-31 12:10:00,costo operativo,luz,luz,520.0
2028-01-31 12:10:00,costo operativo,gas,gas,10000.0
2028-01-31 12:10:00,ingreso operativo,Reservas (sim),Ingreso simulado por reserva,150000.0
2028-01-31 12:20:00,costo operativo,leña,leña,1500.0
2028-01-31 12:20:00,costo operativo,agua,agua,700.0
2028-01-31 12:20:00,costo operativo,luz,luz,520.0
2028-01-31 12:20:00,costo operativo,gas,gas,10000.0
2028-01-31 12:20:00,ingreso operativo,Reservas (sim),Ingreso simulado por reserva,150000.0
2028-01-31 12:30:00,ingreso operativo,Reservas (sim),Ingreso simulado por reserva,150000.0
2028-01-31 12:30:00,costo operativo,luz,luz,520.0
2028-01-31 12:30:00,costo operativo,agua,agua,700.0
2028-01-31 12:30:00,costo operativo,leña,leña,1500.0
2028-01-31 12:30:00,costo operativo,gas,gas,10000.0
2028-01-31 18:00:00,Costos de Marketing,Simulación,Gasto marketing mensual simulado,300000.0
2028-01-31 18:00:00,costos fijos,Simulación,Costo fijo mensual simulado,700000.0
2028-01-31 20:00:00,costo operativo,pago extra ayudante (diario),pago extra ayudante (diario),70000.0
2028-02-01 12:00:00,costo operativo,leña,leña,1500.0
2028-02-01 12:00:00,costo operativo,agua,agua,700.0
2028-02-01 12:00:00,costo operativo,luz,luz,520.0
2028-02-01 12:00:00,costo operativo,gas,gas,10000.0
2028-02-01 12:00:00,ingreso operativo,Reservas (sim),Ingreso simulado por reserva,150000.0
2028-02-01 12:10:00,costo operativo,gas,gas,10000.0
2028-02-01 12:10:00,costo operativo,luz,luz,520.0
2028-02-01 12:10:00,costo operativo,agua,agua,700.0
2028-02-01 12:10:00,costo operativo,leña,leña,1500.0
2028-02-01 12:10:00,ingreso operativo,Reservas (sim),Ingreso simulado por reserva,150000.0
2028-02-01 12:20:00,costo operativo,luz,luz,520.0
2028-02-01 12:20:00,costo operativo,agua,agua,700.0
2028-02-01 12:20:00,costo operativo,leña,leña,1500.0
2028-02-01 12:20:00,costo operativo,gas,gas,10000.0
2028-02-01 12:20:00,ingreso operativo,Reservas (sim),Ingreso simulado por reserva,150000.0
2028-02-01 12:30:00,costo operativo,leña,leña,1500.0
2028-02-01 12:30:00,costo operativo,agua,agua,700.0
2028-02-01 12:30:00,costo operativo,luz,luz,520.0
2028-02-01 12:30:00,costo operativo,gas,gas,10000.0
2028-02-01 12:30:00,ingreso operativo,Reservas (sim),Ingreso simulado por reserva,150000.0
2028-02-01 20:00:00,costo operativo,pago extra ayudante (diario),pago extra ayudante (diario),70000.0
2028-02-02 12:00:00,ingreso operativo,Reservas (sim),Ingreso simulado por reserva,150000.0
2028-02-02 12:00:00,costo operativo,leña,leña,1500.0
2028-02-02 12:00:00,costo operativo,agua,agua,700.0
2028-02-02 12:00:00,costo operativo,luz,luz,520.0
2028-02-02 12:00:00,costo operativo,gas,gas,10000.0
2028-02-02 12:10:00,ingreso operativo,Reservas (sim),Ingreso simulado por reserva,150000.0
2028-02-02 12:10:00,costo operativo,leña,leña,1500.0
2028-02-02 12:10:00,costo operativo,agua,agua,700.0
2028-02-02 12:10:00,costo operativo,luz,luz,520.0
2028-02-02 12:10:00,costo operativo,gas,gas,10000.0
2028-02-02 12:20:00,ingreso operativo,Reservas (sim),Ingreso simulado por reserva,150000.0
2028-02-02 12:20:00,costo operativo,luz,luz,520.0
2028-02-02 12:20:00,costo operativo,agua,agua,700.0
2028-02-02 12:20:00,costo operativo,gas,gas,10000.0
2028-02-02 12:20:00,costo operativo,leña,leña,1500.0
2028-02-02 20:00:00,costo operativo,pago extra ayudante (diario),pago extra ayudante (diario),60000.0
2028-02-03 12:00:00,ingreso operativo,Reservas (sim),Ingreso simulado por reserva,150000.0
2028-02-03 12:00:00,ingreso operativo,Reservas (sim),Ingreso simulado por reserva,150000.0
2028-02-03 12:00:00,costo operativo,gas,gas,10000.0
2028-02-03 12:00:00,costo operativo,agua,agua,700.0
2028-02-03 12:00:00,costo operativo,luz,luz,520.0
2028-02-03 12:00:00,costo operativo,gas,gas,10000.0
2028-02-03 12:00:00,costo operativo,luz,luz,520.0
2028-02-03 12:00:00,costo operativo,agua,agua,700.0
2028-02-03 12:00:00,costo operativo,leña,leña,1500.0
2028-02-03 12:00:00,costo operativo,leña,leña,1500.0
2028-02-03 12:10:00,costo operativo,leña,leña,1500.0
2028-02-03 12:10:00,costo operativo,agua,agua,700.0
2028-02-03 12:10:00,costo operativo,luz,luz,520.0
2028-02-03 12:10:00,costo operativo,gas,gas,10000.0
2028-02-03 12:10:00,ingreso operativo,Reservas (sim),Ingreso simulado por reserva,150000.0
2028-02-03 12:20:00,ingreso operativo,Reservas (sim),Ingreso simulado por reserva,150000.0
2028-02-03 12:20:00,costo operativo,luz,luz,520.0
2028-02-03 12:20:00,costo operativo,gas,gas,10000.0
2028-02-03 12:20:00,costo operativo,agua,agua,700.0
2028-02-03 12:20:00,costo operativo,leña,leña,1500.0
2028-02-03 12:30:00,costo operativo,leña,leña,1500.0
2028-02-03 12:30:00,ingreso operativo,Reservas (sim),Ingreso simulado por reserva,150000.0
2028-02-03 12:30:00,costo operativo,agua,agua,700.0
2028-02-03 12:30:00,costo operativo,gas,gas,10000.0
2028-02-03 12:30:00,costo operativo,luz,luz,520.0
2028-02-03 12:40:00,costo operativo,gas,gas,10000.0
2028-02-03 12:40:00,ingreso operativo,Reservas (sim),Ingreso simulado por reserva,150000.0
2028-02-03 12:40:00,costo operativo,agua,agua,700.0
2028-02-03 12:40:00,costo operativo,leña,leña,1500.0
2028-02-03 12:40:00,costo operativo,luz,luz,520.0
2028-02-03 12:50:00,costo operativo,leña,leña,1500.0
2028-02-03 12:50:00,costo operativo,agua,agua,700.0
2028-02-03 12:50:00,ingreso operativo,Reservas (sim),Ingreso simulado por reserva,150000.0
2028-02-03 12:50:00,costo operativo,gas,gas,10000.0
2028-02-03 12:50:00,costo operativo,luz,luz,520.0
2028-02-03 20:00:00,costo operativo,pago extra ayudante (diario),pago extra ayudante (diario),100000.0
2028-02-04 12:00:00,ingreso operativo,Reservas (sim),Ingreso simulado por reserva,150000.0
2028-02-04 12:00:00,costo operativo,gas,gas,10000.0
2028-02-04 12:00:00,costo operativo,luz,luz,520.0
2028-02-04 12:00:00,costo operativo,agua,agua,700.0
2028-02-04 12:00:00,costo operativo,leña,leña,1500.0
2028-02-04 12:10:00,costo operativo,luz,luz,520.0
2028-02-04 12:10:00,costo operativo,agua,agua,700.0
2028-02-04 12:10:00,costo operativo,leña,leña,1500.0
2028-02-04 12:10:00,costo operativo,gas,gas,10000.0
2028-02-04 12:10:00,ingreso operativo,Reservas (sim),Ingreso simulado por reserva,150000.0
2028-02-04 12:20:00,ingreso operativo,Reservas (sim),Ingreso simulado por reserva,150000.0
2028-02-04 12:20:00,costo operativo,leña,leña,1500.0
2028-02-04 12:20:00,costo operativo,agua,agua,700.0
2028-02-04 12:20:00,costo operativo,luz,luz,520.0
2028-02-04 12:20:00,costo operativo,gas,gas,10000.0
2028-02-04 12:30:00,costo operativo,agua,agua,700.0
2028-02-04 12:30:00,ingreso operativo,Reservas (sim),Ingreso simulado por reserva,150000.0
2028-02-04 12:30:00,costo operativo,leña,leña,1500.0
2028-02-04 12:30:00,costo operativo,luz,luz,520.0
2028-02-04 12:30:00,costo operativo,gas,gas,10000.0
2028-02-04 12:40:00,ingreso operativo,Reservas (sim),Ingreso simulado por reserva,150000.0
2028-02-04 12:40:00,costo operativo,leña,leña,1500.0
2028-02-04 12:40:00,costo operativo,agua,agua,700.0
2028-02-04 12:40:00,costo operativo,luz,luz,520.0
2028-02-04 12:40:00,costo operativo,gas,gas,10000.0
2028-02-04 12:50:00,ingreso operativo,Reservas (sim),Ingreso simulado por reserva,150000.0
2028-02-04 12:50:00,costo operativo,leña,leña,1500.0
2028-02-04 12:50:00,costo operativo,agua,agua,700.0
2028-02-04 12:50:00,costo operativo,luz,luz,520.0
2028-02-04 12:50:00,costo operativo,gas,gas,10000.0
2028-02-04 20:00:00,costo operativo,pago extra ayudante (diario),pago extra ayudante (diario),90000.0
2028-02-05 12:00:00,costo operativo,luz,luz,520.0
2028-02-05 12:00:00,costo operativo,luz,luz,520.0
2028-02-05 12:00:00,costo operativo,agua,agua,700.0
2028-02-05 12:00:00,costo operativo,leña,leña,1500.0
2028-02-05 12:00:00,costo operativo,gas,gas,10000.0
2028-02-05 12:00:00,costo operativo,gas,gas,10000.0
2028-02-05 12:00:00,ingreso operativo,Reservas (sim),Ingreso simulado por reserva,150000.0
2028-02-05 12:00:00,ingreso operativo,Reservas (sim),Ingreso simulado por reserva,150000.0
2028-02-05 12:00:00,costo operativo,agua,agua,700.0
2028-02-05 12:00:00,costo operativo,leña,leña,1500.0
2028-02-05 12:10:00,ingreso operativo,Reservas (sim),Ingreso simulado por reserva,150000.0
2028-02-05 12:10:00,ingreso operativo,Reservas (sim),Ingreso simulado por reserva,150000.0
2028-02-05 12:10:00,costo operativo,agua,agua,700.0
2028-02-05 12:10:00,costo operativo,luz,luz,520.0
2028-02-05 12:10:00,costo operativo,luz,luz,520.0
2028-02-05 12:10:00,costo operativo,gas,gas,10000.0
2028-02-05 12:10:00,costo operativo,leña,leña,1500.0
2028-02-05 12:10:00,costo operativo,agua,agua,700.0
2028-02-05 12:10:00,costo operativo,leña,leña,1500.0
2028-02-05 12:10:00,costo operativo,gas,gas,10000.0
2028-02-05 12:20:00,ingreso operativo,Reservas (sim),Ingreso simulado por reserva,150000.0
2028-02-05 12:20:00,ingreso operativo,Reservas (sim),Ingreso simulado por reserva,150000.0
2028-02-05 12:20:00,costo operativo,leña,leña,1500.0
2028-02-05 12:20:00,costo operativo,agua,agua,700.0
2028-02-05 12:20:00,costo operativo,luz,luz,520.0
2028-02-05 12:20:00,costo operativo,gas,gas,10000.0
2028-02-05 12:20:00,costo operativo,agua,agua,700.0
2028-02-05 12:20:00,costo operativo,luz,luz,520.0
2028-02-05 12:20:00,costo operativo,gas,gas,10000.0
2028-02-05 12:20:00,costo operativo,leña,leña,1500.0
2028-02-05 12:30:00,ingreso operativo,Reservas (sim),Ingreso simulado por reserva,150000.0
2028-02-05 12:30:00,ingreso operativo,Reservas (sim),Ingreso simulado por reserva,150000.0
2028-02-05 12:30:00,costo operativo,leña,leña,1500.0
2028-02-05 12:30:00,costo operativo,agua,agua,700.0
2028-02-05 12:30:00,costo operativo,gas,gas,10000.0
2028-02-05 12:30:00,costo operativo,luz,luz,520.0
2028-02-05 12:30:00,costo operativo,leña,leña,1500.0
2028-02-05 12:30:00,costo operativo,gas,gas,10000.0
2028-02-05 12:30:00,costo operativo,luz,luz,520.0
2028-02-05 12:30:00,costo operativo,agua,agua,700.0
2028-02-05 12:40:00,ingreso operativo,Reservas (sim),Ingreso simulado por reserva,150000.0
2028-02-05 12:40:00,ingreso operativo,Reservas (sim),Ingreso simulado por reserva,150000.0
2028-02-05 12:40:00,costo operativo,luz,luz,520.0
2028-02-05 12:40:00,costo operativo,agua,agua,700.0
2028-02-05 12:40:00,costo operativo,leña,leña,1500.0
2028-02-05 12:40:00,costo operativo,gas,gas,10000.0
2028-02-05 12:40:00,costo operativo,luz,luz,520.0
2028-02-05 12:40:00,costo operativo,agua,agua,700.0
2028-02-05 12:40:00,costo operativo,leña,leña,1500.0
2028-02-05 12:40:00,costo operativo,gas,gas,10000.0
2028-02-05 12:50:00,costo operativo,agua,agua,700.0
2028-02-05 12:50:00,costo operativo,luz,luz,520.0
2028-02-05 12:50:00,costo operativo,gas,gas,10000.0
2028-02-05 12:50:00,costo operativo,leña,leña,1500.0
2028-02-05 12:50:00,ingreso operativo,Reservas (sim),Ingreso simulado por reserva,150000.0
2028-02-05 20:00:00,costo operativo,pago extra ayudante (diario),pago extra ayudante (diario),100000.0
2028-02-06 12:00:00,costo operativo,gas,gas,10000.0
2028-02-06 12:00:00,costo operativo,leña,leña,1500.0
2028-02-06 12:00:00,costo operativo,agua,agua,700.0
2028-02-06 12:00:00,costo operativo,agua,agua,700.0
2028-02-06 12:00:00,costo operativo,luz,luz,520.0
2028-02-06 12:00:00,ingreso operativo,Reservas (sim),Ingreso simulado por reserva,150000.0
2028-02-06 12:00:00,ingreso operativo,Reservas (sim),Ingreso simulado por reserva,150000.0
2028-02-06 12:00:00,ingreso operativo,Reservas (sim),Ingreso simulado por reserva,150000.0
2028-02-06 12:00:00,costo operativo,gas,gas,10000.0
2028-02-06 12:00:00,costo operativo,leña,leña,1500.0
2028-02-06 12:00:00,costo operativo,leña,leña,1500.0
2028-02-06 12:00:00,costo operativo,luz,luz,520.0
2028-02-06 12:00:00,costo operativo,gas,gas,10000.0
2028-02-06 12:00:00,costo operativo,agua,agua,700.0
2028-02-06 12:00:00,costo operativo,luz,luz,520.0
2028-02-06 12:10:00,costo operativo,leña,leña,1500.0
2028-02-06 12:10:00,costo operativo,luz,luz,520.0
2028-02-06 12:10:00,costo operativo,gas,gas,10000.0
2028-02-06 12:10:00,costo operativo,gas,gas,10000.0
2028-02-06 12:10:00,costo operativo,luz,luz,520.0
2028-02-06 12:10:00,costo operativo,agua,agua,700.0
2028-02-06 12:10:00,costo operativo,leña,leña,1500.0
2028-02-06 12:10:00,costo operativo,gas,gas,10000.0
2028-02-06 12:10:00,costo operativo,agua,agua,700.0
2028-02-06 12:10:00,costo operativo,leña,leña,1500.0
2028-02-06 12:10:00,ingreso operativo,Reservas (sim),Ingreso simulado por reserva,150000.0
2028-02-06 12:10:00,ingreso operativo,Reservas (sim),Ingreso simulado por reserva,150000.0
2028-02-06 12:10:00,ingreso operativo,Reservas (sim),Ingreso simulado por reserva,150000.0
2028-02-06 12:10:00,costo operativo,luz,luz,520.0
2028-02-06 12:10:00,costo operativo,agua,agua,700.0
2028-02-06 12:20:00,ingreso operativo,Reservas (sim),Ingreso simulado por reserva,150000.0
2028-02-06 12:20:00,ingreso operativo,Reservas (sim),Ingreso simulado por reserva,150000.0
2028-02-06 12:20:00,costo operativo,luz,luz,520.0
2028-02-06 12:20:00,costo operativo,agua,agua,700.0
2028-02-06 12:20:00,costo operativo,leña,leña,1500.0
2028-02-06 12:20:00,costo operativo,gas,gas,10000.0
2028-02-06 12:20:00,costo operativo,luz,luz,520.0
2028-02-06 12:20:00,costo operativo,agua,agua,700.0
2028-02-06 12:20:00,costo operativo,leña,leña,1500.0
2028-02-06 12:20:00,costo operativo,gas,gas,10000.0
2028-02-06 12:20:00,costo operativo,luz,luz,520.0
2028-02-06 12:20:00,costo operativo,agua,agua,700.0
2028-02-06 12:20:00,costo operativo,leña,leña,1500.0
2028-02-06 12:20:00,ingreso operativo,Reservas (sim),Ingreso simulado por reserva,150000.0
2028-02-06 12:20:00,costo operativo,gas,gas,10000.0
2028-02-06 12:30:00,ingreso operativo,Reservas (sim),Ingreso simulado por reserva,150000.0
2028-02-06 12:30:00,ingreso operativo,Reservas (sim),Ingreso simulado por reserva,150000.0
2028-02-06 12:30:00,ingreso operativo,Reservas (sim),Ingreso simulado por reserva,150000.0
2028-02-06 12:30:00,costo operativo,luz,luz,520.0
2028-02-06 12:30:00,costo operativo,gas,gas,10000.0
2028-02-06 12:30:00,costo operativo,luz,luz,520.0
2028-02-06 12:30:00,costo operativo,agua,agua,700.0
2028-02-06 12:30:00,costo operativo,leña,leña,1500.0
2028-02-06 12:30:00,costo operativo,luz,luz,520.0
2028-02-06 12:30:00,costo operativo,agua,agua,700.0
2028-02-06 12:30:00,costo operativo,gas,gas,10000.0
2028-02-06 12:30:00,costo operativo,gas,gas,10000.0
2028-02-06 12:30:00,costo operativo,agua,agua,700.0
2028-02-06 12:30:00,costo operativo,leña,leña,1500.0
2028-02-06 12:30:00,costo operativo,leña,leña,1500.0
2028-02-06 12:40:00,costo operativo,gas,gas,10000.0
2028-02-06 12:40:00,ingreso operativo,Reservas (sim),Ingreso simulado por reserva,150000.0
2028-02-06 12:40:00,ingreso operativo,Reservas (sim),Ingreso simulado por reserva,150000.0
2028-02-06 12:40:00,ingreso operativo,Reservas (sim),Ingreso simulado por reserva,150000.0
2028-02-06 12:40:00,costo operativo,luz,luz,520.0
2028-02-06 12:40:00,costo operativo,agua,agua,700.0
2028-02-06 12:40:00,costo operativo,leña,leña,1500.0
2028-02-06 12:40:00,costo operativo,luz,luz,520.0
2028-02-06 12:40:00,costo operativo,leña,leña,1500.0
2028-02-06 12:40:00,costo operativo,gas,gas,10000.0
2028-02-06 12:40:00,costo operativo,gas,gas,10000.0
2028-02-06 12:40:00,costo operativo,luz,luz,520.0
2028-02-06 12:40:00,costo operativo,agua,agua,700.0
2028-02-06 12:40:00,costo operativo,leña,leña,1500.0
2028-02-06 12:40:00,costo operativo,agua,agua,700.0
2028-02-06 12:50:00,costo operativo,agua,agua,700.0
2028-02-06 12:50:00,costo operativo,gas,gas,10000.0
2028-02-06 12:50:00,costo operativo,leña,leña,1500.0
2028-02-06 12:50:00,costo operativo,agua,agua,700.0
2028-02-06 12:50:00,costo operativo,leña,leña,1500.0
2028-02-06 12:50:00,costo operativo,gas,gas,10000.0
2028-02-06 12:50:00,costo operativo,agua,agua,700.0
2028-02-06 12:50:00,costo operativo,gas,gas,10000.0
2028-02-06 12:50:00,costo operativo,luz,luz,520.0
2028-02-06 12:50:00,costo operativo,luz,luz,520.0
2028-02-06 12:50:00,costo operativo,leña,leña,1500.0
2028-02-06 12:50:00,costo operativo,luz,luz,520.0
2028-02-06 12:50:00,ingreso operativo,Reservas (sim),Ingreso simulado por reserva,150000.0
2028-02-06 12:50:00,ingreso operativo,Reservas (sim),Ingreso simulado por reserva,150000.0
2028-02-06 12:50:00,ingreso operativo,Reservas (sim),Ingreso simulado por reserva,150000.0
2028-02-06 20:00:00,costo operativo,pago extra ayudante (diario),pago extra ayudante (diario),100000.0
2028-02-07 12:00:00,costo operativo,luz,luz,520.0
2028-02-07 12:00:00,costo operativo,gas,gas,10000.0
2028-02-07 12:00:00,costo operativo,agua,agua,700.0
2028-02-07 12:00:00,costo operativo,leña,leña,1500.0
2028-02-07 12:00:00,ingreso operativo,Reservas (sim),Ingreso simulado por reserva,150000.0
2028-02-07 12:10:00,costo operativo,gas,gas,10000.0
2028-02-07 12:10:00,costo operativo,agua,agua,700.0
2028-02-07 12:10:00,costo operativo,leña,leña,1500.0
2028-02-07 12:10:00,ingreso operativo,Reservas (sim),Ingreso simulado por reserva,150000.0
2028-02-07 12:10:00,costo operativo,luz,luz,520.0
2028-02-07 20:00:00,costo operativo,pago extra ayudante (diario),pago extra ayudante (diario),45000.0
2028-02-08 12:00:00,ingreso operativo,Reservas (sim),Ingreso simulado por reserva,150000.0
2028-02-08 12:00:00,costo operativo,leña,leña,1500.0
2028-02-08 12:00:00,costo operativo,gas,gas,10000.0
2028-02-08 12:00:00,costo operativo,agua,agua,700.0
2028-02-08 12:00:00,costo operativo,luz,luz,520.0
2028-02-08 12:10:00,costo operativo,gas,gas,10000.0
2028-02-08 12:10:00,costo operativo,luz,luz,520.0
2028-02-08 12:10:00,costo operativo,agua,agua,700.0
2028-02-08 12:10:00,costo operativo,leña,leña,1500.0
2028-02-08 12:10:00,ingreso operativo,Reservas (sim),Ingreso simulado por reserva,150000.0
2028-02-08 12:20:00,costo operativo,gas,gas,10000.0
2028-02-08 12:20:00,costo operativo,luz,luz,520.0
2028-02-08 12:20:00,costo operativo,agua,agua,700.0
2028-02-08 12:20:00,costo operativo,leña,leña,1500.0
2028-02-08 12:20:00,ingreso operativo,Reservas (sim),Ingreso simulado por reserva,150000.0
2028-02-08 20:00:00,costo operativo,pago extra ayudante (diario),pago extra ayudante (diario),60000.0
2028-02-09 12:00:00,costo operativo,agua,agua,700.0
2028-02-09 12:00:00,ingreso operativo,Reservas (sim),Ingreso simulado por reserva,150000.0
2028-02-09 12:00:00,costo operativo,luz,luz,520.0
2028-02-09 12:00:00,costo operativo,leña,leña,1500.0
2028-02-09 12:00:00,costo operativo,gas,gas,10000.0
2028-02-09 12:10:00,costo operativo,leña,leña,1500.0
2028-02-09 12:10:00,costo operativo,agua,agua,700.0
2028-02-09 12:10:00,costo operativo,luz,luz,520.0
2028-02-09 12:10:00,costo operativo,gas,gas,10000.0
2028-02-09 12:10:00,ingreso operativo,Reservas (sim),Ingreso simulado por reserva,150000.0
2028-02-09 12:20:00,costo operativo,gas,gas,10000.0
2028-02-09 12:20:00,costo operativo,luz,luz,520.0
2028-02-09 12:20:00,costo operativo,agua,agua,700.0
2028-02-09 12:20:00,costo operativo,leña,leña,1500.0
2028-02-09 12:20:00,ingreso operativo,Reservas (sim),Ingreso simulado por reserva,150000.0
2028-02-09 12:30:00,costo operativo,luz,luz,520.0
2028-02-09 12:30:00,costo operativo,agua,agua,700.0
2028-02-09 12:30:00,costo operativo,leña,leña,1500.0
2028-02-09 12:30:00,costo operativo,gas,gas,10000.0
2028-02-09 12:30:00,ingreso operativo,Reservas (sim),Ingreso simulado por reserva,150000.0
2028-02-09 12:40:00,costo operativo,agua,agua,700.0
2028-02-09 12:40:00,ingreso operativo,Reservas (sim),Ingreso simulado por reserva,150000.0
2028-02-09 12:40:00,costo operativo,leña,leña,1500.0
2028-02-09 12:40:00,costo operativo,gas,gas,10000.0
2028-02-09 12:40:00,costo operativo,luz,luz,520.0
2028-02-09 20:00:00,costo operativo,pago extra ayudante (diario),pago extra ayudante (diario),80000.0
2028-02-10 12:00:00,costo operativo,leña,leña,1500.0
2028-02-10 12:00:00,costo operativo,agua,agua,700.0
2028-02-10 12:00:00,costo operativo,luz,luz,520.0
2028-02-10 12:00:00,costo operativo,gas,gas,10000.0
2028-02-10 12:00:00,ingreso operativo,Reservas (sim),Ingreso simulado por reserva,150000.0
2028-02-10 12:10:00,costo operativo,luz,luz,520.0
2028-02-10 12:10:00,costo operativo,gas,gas,10000.0
2028-02-10 12:10:00,costo operativo,leña,leña,1500.0
2028-02-10 12:10:00,ingreso operativo,Reservas (sim),Ingreso simulado por reserva,150000.0
2028-02-10 12:10:00,costo operativo,agua,agua,700.0
2028-02-10 12:20:00,costo operativo,leña,leña,1500.0
2028-02-10 12:20:00,costo operativo,agua,agua,700.0
2028-02-10 12:20:00,costo operativo,luz,luz,520.0
2028-02-10 12:20:00,costo operativo,gas,gas,10000.0
2028-02-10 12:20:00,ingreso operativo,Reservas (sim),Ingreso simulado por reserva,150000.0
2028-02-10 12:30:00,ingreso operativo,Reservas (sim),Ingreso simulado por reserva,150000.0
2028-02-10 12:30:00,costo operativo,leña,leña,1500.0
2028-02-10 12:30:00,costo operativo,agua,agua,700.0
2028-02-10 12:30:00,costo operativo,luz,luz,520.0
2028-02-10 12:30:00,costo operativo,gas,gas,10000.0
2028-02-10 12:40:00,costo operativo,luz,luz,520.0
2028-02-10 12:40:00,costo operativo,leña,leña,1500.0
2028-02-10 12:40:00,costo operativo,agua,agua,700.0
2028-02-10 12:40:00,ingreso operativo,Reservas (sim),Ingreso simulado por reserva,150000.0
2028-02-10 12:40:00,costo operativo,gas,gas,10000.0
2028-02-10 12:50:00,costo operativo,leña,leña,1500.0
2028-02-10 12:50:00,costo operativo,agua,agua,700.0
2028-02-10 12:50:00,costo operativo,luz,luz,520.0
2028-02-10 12:50:00,costo operativo,gas,gas,10000.0
2028-02-10 12:50:00,ingreso operativo,Reservas (sim),Ingreso simulado por reserva,150000.0
2028-02-10 20:00:00,costo operativo,pago extra ayudante (diario),pago extra ayudante (diario),90000.0
2028-02-11 12:00:00,costo operativo,leña,leña,1500.0
2028-02-11 12:00:00,costo operativo,agua,agua,700.0
2028-02-11 12:00:00,costo operativo,luz,luz,520.0
2028-02-11 12:00:00,costo operativo,gas,gas,10000.0
2028-02-11 12:00:00,ingreso operativo,Reservas (sim),Ingreso simulado por reserva,150000.0
2028-02-11 12:10:00,costo operativo,leña,leña,1500.0
2028-02-11 12:10:00,costo operativo,agua,agua,700.0
2028-02-11 12:10:00,costo operativo,gas,gas,10000.0
2028-02-11 12:10:00,ingreso operativo,Reservas (sim),Ingreso simulado por reserva,150000.0
2028-02-11 12:10:00,costo operativo,luz,luz,520.0
2028-02-11 12:20:00,costo operativo,leña,leña,1500.0
2028-02-11 12:20:00,costo operativo,agua,agua,700.0
2028-02-11 12:20:00,costo operativo,luz,luz,520.0
2028-02-11 12:20:00,costo operativo,gas,gas,10000.0
2028-02-11 12:20:00,ingreso operativo,Reservas (sim),Ingreso simulado por reserva,150000.0
2028-02-11 12:30:00,ingreso operativo,Reservas (sim),Ingreso simulado por reserva,150000.0
2028-02-11 12:30:00,costo operativo,luz,luz,520.0
2028-02-11 12:30:00,costo operativo,agua,agua,700.0
2028-02-11 12:30:00,costo operativo,leña,leña,1500.0
2028-02-11 12:30:00,costo operativo,gas,gas,10000.0
2028-02-11 12:40:00,costo operativo,agua,agua,700.0
2028-02-11 12:40:00,costo operativo,luz,luz,520.0
2028-02-11 12:40:00,costo operativo,gas,gas,10000.0
2028-02-11 12:40:00,ingreso operativo,Reservas (sim),Ingreso simulado por reserva,150000.0
2028-02-11 12:40:00,costo operativo,leña,leña,1500.0
2028-02-11 12:50:00,ingreso operativo,Reservas (sim),Ingreso simulado por reserva,150000.0
2028-02-11 12:50:00,costo operativo,gas,gas,10000.0
2028-02-11 12:50:00,costo operativo,luz,luz,520.0
2028-02-11 12:50:00,costo operativo,agua,agua,700.0
2028-02-11 12:50:00,costo operativo,leña,leña,1500.0
2028-02-11 20:00:00,costo operativo,pago extra ayudante (diario),pago extra ayudante (diario),90000.0
2028-02-12 12:00:00,costo operativo,luz,luz,520.0
2028-02-12 12:00:00,costo operativo,gas,gas,10000.0
2028-02-12 12:00:00,costo operativo,leña,leña,1500.0
2028-02-12 12:00:00,costo operativo,agua,agua,700.0
2028-02-12 12:00:00,costo operativo,luz,luz,520.0
2028-02-12 12:00:00,costo operativo,gas,gas,10000.0
2028-02-12 12:00:00,costo operativo,leña,leña,1500.0
2028-02-12 12:00:00,ingreso operativo,Reservas (sim),Ingreso simulado por reserva,150000.0
2028-02-12 12:00:00,ingreso operativo,Reservas (sim),Ingreso simulado por reserva,150000.0
2028-02-12 12:00:00,costo operativo,agua,agua,700.0
2028-02-12 12:10:00,ingreso operativo,Reservas (sim),Ingreso simulado por reserva,150000.0
2028-02-12 12:10:00,ingreso operativo,Reservas (sim),Ingreso simulado por reserva,150000.0
2028-02-12 12:10:00,costo operativo,gas,gas,10000.0
2028-02-12 12:10:00,costo operativo,luz,luz,520.0
2028-02-12 12:10:00,costo operativo,leña,leña,1500.0
2028-02-12 12:10:00,costo operativo,agua,agua,700.0
2028-02-12 12:10:00,costo operativo,gas,gas,10000.0
2028-02-12 12:10:00,costo operativo,leña,leña,1500.0
2028-02-12 12:10:00,costo operativo,agua,agua,700.0
2028-02-12 12:10:00,costo operativo,luz,luz,520.0
2028-02-12 12:20:00,costo operativo,gas,gas,10000.0
2028-02-12 12:20:00,costo operativo,luz,luz,520.0
2028-02-12 12:20:00,costo operativo,agua,agua,700.0
2028-02-12 12:20:00,costo operativo,luz,luz,520.0
2028-02-12 12:20:00,costo operativo,gas,gas,10000.0
2028-02-12 12:20:00,costo operativo,leña,leña,1500.0
2028-02-12 12:20:00,ingreso operativo,Reservas (sim),Ingreso simulado por reserva,150000.0
2028-02-12 12:20:00,ingreso operativo,Reservas (sim),Ingreso simulado por reserva,150000.0
2028-02-12 12:20:00,costo operativo,agua,agua,700.0
2028-02-12 12:20:00,costo operativo,leña,leña,1500.0
2028-02-12 12:30:00,costo operativo,gas,gas,10000.0
2028-02-12 12:30:00,costo operativo,luz,luz,520.0
2028-02-12 12:30:00,costo operativo,agua,agua,700.0
2028-02-12 12:30:00,costo operativo,leña,leña,1500.0
2028-02-12 12:30:00,costo operativo,gas,gas,10000.0
2028-02-12 12:30:00,costo operativo,luz,luz,520.0
2028-02-12 12:30:00,costo operativo,leña,leña,1500.0
2028-02-12 12:30:00,ingreso operativo,Reservas (sim),Ingreso simulado por reserva,150000.0
2028-02-12 12:30:00,ingreso operativo,Reservas (sim),Ingreso simulado por reserva,150000.0
2028-02-12 12:30:00,costo operativo,agua,agua,700.0
2028-02-12 12:40:00,costo operativo,leña,leña,1500.0
2028-02-12 12:40:00,costo operativo,gas,gas,10000.0
2028-02-12 12:40:00,costo operativo,luz,luz,520.0
2028-02-12 12:40:00,costo operativo,agua,agua,700.0
2028-02-12 12:40:00,costo operativo,gas,gas,10000.0
2028-02-12 12:40:00,ingreso operativo,Reservas (sim),Ingreso simulado por reserva,150000.0
2028-02-12 12:40:00,costo operativo,agua,agua,700.0
2028-02-12 12:40:00,costo operativo,leña,leña,1500.0
2028-02-12 12:40:00,ingreso operativo,Reservas (sim),Ingreso simulado por reserva,150000.0
2028-02-12 12:40:00,costo operativo,luz,luz,520.0
2028-02-12 12:50:00,costo operativo,leña,leña,1500.0
2028-02-12 12:50:00,costo operativo,agua,agua,700.0
2028-02-12 12:50:00,costo operativo,luz,luz,520.0
2028-02-12 12:50:00,costo operativo,gas,gas,10000.0
2028-02-12 12:50:00,ingreso operativo,Reservas (sim),Ingreso simulado por reserva,150000.0
2028-02-12 20:00:00,costo operativo,pago extra ayudante (diario),pago extra ayudante (diario),100000.0
2028-02-13 12:00:00,costo operativo,gas,gas,10000.0
2028-02-13 12:00:00,costo operativo,luz,luz,520.0
2028-02-13 12:00:00,costo operativo,agua,agua,700.0
2028-02-13 12:00:00,costo operativo,leña,leña,1500.0
2028-02-13 12:00:00,costo operativo,leña,leña,1500.0
2028-02-13 12:00:00,ingreso operativo,Reservas (sim),Ingreso simulado por reserva,150000.0
2028-02-13 12:00:00,ingreso operativo,Reservas (sim),Ingreso simulado por reserva,150000.0
2028-02-13 12:00:00,ingreso operativo,Reservas (sim),Ingreso simulado por reserva,150000.0
2028-02-13 12:00:00,costo operativo,luz,luz,520.0
2028-02-13 12:00:00,costo operativo,gas,gas,10000.0
2028-02-13 12:00:00,costo operativo,leña,leña,1500.0
2028-02-13 12:00:00,costo operativo,agua,agua,700.0
2028-02-13 12:00:00,costo operativo,luz,luz,520.0
2028-02-13 12:00:00,costo operativo,gas,gas,10000.0
2028-02-13 12:00:00,costo operativo,agua,agua,700.0
2028-02-13 12:10:00,costo operativo,luz,luz,520.0
2028-02-13 12:10:00,costo operativo,agua,agua,700.0
2028-02-13 12:10:00,costo operativo,leña,leña,1500.0
2028-02-13 12:10:00,costo operativo,gas,gas,10000.0
2028-02-13 12:10:00,costo operativo,luz,luz,520.0
2028-02-13 12:10:00,costo operativo,agua,agua,700.0
2028-02-13 12:10:00,costo operativo,leña,leña,1500.0
2028-02-13 12:10:00,costo operativo,luz,luz,520.0
2028-02-13 12:10:00,costo operativo,leña,leña,1500.0
2028-02-13 12:10:00,costo operativo,agua,agua,700.0
2028-02-13 12:10:00,ingreso operativo,Reservas (sim),Ingreso simulado por reserva,150000.0
2028-02-13 12:10:00,costo operativo,gas,gas,10000.0
2028-02-13 12:10:00,ingreso operativo,Reservas (sim),Ingreso simulado por reserva,150000.0
2028-02-13 12:10:00,ingreso operativo,Reservas (sim),Ingreso simulado por reserva,150000.0
2028-02-13 12:10:00,costo operativo,gas,gas,10000.0
2028-02-13 12:20:00,costo operativo,gas,gas,10000.0
2028-02-13 12:20:00,ingreso operativo,Reservas (sim),Ingreso simulado por reserva,150000.0
2028-02-13 12:20:00,ingreso operativo,Reservas (sim),Ingreso simulado por reserva,150000.0
2028-02-13 12:20:00,ingreso operativo,Reservas (sim),Ingreso simulado por reserva,150000.0
2028-02-13 12:20:00,costo operativo,luz,luz,520.0
2028-02-13 12:20:00,costo operativo,agua,agua,700.0
2028-02-13 12:20:00,costo operativo,gas,gas,10000.0
2028-02-13 12:20:00,costo operativo,leña,leña,1500.0
2028-02-13 12:20:00,costo operativo,leña,leña,1500.0
2028-02-13 12:20:00,costo operativo,agua,agua,700.0
2028-02-13 12:20:00,costo operativo,luz,luz,520.0
2028-02-13 12:20:00,costo operativo,gas,gas,10000.0
2028-02-13 12:20:00,costo operativo,agua,agua,700.0
2028-02-13 12:20:00,costo operativo,leña,leña,1500.0
2028-02-13 12:20:00,costo operativo,luz,luz,520.0
2028-02-13 12:30:00,costo operativo,leña,leña,1500.0
2028-02-13 12:30:00,ingreso operativo,Reservas (sim),Ingreso simulado por reserva,150000.0
2028-02-13 12:30:00,ingreso operativo,Reservas (sim),Ingreso simulado por reserva,150000.0
2028-02-13 12:30:00,ingreso operativo,Reservas (sim),Ingreso simulado por reserva,150000.0
2028-02-13 12:30:00,costo operativo,gas,gas,10000.0
2028-02-13 12:30:00,costo operativo,agua,agua,700.0
2028-02-13 12:30:00,costo operativo,leña,leña,1500.0
2028-02-13 12:30:00,costo operativo,gas,gas,10000.0
2028-02-13 12:30:00,costo operativo,luz,luz,520.0
2028-02-13 12:30:00,costo operativo,leña,leña,1500.0
2028-02-13 12:30:00,costo operativo,gas,gas,10000.0
2028-02-13 12:30:00,costo operativo,luz,luz,520.0
2028-02-13 12:30:00,costo operativo,agua,agua,700.0
2028-02-13 12:30:00,costo operativo,luz,luz,520.0
2028-02-13 12:30:00,costo operativo,agua,agua,700.0
2028-02-13 12:40:00,ingreso operativo,Reservas (sim),Ingreso simulado por reserva,150000.0
2028-02-13 12:40:00,ingreso operativo,Reservas (sim),Ingreso simulado por reserva,150000.0
2028-02-13 12:40:00,ingreso operativo,Reservas (sim),Ingreso simulado por reserva,150000.0
2028-02-13 12:40:00,costo operativo,luz,luz,520.0
2028-02-13 12:40:00,costo operativo,agua,agua,700.0
2028-02-13 12:40:00,costo operativo,leña,leña,1500.0
2028-02-13 12:40:00,costo operativo,agua,agua,700.0
2028-02-13 12:40:00,costo operativo,luz,luz,520.0
2028-02-13 12:40:00,costo operativo,gas,gas,10000.0
2028-02-13 12:40:00,costo operativo,leña,leña,1500.0
2028-02-13 12:40:00,costo operativo,agua,agua,700.0
2028-02-13 12:40:00,costo operativo,gas,gas,10000.0
2028-02-13 12:40:00,costo operativo,gas,gas,10000.0
2028-02-13 12:40:00,costo operativo,luz,luz,520.0
2028-02-13 12:40:00,costo operativo,leña,leña,1500.0
2028-02-13 12:50:00,ingreso operativo,Reservas (sim),Ingreso simulado por reserva,150000.0
2028-02-13 12:50:00,ingreso operativo,Reservas (sim),Ingreso simulado por reserva,150000.0
2028-02-13 12:50:00,ingreso operativo,Reservas (sim),Ingreso simulado por reserva,150000.0
2028-02-13 12:50:00,costo operativo,agua,agua,700.0
2028-02-13 12:50:00,costo operativo,gas,gas,10000.0
2028-02-13 12:50:00,costo operativo,luz,luz,520.0
2028-02-13 12:50:00,costo operativo,agua,agua,700.0
2028-02-13 12:50:00,costo operativo,leña,leña,1500.0
2028-02-13 12:50:00,costo operativo,gas,gas,10000.0
2028-02-13 12:50:00,costo operativo,luz,luz,520.0
2028-02-13 12:50:00,costo operativo,agua,agua,700.0
2028-02-13 12:50:00,costo operativo,leña,leña,1500.0
2028-02-13 12:50:00,costo operativo,gas,gas,10000.0
2028-02-13 12:50:00,costo operativo,luz,luz,520.0
2028-02-13 12:50:00,costo operativo,leña,leña,1500.0
2028-02-13 20:00:00,costo operativo,pago extra ayudante (diario),pago extra ayudante (diario),100000.0
2028-02-14 12:00:00,ingreso operativo,Reservas (sim),Ingreso simulado por reserva,150000.0
2028-02-14 12:00:00,costo operativo,gas,gas,10000.0
2028-02-14 12:00:00,costo operativo,leña,leña,1500.0
2028-02-14 12:00:00,costo operativo,agua,agua,700.0
2028-02-14 12:00:00,costo operativo,luz,luz,520.0
2028-02-14 12:10:00,costo operativo,agua,agua,700.0
2028-02-14 12:10:00,ingreso operativo,Reservas (sim),Ingreso simulado por reserva,150000.0
2028-02-14 12:10:00,costo operativo,leña,leña,1500.0
2028-02-14 12:10:00,costo operativo,luz,luz,520.0
2028-02-14 12:10:00,costo operativo,gas,gas,10000.0
2028-02-14 20:00:00,costo operativo,pago extra ayudante (diario),pago extra ayudante (diario),45000.0
2028-02-15 12:00:00,ingreso operativo,Reservas (sim),Ingreso simulado por reserva,150000.0
2028-02-15 12:00:00,costo operativo,gas,gas,10000.0
2028-02-15 12:00:00,costo operativo,luz,luz,520.0
2028-02-15 12:00:00,costo operativo,agua,agua,700.0
2028-02-15 12:00:00,costo operativo,leña,leña,1500.0
2028-02-15 12:10:00,ingreso operativo,Reservas (sim),Ingreso simulado por reserva,150000.0
2028-02-15 12:10:00,costo operativo,leña,leña,1500.0
2028-02-15 12:10:00,costo operativo,gas,gas,10000.0
2028-02-15 12:10:00,costo operativo,luz,luz,520.0
2028-02-15 12:10:00,costo operativo,agua,agua,700.0
2028-02-15 20:00:00,costo operativo,pago extra ayudante (diario),pago extra ayudante (diario),45000.0
2028-02-16 12:00:00,costo operativo,luz,luz,520.0
2028-02-16 12:00:00,costo operativo,agua,agua,700.0
2028-02-16 12:00:00,costo operativo,leña,leña,1500.0
2028-02-16 12:00:00,ingreso operativo,Reservas (sim),Ingreso simulado por reserva,150000.0
2028-02-16 12:00:00,costo operativo,gas,gas,10000.0
2028-02-16 12:10:00,ingreso operativo,Reservas (sim),Ingreso simulado por reserva,150000.0
2028-02-16 12:10:00,costo operativo,gas,gas,10000.0
2028-02-16 12:10:00,costo operativo,luz,luz,520.0
2028-02-16 12:10:00,costo operativo,agua,agua,700.0
2028-02-16 12:10:00,costo operativo,leña,leña,1500.0
2028-02-16 12:20:00,ingreso operativo,Reservas (sim),Ingreso simulado por reserva,150000.0
2028-02-16 12:20:00,costo operativo,gas,gas,10000.0
2028-02-16 12:20:00,costo operativo,luz,luz,520.0
2028-02-16 12:20:00,costo operativo,agua,agua,700.0
2028-02-16 12:20:00,costo operativo,leña,leña,1500.0
2028-02-16 12:30:00,costo operativo,luz,luz,520.0
2028-02-16 12:30:00,costo operativo,agua,agua,700.0
2028-02-16 12:30:00,costo operativo,leña,leña,1500.0
2028-02-16 12:30:00,ingreso operativo,Reservas (sim),Ingreso simulado por reserva,150000.0
2028-02-16 12:30:00,costo operativo,gas,gas,10000.0
2028-02-16 12:40:00,ingreso operativo,Reservas (sim),Ingreso simulado por reserva,150000.0
2028-02-16 12:40:00,costo operativo,agua,agua,700.0
2028-02-16 12:40:00,costo operativo,gas,gas,10000.0
2028-02-16 12:40:00,costo operativo,luz,luz,520.0
2028-02-16 12:40:00,costo operativo,leña,leña,1500.0
2028-02-16 12:50:00,costo operativo,gas,gas,10000.0
2028-02-16 12:50:00,costo operativo,agua,agua,700.0
2028-02-16 12:50:00,costo operativo,leña,leña,1500.0
2028-02-16 12:50:00,costo operativo,luz,luz,520.0
2028-02-16 12:50:00,ingreso operativo,Reservas (sim),Ingreso simulado por reserva,150000.0
2028-02-16 20:00:00,costo operativo,pago extra ayudante (diario),pago extra ayudante (diario),90000.0
2028-02-17 12:00:00,costo operativo,agua,agua,700.0
2028-02-17 12:00:00,costo operativo,gas,gas,10000.0
2028-02-17 12:00:00,ingreso operativo,Reservas (sim),Ingreso simulado por reserva,150000.0
2028-02-17 12:00:00,costo operativo,leña,leña,1500.0
2028-02-17 12:00:00,costo operativo,luz,luz,520.0
2028-02-17 12:10:00,costo operativo,agua,agua,700.0
2028-02-17 12:10:00,costo operativo,luz,luz,520.0
2028-02-17 12:10:00,costo operativo,leña,leña,1500.0
2028-02-17 12:10:00,costo operativo,gas,gas,10000.0
2028-02-17 12:10:00,ingreso operativo,Reservas (sim),Ingreso simulado por reserva,150000.0
2028-02-17 12:20:00,ingreso operativo,Reservas (sim),Ingreso simulado por reserva,150000.0
2028-02-17 12:20:00,costo operativo,leña,leña,1500.0
2028-02-17 12:20:00,costo operativo,agua,agua,700.0
2028-02-17 12:20:00,costo operativo,luz,luz,520.0
2028-02-17 12:20:00,costo operativo,gas,gas,10000.0
2028-02-17 20:00:00,costo operativo,pago extra ayudante (diario),pago extra ayudante (diario),60000.0
2028-02-18 12:00:00,ingreso operativo,Reservas (sim),Ingreso simulado por reserva,150000.0
2028-02-18 12:00:00,costo operativo,leña,leña,1500.0
2028-02-18 12:00:00,costo operativo,agua,agua,700.0
2028-02-18 12:00:00,costo operativo,luz,luz,520.0
2028-02-18 12:00:00,costo operativo,gas,gas,10000.0
2028-02-18 12:10:00,costo operativo,leña,leña,1500.0
2028-02-18 12:10:00,costo operativo,agua,agua,700.0
2028-02-18 12:10:00,ingreso operativo,Reservas (sim),Ingreso simulado por reserva,150000.0
2028-02-18 12:10:00,costo operativo,gas,gas,10000.0
2028-02-18 12:10:00,costo operativo,luz,luz,520.0
2028-02-18 12:20:00,ingreso operativo,Reservas (sim),Ingreso simulado por reserva,150000.0
2028-02-18 12:20:00,costo operativo,luz,luz,520.0
2028-02-18 12:20:00,costo operativo,agua,agua,700.0
2028-02-18 12:20:00,costo operativo,leña,leña,1500.0
2028-02-18 12:20:00,costo operativo,gas,gas,10000.0
2028-02-18 20:00:00,costo operativo,pago extra ayudante (diario),pago extra ayudante (diario),60000.0
2028-02-19 12:00:00,costo operativo,gas,gas,10000.0
2028-02-19 12:00:00,costo operativo,luz,luz,520.0
2028-02-19 12:00:00,costo operativo,agua,agua,700.0
2028-02-19 12:00:00,costo operativo,gas,gas,10000.0
2028-02-19 12:00:00,costo operativo,leña,leña,1500.0
2028-02-19 12:00:00,costo operativo,agua,agua,700.0
2028-02-19 12:00:00,costo operativo,leña,leña,1500.0
2028-02-19 12:00:00,costo operativo,luz,luz,520.0
2028-02-19 12:00:00,costo operativo,luz,luz,520.0
2028-02-19 12:00:00,costo operativo,leña,leña,1500.0
2028-02-19 12:00:00,ingreso operativo,Reservas (sim),Ingreso simulado por reserva,150000.0
2028-02-19 12:00:00,ingreso operativo,Reservas (sim),Ingreso simulado por reserva,150000.0
2028-02-19 12:00:00,ingreso operativo,Reservas (sim),Ingreso simulado por reserva,150000.0
2028-02-19 12:00:00,costo operativo,agua,agua,700.0
2028-02-19 12:00:00,costo operativo,gas,gas,10000.0
2028-02-19 12:10:00,costo operativo,agua,agua,700.0
2028-02-19 12:10:00,ingreso operativo,Reservas (sim),Ingreso simulado por reserva,150000.0
2028-02-19 12:10:00,ingreso operativo,Reservas (sim),Ingreso simulado por reserva,150000.0
2028-02-19 12:10:00,ingreso operativo,Reservas (sim),Ingreso simulado por reserva,150000.0
2028-02-19 12:10:00,costo operativo,luz,luz,520.0
2028-02-19 12:10:00,costo operativo,agua,agua,700.0
2028-02-19 12:10:00,costo operativo,leña,leña,1500.0
2028-02-19 12:10:00,costo operativo,gas,gas,10000.0
2028-02-19 12:10:00,costo operativo,gas,gas,10000.0
2028-02-19 12:10:00,costo operativo,luz,luz,520.0
2028-02-19 12:10:00,costo operativo,leña,leña,1500.0
2028-02-19 12:10:00,costo operativo,leña,leña,1500.0
2028-02-19 12:10:00,costo operativo,gas,gas,10000.0
2028-02-19 12:10:00,costo operativo,luz,luz,520.0
2028-02-19 12:10:00,costo operativo,agua,agua,700.0
2028-02-19 12:20:00,costo operativo,leña,leña,1500.0
2028-02-19 12:20:00,ingreso operativo,Reservas (sim),Ingreso simulado por reserva,150000.0
2028-02-19 12:20:00,costo operativo,luz,luz,520.0
2028-02-19 12:20:00,costo operativo,gas,gas,10000.0
2028-02-19 12:20:00,costo operativo,leña,leña,1500.0
2028-02-19 12:20:00,costo operativo,agua,agua,700.0
2028-02-19 12:20:00,costo operativo,luz,luz,520.0
2028-02-19 12:20:00,ingreso operativo,Reservas (sim),Ingreso simulado por reserva,150000.0
2028-02-19 12:20:00,costo operativo,agua,agua,700.0
2028-02-19 12:20:00,costo operativo,gas,gas,10000.0
2028-02-19 12:30:00,ingreso operativo,Reservas (sim),Ingreso simulado por reserva,150000.0
2028-02-19 12:30:00,ingreso operativo,Reservas (sim),Ingreso simulado por reserva,150000.0
2028-02-19 12:30:00,costo operativo,gas,gas,10000.0
2028-02-19 12:30:00,costo operativo,agua,agua,700.0
2028-02-19 12:30:00,costo operativo,leña,leña,1500.0
2028-02-19 12:30:00,costo operativo,luz,luz,520.0
2028-02-19 12:30:00,costo operativo,luz,luz,520.0
2028-02-19 12:30:00,costo operativo,agua,agua,700.0
2028-02-19 12:30:00,costo operativo,leña,leña,1500.0
2028-02-19 12:30:00,costo operativo,gas,gas,10000.0
2028-02-19 12:40:00,costo operativo,agua,agua,700.0
2028-02-19 12:40:00,costo operativo,gas,gas,10000.0
2028-02-19 12:40:00,costo operativo,leña,leña,1500.0
2028-02-19 12:40:00,costo operativo,agua,agua,700.0
2028-02-19 12:40:00,costo operativo,luz,luz,520.0
2028-02-19 12:40:00,costo operativo,gas,gas,10000.0
2028-02-19 12:40:00,costo operativo,leña,leña,1500.0
2028-02-19 12:40:00,costo operativo,luz,luz,520.0
2028-02-19 12:40:00,ingreso operativo,Reservas (sim),Ingreso simulado por reserva,150000.0
2028-02-19 12:40:00,ingreso operativo,Reservas (sim),Ingreso simulado por reserva,150000.0
2028-02-19 12:50:00,costo operativo,luz,luz,520.0
2028-02-19 12:50:00,costo operativo,agua,agua,700.0
2028-02-19 12:50:00,costo operativo,leña,leña,1500.0
2028-02-19 12:50:00,costo operativo,gas,gas,10000.0
2028-02-19 12:50:00,costo operativo,gas,gas,10000.0
2028-02-19 12:50:00,costo operativo,agua,agua,700.0
2028-02-19 12:50:00,costo operativo,leña,leña,1500.0
2028-02-19 12:50:00,ingreso operativo,Reservas (sim),Ingreso simulado por reserva,150000.0
2028-02-19 12:50:00,ingreso operativo,Reservas (sim),Ingreso simulado por reserva,150000.0
2028-02-19 12:50:00,costo operativo,luz,luz,520.0
2028-02-19 20:00:00,costo operativo,pago extra ayudante (diario),pago extra ayudante (diario),100000.0
2028-02-20 12:00:00,costo operativo,agua,agua,700.0
2028-02-20 12:00:00,costo operativo,leña,leña,1500.0
2028-02-20 12:00:00,costo operativo,gas,gas,10000.0
2028-02-20 12:00:00,costo operativo,luz,luz,520.0
2028-02-20 12:00:00,costo operativo,leña,leña,1500.0
2028-02-20 12:00:00,costo operativo,gas,gas,10000.0
2028-02-20 12:00:00,costo operativo,luz,luz,520.0
2028-02-20 12:00:00,costo operativo,agua,agua,700.0
2028-02-20 12:00:00,costo operativo,luz,luz,520.0
2028-02-20 12:00:00,costo operativo,agua,agua,700.0
2028-02-20 12:00:00,costo operativo,gas,gas,10000.0
2028-02-20 12:00:00,costo operativo,leña,leña,1500.0
2028-02-20 12:00:00,ingreso operativo,Reservas (sim),Ingreso simulado por reserva,150000.0
2028-02-20 12:00:00,ingreso operativo,Reservas (sim),Ingreso simulado por reserva,150000.0
2028-02-20 12:00:00,ingreso operativo,Reservas (sim),Ingreso simulado por reserva,150000.0
2028-02-20 12:10:00,costo operativo,luz,luz,520.0
2028-02-20 12:10:00,ingreso operativo,Reservas (sim),Ingreso simulado por reserva,150000.0
2028-02-20 12:10:00,ingreso operativo,Reservas (sim),Ingreso simulado por reserva,150000.0
2028-02-20 12:10:00,costo operativo,gas,gas,10000.0
2028-02-20 12:10:00,costo operativo,luz,luz,520.0
2028-02-20 12:10:00,costo operativo,gas,gas,10000.0
2028-02-20 12:10:00,costo operativo,agua,agua,700.0
2028-02-20 12:10:00,costo operativo,leña,leña,1500.0
2028-02-20 12:10:00,costo operativo,leña,leña,1500.0
2028-02-20 12:10:00,costo operativo,agua,agua,700.0
2028-02-20 12:20:00,costo operativo,gas,gas,10000.0
2028-02-20 12:20:00,costo operativo,agua,agua,700.0
2028-02-20 12:20:00,ingreso operativo,Reservas (sim),Ingreso simulado por reserva,150000.0
2028-02-20 12:20:00,costo operativo,leña,leña,1500.0
2028-02-20 12:20:00,costo operativo,luz,luz,520.0
2028-02-20 12:20:00,costo operativo,leña,leña,1500.0
2028-02-20 12:20:00,costo operativo,agua,agua,700.0
2028-02-20 12:20:00,costo operativo,luz,luz,520.0
2028-02-20 12:20:00,costo operativo,gas,gas,10000.0
2028-02-20 12:20:00,ingreso operativo,Reservas (sim),Ingreso simulado por reserva,150000.0
2028-02-20 12:30:00,costo operativo,luz,luz,520.0
2028-02-20 12:30:00,costo operativo,gas,gas,10000.0
2028-02-20 12:30:00,costo operativo,leña,leña,1500.0
2028-02-20 12:30:00,costo operativo,agua,agua,700.0
2028-02-20 12:30:00,costo operativo,luz,luz,520.0
2028-02-20 12:30:00,costo operativo,gas,gas,10000.0
2028-02-20 12:30:00,costo operativo,agua,agua,700.0
2028-02-20 12:30:00,ingreso operativo,Reservas (sim),Ingreso simulado por reserva,150000.0
2028-02-20 12:30:00,costo operativo,leña,leña,1500.0
2028-02-20 12:30:00,ingreso operativo,Reservas (sim),Ingreso simulado por reserva,150000.0
2028-02-20 12:40:00,costo operativo,gas,gas,10000.0
2028-02-20 12:40:00,costo operativo,luz,luz,520.0
2028-02-20 12:40:00,costo operativo,agua,agua,700.0
2028-02-20 12:40:00,costo operativo,leña,leña,1500.0
2028-02-20 12:40:00,costo operativo,gas,gas,10000.0
2028-02-20 12:40:00,costo operativo,luz,luz,520.0
2028-02-20 12:40:00,costo operativo,agua,agua,700.0
2028-02-20 12:40:00,costo operativo,leña,leña,1500.0
2028-02-20 12:40:00,ingreso operativo,Reservas (sim),Ingreso simulado por reserva,150000.0
2028-02-20 12:40:00,ingreso operativo,Reservas (sim),Ingreso simulado por reserva,150000.0
2028-02-20 12:50:00,costo operativo,gas,gas,10000.0
2028-02-20 12:50:00,ingreso operativo,Reservas (sim),Ingreso simulado por reserva,150000.0
2028-02-20 12:50:00,ingreso operativo,Reservas (sim),Ingreso simulado por reserva,150000.0
2028-02-20 12:50:00,costo operativo,leña,leña,1500.0
2028-02-20 12:50:00,costo operativo,luz,luz,520.0
2028-02-20 12:50:00,costo operativo,agua,agua,700.0
2028-02-20 12:50:00,costo operativo,leña,leña,1500.0
2028-02-20 12:50:00,costo operativo,gas,gas,10000.0
2028-02-20 12:50:00,costo operativo,agua,agua,700.0
2028-02-20 12:50:00,costo operativo,luz,luz,520.0
2028-02-20 20:00:00,costo operativo,pago extra ayudante (diario),pago extra ayudante (diario),100000.0
2028-02-21 12:00:00,costo operativo,gas,gas,10000.0
2028-02-21 12:00:00,costo operativo,agua,agua,700.0
2028-02-21 12:00:00,costo operativo,leña,leña,1500.0
2028-02-21 12:00:00,costo operativo,luz,luz,520.0
2028-02-21 12:00:00,ingreso operativo,Reservas (sim),Ingreso simulado por reserva,150000.0
2028-02-21 12:10:00,costo operativo,gas,gas,10000.0
2028-02-21 12:10:00,costo operativo,luz,luz,520.0
2028-02-21 12:10:00,costo operativo,agua,agua,700.0
2028-02-21 12:10:00,costo operativo,leña,leña,1500.0
2028-02-21 12:10:00,ingreso operativo,Reservas (sim),Ingreso simulado por reserva,150000.0
2028-02-21 12:20:00,costo operativo,gas,gas,10000.0
2028-02-21 12:20:00,costo operativo,luz,luz,520.0
2028-02-21 12:20:00,costo operativo,agua,agua,700.0
2028-02-21 12:20:00,costo operativo,leña,leña,1500.0
2028-02-21 12:20:00,ingreso operativo,Reservas (sim),Ingreso simulado por reserva,150000.0
2028-02-21 20:00:00,costo operativo,pago extra ayudante (diario),pago extra ayudante (diario),60000.0
2028-02-23 12:00:00,costo operativo,gas,gas,10000.0
2028-02-23 12:00:00,costo operativo,luz,luz,520.0
2028-02-23 12:00:00,costo operativo,leña,leña,1500.0
2028-02-23 12:00:00,ingreso operativo,Reservas (sim),Ingreso simulado por reserva,150000.0
2028-02-23 12:00:00,costo operativo,agua,agua,700.0
2028-02-23 20:00:00,costo operativo,pago extra ayudante (diario),pago extra ayudante (diario),25000.0
2028-02-24 12:00:00,costo operativo,leña,leña,1500.0
2028-02-24 12:00:00,costo operativo,luz,luz,520.0
2028-02-24 12:00:00,costo operativo,gas,gas,10000.0
2028-02-24 12:00:00,ingreso operativo,Reservas (sim),Ingreso simulado por reserva,150000.0
2028-02-24 12:00:00,costo operativo,agua,agua,700.0
2028-02-24 12:10:00,costo operativo,leña,leña,1500.0
2028-02-24 12:10:00,costo operativo,agua,agua,700.0
2028-02-24 12:10:00,costo operativo,gas,gas,10000.0
2028-02-24 12:10:00,costo operativo,luz,luz,520.0
2028-02-24 12:10:00,ingreso operativo,Reservas (sim),Ingreso simulado por reserva,150000.0
2028-02-24 12:20:00,costo operativo,luz,luz,520.0
2028-02-24 12:20:00,costo operativo,agua,agua,700.0
2028-02-24 12:20:00,costo operativo,leña,leña,1500.0
2028-02-24 12:20:00,ingreso operativo,Reservas (sim),Ingreso simulado por reserva,150000.0
2028-02-24 12:20:00,costo operativo,gas,gas,10000.0
2028-02-24 12:30:00,costo operativo,agua,agua,700.0
2028-02-24 12:30:00,costo operativo,luz,luz,520.0
2028-02-24 12:30:00,costo operativo,gas,gas,10000.0
2028-02-24 12:30:00,costo operativo,leña,leña,1500.0
2028-02-24 12:30:00,ingreso operativo,Reservas (sim),Ingreso simulado por reserva,150000.0
2028-02-24 12:40:00,costo operativo,leña,leña,1500.0
2028-02-24 12:40:00,ingreso operativo,Reservas (sim),Ingreso simulado por reserva,150000.0
2028-02-24 12:40:00,costo operativo,gas,gas,10000.0
2028-02-24 12:40:00,costo operativo,luz,luz,520.0
2028-02-24 12:40:00,costo operativo,agua,agua,700.0
2028-02-24 20:00:00,costo operativo,pago extra ayudante (diario),pago extra ayudante (diario),80000.0
2028-02-25 12:00:00,costo operativo,gas,gas,10000.0
2028-02-25 12:00:00,costo operativo,luz,luz,520.0
2028-02-25 12:00:00,costo operativo,agua,agua,700.0
2028-02-25 12:00:00,costo operativo,leña,leña,1500.0
2028-02-25 12:00:00,ingreso operativo,Reservas (sim),Ingreso simulado por reserva,150000.0
2028-02-25 12:10:00,costo operativo,agua,agua,700.0
2028-02-25 12:10:00,costo operativo,leña,leña,1500.0
2028-02-25 12:10:00,costo operativo,gas,gas,10000.0
2028-02-25 12:10:00,costo operativo,luz,luz,520.0
2028-02-25 12:10:00,ingreso operativo,Reservas (sim),Ingreso simulado por reserva,150000.0
2028-02-25 12:20:00,ingreso operativo,Reservas (sim),Ingreso simulado por reserva,150000.0
2028-02-25 12:20:00,costo operativo,luz,luz,520.0
2028-02-25 12:20:00,costo operativo,gas,gas,10000.0
2028-02-25 12:20:00,costo operativo,leña,leña,1500.0
2028-02-25 12:20:00,costo operativo,agua,agua,700.0
2028-02-25 20:00:00,costo operativo,pago extra ayudante (diario),pago extra ayudante (diario),60000.0
2028-02-26 12:00:00,costo operativo,agua,agua,700.0
2028-02-26 12:00:00,costo operativo,luz,luz,520.0
2028-02-26 12:00:00,costo operativo,gas,gas,10000.0
2028-02-26 12:00:00,costo operativo,gas,gas,10000.0
2028-02-26 12:00:00,costo operativo,luz,luz,520.0
2028-02-26 12:00:00,costo operativo,agua,agua,700.0
2028-02-26 12:00:00,costo operativo,leña,leña,1500.0
2028-02-26 12:00:00,costo operativo,gas,gas,10000.0
2028-02-26 12:00:00,costo operativo,luz,luz,520.0
2028-02-26 12:00:00,costo operativo,leña,leña,1500.0
2028-02-26 12:00:00,costo operativo,agua,agua,700.0
2028-02-26 12:00:00,costo operativo,leña,leña,1500.0
2028-02-26 12:00:00,ingreso operativo,Reservas (sim),Ingreso simulado por reserva,150000.0
2028-02-26 12:00:00,ingreso operativo,Reservas (sim),Ingreso simulado por reserva,150000.0
2028-02-26 12:00:00,ingreso operativo,Reservas (sim),Ingreso simulado por reserva,150000.0
2028-02-26 12:10:00,costo operativo,gas,gas,10000.0
2028-02-26 12:10:00,costo operativo,gas,gas,10000.0
2028-02-26 12:10:00,costo operativo,luz,luz,520.0
2028-02-26 12:10:00,costo operativo,agua,agua,700.0
2028-02-26 12:10:00,costo operativo,leña,leña,1500.0
2028-02-26 12:10:00,costo operativo,leña,leña,1500.0
2028-02-26 12:10:00,costo operativo,luz,luz,520.0
2028-02-26 12:10:00,costo operativo,agua,agua,700.0
2028-02-26 12:10:00,costo operativo,luz,luz,520.0
2028-02-26 12:10:00,costo operativo,agua,agua,700.0
2028-02-26 12:10:00,costo operativo,leña,leña,1500.0
2028-02-26 12:10:00,ingreso operativo,Reservas (sim),Ingreso simulado por reserva,150000.0
2028-02-26 12:10:00,ingreso operativo,Reservas (sim),Ingreso simulado por reserva,150000.0
2028-02-26 12:10:00,costo operativo,gas,gas,10000.0
2028-02-26 12:10:00,ingreso operativo,Reservas (sim),Ingreso simulado por reserva,150000.0
2028-02-26 12:20:00,costo operativo,gas,gas,10000.0
2028-02-26 12:20:00,costo operativo,luz,luz,520.0
2028-02-26 12:20:00,costo operativo,agua,agua,700.0
2028-02-26 12:20:00,costo operativo,leña,leña,1500.0
2028-02-26 12:20:00,ingreso operativo,Reservas (sim),Ingreso simulado por reserva,150000.0
2028-02-26 12:20:00,costo operativo,luz,luz,520.0
2028-02-26 12:20:00,costo operativo,leña,leña,1500.0
2028-02-26 12:20:00,ingreso operativo,Reservas (sim),Ingreso simulado por reserva,150000.0
2028-02-26 12:20:00,costo operativo,gas,gas,10000.0
2028-02-26 12:20:00,costo operativo,agua,agua,700.0
2028-02-26 12:30:00,costo operativo,leña,leña,1500.0
2028-02-26 12:30:00,costo operativo,agua,agua,700.0
2028-02-26 12:30:00,costo operativo,gas,gas,10000.0
2028-02-26 12:30:00,ingreso operativo,Reservas (sim),Ingreso simulado por reserva,150000.0
2028-02-26 12:30:00,ingreso operativo,Reservas (sim),Ingreso simulado por reserva,150000.0
2028-02-26 12:30:00,costo operativo,luz,luz,520.0
2028-02-26 12:30:00,costo operativo,luz,luz,520.0
2028-02-26 12:30:00,costo operativo,gas,gas,10000.0
2028-02-26 12:30:00,costo operativo,agua,agua,700.0
2028-02-26 12:30:00,costo operativo,leña,leña,1500.0
2028-02-26 12:40:00,costo operativo,agua,agua,700.0
2028-02-26 12:40:00,costo operativo,luz,luz,520.0
2028-02-26 12:40:00,costo operativo,gas,gas,10000.0
2028-02-26 12:40:00,costo operativo,agua,agua,700.0
2028-02-26 12:40:00,costo operativo,luz,luz,520.0
2028-02-26 12:40:00,costo operativo,gas,gas,10000.0
2028-02-26 12:40:00,ingreso operativo,Reservas (sim),Ingreso simulado por reserva,150000.0
2028-02-26 12:40:00,ingreso operativo,Reservas (sim),Ingreso simulado por reserva,150000.0
2028-02-26 12:40:00,costo operativo,leña,leña,1500.0
2028-02-26 12:40:00,costo operativo,leña,leña,1500.0
2028-02-26 12:50:00,ingreso operativo,Reservas (sim),Ingreso simulado por reserva,150000.0
2028-02-26 12:50:00,costo operativo,agua,agua,700.0
2028-02-26 12:50:00,costo operativo,luz,luz,520.0
2028-02-26 12:50:00,costo operativo,gas,gas,10000.0
2028-02-26 12:50:00,costo operativo,leña,leña,1500.0
2028-02-26 12:50:00,costo operativo,agua,agua,700.0
2028-02-26 12:50:00,costo operativo,luz,luz,520.0
2028-02-26 12:50:00,costo operativo,gas,gas,10000.0
2028-02-26 12:50:00,costo operativo,leña,leña,1500.0
2028-02-26 12:50:00,ingreso operativo,Reservas (sim),Ingreso simulado por reserva,150000.0
2028-02-26 20:00:00,costo operativo,pago extra ayudante (diario),pago extra ayudante (diario),100000.0
2028-02-27 12:00:00,costo operativo,luz,luz,520.0
2028-02-27 12:00:00,ingreso operativo,Reservas (sim),Ingreso simulado por reserva,150000.0
2028-02-27 12:00:00,ingreso operativo,Reservas (sim),Ingreso simulado por reserva,150000.0
2028-02-27 12:00:00,costo operativo,leña,leña,1500.0
2028-02-27 12:00:00,costo operativo,gas,gas,10000.0
2028-02-27 12:00:00,costo operativo,luz,luz,520.0
2028-02-27 12:00:00,costo operativo,agua,agua,700.0
2028-02-27 12:00:00,costo operativo,leña,leña,1500.0
2028-02-27 12:00:00,costo operativo,agua,agua,700.0
2028-02-27 12:00:00,costo operativo,gas,gas,10000.0
2028-02-27 12:10:00,costo operativo,leña,leña,1500.0
2028-02-27 12:10:00,costo operativo,gas,gas,10000.0
2028-02-27 12:10:00,costo operativo,agua,agua,700.0
2028-02-27 12:10:00,costo operativo,luz,luz,520.0
2028-02-27 12:10:00,costo operativo,gas,gas,10000.0
2028-02-27 12:10:00,costo operativo,luz,luz,520.0
2028-02-27 12:10:00,costo operativo,leña,leña,1500.0
2028-02-27 12:10:00,costo operativo,agua,agua,700.0
2028-02-27 12:10:00,ingreso operativo,Reservas (sim),Ingreso simulado por reserva,150000.0
2028-02-27 12:10:00,ingreso operativo,Reservas (sim),Ingreso simulado por reserva,150000.0
2028-02-27 12:20:00,costo operativo,luz,luz,520.0
2028-02-27 12:20:00,costo operativo,gas,gas,10000.0
2028-02-27 12:20:00,costo operativo,agua,agua,700.0
2028-02-27 12:20:00,costo operativo,leña,leña,1500.0
2028-02-27 12:20:00,ingreso operativo,Reservas (sim),Ingreso simulado por reserva,150000.0
2028-02-27 12:30:00,ingreso operativo,Reservas (sim),Ingreso simulado por reserva,150000.0
2028-02-27 12:30:00,costo operativo,gas,gas,10000.0
2028-02-27 12:30:00,costo operativo,leña,leña,1500.0
2028-02-27 12:30:00,costo operativo,agua,agua,700.0
2028-02-27 12:30:00,costo operativo,luz,luz,520.0
2028-02-27 12:40:00,costo operativo,luz,luz,520.0
2028-02-27 12:40:00,ingreso operativo,Reservas (sim),Ingreso simulado por reserva,150000.0
2028-02-27 12:40:00,costo operativo,agua,agua,700.0
2028-02-27 12:40:00,costo operativo,gas,gas,10000.0
2028-02-27 12:40:00,costo operativo,leña,leña,1500.0
2028-02-27 12:50:00,ingreso operativo,Reservas (sim),Ingreso simulado por reserva,150000.0
2028-02-27 12:50:00,costo operativo,luz,luz,520.0
2028-02-27 12:50:00,costo operativo,leña,leña,1500.0
2028-02-27 12:50:00,costo operativo,gas,gas,10000.0
2028-02-27 12:50:00,costo operativo,agua,agua,700.0
2028-02-27 20:00:00,costo operativo,pago extra ayudante (diario),pago extra ayudante (diario),100000.0
2028-02-28 12:00:00,ingreso operativo,Reservas (sim),Ingreso simulado por reserva,150000.0
2028-02-28 12:00:00,costo operativo,leña,leña,1500.0
2028-02-28 12:00:00,costo operativo,agua,agua,700.0
2028-02-28 12:00:00,costo operativo,gas,gas,10000.0
2028-02-28 12:00:00,costo operativo,luz,luz,520.0
2028-02-28 12:10:00,costo operativo,gas,gas,10000.0
2028-02-28 12:10:00,costo operativo,luz,luz,520.0
2028-02-28 12:10:00,costo operativo,agua,agua,700.0
2028-02-28 12:10:00,costo operativo,leña,leña,1500.0
2028-02-28 12:10:00,ingreso operativo,Reservas (sim),Ingreso simulado por reserva,150000.0
2028-02-28 12:20:00,costo operativo,leña,leña,1500.0
2028-02-28 12:20:00,costo operativo,gas,gas,10000.0
2028-02-28 12:20:00,costo operativo,luz,luz,520.0
2028-02-28 12:20:00,costo operativo,agua,agua,700.0
2028-02-28 12:20:00,ingreso operativo,Reservas (sim),Ingreso simulado por reserva,150000.0
2028-02-28 12:30:00,costo operativo,gas,gas,10000.0
2028-02-28 12:30:00,costo operativo,luz,luz,520.0
2028-02-28 12:30:00,costo operativo,agua,agua,700.0
2028-02-28 12:30:00,costo operativo,leña,leña,1500.0
2028-02-28 12:30:00,ingreso operativo,Reservas (sim),Ingreso simulado por reserva,150000.0
2028-02-28 20:00:00,costo operativo,pago extra ayudante (diario),pago extra ayudante (diario),70000.0
2028-02-29 12:00:00,ingreso operativo,Reservas (sim),Ingreso simulado por reserva,150000.0
2028-02-29 12:00:00,costo operativo,leña,leña,1500.0
2028-02-29 12:00:00,costo operativo,gas,gas,10000.0
2028-02-29 12:00:00,costo operativo,agua,agua,700.0
2028-02-29 12:00:00,costo operativo,luz,luz,520.0
2028-02-29 12:10:00,costo operativo,luz,luz,520.0
2028-02-29 12:10:00,costo operativo,gas,gas,10000.0
2028-02-29 12:10:00,ingreso operativo,Reservas (sim),Ingreso simulado por reserva,150000.0
2028-02-29 12:10:00,costo operativo,leña,leña,1500.0
2028-02-29 12:10:00,costo operativo,agua,agua,700.0
2028-02-29 12:20:00,ingreso operativo,Reservas (sim),Ingreso simulado por reserva,150000.0
2028-02-29 12:20:00,costo operativo,gas,gas,10000.0
2028-02-29 12:20:00,costo operativo,leña,leña,1500.0
2028-02-29 12:20:00,costo operativo,agua,agua,700.0
2028-02-29 12:20:00,costo operativo,luz,luz,520.0
2028-02-29 12:30:00,costo operativo,agua,agua,700.0
2028-02-29 12:30:00,ingreso operativo,Reservas (sim),Ingreso simulado por reserva,150000.0
2028-02-29 12:30:00,costo operativo,leña,leña,1500.0
2028-02-29 12:30:00,costo operativo,gas,gas,10000.0
2028-02-29 12:30:00,costo operativo,luz,luz,520.0
2028-02-29 12:40:00,ingreso operativo,Reservas (sim),Ingreso simulado por reserva,150000.0
2028-02-29 12:40:00,costo operativo,leña,leña,1500.0
2028-02-29 12:40:00,costo operativo,gas,gas,10000.0
2028-02-29 12:40:00,costo operativo,luz,luz,520.0
2028-02-29 12:40:00,costo operativo,agua,agua,700.0
2028-02-29 12:50:00,costo operativo,luz,luz,520.0
2028-02-29 12:50:00,costo operativo,agua,agua,700.0
2028-02-29 12:50:00,costo operativo,leña,leña,1500.0
2028-02-29 12:50:00,costo operativo,gas,gas,10000.0
2028-02-29 12:50:00,ingreso operativo,Reservas (sim),Ingreso simulado por reserva,150000.0
2028-02-29 18:00:00,Costos de Marketing,Simulación,Gasto marketing mensual simulado,300000.0
2028-02-29 18:00:00,costos fijos,Simulación,Costo fijo mensual simulado,700000.0
2028-02-29 20:00:00,costo operativo,pago extra ayudante (diario),pago extra ayudante (diario),90000.0
2028-03-01 12:00:00,costo operativo,agua,agua,700.0
2028-03-01 12:00:00,costo operativo,luz,luz,520.0
2028-03-01 12:00:00,costo operativo,gas,gas,10000.0
2028-03-01 12:00:00,ingreso operativo,Reservas (sim),Ingreso simulado por reserva,150000.0
2028-03-01 12:00:00,costo operativo,leña,leña,1500.0
2028-03-01 20:00:00,costo operativo,pago extra ayudante (diario),pago extra ayudante (diario),25000.0
2028-03-03 12:00:00,costo operativo,leña,leña,1500.0
2028-03-03 12:00:00,costo operativo,agua,agua,700.0
2028-03-03 12:00:00,costo operativo,luz,luz,520.0
2028-03-03 12:00:00,costo operativo,gas,gas,10000.0
2028-03-03 12:00:00,ingreso operativo,Reservas (sim),Ingreso simulado por reserva,150000.0
2028-03-03 20:00:00,costo operativo,pago extra ayudante (diario),pago extra ayudante (diario),25000.0
2028-03-04 12:00:00,costo operativo,leña,leña,1500.0
2028-03-04 12:00:00,costo operativo,gas,gas,10000.0
2028-03-04 12:00:00,costo operativo,luz,luz,520.0
2028-03-04 12:00:00,costo operativo,agua,agua,700.0
2028-03-04 12:00:00,ingreso operativo,Reservas (sim),Ingreso simulado por reserva,150000.0
2028-03-04 12:10:00,costo operativo,leña,leña,1500.0
2028-03-04 12:10:00,costo operativo,gas,gas,10000.0
2028-03-04 12:10:00,ingreso operativo,Reservas (sim),Ingreso simulado por reserva,150000.0
2028-03-04 12:10:00,costo operativo,agua,agua,700.0
2028-03-04 12:10:00,costo operativo,luz,luz,520.0
2028-03-04 12:20:00,costo operativo,leña,leña,1500.0
2028-03-04 12:20:00,costo operativo,agua,agua,700.0
2028-03-04 12:20:00,ingreso operativo,Reservas (sim),Ingreso simulado por reserva,150000.0
2028-03-04 12:20:00,costo operativo,gas,gas,10000.0
2028-03-04 12:20:00,costo operativo,luz,luz,520.0
2028-03-04 12:30:00,ingreso operativo,Reservas (sim),Ingreso simulado por reserva,150000.0
2028-03-04 12:30:00,costo operativo,leña,leña,1500.0
2028-03-04 12:30:00,costo operativo,agua,agua,700.0
2028-03-04 12:30:00,costo operativo,luz,luz,520.0
2028-03-04 12:30:00,costo operativo,gas,gas,10000.0
2028-03-04 20:00:00,costo operativo,pago extra ayudante (diario),pago extra ayudante (diario),70000.0
2028-03-05 12:00:00,ingreso operativo,Reservas (sim),Ingreso simulado por reserva,150000.0
2028-03-05 12:00:00,costo operativo,leña,leña,1500.0
2028-03-05 12:00:00,costo operativo,agua,agua,700.0
2028-03-05 12:00:00,costo operativo,luz,luz,520.0
2028-03-05 12:00:00,costo operativo,gas,gas,10000.0
2028-03-05 12:10:00,costo operativo,gas,gas,10000.0
2028-03-05 12:10:00,costo operativo,luz,luz,520.0
2028-03-05 12:10:00,costo operativo,agua,agua,700.0
2028-03-05 12:10:00,costo operativo,leña,leña,1500.0
2028-03-05 12:10:00,ingreso operativo,Reservas (sim),Ingreso simulado por reserva,150000.0
2028-03-05 12:20:00,ingreso operativo,Reservas (sim),Ingreso simulado por reserva,150000.0
2028-03-05 12:20:00,costo operativo,leña,leña,1500.0
2028-03-05 12:20:00,costo operativo,agua,agua,700.0
2028-03-05 12:20:00,costo operativo,luz,luz,520.0
2028-03-05 12:20:00,costo operativo,gas,gas,10000.0
2028-03-05 12:30:00,ingreso operativo,Reservas (sim),Ingreso simulado por reserva,150000.0
2028-03-05 12:30:00,costo operativo,leña,leña,1500.0
2028-03-05 12:30:00,costo operativo,agua,agua,700.0
2028-03-05 12:30:00,costo operativo,luz,luz,520.0
2028-03-05 12:30:00,costo operativo,gas,gas,10000.0
2028-03-05 20:00:00,costo operativo,pago extra ayudante (diario),pago extra ayudante (diario),70000.0
2028-03-06 12:00:00,costo operativo,leña,leña,1500.0
2028-03-06 12:00:00,costo operativo,agua,agua,700.0
2028-03-06 12:00:00,costo operativo,luz,luz,520.0
2028-03-06 12:00:00,costo operativo,gas,gas,10000.0
2028-03-06 12:00:00,ingreso operativo,Reservas (sim),Ingreso simulado por reserva,150000.0
2028-03-06 12:10:00,costo operativo,leña,leña,1500.0
2028-03-06 12:10:00,ingreso operativo,Reservas (sim),Ingreso simulado por reserva,150000.0
2028-03-06 12:10:00,costo operativo,gas,gas,10000.0
2028-03-06 12:10:00,costo operativo,luz,luz,520.0
2028-03-06 12:10:00,costo operativo,agua,agua,700.0
2028-03-06 20:00:00,costo operativo,pago extra ayudante (diario),pago extra ayudante (diario),45000.0
2028-03-07 12:00:00,costo operativo,leña,leña,1500.0
2028-03-07 12:00:00,costo operativo,agua,agua,700.0
2028-03-07 12:00:00,costo operativo,luz,luz,520.0
2028-03-07 12:00:00,costo operativo,gas,gas,10000.0
2028-03-07 12:00:00,ingreso operativo,Reservas (sim),Ingreso simulado por reserva,150000.0
2028-03-07 20:00:00,costo operativo,pago extra ayudante (diario),pago extra ayudante (diario),25000.0
2028-03-10 12:00:00,ingreso operativo,Reservas (sim),Ingreso simulado por reserva,150000.0
2028-03-10 12:00:00,costo operativo,luz,luz,520.0
2028-03-10 12:00:00,costo operativo,agua,agua,700.0
2028-03-10 12:00:00,costo operativo,leña,leña,1500.0
2028-03-10 12:00:00,costo operativo,gas,gas,10000.0
2028-03-10 12:10:00,costo operativo,gas,gas,10000.0
2028-03-10 12:10:00,costo operativo,leña,leña,1500.0
2028-03-10 12:10:00,costo operativo,agua,agua,700.0
2028-03-10 12:10:00,costo operativo,luz,luz,520.0
2028-03-10 12:10:00,ingreso operativo,Reservas (sim),Ingreso simulado por reserva,150000.0
2028-03-10 20:00:00,costo operativo,pago extra ayudante (diario),pago extra ayudante (diario),45000.0
2028-03-11 12:00:00,costo operativo,agua,agua,700.0
2028-03-11 12:00:00,costo operativo,luz,luz,520.0
2028-03-11 12:00:00,costo operativo,gas,gas,10000.0
2028-03-11 12:00:00,ingreso operativo,Reservas (sim),Ingreso simulado por reserva,150000.0
2028-03-11 12:00:00,costo operativo,leña,leña,1500.0
2028-03-11 20:00:00,costo operativo,pago extra ayudante (diario),pago extra ayudante (diario),25000.0
2028-03-12 12:00:00,ingreso operativo,Reservas (sim),Ingreso simulado por reserva,150000.0
2028-03-12 12:00:00,costo operativo,leña,leña,1500.0
2028-03-12 12:00:00,costo operativo,gas,gas,10000.0
2028-03-12 12:00:00,costo operativo,luz,luz,520.0
2028-03-12 12:00:00,costo operativo,agua,agua,700.0
2028-03-12 12:10:00,ingreso operativo,Reservas (sim),Ingreso simulado por reserva,150000.0
2028-03-12 12:10:00,costo operativo,gas,gas,10000.0
2028-03-12 12:10:00,costo operativo,luz,luz,520.0
2028-03-12 12:10:00,costo operativo,agua,agua,700.0
2028-03-12 12:10:00,costo operativo,leña,leña,1500.0
2028-03-12 12:20:00,costo operativo,agua,agua,700.0
2028-03-12 12:20:00,costo operativo,leña,leña,1500.0
2028-03-12 12:20:00,costo operativo,gas,gas,10000.0
2028-03-12 12:20:00,costo operativo,luz,luz,520.0
2028-03-12 12:20:00,ingreso operativo,Reservas (sim),Ingreso simulado por reserva,150000.0
2028-03-12 12:30:00,costo operativo,agua,agua,700.0
2028-03-12 12:30:00,costo operativo,leña,leña,1500.0
2028-03-12 12:30:00,costo operativo,gas,gas,10000.0
2028-03-12 12:30:00,costo operativo,luz,luz,520.0
2028-03-12 12:30:00,ingreso operativo,Reservas (sim),Ingreso simulado por reserva,150000.0
2028-03-12 12:40:00,costo operativo,gas,gas,10000.0
2028-03-12 12:40:00,costo operativo,agua,agua,700.0
2028-03-12 12:40:00,costo operativo,leña,leña,1500.0
2028-03-12 12:40:00,costo operativo,luz,luz,520.0
2028-03-12 12:40:00,ingreso operativo,Reservas (sim),Ingreso simulado por reserva,150000.0
2028-03-12 20:00:00,costo operativo,pago extra ayudante (diario),pago extra ayudante (diario),80000.0
2028-03-13 12:00:00,costo operativo,agua,agua,700.0
2028-03-13 12:00:00,ingreso operativo,Reservas (sim),Ingreso simulado por reserva,150000.0
2028-03-13 12:00:00,costo operativo,gas,gas,10000.0
2028-03-13 12:00:00,costo operativo,luz,luz,520.0
2028-03-13 12:00:00,costo operativo,leña,leña,1500.0
2028-03-13 20:00:00,costo operativo,pago extra ayudante (diario),pago extra ayudante (diario),25000.0
2028-03-18 12:00:00,ingreso operativo,Reservas (sim),Ingreso simulado por reserva,150000.0
2028-03-18 12:00:00,costo operativo,luz,luz,520.0
2028-03-18 12:00:00,costo operativo,gas,gas,10000.0
2028-03-18 12:00:00,costo operativo,agua,agua,700.0
2028-03-18 12:00:00,costo operativo,leña,leña,1500.0
2028-03-18 20:00:00,costo operativo,pago extra ayudante (diario),pago extra ayudante (diario),25000.0
2028-03-24 12:00:00,costo operativo,leña,leña,1500.0
2028-03-24 12:00:00,costo operativo,agua,agua,700.0
2028-03-24 12:00:00,costo operativo,luz,luz,520.0
2028-03-24 12:00:00,costo operativo,gas,gas,10000.0
2028-03-24 12:00:00,ingreso operativo,Reservas (sim),Ingreso simulado por reserva,150000.0
2028-03-24 20:00:00,costo operativo,pago extra ayudante (diario),pago extra ayudante (diario),25000.0
2028-03-25 12:00:00,ingreso operativo,Reservas (sim),Ingreso simulado por reserva,150000.0
2028-03-25 12:00:00,costo operativo,gas,gas,10000.0
2028-03-25 12:00:00,costo operativo,agua,agua,700.0
2028-03-25 12:00:00,costo operativo,leña,leña,1500.0
2028-03-25 12:00:00,costo operativo,luz,luz,520.0
2028-03-25 12:10:00,ingreso operativo,Reservas (sim),Ingreso simulado por reserva,150000.0
2028-03-25 12:10:00,costo operativo,agua,agua,700.0
2028-03-25 12:10:00,costo operativo,luz,luz,520.0
2028-03-25 12:10:00,costo operativo,gas,gas,10000.0
2028-03-25 12:10:00,costo operativo,leña,leña,1500.0
2028-03-25 20:00:00,costo operativo,pago extra ayudante (diario),pago extra ayudante (diario),45000.0
2028-03-27 12:00:00,costo operativo,agua,agua,700.0
2028-03-27 12:00:00,costo operativo,leña,leña,1500.0
2028-03-27 12:00:00,costo operativo,luz,luz,520.0
2028-03-27 12:00:00,costo operativo,gas,gas,10000.0
2028-03-27 12:00:00,ingreso operativo,Reservas (sim),Ingreso simulado por reserva,150000.0
2028-03-27 20:00:00,costo operativo,pago extra ayudante (diario),pago extra ayudante (diario),25000.0
2028-03-29 12:00:00,costo operativo,leña,leña,1500.0
2028-03-29 12:00:00,costo operativo,agua,agua,700.0
2028-03-29 12:00:00,costo operativo,luz,luz,520.0
2028-03-29 12:00:00,costo operativo,gas,gas,10000.0
2028-03-29 12:00:00,ingreso operativo,Reservas (sim),Ingreso simulado por reserva,150000.0
2028-03-29 20:00:00,costo operativo,pago extra ayudante (diario),pago extra ayudante (diario),25000.0
2028-03-30 12:00:00,costo operativo,leña,leña,1500.0
2028-03-30 12:00:00,costo operativo,agua,agua,700.0
2028-03-30 12:00:00,costo operativo,luz,luz,520.0
2028-03-30 12:00:00,costo operativo,gas,gas,10000.0
2028-03-30 12:00:00,ingreso operativo,Reservas (sim),Ingreso simulado por reserva,150000.0
2028-03-30 20:00:00,costo operativo,pago extra ayudante (diario),pago extra ayudante (diario),25000.0
2028-03-31 18:00:00,costos fijos,Simulación,Costo fijo mensual simulado,700000.0
2028-03-31 18:00:00,Costos de Marketing,Simulación,Gasto marketing mensual simulado,300000.0
2028-04-01 12:00:00,ingreso operativo,Reservas (sim),Ingreso simulado por reserva,150000.0
2028-04-01 12:00:00,costo operativo,gas,gas,10000.0
2028-04-01 12:00:00,costo operativo,leña,leña,1500.0
2028-04-01 12:00:00,costo operativo,agua,agua,700.0
2028-04-01 12:00:00,costo operativo,luz,luz,520.0
2028-04-01 12:10:00,costo operativo,gas,gas,10000.0
2028-04-01 12:10:00,costo operativo,luz,luz,520.0
2028-04-01 12:10:00,costo operativo,agua,agua,700.0
2028-04-01 12:10:00,costo operativo,leña,leña,1500.0
2028-04-01 12:10:00,ingreso operativo,Reservas (sim),Ingreso simulado por reserva,150000.0
2028-04-01 12:20:00,ingreso operativo,Reservas (sim),Ingreso simulado por reserva,150000.0
2028-04-01 12:20:00,costo operativo,leña,leña,1500.0
2028-04-01 12:20:00,costo operativo,agua,agua,700.0
2028-04-01 12:20:00,costo operativo,luz,luz,520.0
2028-04-01 12:20:00,costo operativo,gas,gas,10000.0
2028-04-01 20:00:00,costo operativo,pago extra ayudante (diario),pago extra ayudante (diario),60000.0
2028-04-02 12:00:00,costo operativo,gas,gas,10000.0
2028-04-02 12:00:00,costo operativo,leña,leña,1500.0
2028-04-02 12:00:00,costo operativo,agua,agua,700.0
2028-04-02 12:00:00,costo operativo,luz,luz,520.0
2028-04-02 12:00:00,ingreso operativo,Reservas (sim),Ingreso simulado por reserva,150000.0
2028-04-02 12:10:00,costo operativo,agua,agua,700.0
2028-04-02 12:10:00,costo operativo,gas,gas,10000.0
2028-04-02 12:10:00,costo operativo,luz,luz,520.0
2028-04-02 12:10:00,costo operativo,leña,leña,1500.0
2028-04-02 12:10:00,ingreso operativo,Reservas (sim),Ingreso simulado por reserva,150000.0
2028-04-02 12:20:00,ingreso operativo,Reservas (sim),Ingreso simulado por reserva,150000.0
2028-04-02 12:20:00,costo operativo,agua,agua,700.0
2028-04-02 12:20:00,costo operativo,luz,luz,520.0
2028-04-02 12:20:00,costo operativo,gas,gas,10000.0
2028-04-02 12:20:00,costo operativo,leña,leña,1500.0
2028-04-02 12:30:00,costo operativo,leña,leña,1500.0
2028-04-02 12:30:00,costo operativo,gas,gas,10000.0
2028-04-02 12:30:00,ingreso operativo,Reservas (sim),Ingreso simulado por reserva,150000.0
2028-04-02 12:30:00,costo operativo,luz,luz,520.0
2028-04-02 12:30:00,costo operativo,agua,agua,700.0
2028-04-02 20:00:00,costo operativo,pago extra ayudante (diario),pago extra ayudante (diario),70000.0
2028-04-03 12:00:00,ingreso operativo,Reservas (sim),Ingreso simulado por reserva,150000.0
2028-04-03 12:00:00,costo operativo,leña,leña,1500.0
2028-04-03 12:00:00,costo operativo,agua,agua,700.0
2028-04-03 12:00:00,costo operativo,luz,luz,520.0
2028-04-03 12:00:00,costo operativo,gas,gas,10000.0
2028-04-03 20:00:00,costo operativo,pago extra ayudante (diario),pago extra ayudante (diario),25000.0
2028-04-04 12:00:00,ingreso operativo,Reservas (sim),Ingreso simulado por reserva,150000.0
2028-04-04 12:00:00,costo operativo,gas,gas,10000.0
2028-04-04 12:00:00,costo operativo,luz,luz,520.0
2028-04-04 12:00:00,costo operativo,leña,leña,1500.0
2028-04-04 12:00:00,costo operativo,agua,agua,700.0
2028-04-04 20:00:00,costo operativo,pago extra ayudante (diario),pago extra ayudante (diario),25000.0
2028-04-05 12:00:00,costo operativo,leña,leña,1500.0
2028-04-05 12:00:00,ingreso operativo,Reservas (sim),Ingreso simulado por reserva,150000.0
2028-04-05 12:00:00,costo operativo,agua,agua,700.0
2028-04-05 12:00:00,costo operativo,luz,luz,520.0
2028-04-05 12:00:00,costo operativo,gas,gas,10000.0
2028-04-05 20:00:00,costo operativo,pago extra ayudante (diario),pago extra ayudante (diario),25000.0
2028-04-06 12:00:00,costo operativo,luz,luz,520.0
2028-04-06 12:00:00,costo operativo,gas,gas,10000.0
2028-04-06 12:00:00,costo operativo,leña,leña,1500.0
2028-04-06 12:00:00,ingreso operativo,Reservas (sim),Ingreso simulado por reserva,150000.0
2028-04-06 12:00:00,costo operativo,agua,agua,700.0
2028-04-06 12:10:00,costo operativo,gas,gas,10000.0
2028-04-06 12:10:00,ingreso operativo,Reservas (sim),Ingreso simulado por reserva,150000.0
2028-04-06 12:10:00,costo operativo,agua,agua,700.0
2028-04-06 12:10:00,costo operativo,leña,leña,1500.0
2028-04-06 12:10:00,costo operativo,luz,luz,520.0
2028-04-06 20:00:00,costo operativo,pago extra ayudante (diario),pago extra ayudante (diario),45000.0
2028-04-07 12:00:00,costo operativo,agua,agua,700.0
2028-04-07 12:00:00,costo operativo,luz,luz,520.0
2028-04-07 12:00:00,costo operativo,gas,gas,10000.0
2028-04-07 12:00:00,costo operativo,leña,leña,1500.0
2028-04-07 12:00:00,ingreso operativo,Reservas (sim),Ingreso simulado por reserva,150000.0
2028-04-07 20:00:00,costo operativo,pago extra ayudante (diario),pago extra ayudante (diario),25000.0
2028-04-08 12:00:00,ingreso operativo,Reservas (sim),Ingreso simulado por reserva,150000.0
2028-04-08 12:00:00,costo operativo,leña,leña,1500.0
2028-04-08 12:00:00,costo operativo,agua,agua,700.0
2028-04-08 12:00:00,costo operativo,luz,luz,520.0
2028-04-08 12:00:00,costo operativo,gas,gas,10000.0
2028-04-08 20:00:00,costo operativo,pago extra ayudante (diario),pago extra ayudante (diario),25000.0
2028-04-09 12:00:00,ingreso operativo,Reservas (sim),Ingreso simulado por reserva,150000.0
2028-04-09 12:00:00,costo operativo,leña,leña,1500.0
2028-04-09 12:00:00,costo operativo,agua,agua,700.0
2028-04-09 12:00:00,costo operativo,luz,luz,520.0
2028-04-09 12:00:00,costo operativo,gas,gas,10000.0
2028-04-09 12:10:00,ingreso operativo,Reservas (sim),Ingreso simulado por reserva,150000.0
2028-04-09 12:10:00,costo operativo,luz,luz,520.0
2028-04-09 12:10:00,costo operativo,agua,agua,700.0
2028-04-09 12:10:00,costo operativo,gas,gas,10000.0
2028-04-09 12:10:00,costo operativo,leña,leña,1500.0
2028-04-09 12:20:00,costo operativo,leña,leña,1500.0
2028-04-09 12:20:00,costo operativo,agua,agua,700.0
2028-04-09 12:20:00,costo operativo,luz,luz,520.0
2028-04-09 12:20:00,costo operativo,gas,gas,10000.0
2028-04-09 12:20:00,ingreso operativo,Reservas (sim),Ingreso simulado por reserva,150000.0
2028-04-09 12:30:00,costo operativo,gas,gas,10000.0
2028-04-09 12:30:00,costo operativo,leña,leña,1500.0
2028-04-09 12:30:00,costo operativo,agua,agua,700.0
2028-04-09 12:30:00,costo operativo,luz,luz,520.0
2028-04-09 12:30:00,ingreso operativo,Reservas (sim),Ingreso simulado por reserva,150000.0
2028-04-09 20:00:00,costo operativo,pago extra ayudante (diario),pago extra ayudante (diario),70000.0
2028-04-12 12:00:00,costo operativo,leña,leña,1500.0
2028-04-12 12:00:00,ingreso operativo,Reservas (sim),Ingreso simulado por reserva,150000.0
2028-04-12 12:00:00,costo operativo,agua,agua,700.0
2028-04-12 12:00:00,costo operativo,gas,gas,10000.0
2028-04-12 12:00:00,costo operativo,luz,luz,520.0
2028-04-12 12:10:00,costo operativo,leña,leña,1500.0
2028-04-12 12:10:00,ingreso operativo,Reservas (sim),Ingreso simulado por reserva,150000.0
2028-04-12 12:10:00,costo operativo,agua,agua,700.0
2028-04-12 12:10:00,costo operativo,luz,luz,520.0
2028-04-12 12:10:00,costo operativo,gas,gas,10000.0
2028-04-12 20:00:00,costo operativo,pago extra ayudante (diario),pago extra ayudante (diario),45000.0
2028-04-13 12:00:00,costo operativo,leña,leña,1500.0
2028-04-13 12:00:00,costo operativo,agua,agua,700.0
2028-04-13 12:00:00,costo operativo,luz,luz,520.0
2028-04-13 12:00:00,costo operativo,gas,gas,10000.0
2028-04-13 12:00:00,ingreso operativo,Reservas (sim),Ingreso simulado por reserva,150000.0
2028-04-13 20:00:00,costo operativo,pago extra ayudante (diario),pago extra ayudante (diario),25000.0
2028-04-15 12:00:00,costo operativo,leña,leña,1500.0
2028-04-15 12:00:00,costo operativo,agua,agua,700.0
2028-04-15 12:00:00,ingreso operativo,Reservas (sim),Ingreso simulado por reserva,150000.0
2028-04-15 12:00:00,costo operativo,luz,luz,520.0
2028-04-15 12:00:00,costo operativo,gas,gas,10000.0
2028-04-15 20:00:00,costo operativo,pago extra ayudante (diario),pago extra ayudante (diario),25000.0
2028-04-20 12:00:00,ingreso operativo,Reservas (sim),Ingreso simulado por reserva,150000.0
2028-04-20 12:00:00,costo operativo,gas,gas,10000.0
2028-04-20 12:00:00,costo operativo,luz,luz,520.0
2028-04-20 12:00:00,costo operativo,agua,agua,700.0
2028-04-20 12:00:00,costo operativo,leña,leña,1500.0
2028-04-20 20:00:00,costo operativo,pago extra ayudante (diario),pago extra ayudante (diario),25000.0
2028-04-22 12:00:00,costo operativo,leña,leña,1500.0
2028-04-22 12:00:00,ingreso operativo,Reservas (sim),Ingreso simulado por reserva,150000.0
2028-04-22 12:00:00,costo operativo,agua,agua,700.0
2028-04-22 12:00:00,costo operativo,luz,luz,520.0
2028-04-22 12:00:00,costo operativo,gas,gas,10000.0
2028-04-22 20:00:00,costo operativo,pago extra ayudante (diario),pago extra ayudante (diario),25000.0
2028-04-26 12:00:00,ingreso operativo,Reservas (sim),Ingreso simulado por reserva,150000.0
2028-04-26 12:00:00,costo operativo,leña,leña,1500.0
2028-04-26 12:00:00,costo operativo,agua,agua,700.0
2028-04-26 12:00:00,costo operativo,luz,luz,520.0
2028-04-26 12:00:00,costo operativo,gas,gas,10000.0
2028-04-26 20:00:00,costo operativo,pago extra ayudante (diario),pago extra ayudante (diario),25000.0
2028-04-27 12:00:00,costo operativo,gas,gas,10000.0
2028-04-27 12:00:00,costo operativo,agua,agua,700.0
2028-04-27 12:00:00,costo operativo,luz,luz,520.0
2028-04-27 12:00:00,costo operativo,leña,leña,1500.0
2028-04-27 12:00:00,ingreso operativo,Reservas (sim),Ingreso simulado por reserva,150000.0
2028-04-27 20:00:00,costo operativo,pago extra ayudante (diario),pago extra ayudante (diario),25000.0
2028-04-29 12:00:00,costo operativo,gas,gas,10000.0
2028-04-29 12:00:00,ingreso operativo,Reservas (sim),Ingreso simulado por reserva,150000.0
2028-04-29 12:00:00,costo operativo,agua,agua,700.0
2028-04-29 12:00:00,costo operativo,leña,leña,1500.0
2028-04-29 12:00:00,costo operativo,luz,luz,520.0
2028-04-29 12:10:00,costo operativo,luz,luz,520.0
2028-04-29 12:10:00,ingreso operativo,Reservas (sim),Ingreso simulado por reserva,150000.0
2028-04-29 12:10:00,costo operativo,leña,leña,1500.0
2028-04-29 12:10:00,costo operativo,agua,agua,700.0
2028-04-29 12:10:00,costo operativo,gas,gas,10000.0
2028-04-29 20:00:00,costo operativo,pago extra ayudante (diario),pago extra ayudante (diario),45000.0
2028-04-30 12:00:00,costo operativo,gas,gas,10000.0
2028-04-30 12:00:00,costo operativo,luz,luz,520.0
2028-04-30 12:00:00,costo operativo,agua,agua,700.0
2028-04-30 12:00:00,costo operativo,leña,leña,1500.0
2028-04-30 12:00:00,ingreso operativo,Reservas (sim),Ingreso simulado por reserva,150000.0
2028-04-30 18:00:00,Costos de Marketing,Simulación,Gasto marketing mensual simulado,300000.0
2028-04-30 18:00:00,costos fijos,Simulación,Costo fijo mensual simulado,700000.0
2028-04-30 20:00:00,costo operativo,pago extra ayudante (diario),pago extra ayudante (diario),25000.0
2028-05-01 12:00:00,costo operativo,leña,leña,1500.0
2028-05-01 12:00:00,costo operativo,luz,luz,520.0
2028-05-01 12:00:00,ingreso operativo,Reservas (sim),Ingreso simulado por reserva,150000.0
2028-05-01 12:00:00,costo operativo,agua,agua,700.0
2028-05-01 12:00:00,costo operativo,gas,gas,10000.0
2028-05-01 20:00:00,costo operativo,pago extra ayudante (diario),pago extra ayudante (diario),25000.0
2028-05-03 12:00:00,costo operativo,leña,leña,1500.0
2028-05-03 12:00:00,ingreso operativo,Reservas (sim),Ingreso simulado por reserva,150000.0
2028-05-03 12:00:00,costo operativo,agua,agua,700.0
2028-05-03 12:00:00,costo operativo,luz,luz,520.0
2028-05-03 12:00:00,costo operativo,gas,gas,10000.0
2028-05-03 20:00:00,costo operativo,pago extra ayudante (diario),pago extra ayudante (diario),25000.0
2028-05-04 12:00:00,costo operativo,luz,luz,520.0
2028-05-04 12:00:00,ingreso operativo,Reservas (sim),Ingreso simulado por reserva,150000.0
2028-05-04 12:00:00,costo operativo,agua,agua,700.0
2028-05-04 12:00:00,costo operativo,leña,leña,1500.0
2028-05-04 12:00:00,costo operativo,gas,gas,10000.0
2028-05-04 12:10:00,costo operativo,luz,luz,520.0
2028-05-04 12:10:00,costo operativo,gas,gas,10000.0
2028-05-04 12:10:00,ingreso operativo,Reservas (sim),Ingreso simulado por reserva,150000.0
2028-05-04 12:10:00,costo operativo,leña,leña,1500.0
2028-05-04 12:10:00,costo operativo,agua,agua,700.0
2028-05-04 20:00:00,costo operativo,pago extra ayudante (diario),pago extra ayudante (diario),45000.0
2028-05-05 12:00:00,ingreso operativo,Reservas (sim),Ingreso simulado por reserva,150000.0
2028-05-05 12:00:00,costo operativo,luz,luz,520.0
2028-05-05 12:00:00,costo operativo,leña,leña,1500.0
2028-05-05 12:00:00,costo operativo,gas,gas,10000.0
2028-05-05 12:00:00,costo operativo,agua,agua,700.0
2028-05-05 20:00:00,costo operativo,pago extra ayudante (diario),pago extra ayudante (diario),25000.0
2028-05-06 12:00:00,costo operativo,leña,leña,1500.0
2028-05-06 12:00:00,costo operativo,luz,luz,520.0
2028-05-06 12:00:00,ingreso operativo,Reservas (sim),Ingreso simulado por reserva,150000.0
2028-05-06 12:00:00,costo operativo,agua,agua,700.0
2028-05-06 12:00:00,costo operativo,gas,gas,10000.0
2028-05-06 12:10:00,costo operativo,gas,gas,10000.0
2028-05-06 12:10:00,ingreso operativo,Reservas (sim),Ingreso simulado por reserva,150000.0
2028-05-06 12:10:00,costo operativo,luz,luz,520.0
2028-05-06 12:10:00,costo operativo,agua,agua,700.0
2028-05-06 12:10:00,costo operativo,leña,leña,1500.0
2028-05-06 12:20:00,ingreso operativo,Reservas (sim),Ingreso simulado por reserva,150000.0
2028-05-06 12:20:00,costo operativo,luz,luz,520.0
2028-05-06 12:20:00,costo operativo,gas,gas,10000.0
2028-05-06 12:20:00,costo operativo,agua,agua,700.0
2028-05-06 12:20:00,costo operativo,leña,leña,1500.0
2028-05-06 12:30:00,ingreso operativo,Reservas (sim),Ingreso simulado por reserva,150000.0
2028-05-06 12:30:00,costo operativo,gas,gas,10000.0
2028-05-06 12:30:00,costo operativo,agua,agua,700.0
2028-05-06 12:30:00,costo operativo,leña,leña,1500.0
2028-05-06 12:30:00,costo operativo,luz,luz,520.0
2028-05-06 20:00:00,costo operativo,pago extra ayudante (diario),pago extra ayudante (diario),70000.0
2028-05-07 12:00:00,ingreso operativo,Reservas (sim),Ingreso simulado por reserva,150000.0
2028-05-07 12:00:00,costo operativo,agua,agua,700.0
2028-05-07 12:00:00,costo operativo,leña,leña,1500.0
2028-05-07 12:00:00,costo operativo,luz,luz,520.0
2028-05-07 12:00:00,costo operativo,gas,gas,10000.0
2028-05-07 12:10:00,costo operativo,luz,luz,520.0
2028-05-07 12:10:00,costo operativo,agua,agua,700.0
2028-05-07 12:10:00,ingreso operativo,Reservas (sim),Ingreso simulado por reserva,150000.0
2028-05-07 12:10:00,costo operativo,gas,gas,10000.0
2028-05-07 12:10:00,costo operativo,leña,leña,1500.0
2028-05-07 12:20:00,costo operativo,agua,agua,700.0
2028-05-07 12:20:00,ingreso operativo,Reservas (sim),Ingreso simulado por reserva,150000.0
2028-05-07 12:20:00,costo operativo,luz,luz,520.0
2028-05-07 12:20:00,costo operativo,gas,gas,10000.0
2028-05-07 12:20:00,costo operativo,leña,leña,1500.0
2028-05-07 12:30:00,costo operativo,gas,gas,10000.0
2028-05-07 12:30:00,ingreso operativo,Reservas (sim),Ingreso simulado por reserva,150000.0
2028-05-07 12:30:00,costo operativo,leña,leña,1500.0
2028-05-07 12:30:00,costo operativo,agua,agua,700.0
2028-05-07 12:30:00,costo operativo,luz,luz,520.0
2028-05-07 20:00:00,costo operativo,pago extra ayudante (diario),pago extra ayudante (diario),70000.0
2028-05-10 12:00:00,ingreso operativo,Reservas (sim),Ingreso simulado por reserva,150000.0
2028-05-10 12:00:00,costo operativo,leña,leña,1500.0
2028-05-10 12:00:00,costo operativo,agua,agua,700.0
2028-05-10 12:00:00,costo operativo,luz,luz,520.0
2028-05-10 12:00:00,costo operativo,gas,gas,10000.0
2028-05-10 12:10:00,costo operativo,leña,leña,1500.0
2028-05-10 12:10:00,costo operativo,agua,agua,700.0
2028-05-10 12:10:00,costo operativo,luz,luz,520.0
2028-05-10 12:10:00,costo operativo,gas,gas,10000.0
2028-05-10 12:10:00,ingreso operativo,Reservas (sim),Ingreso simulado por reserva,150000.0
2028-05-10 20:00:00,costo operativo,pago extra ayudante (diario),pago extra ayudante (diario),45000.0
2028-05-11 12:00:00,costo operativo,luz,luz,520.0
2028-05-11 12:00:00,costo operativo,gas,gas,10000.0
2028-05-11 12:00:00,costo operativo,leña,leña,1500.0
2028-05-11 12:00:00,ingreso operativo,Reservas (sim),Ingreso simulado por reserva,150000.0
2028-05-11 12:00:00,costo operativo,agua,agua,700.0
2028-05-11 20:00:00,costo operativo,pago extra ayudante (diario),pago extra ayudante (diario),25000.0
2028-05-13 12:00:00,costo operativo,leña,leña,1500.0
2028-05-13 12:00:00,ingreso operativo,Reservas (sim),Ingreso simulado por reserva,150000.0
2028-05-13 12:00:00,costo operativo,gas,gas,10000.0
2028-05-13 12:00:00,costo operativo,luz,luz,520.0
2028-05-13 12:00:00,costo operativo,agua,agua,700.0
2028-05-13 20:00:00,costo operativo,pago extra ayudante (diario),pago extra ayudante (diario),25000.0
2028-05-14 12:00:00,costo operativo,leña,leña,1500.0
2028-05-14 12:00:00,costo operativo,luz,luz,520.0
2028-05-14 12:00:00,ingreso operativo,Reservas (sim),Ingreso simulado por reserva,150000.0
2028-05-14 12:00:00,costo operativo,agua,agua,700.0
2028-05-14 12:00:00,costo operativo,gas,gas,10000.0
2028-05-14 12:10:00,ingreso operativo,Reservas (sim),Ingreso simulado por reserva,150000.0
2028-05-14 12:10:00,costo operativo,leña,leña,1500.0
2028-05-14 12:10:00,costo operativo,gas,gas,10000.0
2028-05-14 12:10:00,costo operativo,luz,luz,520.0
2028-05-14 12:10:00,costo operativo,agua,agua,700.0
2028-05-14 12:20:00,costo operativo,gas,gas,10000.0
2028-05-14 12:20:00,costo operativo,luz,luz,520.0
2028-05-14 12:20:00,ingreso operativo,Reservas (sim),Ingreso simulado por reserva,150000.0
2028-05-14 12:20:00,costo operativo,agua,agua,700.0
2028-05-14 12:20:00,costo operativo,leña,leña,1500.0
2028-05-14 12:30:00,costo operativo,luz,luz,520.0
2028-05-14 12:30:00,costo operativo,leña,leña,1500.0
2028-05-14 12:30:00,costo operativo,gas,gas,10000.0
2028-05-14 12:30:00,costo operativo,agua,agua,700.0
2028-05-14 12:30:00,ingreso operativo,Reservas (sim),Ingreso simulado por reserva,150000.0
2028-05-14 12:40:00,costo operativo,leña,leña,1500.0
2028-05-14 12:40:00,costo operativo,luz,luz,520.0
2028-05-14 12:40:00,costo operativo,gas,gas,10000.0
2028-05-14 12:40:00,ingreso operativo,Reservas (sim),Ingreso simulado por reserva,150000.0
2028-05-14 12:40:00,costo operativo,agua,agua,700.0
2028-05-14 20:00:00,costo operativo,pago extra ayudante (diario),pago extra ayudante (diario),80000.0
2028-05-20 12:00:00,costo operativo,leña,leña,1500.0
2028-05-20 12:00:00,costo operativo,agua,agua,700.0
2028-05-20 12:00:00,costo operativo,luz,luz,520.0
2028-05-20 12:00:00,costo operativo,gas,gas,10000.0
2028-05-20 12:00:00,ingreso operativo,Reservas (sim),Ingreso simulado por reserva,150000.0
2028-05-20 20:00:00,costo operativo,pago extra ayudante (diario),pago extra ayudante (diario),25000.0
2028-05-24 12:00:00,costo operativo,leña,leña,1500.0
2028-05-24 12:00:00,ingreso operativo,Reservas (sim),Ingreso simulado por reserva,150000.0
2028-05-24 12:00:00,costo operativo,agua,agua,700.0
2028-05-24 12:00:00,costo operativo,luz,luz,520.0
2028-05-24 12:00:00,costo operativo,gas,gas,10000.0
2028-05-24 20:00:00,costo operativo,pago extra ayudante (diario),pago extra ayudante (diario),25000.0
2028-05-25 12:00:00,costo operativo,leña,leña,1500.0
2028-05-25 12:00:00,costo operativo,agua,agua,700.0
2028-05-25 12:00:00,costo operativo,luz,luz,520.0
2028-05-25 12:00:00,costo operativo,gas,gas,10000.0
2028-05-25 12:00:00,ingreso operativo,Reservas (sim),Ingreso simulado por reserva,150000.0
2028-05-25 20:00:00,costo operativo,pago extra ayudante (diario),pago extra ayudante (diario),25000.0
2028-05-27 12:00:00,ingreso operativo,Reservas (sim),Ingreso simulado por reserva,150000.0
2028-05-27 12:00:00,costo operativo,agua,agua,700.0
2028-05-27 12:00:00,costo operativo,luz,luz,520.0
2028-05-27 12:00:00,costo operativo,gas,gas,10000.0
2028-05-27 12:00:00,costo operativo,leña,leña,1500.0
2028-05-27 12:10:00,costo operativo,leña,leña,1500.0
2028-05-27 12:10:00,costo operativo,agua,agua,700.0
2028-05-27 12:10:00,costo operativo,luz,luz,520.0
2028-05-27 12:10:00,costo operativo,gas,gas,10000.0
2028-05-27 12:10:00,ingreso operativo,Reservas (sim),Ingreso simulado por reserva,150000.0
2028-05-27 20:00:00,costo operativo,pago extra ayudante (diario),pago extra ayudante (diario),45000.0
2028-05-29 12:00:00,costo operativo,luz,luz,520.0
2028-05-29 12:00:00,costo operativo,leña,leña,1500.0
2028-05-29 12:00:00,costo operativo,agua,agua,700.0
2028-05-29 12:00:00,costo operativo,gas,gas,10000.0
2028-05-29 12:00:00,ingreso operativo,Reservas (sim),Ingreso simulado por reserva,150000.0
2028-05-29 20:00:00,costo operativo,pago extra ayudante (diario),pago extra ayudante (diario),25000.0
2028-05-30 12:00:00,costo operativo,agua,agua,700.0
2028-05-30 12:00:00,costo operativo,leña,leña,1500.0
2028-05-30 12:00:00,costo operativo,gas,gas,10000.0
2028-05-30 12:00:00,costo operativo,luz,luz,520.0
2028-05-30 12:00:00,ingreso operativo,Reservas (sim),Ingreso simulado por reserva,150000.0
2028-05-30 20:00:00,costo operativo,pago extra ayudante (diario),pago extra ayudante (diario),25000.0
2028-05-31 18:00:00,costos fijos,Simulación,Costo fijo mensual simulado,700000.0
2028-05-31 18:00:00,Costos de Marketing,Simulación,Gasto marketing mensual simulado,300000.0
2028-06-01 12:00:00,costo operativo,leña,leña,1500.0
2028-06-01 12:00:00,costo operativo,luz,luz,520.0
2028-06-01 12:00:00,costo operativo,gas,gas,10000.0
2028-06-01 12:00:00,ingreso operativo,Reservas (sim),Ingreso simulado por reserva,150000.0
2028-06-01 12:00:00,costo operativo,agua,agua,700.0
2028-06-01 20:00:00,costo operativo,pago extra ayudante (diario),pago extra ayudante (diario),25000.0
2028-06-03 12:00:00,costo operativo,leña,leña,1500.0
2028-06-03 12:00:00,costo operativo,luz,luz,520.0
2028-06-03 12:00:00,costo operativo,gas,gas,10000.0
2028-06-03 12:00:00,ingreso operativo,Reservas (sim),Ingreso simulado por reserva,150000.0
2028-06-03 12:00:00,costo operativo,agua,agua,700.0
2028-06-03 12:10:00,costo operativo,luz,luz,520.0
2028-06-03 12:10:00,costo operativo,agua,agua,700.0
2028-06-03 12:10:00,ingreso operativo,Reservas (sim),Ingreso simulado por reserva,150000.0
2028-06-03 12:10:00,costo operativo,leña,leña,1500.0
2028-06-03 12:10:00,costo operativo,gas,gas,10000.0
2028-06-03 12:20:00,ingreso operativo,Reservas (sim),Ingreso simulado por reserva,150000.0
2028-06-03 12:20:00,costo operativo,gas,gas,10000.0
2028-06-03 12:20:00,costo operativo,luz,luz,520.0
2028-06-03 12:20:00,costo operativo,agua,agua,700.0
2028-06-03 12:20:00,costo operativo,leña,leña,1500.0
2028-06-03 20:00:00,costo operativo,pago extra ayudante (diario),pago extra ayudante (diario),60000.0
2028-06-04 12:00:00,costo operativo,leña,leña,1500.0
2028-06-04 12:00:00,costo operativo,gas,gas,10000.0
2028-06-04 12:00:00,costo operativo,luz,luz,520.0
2028-06-04 12:00:00,costo operativo,agua,agua,700.0
2028-06-04 12:00:00,ingreso operativo,Reservas (sim),Ingreso simulado por reserva,150000.0
2028-06-04 12:10:00,costo operativo,luz,luz,520.0
2028-06-04 12:10:00,costo operativo,agua,agua,700.0
2028-06-04 12:10:00,costo operativo,leña,leña,1500.0
2028-06-04 12:10:00,costo operativo,gas,gas,10000.0
2028-06-04 12:10:00,ingreso operativo,Reservas (sim),Ingreso simulado por reserva,150000.0
2028-06-04 12:20:00,costo operativo,leña,leña,1500.0
2028-06-04 12:20:00,ingreso operativo,Reservas (sim),Ingreso simulado por reserva,150000.0
2028-06-04 12:20:00,costo operativo,agua,agua,700.0
2028-06-04 12:20:00,costo operativo,luz,luz,520.0
2028-06-04 12:20:00,costo operativo,gas,gas,10000.0
2028-06-04 12:30:00,costo operativo,luz,luz,520.0
2028-06-04 12:30:00,costo operativo,agua,agua,700.0
2028-06-04 12:30:00,ingreso operativo,Reservas (sim),Ingreso simulado por reserva,150000.0
2028-06-04 12:30:00,costo operativo,leña,leña,1500.0
2028-06-04 12:30:00,costo operativo,gas,gas,10000.0
2028-06-04 20:00:00,costo operativo,pago extra ayudante (diario),pago extra ayudante (diario),70000.0
2028-06-06 12:00:00,ingreso operativo,Reservas (sim),Ingreso simulado por reserva,150000.0
2028-06-06 12:00:00,costo operativo,leña,leña,1500.0
2028-06-06 12:00:00,costo operativo,agua,agua,700.0
2028-06-06 12:00:00,costo operativo,luz,luz,520.0
2028-06-06 12:00:00,costo operativo,gas,gas,10000.0
2028-06-06 12:10:00,costo operativo,luz,luz,520.0
2028-06-06 12:10:00,costo operativo,leña,leña,1500.0
2028-06-06 12:10:00,costo operativo,agua,agua,700.0
2028-06-06 12:10:00,costo operativo,gas,gas,10000.0
2028-06-06 12:10:00,ingreso operativo,Reservas (sim),Ingreso simulado por reserva,150000.0
2028-06-06 20:00:00,costo operativo,pago extra ayudante (diario),pago extra ayudante (diario),45000.0
2028-06-07 12:00:00,costo operativo,luz,luz,520.0
2028-06-07 12:00:00,costo operativo,gas,gas,10000.0
2028-06-07 12:00:00,costo operativo,agua,agua,700.0
2028-06-07 12:00:00,costo operativo,leña,leña,1500.0
2028-06-07 12:00:00,ingreso operativo,Reservas (sim),Ingreso simulado por reserva,150000.0
2028-06-07 20:00:00,costo operativo,pago extra ayudante (diario),pago extra ayudante (diario),25000.0
2028-06-10 12:00:00,ingreso operativo,Reservas (sim),Ingreso simulado por reserva,150000.0
2028-06-10 12:00:00,costo operativo,agua,agua,700.0
2028-06-10 12:00:00,costo operativo,leña,leña,1500.0
2028-06-10 12:00:00,costo operativo,gas,gas,10000.0
2028-06-10 12:00:00,costo operativo,luz,luz,520.0
2028-06-10 20:00:00,costo operativo,pago extra ayudante (diario),pago extra ayudante (diario),25000.0
2028-06-11 12:00:00,costo operativo,luz,luz,520.0
2028-06-11 12:00:00,ingreso operativo,Reservas (sim),Ingreso simulado por reserva,150000.0
2028-06-11 12:00:00,costo operativo,leña,leña,1500.0
2028-06-11 12:00:00,costo operativo,agua,agua,700.0
2028-06-11 12:00:00,costo operativo,gas,gas,10000.0
2028-06-11 12:10:00,costo operativo,leña,leña,1500.0
2028-06-11 12:10:00,costo operativo,agua,agua,700.0
2028-06-11 12:10:00,costo operativo,luz,luz,520.0
2028-06-11 12:10:00,costo operativo,gas,gas,10000.0
2028-06-11 12:10:00,ingreso operativo,Reservas (sim),Ingreso simulado por reserva,150000.0
2028-06-11 12:20:00,ingreso operativo,Reservas (sim),Ingreso simulado por reserva,150000.0
2028-06-11 12:20:00,costo operativo,gas,gas,10000.0
2028-06-11 12:20:00,costo operativo,agua,agua,700.0
2028-06-11 12:20:00,costo operativo,leña,leña,1500.0
2028-06-11 12:20:00,costo operativo,luz,luz,520.0
2028-06-11 20:00:00,costo operativo,pago extra ayudante (diario),pago extra ayudante (diario),60000.0
2028-06-12 12:00:00,ingreso operativo,Reservas (sim),Ingreso simulado por reserva,150000.0
2028-06-12 12:00:00,costo operativo,leña,leña,1500.0
2028-06-12 12:00:00,costo operativo,agua,agua,700.0
2028-06-12 12:00:00,costo operativo,gas,gas,10000.0
2028-06-12 12:00:00,costo operativo,luz,luz,520.0
2028-06-12 12:10:00,ingreso operativo,Reservas (sim),Ingreso simulado por reserva,150000.0
2028-06-12 12:10:00,costo operativo,agua,agua,700.0
2028-06-12 12:10:00,costo operativo,luz,luz,520.0
2028-06-12 12:10:00,costo operativo,gas,gas,10000.0
2028-06-12 12:10:00,costo operativo,leña,leña,1500.0
2028-06-12 20:00:00,costo operativo,pago extra ayudante (diario),pago extra ayudante (diario),45000.0
2028-06-13 12:00:00,costo operativo,leña,leña,1500.0
2028-06-13 12:00:00,costo operativo,luz,luz,520.0
2028-06-13 12:00:00,costo operativo,gas,gas,10000.0
2028-06-13 12:00:00,ingreso operativo,Reservas (sim),Ingreso simulado por reserva,150000.0
2028-06-13 12:00:00,costo operativo,agua,agua,700.0
2028-06-13 20:00:00,costo operativo,pago extra ayudante (diario),pago extra ayudante (diario),25000.0
2028-06-17 12:00:00,costo operativo,gas,gas,10000.0
2028-06-17 12:00:00,costo operativo,luz,luz,520.0
2028-06-17 12:00:00,costo operativo,agua,agua,700.0
2028-06-17 12:00:00,costo operativo,leña,leña,1500.0
2028-06-17 12:00:00,ingreso operativo,Reservas (sim),Ingreso simulado por reserva,150000.0
2028-06-17 20:00:00,costo operativo,pago extra ayudante (diario),pago extra ayudante (diario),25000.0
2028-06-24 12:00:00,ingreso operativo,Reservas (sim),Ingreso simulado por reserva,150000.0
2028-06-24 12:00:00,costo operativo,gas,gas,10000.0
2028-06-24 12:00:00,costo operativo,luz,luz,520.0
2028-06-24 12:00:00,costo operativo,agua,agua,700.0
2028-06-24 12:00:00,costo operativo,leña,leña,1500.0
2028-06-24 20:00:00,costo operativo,pago extra ayudante (diario),pago extra ayudante (diario),25000.0
2028-06-29 12:00:00,costo operativo,agua,agua,700.0
2028-06-29 12:00:00,costo operativo,leña,leña,1500.0
2028-06-29 12:00:00,costo operativo,gas,gas,10000.0
2028-06-29 12:00:00,costo operativo,luz,luz,520.0
2028-06-29 12:00:00,ingreso operativo,Reservas (sim),Ingreso simulado por reserva,150000.0
2028-06-29 20:00:00,costo operativo,pago extra ayudante (diario),pago extra ayudante (diario),25000.0
2028-06-30 12:00:00,costo operativo,gas,gas,10000.0
2028-06-30 12:00:00,costo operativo,luz,luz,520.0
2028-06-30 12:00:00,costo operativo,agua,agua,700.0
2028-06-30 12:00:00,ingreso operativo,Reservas (sim),Ingreso simulado por reserva,150000.0
2028-06-30 12:00:00,costo operativo,leña,leña,1500.0
2028-06-30 18:00:00,Costos de Marketing,Simulación,Gasto marketing mensual simulado,300000.0
2028-06-30 18:00:00,costos fijos,Simulación,Costo fijo mensual simulado,700000.0
2028-06-30 20:00:00,costo operativo,pago extra ayudante (diario),pago extra ayudante (diario),25000.0
2028-07-01 12:00:00,costo operativo,agua,agua,700.0
2028-07-01 12:00:00,costo operativo,luz,luz,520.0
2028-07-01 12:00:00,costo operativo,leña,leña,1500.0
2028-07-01 12:00:00,costo operativo,gas,gas,10000.0
2028-07-01 12:00:00,ingreso operativo,Reservas (sim),Ingreso simulado por reserva,150000.0
2028-07-01 12:10:00,costo operativo,agua,agua,700.0
2028-07-01 12:10:00,costo operativo,leña,leña,1500.0
2028-07-01 12:10:00,costo operativo,gas,gas,10000.0
2028-07-01 12:10:00,costo operativo,luz,luz,520.0
2028-07-01 12:10:00,ingreso operativo,Reservas (sim),Ingreso simulado por reserva,150000.0
2028-07-01 12:20:00,ingreso operativo,Reservas (sim),Ingreso simulado por reserva,150000.0
2028-07-01 12:20:00,costo operativo,gas,gas,10000.0
2028-07-01 12:20:00,costo operativo,luz,luz,520.0
2028-07-01 12:20:00,costo operativo,leña,leña,1500.0
2028-07-01 12:20:00,costo operativo,agua,agua,700.0
2028-07-01 12:30:00,ingreso operativo,Reservas (sim),Ingreso simulado por reserva,150000.0
2028-07-01 12:30:00,costo operativo,gas,gas,10000.0
2028-07-01 12:30:00,costo operativo,luz,luz,520.0
2028-07-01 12:30:00,costo operativo,agua,agua,700.0
2028-07-01 12:30:00,costo operativo,leña,leña,1500.0
2028-07-01 12:40:00,costo operativo,gas,gas,10000.0
2028-07-01 12:40:00,costo operativo,luz,luz,520.0
2028-07-01 12:40:00,costo operativo,agua,agua,700.0
2028-07-01 12:40:00,costo operativo,leña,leña,1500.0
2028-07-01 12:40:00,ingreso operativo,Reservas (sim),Ingreso simulado por reserva,150000.0
2028-07-01 20:00:00,costo operativo,pago extra ayudante (diario),pago extra ayudante (diario),80000.0
2028-07-02 12:00:00,costo operativo,luz,luz,520.0
2028-07-02 12:00:00,ingreso operativo,Reservas (sim),Ingreso simulado por reserva,150000.0
2028-07-02 12:00:00,costo operativo,leña,leña,1500.0
2028-07-02 12:00:00,costo operativo,agua,agua,700.0
2028-07-02 12:00:00,costo operativo,gas,gas,10000.0
2028-07-02 12:10:00,costo operativo,gas,gas,10000.0
2028-07-02 12:10:00,costo operativo,luz,luz,520.0
2028-07-02 12:10:00,ingreso operativo,Reservas (sim),Ingreso simulado por reserva,150000.0
2028-07-02 12:10:00,costo operativo,agua,agua,700.0
2028-07-02 12:10:00,costo operativo,leña,leña,1500.0
2028-07-02 12:20:00,costo operativo,gas,gas,10000.0
2028-07-02 12:20:00,costo operativo,luz,luz,520.0
2028-07-02 12:20:00,costo operativo,leña,leña,1500.0
2028-07-02 12:20:00,costo operativo,agua,agua,700.0
2028-07-02 12:20:00,ingreso operativo,Reservas (sim),Ingreso simulado por reserva,150000.0
2028-07-02 12:30:00,ingreso operativo,Reservas (sim),Ingreso simulado por reserva,150000.0
2028-07-02 12:30:00,costo operativo,gas,gas,10000.0
2028-07-02 12:30:00,costo operativo,luz,luz,520.0
2028-07-02 12:30:00,costo operativo,leña,leña,1500.0
2028-07-02 12:30:00,costo operativo,agua,agua,700.0
2028-07-02 20:00:00,costo operativo,pago extra ayudante (diario),pago extra ayudante (diario),70000.0
2028-07-03 12:00:00,costo operativo,luz,luz,520.0
2028-07-03 12:00:00,costo operativo,gas,gas,10000.0
2028-07-03 12:00:00,ingreso operativo,Reservas (sim),Ingreso simulado por reserva,150000.0
2028-07-03 12:00:00,costo operativo,agua,agua,700.0
2028-07-03 12:00:00,costo operativo,leña,leña,1500.0
2028-07-03 12:10:00,costo operativo,gas,gas,10000.0
2028-07-03 12:10:00,costo operativo,luz,luz,520.0
2028-07-03 12:10:00,costo operativo,agua,agua,700.0
2028-07-03 12:10:00,costo operativo,leña,leña,1500.0
2028-07-03 12:10:00,ingreso operativo,Reservas (sim),Ingreso simulado por reserva,150000.0
2028-07-03 12:20:00,costo operativo,gas,gas,10000.0
2028-07-03 12:20:00,costo operativo,luz,luz,520.0
2028-07-03 12:20:00,costo operativo,agua,agua,700.0
2028-07-03 12:20:00,costo operativo,leña,leña,1500.0
2028-07-03 12:20:00,ingreso operativo,Reservas (sim),Ingreso simulado por reserva,150000.0
2028-07-03 20:00:00,costo operativo,pago extra ayudante (diario),pago extra ayudante (diario),60000.0
2028-07-04 12:00:00,costo operativo,agua,agua,700.0
2028-07-04 12:00:00,costo operativo,luz,luz,520.0
2028-07-04 12:00:00,costo operativo,gas,gas,10000.0
2028-07-04 12:00:00,ingreso operativo,Reservas (sim),Ingreso simulado por reserva,150000.0
2028-07-04 12:00:00,costo operativo,leña,leña,1500.0
2028-07-04 20:00:00,costo operativo,pago extra ayudante (diario),pago extra ayudante (diario),25000.0
2028-07-05 12:00:00,costo operativo,leña,leña,1500.0
2028-07-05 12:00:00,costo operativo,agua,agua,700.0
2028-07-05 12:00:00,costo operativo,luz,luz,520.0
2028-07-05 12:00:00,costo operativo,gas,gas,10000.0
2028-07-05 12:00:00,ingreso operativo,Reservas (sim),Ingreso simulado por reserva,150000.0
2028-07-05 12:10:00,costo operativo,luz,luz,520.0
2028-07-05 12:10:00,costo operativo,leña,leña,1500.0
2028-07-05 12:10:00,costo operativo,agua,agua,700.0
2028-07-05 12:10:00,costo operativo,gas,gas,10000.0
2028-07-05 12:10:00,ingreso operativo,Reservas (sim),Ingreso simulado por reserva,150000.0
2028-07-05 20:00:00,costo operativo,pago extra ayudante (diario),pago extra ayudante (diario),45000.0
2028-07-06 12:00:00,costo operativo,gas,gas,10000.0
2028-07-06 12:00:00,costo operativo,agua,agua,700.0
2028-07-06 12:00:00,costo operativo,leña,leña,1500.0
2028-07-06 12:00:00,ingreso operativo,Reservas (sim),Ingreso simulado por reserva,150000.0
2028-07-06 12:00:00,costo operativo,luz,luz,520.0
2028-07-06 12:10:00,ingreso operativo,Reservas (sim),Ingreso simulado por reserva,150000.0
2028-07-06 12:10:00,costo operativo,gas,gas,10000.0
2028-07-06 12:10:00,costo operativo,luz,luz,520.0
2028-07-06 12:10:00,costo operativo,agua,agua,700.0
2028-07-06 12:10:00,costo operativo,leña,leña,1500.0
2028-07-06 20:00:00,costo operativo,pago extra ayudante (diario),pago extra ayudante (diario),45000.0
2028-07-07 12:00:00,ingreso operativo,Reservas (sim),Ingreso simulado por reserva,150000.0
2028-07-07 12:00:00,costo operativo,agua,agua,700.0
2028-07-07 12:00:00,costo operativo,leña,leña,1500.0
2028-07-07 12:00:00,costo operativo,luz,luz,520.0
2028-07-07 12:00:00,costo operativo,gas,gas,10000.0
2028-07-07 20:00:00,costo operativo,pago extra ayudante (diario),pago extra ayudante (diario),25000.0
2028-07-08 12:00:00,costo operativo,leña,leña,1500.0
2028-07-08 12:00:00,ingreso operativo,Reservas (sim),Ingreso simulado por reserva,150000.0
2028-07-08 12:00:00,costo operativo,gas,gas,10000.0
2028-07-08 12:00:00,costo operativo,luz,luz,520.0
2028-07-08 12:00:00,costo operativo,agua,agua,700.0
2028-07-08 12:10:00,costo operativo,luz,luz,520.0
2028-07-08 12:10:00,costo operativo,agua,agua,700.0
2028-07-08 12:10:00,costo operativo,leña,leña,1500.0
2028-07-08 12:10:00,costo operativo,gas,gas,10000.0
2028-07-08 12:10:00,ingreso operativo,Reservas (sim),Ingreso simulado por reserva,150000.0
2028-07-08 12:20:00,ingreso operativo,Reservas (sim),Ingreso simulado por reserva,150000.0
2028-07-08 12:20:00,costo operativo,leña,leña,1500.0
2028-07-08 12:20:00,costo operativo,agua,agua,700.0
2028-07-08 12:20:00,costo operativo,luz,luz,520.0
2028-07-08 12:20:00,costo operativo,gas,gas,10000.0
2028-07-08 20:00:00,costo operativo,pago extra ayudante (diario),pago extra ayudante (diario),60000.0
2028-07-09 12:00:00,costo operativo,leña,leña,1500.0
2028-07-09 12:00:00,costo operativo,agua,agua,700.0
2028-07-09 12:00:00,costo operativo,luz,luz,520.0
2028-07-09 12:00:00,costo operativo,gas,gas,10000.0
2028-07-09 12:00:00,ingreso operativo,Reservas (sim),Ingreso simulado por reserva,150000.0
2028-07-09 12:10:00,ingreso operativo,Reservas (sim),Ingreso simulado por reserva,150000.0
2028-07-09 12:10:00,costo operativo,leña,leña,1500.0
2028-07-09 12:10:00,costo operativo,agua,agua,700.0
2028-07-09 12:10:00,costo operativo,luz,luz,520.0
2028-07-09 12:10:00,costo operativo,gas,gas,10000.0
2028-07-09 12:20:00,ingreso operativo,Reservas (sim),Ingreso simulado por reserva,150000.0
2028-07-09 12:20:00,costo operativo,leña,leña,1500.0
2028-07-09 12:20:00,costo operativo,agua,agua,700.0
2028-07-09 12:20:00,costo operativo,luz,luz,520.0
2028-07-09 12:20:00,costo operativo,gas,gas,10000.0
2028-07-09 12:30:00,ingreso operativo,Reservas (sim),Ingreso simulado por reserva,150000.0
2028-07-09 12:30:00,costo operativo,gas,gas,10000.0
2028-07-09 12:30:00,costo operativo,luz,luz,520.0
2028-07-09 12:30:00,costo operativo,leña,leña,1500.0
2028-07-09 12:30:00,costo operativo,agua,agua,700.0
2028-07-09 12:40:00,costo operativo,leña,leña,1500.0
2028-07-09 12:40:00,costo operativo,agua,agua,700.0
2028-07-09 12:40:00,costo operativo,luz,luz,520.0
2028-07-09 12:40:00,costo operativo,gas,gas,10000.0
2028-07-09 12:40:00,ingreso operativo,Reservas (sim),Ingreso simulado por reserva,150000.0
2028-07-09 12:50:00,costo operativo,leña,leña,1500.0
2028-07-09 12:50:00,costo operativo,agua,agua,700.0
2028-07-09 12:50:00,costo operativo,luz,luz,520.0
2028-07-09 12:50:00,costo operativo,gas,gas,10000.0
2028-07-09 12:50:00,ingreso operativo,Reservas (sim),Ingreso simulado por reserva,150000.0
2028-07-09 20:00:00,costo operativo,pago extra ayudante (diario),pago extra ayudante (diario),90000.0
2028-07-11 12:00:00,costo operativo,leña,leña,1500.0
2028-07-11 12:00:00,costo operativo,gas,gas,10000.0
2028-07-11 12:00:00,costo operativo,agua,agua,700.0
2028-07-11 12:00:00,costo operativo,luz,luz,520.0
2028-07-11 12:00:00,ingreso operativo,Reservas (sim),Ingreso simulado por reserva,150000.0
2028-07-11 12:10:00,ingreso operativo,Reservas (sim),Ingreso simulado por reserva,150000.0
2028-07-11 12:10:00,costo operativo,leña,leña,1500.0
2028-07-11 12:10:00,costo operativo,agua,agua,700.0
2028-07-11 12:10:00,costo operativo,luz,luz,520.0
2028-07-11 12:10:00,costo operativo,gas,gas,10000.0
2028-07-11 20:00:00,costo operativo,pago extra ayudante (diario),pago extra ayudante (diario),45000.0
2028-07-12 12:00:00,costo operativo,leña,leña,1500.0
2028-07-12 12:00:00,costo operativo,agua,agua,700.0
2028-07-12 12:00:00,costo operativo,luz,luz,520.0
2028-07-12 12:00:00,costo operativo,gas,gas,10000.0
2028-07-12 12:00:00,ingreso operativo,Reservas (sim),Ingreso simulado por reserva,150000.0
2028-07-12 12:10:00,costo operativo,agua,agua,700.0
2028-07-12 12:10:00,ingreso operativo,Reservas (sim),Ingreso simulado por reserva,150000.0
2028-07-12 12:10:00,costo operativo,luz,luz,520.0
2028-07-12 12:10:00,costo operativo,gas,gas,10000.0
2028-07-12 12:10:00,costo operativo,leña,leña,1500.0
2028-07-12 12:20:00,costo operativo,luz,luz,520.0
2028-07-12 12:20:00,costo operativo,gas,gas,10000.0
2028-07-12 12:20:00,costo operativo,agua,agua,700.0
2028-07-12 12:20:00,ingreso operativo,Reservas (sim),Ingreso simulado por reserva,150000.0
2028-07-12 12:20:00,costo operativo,leña,leña,1500.0
2028-07-12 20:00:00,costo operativo,pago extra ayudante (diario),pago extra ayudante (diario),60000.0
2028-07-13 12:00:00,costo operativo,gas,gas,10000.0
2028-07-13 12:00:00,costo operativo,luz,luz,520.0
2028-07-13 12:00:00,costo operativo,agua,agua,700.0
2028-07-13 12:00:00,costo operativo,leña,leña,1500.0
2028-07-13 12:00:00,ingreso operativo,Reservas (sim),Ingreso simulado por reserva,150000.0
2028-07-13 20:00:00,costo operativo,pago extra ayudante (diario),pago extra ayudante (diario),25000.0
2028-07-15 12:00:00,ingreso operativo,Reservas (sim),Ingreso simulado por reserva,150000.0
2028-07-15 12:00:00,costo operativo,leña,leña,1500.0
2028-07-15 12:00:00,costo operativo,agua,agua,700.0
2028-07-15 12:00:00,costo operativo,luz,luz,520.0
2028-07-15 12:00:00,costo operativo,gas,gas,10000.0
2028-07-15 12:10:00,costo operativo,leña,leña,1500.0
2028-07-15 12:10:00,ingreso operativo,Reservas (sim),Ingreso simulado por reserva,150000.0
2028-07-15 12:10:00,costo operativo,agua,agua,700.0
2028-07-15 12:10:00,costo operativo,luz,luz,520.0
2028-07-15 12:10:00,costo operativo,gas,gas,10000.0
2028-07-15 12:20:00,costo operativo,gas,gas,10000.0
2028-07-15 12:20:00,ingreso operativo,Reservas (sim),Ingreso simulado por reserva,150000.0
2028-07-15 12:20:00,costo operativo,leña,leña,1500.0
2028-07-15 12:20:00,costo operativo,luz,luz,520.0
2028-07-15 12:20:00,costo operativo,agua,agua,700.0
2028-07-15 20:00:00,costo operativo,pago extra ayudante (diario),pago extra ayudante (diario),60000.0
2028-07-16 12:00:00,costo operativo,agua,agua,700.0
2028-07-16 12:00:00,costo operativo,luz,luz,520.0
2028-07-16 12:00:00,costo operativo,gas,gas,10000.0
2028-07-16 12:00:00,ingreso operativo,Reservas (sim),Ingreso simulado por reserva,150000.0
2028-07-16 12:00:00,costo operativo,leña,leña,1500.0
2028-07-16 20:00:00,costo operativo,pago extra ayudante (diario),pago extra ayudante (diario),25000.0
2028-07-20 12:00:00,costo operativo,gas,gas,10000.0
2028-07-20 12:00:00,costo operativo,agua,agua,700.0
2028-07-20 12:00:00,costo operativo,luz,luz,520.0
2028-07-20 12:00:00,costo operativo,leña,leña,1500.0
2028-07-20 12:00:00,ingreso operativo,Reservas (sim),Ingreso simulado por reserva,150000.0
2028-07-20 12:10:00,costo operativo,luz,luz,520.0
2028-07-20 12:10:00,costo operativo,agua,agua,700.0
2028-07-20 12:10:00,costo operativo,leña,leña,1500.0
2028-07-20 12:10:00,costo operativo,gas,gas,10000.0
2028-07-20 12:10:00,ingreso operativo,Reservas (sim),Ingreso simulado por reserva,150000.0
2028-07-20 20:00:00,costo operativo,pago extra ayudante (diario),pago extra ayudante (diario),45000.0
2028-07-22 12:00:00,costo operativo,leña,leña,1500.0
2028-07-22 12:00:00,costo operativo,agua,agua,700.0
2028-07-22 12:00:00,costo operativo,gas,gas,10000.0
2028-07-22 12:00:00,ingreso operativo,Reservas (sim),Ingreso simulado por reserva,150000.0
2028-07-22 12:00:00,costo operativo,luz,luz,520.0
2028-07-22 12:10:00,costo operativo,leña,leña,1500.0
2028-07-22 12:10:00,costo operativo,agua,agua,700.0
2028-07-22 12:10:00,costo operativo,luz,luz,520.0
2028-07-22 12:10:00,costo operativo,gas,gas,10000.0
2028-07-22 12:10:00,ingreso operativo,Reservas (sim),Ingreso simulado por reserva,150000.0
2028-07-22 12:20:00,ingreso operativo,Reservas (sim),Ingreso simulado por reserva,150000.0
2028-07-22 12:20:00,costo operativo,agua,agua,700.0
2028-07-22 12:20:00,costo operativo,leña,leña,1500.0
2028-07-22 12:20:00,costo operativo,luz,luz,520.0
2028-07-22 12:20:00,costo operativo,gas,gas,10000.0
2028-07-22 20:00:00,costo operativo,pago extra ayudante (diario),pago extra ayudante (diario),60000.0
2028-07-23 12:00:00,costo operativo,gas,gas,10000.0
2028-07-23 12:00:00,costo operativo,leña,leña,1500.0
2028-07-23 12:00:00,costo operativo,agua,agua,700.0
2028-07-23 12:00:00,costo operativo,luz,luz,520.0
2028-07-23 12:00:00,ingreso operativo,Reservas (sim),Ingreso simulado por reserva,150000.0
2028-07-23 20:00:00,costo operativo,pago extra ayudante (diario),pago extra ayudante (diario),25000.0
2028-07-25 12:00:00,costo operativo,agua,agua,700.0
2028-07-25 12:00:00,costo operativo,luz,luz,520.0
2028-07-25 12:00:00,costo operativo,gas,gas,10000.0
2028-07-25 12:00:00,costo operativo,leña,leña,1500.0
2028-07-25 12:00:00,ingreso operativo,Reservas (sim),Ingreso simulado por reserva,150000.0
2028-07-25 20:00:00,costo operativo,pago extra ayudante (diario),pago extra ayudante (diario),25000.0
2028-07-26 12:00:00,costo operativo,leña,leña,1500.0
2028-07-26 12:00:00,costo operativo,luz,luz,520.0
2028-07-26 12:00:00,ingreso operativo,Reservas (sim),Ingreso simulado por reserva,150000.0
2028-07-26 12:00:00,costo operativo,gas,gas,10000.0
2028-07-26 12:00:00,costo operativo,agua,agua,700.0
2028-07-26 12:10:00,costo operativo,leña,leña,1500.0
2028-07-26 12:10:00,costo operativo,gas,gas,10000.0
2028-07-26 12:10:00,costo operativo,luz,luz,520.0
2028-07-26 12:10:00,costo operativo,agua,agua,700.0
2028-07-26 12:10:00,ingreso operativo,Reservas (sim),Ingreso simulado por reserva,150000.0
2028-07-26 12:20:00,ingreso operativo,Reservas (sim),Ingreso simulado por reserva,150000.0
2028-07-26 12:20:00,costo operativo,leña,leña,1500.0
2028-07-26 12:20:00,costo operativo,agua,agua,700.0
2028-07-26 12:20:00,costo operativo,luz,luz,520.0
2028-07-26 12:20:00,costo operativo,gas,gas,10000.0
2028-07-26 20:00:00,costo operativo,pago extra ayudante (diario),pago extra ayudante (diario),60000.0
2028-07-27 12:00:00,costo operativo,gas,gas,10000.0
2028-07-27 12:00:00,costo operativo,luz,luz,520.0
2028-07-27 12:00:00,costo operativo,leña,leña,1500.0
2028-07-27 12:00:00,ingreso operativo,Reservas (sim),Ingreso simulado por reserva,150000.0
2028-07-27 12:00:00,costo operativo,agua,agua,700.0
2028-07-27 20:00:00,costo operativo,pago extra ayudante (diario),pago extra ayudante (diario),25000.0
2028-07-28 12:00:00,costo operativo,gas,gas,10000.0
2028-07-28 12:00:00,costo operativo,luz,luz,520.0
2028-07-28 12:00:00,costo operativo,agua,agua,700.0
2028-07-28 12:00:00,costo operativo,leña,leña,1500.0
2028-07-28 12:00:00,ingreso operativo,Reservas (sim),Ingreso simulado por reserva,150000.0
2028-07-28 20:00:00,costo operativo,pago extra ayudante (diario),pago extra ayudante (diario),25000.0
2028-07-29 12:00:00,costo operativo,agua,agua,700.0
2028-07-29 12:00:00,costo operativo,leña,leña,1500.0
2028-07-29 12:00:00,costo operativo,gas,gas,10000.0
2028-07-29 12:00:00,ingreso operativo,Reservas (sim),Ingreso simulado por reserva,150000.0
2028-07-29 12:00:00,costo operativo,luz,luz,520.0
2028-07-29 12:10:00,costo operativo,agua,agua,700.0
2028-07-29 12:10:00,ingreso operativo,Reservas (sim),Ingreso simulado por reserva,150000.0
2028-07-29 12:10:00,costo operativo,leña,leña,1500.0
2028-07-29 12:10:00,costo operativo,luz,luz,520.0
2028-07-29 12:10:00,costo operativo,gas,gas,10000.0
2028-07-29 12:20:00,costo operativo,agua,agua,700.0
2028-07-29 12:20:00,ingreso operativo,Reservas (sim),Ingreso simulado por reserva,150000.0
2028-07-29 12:20:00,costo operativo,leña,leña,1500.0
2028-07-29 12:20:00,costo operativo,luz,luz,520.0
2028-07-29 12:20:00,costo operativo,gas,gas,10000.0
2028-07-29 12:30:00,ingreso operativo,Reservas (sim),Ingreso simulado por reserva,150000.0
2028-07-29 12:30:00,costo operativo,leña,leña,1500.0
2028-07-29 12:30:00,costo operativo,agua,agua,700.0
2028-07-29 12:30:00,costo operativo,gas,gas,10000.0
2028-07-29 12:30:00,costo operativo,luz,luz,520.0
2028-07-29 20:00:00,costo operativo,pago extra ayudante (diario),pago extra ayudante (diario),70000.0
2028-07-30 12:00:00,costo operativo,gas,gas,10000.0
2028-07-30 12:00:00,costo operativo,luz,luz,520.0
2028-07-30 12:00:00,costo operativo,agua,agua,700.0
2028-07-30 12:00:00,costo operativo,leña,leña,1500.0
2028-07-30 12:00:00,ingreso operativo,Reservas (sim),Ingreso simulado por reserva,150000.0
2028-07-30 12:10:00,costo operativo,leña,leña,1500.0
2028-07-30 12:10:00,costo operativo,luz,luz,520.0
2028-07-30 12:10:00,costo operativo,gas,gas,10000.0
2028-07-30 12:10:00,ingreso operativo,Reservas (sim),Ingreso simulado por reserva,150000.0
2028-07-30 12:10:00,costo operativo,agua,agua,700.0
2028-07-30 12:20:00,costo operativo,agua,agua,700.0
2028-07-30 12:20:00,costo operativo,luz,luz,520.0
2028-07-30 12:20:00,costo operativo,gas,gas,10000.0
2028-07-30 12:20:00,ingreso operativo,Reservas (sim),Ingreso simulado por reserva,150000.0
2028-07-30 12:20:00,costo operativo,leña,leña,1500.0
2028-07-30 20:00:00,costo operativo,pago extra ayudante (diario),pago extra ayudante (diario),60000.0
2028-07-31 12:00:00,ingreso operativo,Reservas (sim),Ingreso simulado por reserva,150000.0
2028-07-31 12:00:00,costo operativo,leña,leña,1500.0
2028-07-31 12:00:00,costo operativo,luz,luz,520.0
2028-07-31 12:00:00,costo operativo,gas,gas,10000.0
2028-07-31 12:00:00,costo operativo,agua,agua,700.0
2028-07-31 12:10:00,costo operativo,leña,leña,1500.0
2028-07-31 12:10:00,costo operativo,agua,agua,700.0
2028-07-31 12:10:00,costo operativo,luz,luz,520.0
2028-07-31 12:10:00,costo operativo,gas,gas,10000.0
2028-07-31 12:10:00,ingreso operativo,Reservas (sim),Ingreso simulado por reserva,150000.0
2028-07-31 18:00:00,Costos de Marketing,Simulación,Gasto marketing mensual simulado,300000.0
2028-07-31 18:00:00,costos fijos,Simulación,Costo fijo mensual simulado,700000.0
2028-07-31 20:00:00,costo operativo,pago extra ayudante (diario),pago extra ayudante (diario),45000.0
2028-08-01 12:00:00,costo operativo,agua,agua,700.0
2028-08-01 12:00:00,costo operativo,luz,luz,520.0
2028-08-01 12:00:00,costo operativo,leña,leña,1500.0
2028-08-01 12:00:00,costo operativo,gas,gas,10000.0
2028-08-01 12:00:00,ingreso operativo,Reservas (sim),Ingreso simulado por reserva,150000.0
2028-08-01 20:00:00,costo operativo,pago extra ayudante (diario),pago extra ayudante (diario),25000.0
2028-08-04 12:00:00,costo operativo,agua,agua,700.0
2028-08-04 12:00:00,ingreso operativo,Reservas (sim),Ingreso simulado por reserva,150000.0
2028-08-04 12:00:00,costo operativo,leña,leña,1500.0
2028-08-04 12:00:00,costo operativo,luz,luz,520.0
2028-08-04 12:00:00,costo operativo,gas,gas,10000.0
2028-08-04 12:10:00,ingreso operativo,Reservas (sim),Ingreso simulado por reserva,150000.0
2028-08-04 12:10:00,costo operativo,leña,leña,1500.0
2028-08-04 12:10:00,costo operativo,gas,gas,10000.0
2028-08-04 12:10:00,costo operativo,luz,luz,520.0
2028-08-04 12:10:00,costo operativo,agua,agua,700.0
2028-08-04 20:00:00,costo operativo,pago extra ayudante (diario),pago extra ayudante (diario),45000.0
2028-08-05 12:00:00,costo operativo,agua,agua,700.0
2028-08-05 12:00:00,costo operativo,gas,gas,10000.0
2028-08-05 12:00:00,ingreso operativo,Reservas (sim),Ingreso simulado por reserva,150000.0
2028-08-05 12:00:00,costo operativo,luz,luz,520.0
2028-08-05 12:00:00,costo operativo,leña,leña,1500.0
2028-08-05 12:10:00,costo operativo,gas,gas,10000.0
2028-08-05 12:10:00,costo operativo,agua,agua,700.0
2028-08-05 12:10:00,costo operativo,luz,luz,520.0
2028-08-05 12:10:00,ingreso operativo,Reservas (sim),Ingreso simulado por reserva,150000.0
2028-08-05 12:10:00,costo operativo,leña,leña,1500.0
2028-08-05 12:20:00,costo operativo,leña,leña,1500.0
2028-08-05 12:20:00,costo operativo,agua,agua,700.0
2028-08-05 12:20:00,costo operativo,luz,luz,520.0
2028-08-05 12:20:00,costo operativo,gas,gas,10000.0
2028-08-05 12:20:00,ingreso operativo,Reservas (sim),Ingreso simulado por reserva,150000.0
2028-08-05 20:00:00,costo operativo,pago extra ayudante (diario),pago extra ayudante (diario),60000.0
2028-08-06 12:00:00,costo operativo,luz,luz,520.0
2028-08-06 12:00:00,costo operativo,leña,leña,1500.0
2028-08-06 12:00:00,costo operativo,agua,agua,700.0
2028-08-06 12:00:00,ingreso operativo,Reservas (sim),Ingreso simulado por reserva,150000.0
2028-08-06 12:00:00,costo operativo,gas,gas,10000.0
2028-08-06 12:10:00,costo operativo,agua,agua,700.0
2028-08-06 12:10:00,costo operativo,leña,leña,1500.0
2028-08-06 12:10:00,costo operativo,gas,gas,10000.0
2028-08-06 12:10:00,ingreso operativo,Reservas (sim),Ingreso simulado por reserva,150000.0
2028-08-06 12:10:00,costo operativo,luz,luz,520.0
2028-08-06 12:20:00,ingreso operativo,Reservas (sim),Ingreso simulado por reserva,150000.0
2028-08-06 12:20:00,costo operativo,gas,gas,10000.0
2028-08-06 12:20:00,costo operativo,luz,luz,520.0
2028-08-06 12:20:00,costo operativo,agua,agua,700.0
2028-08-06 12:20:00,costo operativo,leña,leña,1500.0
2028-08-06 12:30:00,ingreso operativo,Reservas (sim),Ingreso simulado por reserva,150000.0
2028-08-06 12:30:00,costo operativo,gas,gas,10000.0
2028-08-06 12:30:00,costo operativo,luz,luz,520.0
2028-08-06 12:30:00,costo operativo,agua,agua,700.0
2028-08-06 12:30:00,costo operativo,leña,leña,1500.0
2028-08-06 20:00:00,costo operativo,pago extra ayudante (diario),pago extra ayudante (diario),70000.0
2028-08-07 12:00:00,costo operativo,luz,luz,520.0
2028-08-07 12:00:00,ingreso operativo,Reservas (sim),Ingreso simulado por reserva,150000.0
2028-08-07 12:00:00,costo operativo,leña,leña,1500.0
2028-08-07 12:00:00,costo operativo,agua,agua,700.0
2028-08-07 12:00:00,costo operativo,gas,gas,10000.0
2028-08-07 20:00:00,costo operativo,pago extra ayudante (diario),pago extra ayudante (diario),25000.0
2028-08-10 12:00:00,ingreso operativo,Reservas (sim),Ingreso simulado por reserva,150000.0
2028-08-10 12:00:00,costo operativo,agua,agua,700.0
2028-08-10 12:00:00,costo operativo,luz,luz,520.0
2028-08-10 12:00:00,costo operativo,gas,gas,10000.0
2028-08-10 12:00:00,costo operativo,leña,leña,1500.0
2028-08-10 12:10:00,costo operativo,leña,leña,1500.0
2028-08-10 12:10:00,costo operativo,agua,agua,700.0
2028-08-10 12:10:00,costo operativo,luz,luz,520.0
2028-08-10 12:10:00,costo operativo,gas,gas,10000.0
2028-08-10 12:10:00,ingreso operativo,Reservas (sim),Ingreso simulado por reserva,150000.0
2028-08-10 20:00:00,costo operativo,pago extra ayudante (diario),pago extra ayudante (diario),45000.0
2028-08-11 12:00:00,ingreso operativo,Reservas (sim),Ingreso simulado por reserva,150000.0
2028-08-11 12:00:00,costo operativo,luz,luz,520.0
2028-08-11 12:00:00,costo operativo,gas,gas,10000.0
2028-08-11 12:00:00,costo operativo,agua,agua,700.0
2028-08-11 12:00:00,costo operativo,leña,leña,1500.0
2028-08-11 20:00:00,costo operativo,pago extra ayudante (diario),pago extra ayudante (diario),25000.0
2028-08-12 12:00:00,costo operativo,agua,agua,700.0
2028-08-12 12:00:00,costo operativo,luz,luz,520.0
2028-08-12 12:00:00,costo operativo,gas,gas,10000.0
2028-08-12 12:00:00,ingreso operativo,Reservas (sim),Ingreso simulado por reserva,150000.0
2028-08-12 12:00:00,costo operativo,leña,leña,1500.0
2028-08-12 20:00:00,costo operativo,pago extra ayudante (diario),pago extra ayudante (diario),25000.0
2028-08-13 12:00:00,costo operativo,leña,leña,1500.0
2028-08-13 12:00:00,costo operativo,gas,gas,10000.0
2028-08-13 12:00:00,costo operativo,luz,luz,520.0
2028-08-13 12:00:00,ingreso operativo,Reservas (sim),Ingreso simulado por reserva,150000.0
2028-08-13 12:00:00,costo operativo,agua,agua,700.0
2028-08-13 12:10:00,ingreso operativo,Reservas (sim),Ingreso simulado por reserva,150000.0
2028-08-13 12:10:00,costo operativo,leña,leña,1500.0
2028-08-13 12:10:00,costo operativo,agua,agua,700.0
2028-08-13 12:10:00,costo operativo,luz,luz,520.0
2028-08-13 12:10:00,costo operativo,gas,gas,10000.0
2028-08-13 12:20:00,costo operativo,agua,agua,700.0
2028-08-13 12:20:00,costo operativo,luz,luz,520.0
2028-08-13 12:20:00,costo operativo,gas,gas,10000.0
2028-08-13 12:20:00,costo operativo,leña,leña,1500.0
2028-08-13 12:20:00,ingreso operativo,Reservas (sim),Ingreso simulado por reserva,150000.0
2028-08-13 20:00:00,costo operativo,pago extra ayudante (diario),pago extra ayudante (diario),60000.0
2028-08-19 12:00:00,costo operativo,gas,gas,10000.0
2028-08-19 12:00:00,ingreso operativo,Reservas (sim),Ingreso simulado por reserva,150000.0
2028-08-19 12:00:00,costo operativo,luz,luz,520.0
2028-08-19 12:00:00,costo operativo,agua,agua,700.0
2028-08-19 12:00:00,costo operativo,leña,leña,1500.0
2028-08-19 20:00:00,costo operativo,pago extra ayudante (diario),pago extra ayudante (diario),25000.0
2028-08-26 12:00:00,costo operativo,agua,agua,700.0
2028-08-26 12:00:00,costo operativo,gas,gas,10000.0
2028-08-26 12:00:00,ingreso operativo,Reservas (sim),Ingreso simulado por reserva,150000.0
2028-08-26 12:00:00,costo operativo,leña,leña,1500.0
2028-08-26 12:00:00,costo operativo,luz,luz,520.0
2028-08-26 20:00:00,costo operativo,pago extra ayudante (diario),pago extra ayudante (diario),25000.0
2028-08-29 12:00:00,costo operativo,agua,agua,700.0
2028-08-29 12:00:00,costo operativo,luz,luz,520.0
2028-08-29 12:00:00,costo operativo,leña,leña,1500.0
2028-08-29 12:00:00,costo operativo,gas,gas,10000.0
2028-08-29 12:00:00,ingreso operativo,Reservas (sim),Ingreso simulado por reserva,150000.0
2028-08-29 20:00:00,costo operativo,pago extra ayudante (diario),pago extra ayudante (diario),25000.0
2028-08-30 12:00:00,costo operativo,luz,luz,520.0
2028-08-30 12:00:00,costo operativo,gas,gas,10000.0
2028-08-30 12:00:00,costo operativo,agua,agua,700.0
2028-08-30 12:00:00,ingreso operativo,Reservas (sim),Ingreso simulado por reserva,150000.0
2028-08-30 12:00:00,costo operativo,leña,leña,1500.0
2028-08-30 20:00:00,costo operativo,pago extra ayudante (diario),pago extra ayudante (diario),25000.0
2028-08-31 18:00:00,costos fijos,Simulación,Costo fijo mensual simulado,700000.0
2028-08-31 18:00:00,Costos de Marketing,Simulación,Gasto marketing mensual simulado,300000.0
2028-09-01 12:00:00,costo operativo,agua,agua,700.0
2028-09-01 12:00:00,costo operativo,leña,leña,1500.0
2028-09-01 12:00:00,costo operativo,gas,gas,10000.0
2028-09-01 12:00:00,costo operativo,luz,luz,520.0
2028-09-01 12:00:00,ingreso operativo,Reservas (sim),Ingreso simulado por reserva,150000.0
2028-09-01 20:00:00,costo operativo,pago extra ayudante (diario),pago extra ayudante (diario),25000.0
2028-09-02 12:00:00,costo operativo,luz,luz,520.0
2028-09-02 12:00:00,costo operativo,agua,agua,700.0
2028-09-02 12:00:00,costo operativo,gas,gas,10000.0
2028-09-02 12:00:00,costo operativo,leña,leña,1500.0
2028-09-02 12:00:00,ingreso operativo,Reservas (sim),Ingreso simulado por reserva,150000.0
2028-09-02 12:10:00,ingreso operativo,Reservas (sim),Ingreso simulado por reserva,150000.0
2028-09-02 12:10:00,costo operativo,leña,leña,1500.0
2028-09-02 12:10:00,costo operativo,agua,agua,700.0
2028-09-02 12:10:00,costo operativo,luz,luz,520.0
2028-09-02 12:10:00,costo operativo,gas,gas,10000.0
2028-09-02 12:20:00,costo operativo,gas,gas,10000.0
2028-09-02 12:20:00,costo operativo,leña,leña,1500.0
2028-09-02 12:20:00,costo operativo,agua,agua,700.0
2028-09-02 12:20:00,costo operativo,luz,luz,520.0
2028-09-02 12:20:00,ingreso operativo,Reservas (sim),Ingreso simulado por reserva,150000.0
2028-09-02 20:00:00,costo operativo,pago extra ayudante (diario),pago extra ayudante (diario),60000.0
2028-09-03 12:00:00,ingreso operativo,Reservas (sim),Ingreso simulado por reserva,150000.0
2028-09-03 12:00:00,costo operativo,leña,leña,1500.0
2028-09-03 12:00:00,costo operativo,luz,luz,520.0
2028-09-03 12:00:00,costo operativo,gas,gas,10000.0
2028-09-03 12:00:00,costo operativo,agua,agua,700.0
2028-09-03 12:10:00,costo operativo,leña,leña,1500.0
2028-09-03 12:10:00,costo operativo,agua,agua,700.0
2028-09-03 12:10:00,costo operativo,luz,luz,520.0
2028-09-03 12:10:00,costo operativo,gas,gas,10000.0
2028-09-03 12:10:00,ingreso operativo,Reservas (sim),Ingreso simulado por reserva,150000.0
2028-09-03 12:20:00,ingreso operativo,Reservas (sim),Ingreso simulado por reserva,150000.0
2028-09-03 12:20:00,costo operativo,gas,gas,10000.0
2028-09-03 12:20:00,costo operativo,agua,agua,700.0
2028-09-03 12:20:00,costo operativo,leña,leña,1500.0
2028-09-03 12:20:00,costo operativo,luz,luz,520.0
2028-09-03 12:30:00,ingreso operativo,Reservas (sim),Ingreso simulado por reserva,150000.0
2028-09-03 12:30:00,costo operativo,leña,leña,1500.0
2028-09-03 12:30:00,costo operativo,agua,agua,700.0
2028-09-03 12:30:00,costo operativo,luz,luz,520.0
2028-09-03 12:30:00,costo operativo,gas,gas,10000.0
2028-09-03 20:00:00,costo operativo,pago extra ayudante (diario),pago extra ayudante (diario),70000.0
2028-09-05 12:00:00,costo operativo,luz,luz,520.0
2028-09-05 12:00:00,costo operativo,agua,agua,700.0
2028-09-05 12:00:00,costo operativo,leña,leña,1500.0
2028-09-05 12:00:00,ingreso operativo,Reservas (sim),Ingreso simulado por reserva,150000.0
2028-09-05 12:00:00,costo operativo,gas,gas,10000.0
2028-09-05 20:00:00,costo operativo,pago extra ayudante (diario),pago extra ayudante (diario),25000.0
2028-09-06 12:00:00,ingreso operativo,Reservas (sim),Ingreso simulado por reserva,150000.0
2028-09-06 12:00:00,costo operativo,leña,leña,1500.0
2028-09-06 12:00:00,costo operativo,agua,agua,700.0
2028-09-06 12:00:00,costo operativo,luz,luz,520.0
2028-09-06 12:00:00,costo operativo,gas,gas,10000.0
2028-09-06 12:10:00,ingreso operativo,Reservas (sim),Ingreso simulado por reserva,150000.0
2028-09-06 12:10:00,costo operativo,leña,leña,1500.0
2028-09-06 12:10:00,costo operativo,agua,agua,700.0
2028-09-06 12:10:00,costo operativo,luz,luz,520.0
2028-09-06 12:10:00,costo operativo,gas,gas,10000.0
2028-09-06 20:00:00,costo operativo,pago extra ayudante (diario),pago extra ayudante (diario),45000.0
2028-09-07 12:00:00,costo operativo,gas,gas,10000.0
2028-09-07 12:00:00,costo operativo,leña,leña,1500.0
2028-09-07 12:00:00,costo operativo,agua,agua,700.0
2028-09-07 12:00:00,ingreso operativo,Reservas (sim),Ingreso simulado por reserva,150000.0
2028-09-07 12:00:00,costo operativo,luz,luz,520.0
2028-09-07 20:00:00,costo operativo,pago extra ayudante (diario),pago extra ayudante (diario),25000.0
2028-09-09 12:00:00,costo operativo,leña,leña,1500.0
2028-09-09 12:00:00,costo operativo,agua,agua,700.0
2028-09-09 12:00:00,costo operativo,luz,luz,520.0
2028-09-09 12:00:00,costo operativo,gas,gas,10000.0
2028-09-09 12:00:00,ingreso operativo,Reservas (sim),Ingreso simulado por reserva,150000.0
2028-09-09 20:00:00,costo operativo,pago extra ayudante (diario),pago extra ayudante (diario),25000.0
2028-09-10 12:00:00,costo operativo,agua,agua,700.0
2028-09-10 12:00:00,costo operativo,luz,luz,520.0
2028-09-10 12:00:00,costo operativo,gas,gas,10000.0
2028-09-10 12:00:00,costo operativo,leña,leña,1500.0
2028-09-10 12:00:00,ingreso operativo,Reservas (sim),Ingreso simulado por reserva,150000.0
2028-09-10 12:10:00,costo operativo,gas,gas,10000.0
2028-09-10 12:10:00,costo operativo,luz,luz,520.0
2028-09-10 12:10:00,costo operativo,agua,agua,700.0
2028-09-10 12:10:00,costo operativo,leña,leña,1500.0
2028-09-10 12:10:00,ingreso operativo,Reservas (sim),Ingreso simulado por reserva,150000.0
2028-09-10 12:20:00,costo operativo,gas,gas,10000.0
2028-09-10 12:20:00,costo operativo,luz,luz,520.0
2028-09-10 12:20:00,costo operativo,agua,agua,700.0
2028-09-10 12:20:00,costo operativo,leña,leña,1500.0
2028-09-10 12:20:00,ingreso operativo,Reservas (sim),Ingreso simulado por reserva,150000.0
2028-09-10 12:30:00,ingreso operativo,Reservas (sim),Ingreso simulado por reserva,150000.0
2028-09-10 12:30:00,costo operativo,gas,gas,10000.0
2028-09-10 12:30:00,costo operativo,luz,luz,520.0
2028-09-10 12:30:00,costo operativo,agua,agua,700.0
2028-09-10 12:30:00,costo operativo,leña,leña,1500.0
2028-09-10 20:00:00,costo operativo,pago extra ayudante (diario),pago extra ayudante (diario),70000.0
2028-09-12 12:00:00,costo operativo,gas,gas,10000.0
2028-09-12 12:00:00,costo operativo,leña,leña,1500.0
2028-09-12 12:00:00,costo operativo,luz,luz,520.0
2028-09-12 12:00:00,costo operativo,agua,agua,700.0
2028-09-12 12:00:00,ingreso operativo,Reservas (sim),Ingreso simulado por reserva,150000.0
2028-09-12 12:10:00,costo operativo,leña,leña,1500.0
2028-09-12 12:10:00,costo operativo,luz,luz,520.0
2028-09-12 12:10:00,ingreso operativo,Reservas (sim),Ingreso simulado por reserva,150000.0
2028-09-12 12:10:00,costo operativo,agua,agua,700.0
2028-09-12 12:10:00,costo operativo,gas,gas,10000.0
2028-09-12 20:00:00,costo operativo,pago extra ayudante (diario),pago extra ayudante (diario),45000.0
2028-09-13 12:00:00,costo operativo,leña,leña,1500.0
2028-09-13 12:00:00,costo operativo,agua,agua,700.0
2028-09-13 12:00:00,costo operativo,luz,luz,520.0
2028-09-13 12:00:00,costo operativo,gas,gas,10000.0
2028-09-13 12:00:00,ingreso operativo,Reservas (sim),Ingreso simulado por reserva,150000.0
2028-09-13 20:00:00,costo operativo,pago extra ayudante (diario),pago extra ayudante (diario),25000.0
2028-09-16 12:00:00,costo operativo,leña,leña,1500.0
2028-09-16 12:00:00,costo operativo,agua,agua,700.0
2028-09-16 12:00:00,costo operativo,gas,gas,10000.0
2028-09-16 12:00:00,ingreso operativo,Reservas (sim),Ingreso simulado por reserva,150000.0
2028-09-16 12:00:00,costo operativo,luz,luz,520.0
2028-09-16 20:00:00,costo operativo,pago extra ayudante (diario),pago extra ayudante (diario),25000.0
2028-09-20 12:00:00,costo operativo,agua,agua,700.0
2028-09-20 12:00:00,costo operativo,luz,luz,520.0
2028-09-20 12:00:00,costo operativo,gas,gas,10000.0
2028-09-20 12:00:00,ingreso operativo,Reservas (sim),Ingreso simulado por reserva,150000.0
2028-09-20 12:00:00,costo operativo,leña,leña,1500.0
2028-09-20 20:00:00,costo operativo,pago extra ayudante (diario),pago extra ayudante (diario),25000.0
2028-09-23 12:00:00,costo operativo,agua,agua,700.0
2028-09-23 12:00:00,costo operativo,luz,luz,520.0
2028-09-23 12:00:00,costo operativo,gas,gas,10000.0
2028-09-23 12:00:00,costo operativo,leña,leña,1500.0
2028-09-23 12:00:00,ingreso operativo,Reservas (sim),Ingreso simulado por reserva,150000.0
2028-09-23 20:00:00,costo operativo,pago extra ayudante (diario),pago extra ayudante (diario),25000.0
2028-09-26 12:00:00,ingreso operativo,Reservas (sim),Ingreso simulado por reserva,150000.0
2028-09-26 12:00:00,costo operativo,leña,leña,1500.0
2028-09-26 12:00:00,costo operativo,agua,agua,700.0
2028-09-26 12:00:00,costo operativo,luz,luz,520.0
2028-09-26 12:00:00,costo operativo,gas,gas,10000.0
2028-09-26 20:00:00,costo operativo,pago extra ayudante (diario),pago extra ayudante (diario),25000.0
2028-09-27 12:00:00,ingreso operativo,Reservas (sim),Ingreso simulado por reserva,150000.0
2028-09-27 12:00:00,costo operativo,leña,leña,1500.0
2028-09-27 12:00:00,costo operativo,agua,agua,700.0
2028-09-27 12:00:00,costo operativo,luz,luz,520.0
2028-09-27 12:00:00,costo operativo,gas,gas,10000.0
2028-09-27 20:00:00,costo operativo,pago extra ayudante (diario),pago extra ayudante (diario),25000.0
2028-09-29 12:00:00,ingreso operativo,Reservas (sim),Ingreso simulado por reserva,150000.0
2028-09-29 12:00:00,costo operativo,luz,luz,520.0
2028-09-29 12:00:00,costo operativo,gas,gas,10000.0
2028-09-29 12:00:00,costo operativo,leña,leña,1500.0
2028-09-29 12:00:00,costo operativo,agua,agua,700.0
2028-09-29 20:00:00,costo operativo,pago extra ayudante (diario),pago extra ayudante (diario),25000.0
2028-09-30 12:00:00,ingreso operativo,Reservas (sim),Ingreso simulado por reserva,150000.0
2028-09-30 12:00:00,costo operativo,leña,leña,1500.0
2028-09-30 12:00:00,costo operativo,agua,agua,700.0
2028-09-30 12:00:00,costo operativo,luz,luz,520.0
2028-09-30 12:00:00,costo operativo,gas,gas,10000.0
2028-09-30 12:10:00,ingreso operativo,Reservas (sim),Ingreso simulado por reserva,150000.0
2028-09-30 12:10:00,costo operativo,agua,agua,700.0
2028-09-30 12:10:00,costo operativo,luz,luz,520.0
2028-09-30 12:10:00,costo operativo,leña,leña,1500.0
2028-09-30 12:10:00,costo operativo,gas,gas,10000.0
2028-09-30 18:00:00,costos fijos,Simulación,Costo fijo mensual simulado,700000.0
2028-09-30 18:00:00,Costos de Marketing,Simulación,Gasto marketing mensual simulado,300000.0
2028-09-30 20:00:00,costo operativo,pago extra ayudante (diario),pago extra ayudante (diario),45000.0
2028-10-01 12:00:00,costo operativo,leña,leña,1500.0
2028-10-01 12:00:00,costo operativo,gas,gas,10000.0
2028-10-01 12:00:00,costo operativo,luz,luz,520.0
2028-10-01 12:00:00,ingreso operativo,Reservas (sim),Ingreso simulado por reserva,150000.0
2028-10-01 12:00:00,costo operativo,agua,agua,700.0
2028-10-01 12:10:00,costo operativo,leña,leña,1500.0
2028-10-01 12:10:00,costo operativo,agua,agua,700.0
2028-10-01 12:10:00,costo operativo,luz,luz,520.0
2028-10-01 12:10:00,costo operativo,gas,gas,10000.0
2028-10-01 12:10:00,ingreso operativo,Reservas (sim),Ingreso simulado por reserva,150000.0
2028-10-01 12:20:00,costo operativo,leña,leña,1500.0
2028-10-01 12:20:00,ingreso operativo,Reservas (sim),Ingreso simulado por reserva,150000.0
2028-10-01 12:20:00,costo operativo,gas,gas,10000.0
2028-10-01 12:20:00,costo operativo,luz,luz,520.0
2028-10-01 12:20:00,costo operativo,agua,agua,700.0
2028-10-01 20:00:00,costo operativo,pago extra ayudante (diario),pago extra ayudante (diario),60000.0
2028-10-02 12:00:00,costo operativo,luz,luz,520.0
2028-10-02 12:00:00,ingreso operativo,Reservas (sim),Ingreso simulado por reserva,150000.0
2028-10-02 12:00:00,costo operativo,agua,agua,700.0
2028-10-02 12:00:00,costo operativo,gas,gas,10000.0
2028-10-02 12:00:00,costo operativo,leña,leña,1500.0
2028-10-02 20:00:00,costo operativo,pago extra ayudante (diario),pago extra ayudante (diario),25000.0
2028-10-04 12:00:00,costo operativo,agua,agua,700.0
2028-10-04 12:00:00,costo operativo,leña,leña,1500.0
2028-10-04 12:00:00,costo operativo,gas,gas,10000.0
2028-10-04 12:00:00,costo operativo,luz,luz,520.0
2028-10-04 12:00:00,ingreso operativo,Reservas (sim),Ingreso simulado por reserva,150000.0
2028-10-04 20:00:00,costo operativo,pago extra ayudante (diario),pago extra ayudante (diario),25000.0
2028-10-05 12:00:00,costo operativo,agua,agua,700.0
2028-10-05 12:00:00,costo operativo,luz,luz,520.0
2028-10-05 12:00:00,costo operativo,gas,gas,10000.0
2028-10-05 12:00:00,costo operativo,leña,leña,1500.0
2028-10-05 12:00:00,ingreso operativo,Reservas (sim),Ingreso simulado por reserva,150000.0
2028-10-05 12:10:00,costo operativo,leña,leña,1500.0
2028-10-05 12:10:00,costo operativo,agua,agua,700.0
2028-10-05 12:10:00,costo operativo,luz,luz,520.0
2028-10-05 12:10:00,costo operativo,gas,gas,10000.0
2028-10-05 12:10:00,ingreso operativo,Reservas (sim),Ingreso simulado por reserva,150000.0
2028-10-05 20:00:00,costo operativo,pago extra ayudante (diario),pago extra ayudante (diario),45000.0
2028-10-06 12:00:00,costo operativo,leña,leña,1500.0
2028-10-06 12:00:00,costo operativo,agua,agua,700.0
2028-10-06 12:00:00,costo operativo,luz,luz,520.0
2028-10-06 12:00:00,costo operativo,gas,gas,10000.0
2028-10-06 12:00:00,ingreso operativo,Reservas (sim),Ingreso simulado por reserva,150000.0
2028-10-06 20:00:00,costo operativo,pago extra ayudante (diario),pago extra ayudante (diario),25000.0
2028-10-07 12:00:00,costo operativo,leña,leña,1500.0
2028-10-07 12:00:00,costo operativo,luz,luz,520.0
2028-10-07 12:00:00,costo operativo,agua,agua,700.0
2028-10-07 12:00:00,ingreso operativo,Reservas (sim),Ingreso simulado por reserva,150000.0
2028-10-07 12:00:00,costo operativo,gas,gas,10000.0
2028-10-07 12:10:00,costo operativo,leña,leña,1500.0
2028-10-07 12:10:00,costo operativo,agua,agua,700.0
2028-10-07 12:10:00,costo operativo,gas,gas,10000.0
2028-10-07 12:10:00,ingreso operativo,Reservas (sim),Ingreso simulado por reserva,150000.0
2028-10-07 12:10:00,costo operativo,luz,luz,520.0
2028-10-07 12:20:00,ingreso operativo,Reservas (sim),Ingreso simulado por reserva,150000.0
2028-10-07 12:20:00,costo operativo,leña,leña,1500.0
2028-10-07 12:20:00,costo operativo,agua,agua,700.0
2028-10-07 12:20:00,costo operativo,luz,luz,520.0
2028-10-07 12:20:00,costo operativo,gas,gas,10000.0
2028-10-07 12:30:00,ingreso operativo,Reservas (sim),Ingreso simulado por reserva,150000.0
2028-10-07 12:30:00,costo operativo,leña,leña,1500.0
2028-10-07 12:30:00,costo operativo,agua,agua,700.0
2028-10-07 12:30:00,costo operativo,luz,luz,520.0
2028-10-07 12:30:00,costo operativo,gas,gas,10000.0
2028-10-07 20:00:00,costo operativo,pago extra ayudante (diario),pago extra ayudante (diario),70000.0
2028-10-08 12:00:00,ingreso operativo,Reservas (sim),Ingreso simulado por reserva,150000.0
2028-10-08 12:00:00,costo operativo,gas,gas,10000.0
2028-10-08 12:00:00,costo operativo,luz,luz,520.0
2028-10-08 12:00:00,costo operativo,agua,agua,700.0
2028-10-08 12:00:00,costo operativo,leña,leña,1500.0
2028-10-08 20:00:00,costo operativo,pago extra ayudante (diario),pago extra ayudante (diario),25000.0
2028-10-11 12:00:00,ingreso operativo,Reservas (sim),Ingreso simulado por reserva,150000.0
2028-10-11 12:00:00,costo operativo,gas,gas,10000.0
2028-10-11 12:00:00,costo operativo,leña,leña,1500.0
2028-10-11 12:00:00,costo operativo,agua,agua,700.0
2028-10-11 12:00:00,costo operativo,luz,luz,520.0
2028-10-11 12:10:00,costo operativo,gas,gas,10000.0
2028-10-11 12:10:00,costo operativo,luz,luz,520.0
2028-10-11 12:10:00,costo operativo,agua,agua,700.0
2028-10-11 12:10:00,costo operativo,leña,leña,1500.0
2028-10-11 12:10:00,ingreso operativo,Reservas (sim),Ingreso simulado por reserva,150000.0
2028-10-11 20:00:00,costo operativo,pago extra ayudante (diario),pago extra ayudante (diario),45000.0
2028-10-12 12:00:00,costo operativo,leña,leña,1500.0
2028-10-12 12:00:00,costo operativo,agua,agua,700.0
2028-10-12 12:00:00,costo operativo,luz,luz,520.0
2028-10-12 12:00:00,costo operativo,gas,gas,10000.0
2028-10-12 12:00:00,ingreso operativo,Reservas (sim),Ingreso simulado por reserva,150000.0
2028-10-12 20:00:00,costo operativo,pago extra ayudante (diario),pago extra ayudante (diario),25000.0
2028-10-14 12:00:00,costo operativo,leña,leña,1500.0
2028-10-14 12:00:00,ingreso operativo,Reservas (sim),Ingreso simulado por reserva,150000.0
2028-10-14 12:00:00,costo operativo,gas,gas,10000.0
2028-10-14 12:00:00,costo operativo,luz,luz,520.0
2028-10-14 12:00:00,costo operativo,agua,agua,700.0
2028-10-14 12:10:00,costo operativo,luz,luz,520.0
2028-10-14 12:10:00,costo operativo,agua,agua,700.0
2028-10-14 12:10:00,costo operativo,leña,leña,1500.0
2028-10-14 12:10:00,costo operativo,gas,gas,10000.0
2028-10-14 12:10:00,ingreso operativo,Reservas (sim),Ingreso simulado por reserva,150000.0
2028-10-14 12:20:00,costo operativo,gas,gas,10000.0
2028-10-14 12:20:00,ingreso operativo,Reservas (sim),Ingreso simulado por reserva,150000.0
2028-10-14 12:20:00,costo operativo,luz,luz,520.0
2028-10-14 12:20:00,costo operativo,agua,agua,700.0
2028-10-14 12:20:00,costo operativo,leña,leña,1500.0
2028-10-14 12:30:00,costo operativo,luz,luz,520.0
2028-10-14 12:30:00,costo operativo,gas,gas,10000.0
2028-10-14 12:30:00,ingreso operativo,Reservas (sim),Ingreso simulado por reserva,150000.0
2028-10-14 12:30:00,costo operativo,agua,agua,700.0
2028-10-14 12:30:00,costo operativo,leña,leña,1500.0
2028-10-14 20:00:00,costo operativo,pago extra ayudante (diario),pago extra ayudante (diario),70000.0
2028-10-15 12:00:00,ingreso operativo,Reservas (sim),Ingreso simulado por reserva,150000.0
2028-10-15 12:00:00,costo operativo,leña,leña,1500.0
2028-10-15 12:00:00,costo operativo,agua,agua,700.0
2028-10-15 12:00:00,costo operativo,luz,luz,520.0
2028-10-15 12:00:00,costo operativo,gas,gas,10000.0
2028-10-15 20:00:00,costo operativo,pago extra ayudante (diario),pago extra ayudante (diario),25000.0
2028-10-22 12:00:00,costo operativo,leña,leña,1500.0
2028-10-22 12:00:00,costo operativo,agua,agua,700.0
2028-10-22 12:00:00,costo operativo,luz,luz,520.0
2028-10-22 12:00:00,costo operativo,gas,gas,10000.0
2028-10-22 12:00:00,ingreso operativo,Reservas (sim),Ingreso simulado por reserva,150000.0
2028-10-22 20:00:00,costo operativo,pago extra ayudante (diario),pago extra ayudante (diario),25000.0
2028-10-25 12:00:00,costo operativo,leña,leña,1500.0
2028-10-25 12:00:00,ingreso operativo,Reservas (sim),Ingreso simulado por reserva,150000.0
2028-10-25 12:00:00,costo operativo,agua,agua,700.0
2028-10-25 12:00:00,costo operativo,luz,luz,520.0
2028-10-25 12:00:00,costo operativo,gas,gas,10000.0
2028-10-25 20:00:00,costo operativo,pago extra ayudante (diario),pago extra ayudante (diario),25000.0
2028-10-29 12:00:00,ingreso operativo,Reservas (sim),Ingreso simulado por reserva,150000.0
2028-10-29 12:00:00,costo operativo,luz,luz,520.0
2028-10-29 12:00:00,costo operativo,gas,gas,10000.0
2028-10-29 12:00:00,costo operativo,leña,leña,1500.0
2028-10-29 12:00:00,costo operativo,agua,agua,700.0
2028-10-29 20:00:00,costo operativo,pago extra ayudante (diario),pago extra ayudante (diario),25000.0
2028-10-30 12:00:00,costo operativo,luz,luz,520.0
2028-10-30 12:00:00,costo operativo,gas,gas,10000.0
2028-10-30 12:00:00,ingreso operativo,Reservas (sim),Ingreso simulado por reserva,150000.0
2028-10-30 12:00:00,costo operativo,leña,leña,1500.0
2028-10-30 12:00:00,costo operativo,agua,agua,700.0
2028-10-30 20:00:00,costo operativo,pago extra ayudante (diario),pago extra ayudante (diario),25000.0
2028-10-31 12:00:00,ingreso operativo,Reservas (sim),Ingreso simulado por reserva,150000.0
2028-10-31 12:00:00,costo operativo,luz,luz,520.0
2028-10-31 12:00:00,costo operativo,gas,gas,10000.0
2028-10-31 12:00:00,costo operativo,agua,agua,700.0
2028-10-31 12:00:00,costo operativo,leña,leña,1500.0
2028-10-31 18:00:00,Costos de Marketing,Simulación,Gasto marketing mensual simulado,300000.0
2028-10-31 18:00:00,costos fijos,Simulación,Costo fijo mensual simulado,700000.0
2028-10-31 20:00:00,costo operativo,pago extra ayudante (diario),pago extra ayudante (diario),25000.0
2028-11-01 12:00:00,costo operativo,leña,leña,1500.0
2028-11-01 12:00:00,costo operativo,agua,agua,700.0
2028-11-01 12:00:00,costo operativo,luz,luz,520.0
2028-11-01 12:00:00,costo operativo,gas,gas,10000.0
2028-11-01 12:00:00,ingreso operativo,Reservas (sim),Ingreso simulado por reserva,150000.0
2028-11-01 12:10:00,costo operativo,leña,leña,1500.0
2028-11-01 12:10:00,costo operativo,agua,agua,700.0
2028-11-01 12:10:00,costo operativo,luz,luz,520.0
2028-11-01 12:10:00,costo operativo,gas,gas,10000.0
2028-11-01 12:10:00,ingreso operativo,Reservas (sim),Ingreso simulado por reserva,150000.0
2028-11-01 20:00:00,costo operativo,pago extra ayudante (diario),pago extra ayudante (diario),45000.0
2028-11-02 12:00:00,ingreso operativo,Reservas (sim),Ingreso simulado por reserva,150000.0
2028-11-02 12:00:00,costo operativo,gas,gas,10000.0
2028-11-02 12:00:00,costo operativo,luz,luz,520.0
2028-11-02 12:00:00,costo operativo,agua,agua,700.0
2028-11-02 12:00:00,costo operativo,leña,leña,1500.0
2028-11-02 20:00:00,costo operativo,pago extra ayudante (diario),pago extra ayudante (diario),25000.0
2028-11-03 12:00:00,costo operativo,leña,leña,1500.0
2028-11-03 12:00:00,costo operativo,agua,agua,700.0
2028-11-03 12:00:00,costo operativo,luz,luz,520.0
2028-11-03 12:00:00,costo operativo,gas,gas,10000.0
2028-11-03 12:00:00,ingreso operativo,Reservas (sim),Ingreso simulado por reserva,150000.0
2028-11-03 20:00:00,costo operativo,pago extra ayudante (diario),pago extra ayudante (diario),25000.0
2028-11-04 12:00:00,costo operativo,leña,leña,1500.0
2028-11-04 12:00:00,costo operativo,agua,agua,700.0
2028-11-04 12:00:00,costo operativo,luz,luz,520.0
2028-11-04 12:00:00,costo operativo,gas,gas,10000.0
2028-11-04 12:00:00,ingreso operativo,Reservas (sim),Ingreso simulado por reserva,150000.0
2028-11-04 12:10:00,ingreso operativo,Reservas (sim),Ingreso simulado por reserva,150000.0
2028-11-04 12:10:00,costo operativo,agua,agua,700.0
2028-11-04 12:10:00,costo operativo,luz,luz,520.0
2028-11-04 12:10:00,costo operativo,leña,leña,1500.0
2028-11-04 12:10:00,costo operativo,gas,gas,10000.0
2028-11-04 12:20:00,costo operativo,leña,leña,1500.0
2028-11-04 12:20:00,costo operativo,agua,agua,700.0
2028-11-04 12:20:00,costo operativo,luz,luz,520.0
2028-11-04 12:20:00,costo operativo,gas,gas,10000.0
2028-11-04 12:20:00,ingreso operativo,Reservas (sim),Ingreso simulado por reserva,150000.0
2028-11-04 12:30:00,costo operativo,leña,leña,1500.0
2028-11-04 12:30:00,costo operativo,agua,agua,700.0
2028-11-04 12:30:00,ingreso operativo,Reservas (sim),Ingreso simulado por reserva,150000.0
2028-11-04 12:30:00,costo operativo,luz,luz,520.0
2028-11-04 12:30:00,costo operativo,gas,gas,10000.0
2028-11-04 20:00:00,costo operativo,pago extra ayudante (diario),pago extra ayudante (diario),70000.0
2028-11-05 12:00:00,costo operativo,leña,leña,1500.0
2028-11-05 12:00:00,ingreso operativo,Reservas (sim),Ingreso simulado por reserva,150000.0
2028-11-05 12:00:00,costo operativo,agua,agua,700.0
2028-11-05 12:00:00,costo operativo,luz,luz,520.0
2028-11-05 12:00:00,costo operativo,gas,gas,10000.0
2028-11-05 12:10:00,ingreso operativo,Reservas (sim),Ingreso simulado por reserva,150000.0
2028-11-05 12:10:00,costo operativo,leña,leña,1500.0
2028-11-05 12:10:00,costo operativo,agua,agua,700.0
2028-11-05 12:10:00,costo operativo,luz,luz,520.0
2028-11-05 12:10:00,costo operativo,gas,gas,10000.0
2028-11-05 12:20:00,costo operativo,gas,gas,10000.0
2028-11-05 12:20:00,costo operativo,luz,luz,520.0
2028-11-05 12:20:00,costo operativo,agua,agua,700.0
2028-11-05 12:20:00,ingreso operativo,Reservas (sim),Ingreso simulado por reserva,150000.0
2028-11-05 12:20:00,costo operativo,leña,leña,1500.0
2028-11-05 12:30:00,costo operativo,luz,luz,520.0
2028-11-05 12:30:00,costo operativo,leña,leña,1500.0
2028-11-05 12:30:00,costo operativo,agua,agua,700.0
2028-11-05 12:30:00,ingreso operativo,Reservas (sim),Ingreso simulado por reserva,150000.0
2028-11-05 12:30:00,costo operativo,gas,gas,10000.0
2028-11-05 20:00:00,costo operativo,pago extra ayudante (diario),pago extra ayudante (diario),70000.0
2028-11-06 12:00:00,ingreso operativo,Reservas (sim),Ingreso simulado por reserva,150000.0
2028-11-06 12:00:00,costo operativo,leña,leña,1500.0
2028-11-06 12:00:00,costo operativo,agua,agua,700.0
2028-11-06 12:00:00,costo operativo,luz,luz,520.0
2028-11-06 12:00:00,costo operativo,gas,gas,10000.0
2028-11-06 12:10:00,ingreso operativo,Reservas (sim),Ingreso simulado por reserva,150000.0
2028-11-06 12:10:00,costo operativo,gas,gas,10000.0
2028-11-06 12:10:00,costo operativo,leña,leña,1500.0
2028-11-06 12:10:00,costo operativo,agua,agua,700.0
2028-11-06 12:10:00,costo operativo,luz,luz,520.0
2028-11-06 20:00:00,costo operativo,pago extra ayudante (diario),pago extra ayudante (diario),45000.0
2028-11-07 12:00:00,costo operativo,leña,leña,1500.0
2028-11-07 12:00:00,costo operativo,agua,agua,700.0
2028-11-07 12:00:00,costo operativo,luz,luz,520.0
2028-11-07 12:00:00,ingreso operativo,Reservas (sim),Ingreso simulado por reserva,150000.0
2028-11-07 12:00:00,costo operativo,gas,gas,10000.0
2028-11-07 20:00:00,costo operativo,pago extra ayudante (diario),pago extra ayudante (diario),25000.0
2028-11-10 12:00:00,costo operativo,agua,agua,700.0
2028-11-10 12:00:00,ingreso operativo,Reservas (sim),Ingreso simulado por reserva,150000.0
2028-11-10 12:00:00,costo operativo,leña,leña,1500.0
2028-11-10 12:00:00,costo operativo,luz,luz,520.0
2028-11-10 12:00:00,costo operativo,gas,gas,10000.0
2028-11-10 12:10:00,ingreso operativo,Reservas (sim),Ingreso simulado por reserva,150000.0
2028-11-10 12:10:00,costo operativo,leña,leña,1500.0
2028-11-10 12:10:00,costo operativo,agua,agua,700.0
2028-11-10 12:10:00,costo operativo,luz,luz,520.0
2028-11-10 12:10:00,costo operativo,gas,gas,10000.0
2028-11-10 20:00:00,costo operativo,pago extra ayudante (diario),pago extra ayudante (diario),45000.0
2028-11-11 12:00:00,ingreso operativo,Reservas (sim),Ingreso simulado por reserva,150000.0
2028-11-11 12:00:00,costo operativo,gas,gas,10000.0
2028-11-11 12:00:00,costo operativo,leña,leña,1500.0
2028-11-11 12:00:00,costo operativo,agua,agua,700.0
2028-11-11 12:00:00,costo operativo,luz,luz,520.0
2028-11-11 20:00:00,costo operativo,pago extra ayudante (diario),pago extra ayudante (diario),25000.0
2028-11-12 12:00:00,costo operativo,leña,leña,1500.0
2028-11-12 12:00:00,costo operativo,agua,agua,700.0
2028-11-12 12:00:00,ingreso operativo,Reservas (sim),Ingreso simulado por reserva,150000.0
2028-11-12 12:00:00,costo operativo,gas,gas,10000.0
2028-11-12 12:00:00,costo operativo,luz,luz,520.0
2028-11-12 12:10:00,costo operativo,leña,leña,1500.0
2028-11-12 12:10:00,costo operativo,agua,agua,700.0
2028-11-12 12:10:00,costo operativo,luz,luz,520.0
2028-11-12 12:10:00,costo operativo,gas,gas,10000.0
2028-11-12 12:10:00,ingreso operativo,Reservas (sim),Ingreso simulado por reserva,150000.0
2028-11-12 12:20:00,costo operativo,leña,leña,1500.0
2028-11-12 12:20:00,costo operativo,agua,agua,700.0
2028-11-12 12:20:00,costo operativo,luz,luz,520.0
2028-11-12 12:20:00,costo operativo,gas,gas,10000.0
2028-11-12 12:20:00,ingreso operativo,Reservas (sim),Ingreso simulado por reserva,150000.0
2028-11-12 12:30:00,costo operativo,agua,agua,700.0
2028-11-12 12:30:00,costo operativo,luz,luz,520.0
2028-11-12 12:30:00,costo operativo,gas,gas,10000.0
2028-11-12 12:30:00,ingreso operativo,Reservas (sim),Ingreso simulado por reserva,150000.0
2028-11-12 12:30:00,costo operativo,leña,leña,1500.0
2028-11-12 12:40:00,ingreso operativo,Reservas (sim),Ingreso simulado por reserva,150000.0
2028-11-12 12:40:00,costo operativo,leña,leña,1500.0
2028-11-12 12:40:00,costo operativo,gas,gas,10000.0
2028-11-12 12:40:00,costo operativo,luz,luz,520.0
2028-11-12 12:40:00,costo operativo,agua,agua,700.0
2028-11-12 12:50:00,costo operativo,agua,agua,700.0
2028-11-12 12:50:00,ingreso operativo,Reservas (sim),Ingreso simulado por reserva,150000.0
2028-11-12 12:50:00,costo operativo,gas,gas,10000.0
2028-11-12 12:50:00,costo operativo,leña,leña,1500.0
2028-11-12 12:50:00,costo operativo,luz,luz,520.0
2028-11-12 20:00:00,costo operativo,pago extra ayudante (diario),pago extra ayudante (diario),90000.0
2028-11-13 12:00:00,costo operativo,luz,luz,520.0
2028-11-13 12:00:00,ingreso operativo,Reservas (sim),Ingreso simulado por reserva,150000.0
2028-11-13 12:00:00,costo operativo,leña,leña,1500.0
2028-11-13 12:00:00,costo operativo,agua,agua,700.0
2028-11-13 12:00:00,costo operativo,gas,gas,10000.0
2028-11-13 20:00:00,costo operativo,pago extra ayudante (diario),pago extra ayudante (diario),25000.0
2028-11-18 12:00:00,ingreso operativo,Reservas (sim),Ingreso simulado por reserva,150000.0
2028-11-18 12:00:00,costo operativo,leña,leña,1500.0
2028-11-18 12:00:00,costo operativo,luz,luz,520.0
2028-11-18 12:00:00,costo operativo,gas,gas,10000.0
2028-11-18 12:00:00,costo operativo,agua,agua,700.0
2028-11-18 12:10:00,costo operativo,gas,gas,10000.0
2028-11-18 12:10:00,costo operativo,leña,leña,1500.0
2028-11-18 12:10:00,ingreso operativo,Reservas (sim),Ingreso simulado por reserva,150000.0
2028-11-18 12:10:00,costo operativo,agua,agua,700.0
2028-11-18 12:10:00,costo operativo,luz,luz,520.0
2028-11-18 20:00:00,costo operativo,pago extra ayudante (diario),pago extra ayudante (diario),45000.0
2028-11-20 12:00:00,costo operativo,leña,leña,1500.0
2028-11-20 12:00:00,costo operativo,agua,agua,700.0
2028-11-20 12:00:00,ingreso operativo,Reservas (sim),Ingreso simulado por reserva,150000.0
2028-11-20 12:00:00,costo operativo,luz,luz,520.0
2028-11-20 12:00:00,costo operativo,gas,gas,10000.0
2028-11-20 20:00:00,costo operativo,pago extra ayudante (diario),pago extra ayudante (diario),25000.0
2028-11-24 12:00:00,costo operativo,gas,gas,10000.0
2028-11-24 12:00:00,costo operativo,luz,luz,520.0
2028-11-24 12:00:00,costo operativo,leña,leña,1500.0
2028-11-24 12:00:00,ingreso operativo,Reservas (sim),Ingreso simulado por reserva,150000.0
2028-11-24 12:00:00,costo operativo,agua,agua,700.0
2028-11-24 20:00:00,costo operativo,pago extra ayudante (diario),pago extra ayudante (diario),25000.0
2028-11-25 12:00:00,ingreso operativo,Reservas (sim),Ingreso simulado por reserva,150000.0
2028-11-25 12:00:00,costo operativo,leña,leña,1500.0
2028-11-25 12:00:00,costo operativo,agua,agua,700.0
2028-11-25 12:00:00,costo operativo,luz,luz,520.0
2028-11-25 12:00:00,costo operativo,gas,gas,10000.0
2028-11-25 12:10:00,costo operativo,leña,leña,1500.0
2028-11-25 12:10:00,costo operativo,agua,agua,700.0
2028-11-25 12:10:00,costo operativo,luz,luz,520.0
2028-11-25 12:10:00,costo operativo,gas,gas,10000.0
2028-11-25 12:10:00,ingreso operativo,Reservas (sim),Ingreso simulado por reserva,150000.0
2028-11-25 20:00:00,costo operativo,pago extra ayudante (diario),pago extra ayudante (diario),45000.0
2028-11-26 12:00:00,costo operativo,gas,gas,10000.0
2028-11-26 12:00:00,ingreso operativo,Reservas (sim),Ingreso simulado por reserva,150000.0
2028-11-26 12:00:00,costo operativo,luz,luz,520.0
2028-11-26 12:00:00,costo operativo,agua,agua,700.0
2028-11-26 12:00:00,costo operativo,leña,leña,1500.0
2028-11-26 20:00:00,costo operativo,pago extra ayudante (diario),pago extra ayudante (diario),25000.0
2028-11-27 12:00:00,ingreso operativo,Reservas (sim),Ingreso simulado por reserva,150000.0
2028-11-27 12:00:00,costo operativo,luz,luz,520.0
2028-11-27 12:00:00,costo operativo,gas,gas,10000.0
2028-11-27 12:00:00,costo operativo,agua,agua,700.0
2028-11-27 12:00:00,costo operativo,leña,leña,1500.0
2028-11-27 20:00:00,costo operativo,pago extra ayudante (diario),pago extra ayudante (diario),25000.0
2028-11-29 12:00:00,costo operativo,luz,luz,520.0
2028-11-29 12:00:00,costo operativo,leña,leña,1500.0
2028-11-29 12:00:00,ingreso operativo,Reservas (sim),Ingreso simulado por reserva,150000.0
2028-11-29 12:00:00,costo operativo,gas,gas,10000.0
2028-11-29 12:00:00,costo operativo,agua,agua,700.0
2028-11-29 20:00:00,costo operativo,pago extra ayudante (diario),pago extra ayudante (diario),25000.0
2028-11-30 12:00:00,ingreso operativo,Reservas (sim),Ingreso simulado por reserva,150000.0
2028-11-30 12:00:00,costo operativo,gas,gas,10000.0
2028-11-30 12:00:00,costo operativo,luz,luz,520.0
2028-11-30 12:00:00,costo operativo,agua,agua,700.0
2028-11-30 12:00:00,costo operativo,leña,leña,1500.0
2028-11-30 18:00:00,Costos de Marketing,Simulación,Gasto marketing mensual simulado,300000.0
2028-11-30 18:00:00,costos fijos,Simulación,Costo fijo mensual simulado,700000.0
2028-11-30 20:00:00,costo operativo,pago extra ayudante (diario),pago extra ayudante (diario),25000.0
2028-12-01 12:00:00,costo operativo,gas,gas,10000.0
2028-12-01 12:00:00,costo operativo,luz,luz,520.0
2028-12-01 12:00:00,costo operativo,agua,agua,700.0
2028-12-01 12:00:00,ingreso operativo,Reservas (sim),Ingreso simulado por reserva,150000.0
2028-12-01 12:00:00,costo operativo,leña,leña,1500.0
2028-12-01 12:10:00,ingreso operativo,Reservas (sim),Ingreso simulado por reserva,150000.0
2028-12-01 12:10:00,costo operativo,leña,leña,1500.0
2028-12-01 12:10:00,costo operativo,agua,agua,700.0
2028-12-01 12:10:00,costo operativo,luz,luz,520.0
2028-12-01 12:10:00,costo operativo,gas,gas,10000.0
2028-12-01 20:00:00,costo operativo,pago extra ayudante (diario),pago extra ayudante (diario),45000.0
2028-12-02 12:00:00,ingreso operativo,Reservas (sim),Ingreso simulado por reserva,150000.0
2028-12-02 12:00:00,costo operativo,leña,leña,1500.0
2028-12-02 12:00:00,costo operativo,luz,luz,520.0
2028-12-02 12:00:00,costo operativo,agua,agua,700.0
2028-12-02 12:00:00,costo operativo,gas,gas,10000.0
2028-12-02 12:10:00,costo operativo,leña,leña,1500.0
2028-12-02 12:10:00,costo operativo,agua,agua,700.0
2028-12-02 12:10:00,costo operativo,luz,luz,520.0
2028-12-02 12:10:00,costo operativo,gas,gas,10000.0
2028-12-02 12:10:00,ingreso operativo,Reservas (sim),Ingreso simulado por reserva,150000.0
2028-12-02 12:20:00,costo operativo,leña,leña,1500.0
2028-12-02 12:20:00,costo operativo,agua,agua,700.0
2028-12-02 12:20:00,costo operativo,luz,luz,520.0
2028-12-02 12:20:00,costo operativo,gas,gas,10000.0
2028-12-02 12:20:00,ingreso operativo,Reservas (sim),Ingreso simulado por reserva,150000.0
2028-12-02 12:30:00,ingreso operativo,Reservas (sim),Ingreso simulado por reserva,150000.0
2028-12-02 12:30:00,costo operativo,luz,luz,520.0
2028-12-02 12:30:00,costo operativo,agua,agua,700.0
2028-12-02 12:30:00,costo operativo,leña,leña,1500.0
2028-12-02 12:30:00,costo operativo,gas,gas,10000.0
2028-12-02 20:00:00,costo operativo,pago extra ayudante (diario),pago extra ayudante (diario),70000.0
2028-12-03 12:00:00,costo operativo,leña,leña,1500.0
2028-12-03 12:00:00,costo operativo,agua,agua,700.0
2028-12-03 12:00:00,costo operativo,luz,luz,520.0
2028-12-03 12:00:00,costo operativo,gas,gas,10000.0
2028-12-03 12:00:00,ingreso operativo,Reservas (sim),Ingreso simulado por reserva,150000.0
2028-12-03 12:10:00,ingreso operativo,Reservas (sim),Ingreso simulado por reserva,150000.0
2028-12-03 12:10:00,costo operativo,agua,agua,700.0
2028-12-03 12:10:00,costo operativo,leña,leña,1500.0
2028-12-03 12:10:00,costo operativo,luz,luz,520.0
2028-12-03 12:10:00,costo operativo,gas,gas,10000.0
2028-12-03 12:20:00,ingreso operativo,Reservas (sim),Ingreso simulado por reserva,150000.0
2028-12-03 12:20:00,costo operativo,gas,gas,10000.0
2028-12-03 12:20:00,costo operativo,luz,luz,520.0
2028-12-03 12:20:00,costo operativo,leña,leña,1500.0
2028-12-03 12:20:00,costo operativo,agua,agua,700.0
2028-12-03 12:30:00,costo operativo,agua,agua,700.0
2028-12-03 12:30:00,ingreso operativo,Reservas (sim),Ingreso simulado por reserva,150000.0
2028-12-03 12:30:00,costo operativo,gas,gas,10000.0
2028-12-03 12:30:00,costo operativo,luz,luz,520.0
2028-12-03 12:30:00,costo operativo,leña,leña,1500.0
2028-12-03 20:00:00,costo operativo,pago extra ayudante (diario),pago extra ayudante (diario),70000.0
2028-12-04 12:00:00,costo operativo,gas,gas,10000.0
2028-12-04 12:00:00,costo operativo,leña,leña,1500.0
2028-12-04 12:00:00,costo operativo,luz,luz,520.0
2028-12-04 12:00:00,costo operativo,agua,agua,700.0
2028-12-04 12:00:00,ingreso operativo,Reservas (sim),Ingreso simulado por reserva,150000.0
2028-12-04 20:00:00,costo operativo,pago extra ayudante (diario),pago extra ayudante (diario),25000.0
2028-12-05 12:00:00,ingreso operativo,Reservas (sim),Ingreso simulado por reserva,150000.0
2028-12-05 12:00:00,costo operativo,leña,leña,1500.0
2028-12-05 12:00:00,costo operativo,agua,agua,700.0
2028-12-05 12:00:00,costo operativo,luz,luz,520.0
2028-12-05 12:00:00,costo operativo,gas,gas,10000.0
2028-12-05 12:10:00,costo operativo,luz,luz,520.0
2028-12-05 12:10:00,ingreso operativo,Reservas (sim),Ingreso simulado por reserva,150000.0
2028-12-05 12:10:00,costo operativo,gas,gas,10000.0
2028-12-05 12:10:00,costo operativo,leña,leña,1500.0
2028-12-05 12:10:00,costo operativo,agua,agua,700.0
2028-12-05 20:00:00,costo operativo,pago extra ayudante (diario),pago extra ayudante (diario),45000.0
2028-12-06 12:00:00,costo operativo,leña,leña,1500.0
2028-12-06 12:00:00,costo operativo,agua,agua,700.0
2028-12-06 12:00:00,costo operativo,luz,luz,520.0
2028-12-06 12:00:00,costo operativo,gas,gas,10000.0
2028-12-06 12:00:00,ingreso operativo,Reservas (sim),Ingreso simulado por reserva,150000.0
2028-12-06 12:10:00,costo operativo,leña,leña,1500.0
2028-12-06 12:10:00,costo operativo,agua,agua,700.0
2028-12-06 12:10:00,costo operativo,luz,luz,520.0
2028-12-06 12:10:00,costo operativo,gas,gas,10000.0
2028-12-06 12:10:00,ingreso operativo,Reservas (sim),Ingreso simulado por reserva,150000.0
2028-12-06 20:00:00,costo operativo,pago extra ayudante (diario),pago extra ayudante (diario),45000.0
2028-12-07 12:00:00,costo operativo,agua,agua,700.0
2028-12-07 12:00:00,ingreso operativo,Reservas (sim),Ingreso simulado por reserva,150000.0
2028-12-07 12:00:00,costo operativo,gas,gas,10000.0
2028-12-07 12:00:00,costo operativo,leña,leña,1500.0
2028-12-07 12:00:00,costo operativo,luz,luz,520.0
2028-12-07 20:00:00,costo operativo,pago extra ayudante (diario),pago extra ayudante (diario),25000.0
2028-12-09 12:00:00,costo operativo,agua,agua,700.0
2028-12-09 12:00:00,costo operativo,leña,leña,1500.0
2028-12-09 12:00:00,ingreso operativo,Reservas (sim),Ingreso simulado por reserva,150000.0
2028-12-09 12:00:00,costo operativo,luz,luz,520.0
2028-12-09 12:00:00,costo operativo,gas,gas,10000.0
2028-12-09 20:00:00,costo operativo,pago extra ayudante (diario),pago extra ayudante (diario),25000.0
2028-12-10 12:00:00,costo operativo,leña,leña,1500.0
2028-12-10 12:00:00,costo operativo,agua,agua,700.0
2028-12-10 12:00:00,ingreso operativo,Reservas (sim),Ingreso simulado por reserva,150000.0
2028-12-10 12:00:00,costo operativo,gas,gas,10000.0
2028-12-10 12:00:00,costo operativo,luz,luz,520.0
2028-12-10 12:10:00,costo operativo,agua,agua,700.0
2028-12-10 12:10:00,costo operativo,leña,leña,1500.0
2028-12-10 12:10:00,costo operativo,luz,luz,520.0
2028-12-10 12:10:00,ingreso operativo,Reservas (sim),Ingreso simulado por reserva,150000.0
2028-12-10 12:10:00,costo operativo,gas,gas,10000.0
2028-12-10 12:20:00,ingreso operativo,Reservas (sim),Ingreso simulado por reserva,150000.0
2028-12-10 12:20:00,costo operativo,agua,agua,700.0
2028-12-10 12:20:00,costo operativo,luz,luz,520.0
2028-12-10 12:20:00,costo operativo,gas,gas,10000.0
2028-12-10 12:20:00,costo operativo,leña,leña,1500.0
2028-12-10 12:30:00,ingreso operativo,Reservas (sim),Ingreso simulado por reserva,150000.0
2028-12-10 12:30:00,costo operativo,leña,leña,1500.0
2028-12-10 12:30:00,costo operativo,agua,agua,700.0
2028-12-10 12:30:00,costo operativo,luz,luz,520.0
2028-12-10 12:30:00,costo operativo,gas,gas,10000.0
2028-12-10 12:40:00,costo operativo,leña,leña,1500.0
2028-12-10 12:40:00,costo operativo,luz,luz,520.0
2028-12-10 12:40:00,ingreso operativo,Reservas (sim),Ingreso simulado por reserva,150000.0
2028-12-10 12:40:00,costo operativo,agua,agua,700.0
2028-12-10 12:40:00,costo operativo,gas,gas,10000.0
2028-12-10 12:50:00,costo operativo,leña,leña,1500.0
2028-12-10 12:50:00,costo operativo,agua,agua,700.0
2028-12-10 12:50:00,costo operativo,luz,luz,520.0
2028-12-10 12:50:00,costo operativo,gas,gas,10000.0
2028-12-10 12:50:00,ingreso operativo,Reservas (sim),Ingreso simulado por reserva,150000.0
2028-12-10 20:00:00,costo operativo,pago extra ayudante (diario),pago extra ayudante (diario),90000.0
2028-12-11 12:00:00,costo operativo,agua,agua,700.0
2028-12-11 12:00:00,costo operativo,luz,luz,520.0
2028-12-11 12:00:00,ingreso operativo,Reservas (sim),Ingreso simulado por reserva,150000.0
2028-12-11 12:00:00,costo operativo,leña,leña,1500.0
2028-12-11 12:00:00,costo operativo,gas,gas,10000.0
2028-12-11 20:00:00,costo operativo,pago extra ayudante (diario),pago extra ayudante (diario),25000.0
2028-12-12 12:00:00,costo operativo,leña,leña,1500.0
2028-12-12 12:00:00,costo operativo,luz,luz,520.0
2028-12-12 12:00:00,costo operativo,agua,agua,700.0
2028-12-12 12:00:00,ingreso operativo,Reservas (sim),Ingreso simulado por reserva,150000.0
2028-12-12 12:00:00,costo operativo,gas,gas,10000.0
2028-12-12 12:10:00,costo operativo,leña,leña,1500.0
2028-12-12 12:10:00,costo operativo,agua,agua,700.0
2028-12-12 12:10:00,costo operativo,luz,luz,520.0
2028-12-12 12:10:00,ingreso operativo,Reservas (sim),Ingreso simulado por reserva,150000.0
2028-12-12 12:10:00,costo operativo,gas,gas,10000.0
2028-12-12 12:20:00,costo operativo,gas,gas,10000.0
2028-12-12 12:20:00,costo operativo,agua,agua,700.0
2028-12-12 12:20:00,costo operativo,luz,luz,520.0
2028-12-12 12:20:00,costo operativo,leña,leña,1500.0
2028-12-12 12:20:00,ingreso operativo,Reservas (sim),Ingreso simulado por reserva,150000.0
2028-12-12 20:00:00,costo operativo,pago extra ayudante (diario),pago extra ayudante (diario),60000.0
2028-12-13 12:00:00,ingreso operativo,Reservas (sim),Ingreso simulado por reserva,150000.0
2028-12-13 12:00:00,costo operativo,leña,leña,1500.0
2028-12-13 12:00:00,costo operativo,agua,agua,700.0
2028-12-13 12:00:00,costo operativo,luz,luz,520.0
2028-12-13 12:00:00,costo operativo,gas,gas,10000.0
2028-12-13 20:00:00,costo operativo,pago extra ayudante (diario),pago extra ayudante (diario),25000.0
2028-12-16 12:00:00,ingreso operativo,Reservas (sim),Ingreso simulado por reserva,150000.0
2028-12-16 12:00:00,costo operativo,leña,leña,1500.0
2028-12-16 12:00:00,costo operativo,agua,agua,700.0
2028-12-16 12:00:00,costo operativo,gas,gas,10000.0
2028-12-16 12:00:00,costo operativo,luz,luz,520.0
2028-12-16 20:00:00,costo operativo,pago extra ayudante (diario),pago extra ayudante (diario),25000.0
2028-12-20 12:00:00,costo operativo,leña,leña,1500.0
2028-12-20 12:00:00,costo operativo,agua,agua,700.0
2028-12-20 12:00:00,costo operativo,luz,luz,520.0
2028-12-20 12:00:00,costo operativo,gas,gas,10000.0
2028-12-20 12:00:00,ingreso operativo,Reservas (sim),Ingreso simulado por reserva,150000.0
2028-12-20 20:00:00,costo operativo,pago extra ayudante (diario),pago extra ayudante (diario),25000.0
2028-12-23 12:00:00,ingreso operativo,Reservas (sim),Ingreso simulado por reserva,150000.0
2028-12-23 12:00:00,costo operativo,gas,gas,10000.0
2028-12-23 12:00:00,costo operativo,agua,agua,700.0
2028-12-23 12:00:00,costo operativo,leña,leña,1500.0
2028-12-23 12:00:00,costo operativo,luz,luz,520.0
2028-12-23 12:10:00,costo operativo,gas,gas,10000.0
2028-12-23 12:10:00,costo operativo,luz,luz,520.0
2028-12-23 12:10:00,costo operativo,agua,agua,700.0
2028-12-23 12:10:00,costo operativo,leña,leña,1500.0
2028-12-23 12:10:00,ingreso operativo,Reservas (sim),Ingreso simulado por reserva,150000.0
2028-12-23 20:00:00,costo operativo,pago extra ayudante (diario),pago extra ayudante (diario),45000.0
2028-12-24 12:00:00,ingreso operativo,Reservas (sim),Ingreso simulado por reserva,150000.0
2028-12-24 12:00:00,costo operativo,agua,agua,700.0
2028-12-24 12:00:00,costo operativo,gas,gas,10000.0
2028-12-24 12:00:00,costo operativo,luz,luz,520.0
2028-12-24 12:00:00,costo operativo,leña,leña,1500.0
2028-12-24 20:00:00,costo operativo,pago extra ayudante (diario),pago extra ayudante (diario),25000.0
2028-12-25 12:00:00,ingreso operativo,Reservas (sim),Ingreso simulado por reserva,150000.0
2028-12-25 12:00:00,costo operativo,luz,luz,520.0
2028-12-25 12:00:00,costo operativo,agua,agua,700.0
2028-12-25 12:00:00,costo operativo,leña,leña,1500.0
2028-12-25 12:00:00,costo operativo,gas,gas,10000.0
2028-12-25 20:00:00,costo operativo,pago extra ayudante (diario),pago extra ayudante (diario),25000.0
2028-12-26 12:00:00,costo operativo,luz,luz,520.0
2028-12-26 12:00:00,costo operativo,gas,gas,10000.0
2028-12-26 12:00:00,ingreso operativo,Reservas (sim),Ingreso simulado por reserva,150000.0
2028-12-26 12:00:00,costo operativo,leña,leña,1500.0
2028-12-26 12:00:00,costo operativo,agua,agua,700.0
2028-12-26 20:00:00,costo operativo,pago extra ayudante (diario),pago extra ayudante (diario),25000.0
2028-12-27 12:00:00,costo operativo,agua,agua,700.0
2028-12-27 12:00:00,costo operativo,luz,luz,520.0
2028-12-27 12:00:00,ingreso operativo,Reservas (sim),Ingreso simulado por reserva,150000.0
2028-12-27 12:00:00,costo operativo,leña,leña,1500.0
2028-12-27 12:00:00,costo operativo,gas,gas,10000.0
2028-12-27 20:00:00,costo operativo,pago extra ayudante (diario),pago extra ayudante (diario),25000.0
2028-12-29 12:00:00,ingreso operativo,Reservas (sim),Ingreso simulado por reserva,150000.0
2028-12-29 12:00:00,costo operativo,gas,gas,10000.0
2028-12-29 12:00:00,costo operativo,luz,luz,520.0
2028-12-29 12:00:00,costo operativo,leña,leña,1500.0
2028-12-29 12:00:00,costo operativo,agua,agua,700.0
2028-12-29 20:00:00,costo operativo,pago extra ayudante (diario),pago extra ayudante (diario),25000.0
2028-12-30 12:00:00,costo operativo,gas,gas,10000.0
2028-12-30 12:00:00,costo operativo,leña,leña,1500.0
2028-12-30 12:00:00,ingreso operativo,Reservas (sim),Ingreso simulado por reserva,150000.0
2028-12-30 12:00:00,costo operativo,agua,agua,700.0
2028-12-30 12:00:00,costo operativo,luz,luz,520.0
2028-12-30 12:10:00,ingreso operativo,Reservas (sim),Ingreso simulado por reserva,150000.0
2028-12-30 12:10:00,costo operativo,leña,leña,1500.0
2028-12-30 12:10:00,costo operativo,agua,agua,700.0
2028-12-30 12:10:00,costo operativo,luz,luz,520.0
2028-12-30 12:10:00,costo operativo,gas,gas,10000.0
2028-12-30 12:20:00,ingreso operativo,Reservas (sim),Ingreso simulado por reserva,150000.0
2028-12-30 12:20:00,costo operativo,luz,luz,520.0
2028-12-30 12:20:00,costo operativo,gas,gas,10000.0
2028-12-30 12:20:00,costo operativo,agua,agua,700.0
2028-12-30 12:20:00,costo operativo,leña,leña,1500.0
2028-12-30 12:30:00,costo operativo,leña,leña,1500.0
2028-12-30 12:30:00,costo operativo,agua,agua,700.0
2028-12-30 12:30:00,costo operativo,luz,luz,520.0
2028-12-30 12:30:00,costo operativo,gas,gas,10000.0
2028-12-30 12:30:00,ingreso operativo,Reservas (sim),Ingreso simulado por reserva,150000.0
2028-12-30 20:00:00,costo operativo,pago extra ayudante (diario),pago extra ayudante (diario),70000.0
2028-12-31 12:00:00,costo operativo,leña,leña,1500.0
2028-12-31 12:00:00,costo operativo,agua,agua,700.0
2028-12-31 12:00:00,costo operativo,luz,luz,520.0
2028-12-31 12:00:00,costo operativo,gas,gas,10000.0
2028-12-31 12:00:00,ingreso operativo,Reservas (sim),Ingreso simulado por reserva,150000.0
2028-12-31 12:10:00,costo operativo,luz,luz,520.0
2028-12-31 12:10:00,costo operativo,agua,agua,700.0
2028-12-31 12:10:00,costo operativo,leña,leña,1500.0
2028-12-31 12:10:00,costo operativo,gas,gas,10000.0
2028-12-31 12:10:00,ingreso operativo,Reservas (sim),Ingreso simulado por reserva,150000.0
2028-12-31 18:00:00,costos fijos,Simulación,Costo fijo mensual simulado,700000.0
2028-12-31 18:00:00,Costos de Marketing,Simulación,Gasto marketing mensual simulado,300000.0
2028-12-31 20:00:00,costo operativo,pago extra ayudante (diario),pago extra ayudante (diario),45000.0
